NO,기업명,기업코드,ESG등급,환경,사회,지배구조,평가년도,ESG 등급조정,환경 등급조정,사회 등급조정,지배구조 등급조정,Unnamed: 12,기업명_clean_kcgs,기업명_norm,번호,관장기관,법인명,대상년도,지정구분,지정업종(목표)/<br />계획업종(할당),온실가스 배출량(tCO₂eq),에너지 사용량(TJ),검증수행기관,비고,집계방식,기업명_clean_gir,환경등급순위,종목코드_clean,연도,매출액,연결여부,결산기준일_clean,통화,배출집약도
11949.0,CJ대한통운,120.0,A,A,B,A,2020.0,,,"사회 등급조정(2020.10, 2021.1)",,,CJ대한통운,CJ대한통운,229,국토교통부,CJ대한통운(주),2020,업체,교통(화물),227703.0,3891.0,(주)한국경영인증원,,업체 우선,CJ대한통운(주),5,000120,2020.0,6936119891060.0,별도,2020-12-31,KRW,32.82858479616068
11948.0,CJ대한통운,120.0,A,A,A+,A,2021.0,,,,,,CJ대한통운,CJ대한통운,231,환경부,CJ대한통운(주),2021,업체,수송,228274.0,3979.0,(주)한국경영인증원,,업체 우선,CJ대한통운(주),5,000120,2021.0,7728646701838.0,별도,2021-12-31,KRW,29.536089409509774
11947.0,CJ대한통운,120.0,B+,B+,A+,B,2022.0,,,,,,CJ대한통운,CJ대한통운,233,환경부,CJ대한통운(주),2022,업체,도로 화물 운송업,228492.0,4041.0,(주)한국경영인증원,,업체 우선,CJ대한통운(주),4,000120,2022.0,8214653865532.0,별도,2022-12-31,KRW,27.81517075950495
11946.0,CJ대한통운,120.0,A,A,A+,B+,2023.0,,,,,,CJ대한통운,CJ대한통운,341,환경부,CJ대한통운(주),2023,업체,도로 화물 운송업,227513.0,4037.0,(주)한국경영인증원,,업체 우선,CJ대한통운(주),5,000120,2023.0,8098437511738.0,별도,2023-12-31,KRW,28.09344391066044
11944.0,CJ대한통운,120.0,B,A,A+,C,2025.0,통합 등급조정(2025.11.),,,지배구조 등급조정(2025.11.),,CJ대한통운,CJ대한통운,246,기후에너지환경부,CJ대한통운(주),2025,업체,도로 화물 운송업,239997.0,4267.0,(주)한국경영인증원,,업체 우선,CJ대한통운(주),5,000120,2025.0,8353852873161.0,별도,2025-12-31,KRW,28.728899544191748
11921.0,CJ제일제당,97950.0,A,A,A+,A,2020.0,,,,,,CJ제일제당,CJ제일제당,230,환경부,CJ제일제당(주),2020,업체,산업,405352.0,9241.0,(재)한국화학융합시험연구원,,업체 우선,CJ제일제당(주),5,097950,2020.0,5980828026000.0,별도,2020-12-31,KRW,67.77523082721055
11920.0,CJ제일제당,97950.0,A,A,A+,A,2021.0,,,,,,CJ제일제당,CJ제일제당,232,환경부,CJ제일제당(주),2021,업체,산업,426590.0,9806.0,(재)한국화학융합시험연구원,,업체 우선,CJ제일제당(주),5,097950,2021.0,6796067327000.0,별도,2021-12-31,KRW,62.77012564387151
11919.0,CJ제일제당,97950.0,A,A,A,B+,2022.0,,,,,,CJ제일제당,CJ제일제당,234,환경부,CJ제일제당(주),2022,업체,"곡물 가공품, 전분 및 전분제품 제조업",427319.0,9900.0,(재)한국화학융합시험연구원,,업체 우선,CJ제일제당(주),5,097950,2022.0,7842662871000.0,별도,2022-12-31,KRW,54.486468056673395
11918.0,CJ제일제당,97950.0,A,A,A+,A,2023.0,,,,,,CJ제일제당,CJ제일제당,342,환경부,CJ제일제당(주),2023,업체,"곡물 가공품, 전분 및 전분제품 제조업",411439.0,9539.0,(재)한국화학융합시험연구원,,업체 우선,CJ제일제당(주),5,097950,2023.0,7547072629000.0,별도,2023-12-31,KRW,54.51636948861805
11917.0,CJ제일제당,97950.0,A,A,A,B+,2024.0,,,,,,CJ제일제당,CJ제일제당,243,기후에너지환경부,CJ제일제당(주),2024,업체,"곡물 가공품, 전분 및 전분제품 제조업",421213.0,9704.0,(재)한국화학융합시험연구원,,업체 우선,CJ제일제당(주),5,097950,2024.0,7598277073000.0,별도,2024-12-31,KRW,55.4353303983549
11916.0,CJ제일제당,97950.0,A,A,A,A,2025.0,,,사회 등급조정(2026.04.),,,CJ제일제당,CJ제일제당,247,기후에너지환경부,CJ제일제당(주),2025,업체,"곡물 가공품, 전분 및 전분제품 제조업",409189.0,9543.0,(재)한국화학융합시험연구원,,업체 우선,CJ제일제당(주),5,097950,2025.0,7281140720000.0,별도,2025-12-31,KRW,56.19847435114535
11677.0,GS건설,6360.0,A,A,B+,A,2020.0,,,사회 등급조정(2020.10),,,GS건설,GS건설,231,국토교통부,GS건설(주),2020,업체,건설,108677.0,2023.0,한국표준협회,,업체 우선,GS건설(주),5,006360,2020.0,8890992062853.0,별도,2020-12-31,KRW,12.223270387795962
11676.0,GS건설,6360.0,A,A,A+,A,2021.0,,,,,,GS건설,GS건설,233,국토교통부,GS건설(주),2021,업체,건설,95088.0,1807.0,한국표준협회,,업체 우선,GS건설(주),5,006360,2021.0,7795915289675.0,별도,2021-12-31,KRW,12.197156647653117
11675.0,GS건설,6360.0,A,A,A,A,2022.0,,,사회 등급조정(2022.11),,,GS건설,GS건설,235,국토교통부,GS건설(주),2022,업체,건설,100158.0,1912.0,한국표준협회,,업체 우선,GS건설(주),5,006360,2022.0,8613702892101.0,별도,2022-12-31,KRW,11.627751880303139
11674.0,GS건설,6360.0,A,A,B+,A,2023.0,,,사회 등급조정(2023.10.),,,GS건설,GS건설,343,국토교통부,GS건설(주),2023,업체,건설,107707.0,2048.0,로이드인증원㈜,,업체 우선,GS건설(주),5,006360,2023.0,9377833856599.0,별도,2023-12-31,KRW,11.485274920306749
11673.0,GS건설,6360.0,A,A,A+,B+,2024.0,,,,,,GS건설,GS건설,244,국토교통부,GS건설(주),2024,업체,건설,116706.0,2166.0,(재)한국품질재단,,업체 우선,GS건설(주),5,006360,2024.0,9311096198517.0,별도,2024-12-31,KRW,12.534077353704932
11672.0,GS건설,6360.0,A,A,A+,B+,2025.0,,,,,,GS건설,GS건설,248,국토교통부,GS건설(주),2025,업체,건설,91198.0,1765.0,(주)한국경영인증원,,업체 우선,GS건설(주),5,006360,2025.0,8100207000000.0,별도,2025-12-31,KRW,11.258724622716432
11551.0,HSD엔진,82740.0,A,B+,A,A,2020.0,,,,,,HSD엔진,HSD엔진,233,환경부,HSD엔진(주),2020,사업장,기계,26438.0,476.0,㈜디엔브이비즈니스어슈어런스코리아,,단일 사업장,HSD엔진(주),4,082740,2020.0,829749317286.0,별도,2020-12-31,KRW,31.86263543605579
11550.0,HSD엔진,82740.0,A,B+,A,A,2021.0,,,,,,HSD엔진,HSD엔진,235,환경부,HSD엔진(주),2021,사업장,산업,25770.0,465.0,㈜디엔브이비즈니스어슈어런스코리아,,단일 사업장,HSD엔진(주),4,082740,2021.0,598748462772.0,별도,2021-12-31,KRW,43.039776470896875
11549.0,HSD엔진,82740.0,B+,B,A,B+,2022.0,,,,,,HSD엔진,HSD엔진,237,환경부,HSD엔진(주),2022,사업장,일반 목적용 기계 제조업,34669.0,615.0,㈜디엔브이비즈니스어슈어런스코리아,,단일 사업장,HSD엔진(주),3,082740,2022.0,763631485070.0,별도,2022-12-31,KRW,45.40017099585933
11513.0,JW생명과학,234080.0,B+,B+,B+,B+,2020.0,,,,,,JW생명과학,JW생명과학,234,산업통상자원부,JW 생명과학(주),2020,사업장,석유화학,28205.0,570.0,한국표준협회,,단일 사업장,JW 생명과학(주),4,234080,2020.0,178530625484.0,별도,2020-12-31,KRW,157.9840989384073
11512.0,JW생명과학,234080.0,B,B,B+,B,2021.0,,,,,,JW생명과학,JW생명과학,236,환경부,JW 생명과학(주),2021,사업장,산업,28519.0,582.0,한국표준협회,,단일 사업장,JW 생명과학(주),3,234080,2021.0,164109161881.0,별도,2021-12-31,KRW,173.7806693612871
11511.0,JW생명과학,234080.0,C,C,B+,C,2022.0,,,,,,JW생명과학,JW생명과학,238,환경부,JW 생명과학(주),2022,사업장,의약품 제조업,27261.0,556.0,한국표준협회,,단일 사업장,JW 생명과학(주),2,234080,2022.0,184874804304.0,별도,2022-12-31,KRW,147.45654553972216
11510.0,JW생명과학,234080.0,B+,B+,A,B,2023.0,,,,,,JW생명과학,JW생명과학,346,환경부,JW 생명과학(주),2023,사업장,의약품 제조업,26819.0,547.0,한국표준협회,,단일 사업장,JW 생명과학(주),4,234080,2023.0,203040830346.0,별도,2023-12-31,KRW,132.08673326590514
11509.0,JW생명과학,234080.0,B+,B+,A,B,2024.0,,,,,,JW생명과학,JW생명과학,246,기후에너지환경부,JW 생명과학(주),2024,사업장,의약품 제조업,28248.0,577.0,한국표준협회,,단일 사업장,JW 생명과학(주),4,234080,2024.0,221209755065.0,별도,2024-12-31,KRW,127.69780424782643
11508.0,JW생명과학,234080.0,B+,B+,A,B,2025.0,,,,,,JW생명과학,JW생명과학,250,기후에너지환경부,JW 생명과학(주),2025,사업장,의약품 제조업,28876.0,590.0,한국표준협회,,단일 사업장,JW 생명과학(주),4,234080,2025.0,234013893513.0,별도,2025-12-31,KRW,123.39438298519602
11303.0,KPX케미칼,25000.0,B,B,C,B,2020.0,,,,,,KPX케미칼,KPX케미칼,235,산업통상자원부,KPX 케미칼(주),2020,사업장,석유화학,20679.0,644.0,(주)한국경영인증원,,단일 사업장,KPX 케미칼(주),3,025000,2020.0,573783531972.0,별도,2020-12-31,KRW,36.03972377689137
11302.0,KPX케미칼,25000.0,C,B,C,C,2021.0,,,,,,KPX케미칼,KPX케미칼,237,산업통상자원부,KPX 케미칼(주),2021,사업장,석유화학,21876.0,704.0,(주)한국경영인증원,,단일 사업장,KPX 케미칼(주),3,025000,2021.0,776205279019.0,별도,2021-12-31,KRW,28.18326619428276
11301.0,KPX케미칼,25000.0,D,C,C,D,2022.0,,,,,,KPX케미칼,KPX케미칼,239,산업통상자원부,KPX케미칼(주),2022,사업장,석유화학,24133.0,777.0,(주)한국경영인증원,,단일 사업장,KPX케미칼(주),2,025000,2022.0,797448219324.0,별도,2022-12-31,KRW,30.262779971416375
11300.0,KPX케미칼,25000.0,C,C,C,C,2023.0,,,,,,KPX케미칼,KPX케미칼,347,산업통상자원부,KPX케미칼(주),2023,사업장,석유화학,24416.0,785.0,(주)한국경영인증원,,단일 사업장,KPX케미칼(주),2,025000,2023.0,726275915360.0,별도,2023-12-31,KRW,33.61807748766871
11299.0,KPX케미칼,25000.0,D,C,D,D,2024.0,,,,,,KPX케미칼,KPX케미칼,247,산업통상부,KPX케미칼(주),2024,사업장,석유화학,24270.0,770.0,(주)한국경영인증원,,단일 사업장,KPX케미칼(주),2,025000,2024.0,692813179643.0,별도,2024-12-31,KRW,35.03108877418599
11298.0,KPX케미칼,25000.0,C,C,B,D,2025.0,,,,,,KPX케미칼,KPX케미칼,251,산업통상부,KPX케미칼(주),2025,사업장,석유화학,22975.0,733.0,(주)한국경영인증원,,단일 사업장,KPX케미칼(주),2,025000,2025.0,613426770079.0,별도,2025-12-31,KRW,37.45353336477502
11214.0,LB세미콘,61970.0,B,A,A,D,2023.0,,,,,,LB세미콘,LB세미콘,349,환경부,LB세미콘(주),2023,사업장,반도체 제조업,47657.0,990.0,한국표준협회,,단일 사업장,LB세미콘(주),5,061970,2023.0,250948580146.0,별도,2023-12-31,KRW,189.90743032805173
11213.0,LB세미콘,61970.0,C,B+,A,D,2024.0,,,,,,LB세미콘,LB세미콘,248,기후에너지환경부,LB세미콘(주),2024,사업장,반도체 제조업,48250.0,1442.0,(재)한국품질재단,,단일 사업장,LB세미콘(주),4,061970,2024.0,261422498238.0,별도,2024-12-31,KRW,184.56712916909325
10981.0,MH에탄올,23150.0,B,C,B,B+,2020.0,,,,,,MH에탄올,MH에탄올,5,농림축산식품부,(주)MH에탄올,2020,사업장,음료제조업,10345.0,306.0,(재)한국화학융합시험연구원,,단일 사업장,(주)MH에탄올,2,023150,2020.0,51277355070.0,별도,2020-12-31,KRW,201.745975116653
10980.0,MH에탄올,23150.0,B,B,D,B+,2021.0,,,,,,MH에탄올,MH에탄올,4,농림축산식품부,(주)MH에탄올,2021,사업장,음료제조업,9451.0,304.0,(재)한국화학융합시험연구원,,단일 사업장,(주)MH에탄올,3,023150,2021.0,45892136628.0,별도,2021-12-31,KRW,205.93942000585992
10823.0,S&T모티브,64960.0,B+,B,B+,B+,2020.0,,,,,,S&T모티브,S&T모티브,239,산업통상자원부,S&T모티브(주),2020,사업장,자동차,18812.0,385.0,한국표준협회,,단일 사업장,S&T모티브(주),3,064960,2020.0,877370205761.0,별도,2020-12-31,KRW,21.441348106507828
10796.0,S-Oil,10950.0,A+,A,A+,A+,2020.0,,,,,,S-Oil,S-Oil,240,환경부,S-Oil(주),2020,업체,정유,9579378.0,125785.0,한국표준협회,,업체 우선,S-Oil(주),5,010950,2020.0,16735504000000.0,별도,2020-12-31,KRW,572.3985366679127
10795.0,S-Oil,10950.0,A,B+,A+,A+,2021.0,통합 등급조정(2022.07),환경 등급조정(2022.07),,,,S-Oil,S-Oil,242,환경부,S-Oil(주),2021,업체,산업,10036497.0,130029.0,한국표준협회,,업체 우선,S-Oil(주),4,010950,2021.0,27203839000000.0,별도,2021-12-31,KRW,368.9367886642764
10794.0,S-Oil,10950.0,A,B,A+,A+,2022.0,,환경 등급조정(2022.11),,,,S-Oil,S-Oil,245,환경부,S-Oil(주),2022,업체,석유 정제품 제조업,9386360.0,126117.0,한국표준협회,,업체 우선,S-Oil(주),3,010950,2022.0,42017079000000.0,별도,2022-12-31,KRW,223.39392036271727
10793.0,S-Oil,10950.0,A+,A,A+,A+,2023.0,,,,,,S-Oil,S-Oil,356,환경부,S-Oil(주),2023,업체,석유 정제품 제조업,9541368.0,125063.0,한국표준협회,,업체 우선,S-Oil(주),5,010950,2023.0,35251031000000.0,별도,2023-12-31,KRW,270.6691897890873
10792.0,S-Oil,10950.0,A,B+,A,A,2024.0,,,,,,S-Oil,S-Oil,253,기후에너지환경부,S-Oil(주),2024,업체,석유 정제품 제조업,9632037.0,127577.0,한국표준협회,,업체 우선,S-Oil(주),4,010950,2024.0,36181794000000.0,별도,2024-12-31,KRW,266.2122558102011
10791.0,S-Oil,10950.0,A,B+,A+,A,2025.0,,,,,,S-Oil,S-Oil,257,기후에너지환경부,S-Oil(주),2025,업체,석유 정제품 제조업,9497500.0,129081.0,한국표준협회,,업체 우선,S-Oil(주),4,010950,2025.0,33896041000000.0,별도,2025-12-31,KRW,280.19496436176723
10690.0,SIMPAC,9160.0,C,C,B,C,2020.0,,,,,,SIMPAC,SIMPAC,7,환경부,(주)SIMPAC,2020,업체,산업,408138.0,4761.0,한국표준협회,,업체 우선,(주)SIMPAC,2,009160,2020.0,272087150488.0,별도,2020-12-31,KRW,1500.0267350662716
10689.0,SIMPAC,9160.0,B,B,B,B,2021.0,,,,,,SIMPAC,SIMPAC,6,환경부,(주)SIMPAC,2021,업체,산업,545704.0,5679.0,한국표준협회,,업체 우선,(주)SIMPAC,3,009160,2021.0,490855058854.0,별도,2021-12-31,KRW,1111.7416234316825
10688.0,SIMPAC,9160.0,D,D,C,D,2022.0,,,,,,SIMPAC,SIMPAC,7,환경부,(주)SIMPAC,2022,업체,1차 철강 제조업,486938.0,5248.0,한국표준협회,,업체 우선,(주)SIMPAC,1,009160,2022.0,504474738400.0,별도,2022-12-31,KRW,965.2376282395828
10687.0,SIMPAC,9160.0,D,C,C,D,2023.0,,,,,,SIMPAC,SIMPAC,12,환경부,(주)SIMPAC,2023,업체,1차 철강 제조업,232970.0,2524.0,한국표준협회,,업체 우선,(주)SIMPAC,2,009160,2023.0,404826538363.0,별도,2023-12-31,KRW,575.4810466281743
10686.0,SIMPAC,9160.0,D,C,C,D,2024.0,,,,,,SIMPAC,SIMPAC,9,기후에너지환경부,(주)SIMPAC,2024,업체,1차 철강 제조업,99791.0,1161.0,한국표준협회,,업체 우선,(주)SIMPAC,2,009160,2024.0,585780265000.0,별도,2024-12-31,KRW,170.35568789604068
10685.0,SIMPAC,9160.0,D,C,C,D,2025.0,,,,,,SIMPAC,SIMPAC,9,기후에너지환경부,(주)SIMPAC,2025,업체,1차 철강 제조업,53373.0,670.0,한국표준협회,,업체 우선,(주)SIMPAC,2,009160,2025.0,698629014180.0,별도,2025-12-31,KRW,76.39676984020676
10565.0,SK이노베이션,96770.0,A,A,A,A,2020.0,,,사회 등급조정(2021.4),,,SK이노베이션,SK이노베이션,244,환경부,SK이노베이션(주),2020,업체,전기전자,20133.0,406.0,한국표준협회,,업체 우선,SK이노베이션(주),5,096770,2020.0,3808247747000.0,별도,2020-12-31,KRW,5.286683361359578
10563.0,SK이노베이션,96770.0,A,B+,A+,A+,2022.0,,환경 등급조정(2022.11),,,,SK이노베이션,SK이노베이션,247,환경부,SK이노베이션(주),2022,업체,일차전지 및 축전지 제조업,22245.0,455.0,한국표준협회,,업체 우선,SK이노베이션(주),4,096770,2022.0,1983533544000.0,별도,2022-12-31,KRW,11.214834287672627
10562.0,SK이노베이션,96770.0,A+,A,A+,A+,2023.0,,,,,,SK이노베이션,SK이노베이션,358,환경부,SK이노베이션(주),2023,업체,일차전지 및 축전지 제조업,21634.0,443.0,한국표준협회,,업체 우선,SK이노베이션(주),5,096770,2023.0,2489429998000.0,별도,2023-12-31,KRW,8.690342776210091
10561.0,SK이노베이션,96770.0,A+,A,A+,A+,2024.0,,,,,,SK이노베이션,SK이노베이션,255,기후에너지환경부,SK이노베이션(주),2024,업체,일차전지 및 축전지 제조업,2364006.0,47046.0,한국표준협회,,업체 우선,SK이노베이션(주),5,096770,2024.0,1874893743000.0,별도,2024-12-31,KRW,1260.8746542710073
10560.0,SK이노베이션,96770.0,A,B+,A+,A+,2025.0,,,,,,SK이노베이션,SK이노베이션,260,기후에너지환경부,SK이노베이션(주),2025,업체,일차전지 및 축전지 제조업,2192948.0,43626.0,한국표준협회,,업체 우선,SK이노베이션(주),4,096770,2025.0,4850904693000.0,별도,2025-12-31,KRW,452.069900108425
10436.0,SUN&L,2820.0,B+,B,B,B+,2021.0,,,,,,SUN&L,SUN&L,7,환경부,(주)SUN&L,2021,업체,산업,59370.0,2046.0,한국표준협회,,업체 우선,(주)SUN&L,3,002820,2021.0,318393834619.0,별도,2021-12-31,KRW,186.46717852135546
10435.0,SUN&L,2820.0,C,D,C,B,2022.0,,,,,,SUN&L,SUN&L,8,환경부,(주)SUN&L,2022,사업장,나무제품 제조업,65550.0,2349.0,한국표준협회,,단일 사업장,(주)SUN&L,1,002820,2022.0,312133745736.0,별도,2022-12-31,KRW,210.00613004991015
10434.0,SUN&L,2820.0,C,C,C,C,2023.0,,,,,,SUN&L,SUN&L,13,환경부,(주)SUN&L,2023,사업장,나무제품 제조업,60377.0,2405.0,한국표준협회,,단일 사업장,(주)SUN&L,2,002820,2023.0,243049618205.0,별도,2023-12-31,KRW,248.41429682508314
10433.0,SUN&L,2820.0,C,C,C,B,2024.0,,,,,,SUN&L,SUN&L,10,기후에너지환경부,(주)SUN&L,2024,사업장,나무제품 제조업,9998.0,271.0,한국표준협회,,단일 사업장,(주)SUN&L,2,002820,2024.0,137419849929.0,별도,2024-12-31,KRW,72.75513694102864
10432.0,SUN&L,2820.0,C,C,C,B,2025.0,,,,,,SUN&L,SUN&L,10,기후에너지환경부,(주)SUN&L,2025,사업장,나무제품 제조업,8485.0,433.0,한국표준협회,,단일 사업장,(주)SUN&L,2,002820,2025.0,108814425781.0,별도,2025-12-31,KRW,77.9767934177856
10357.0,가온전선,500.0,B+,B,B+,B+,2020.0,,,,,,가온전선,가온전선,248,산업통상자원부,가온전선주식회사,2020,사업장,전기전자,15924.0,319.0,(주)비에스아이그룹코리아,,단일 사업장,가온전선주식회사,3,000500,2020.0,771379306749.0,별도,2020-12-31,KRW,20.64354055219883
10356.0,가온전선,500.0,B+,B,B+,B+,2021.0,,,,,,가온전선,가온전선,250,산업통상자원부,가온전선주식회사,2021,사업장,전기전자,14963.0,303.0,(주)비에스아이그룹코리아,,단일 사업장,가온전선주식회사,3,000500,2021.0,906022358213.0,별도,2021-12-31,KRW,16.515044981353867
10355.0,가온전선,500.0,B,C,B+,B+,2022.0,,,,,,가온전선,가온전선,252,산업통상자원부,가온전선주식회사,2022,사업장,전기전자,16145.0,327.0,(주)비에스아이그룹코리아,,단일 사업장,가온전선주식회사,2,000500,2022.0,1186678750322.0,별도,2022-12-31,KRW,13.605198538879309
10354.0,가온전선,500.0,B+,B+,A,B,2023.0,,,,,,가온전선,가온전선,364,산업통상자원부,가온전선주식회사,2023,사업장,전기전자,9413.0,193.0,(주)비에스아이그룹코리아,,단일 사업장,가온전선주식회사,4,000500,2023.0,1297331087928.0,별도,2023-12-31,KRW,7.255665178758445
10353.0,가온전선,500.0,B,A,A,C,2024.0,,,,,,가온전선,가온전선,259,산업통상부,가온전선주식회사,2024,사업장,전기전자,8572.0,175.0,(주)비에스아이그룹코리아,,단일 사업장,가온전선주식회사,5,000500,2024.0,1405185748000.0,별도,2024-12-31,KRW,6.100261130744118
10352.0,가온전선,500.0,B+,A,A+,B,2025.0,,,,,,가온전선,가온전선,264,산업통상부,가온전선주식회사,2025,사업장,전기전자,8396.0,172.0,(주)비에스아이그룹코리아,,단일 사업장,가온전선주식회사,5,000500,2025.0,1411696404000.0,별도,2025-12-31,KRW,5.947454407484628
10327.0,강원랜드,35250.0,A,B,A,A,2020.0,,,,,,강원랜드,강원랜드,9,환경부,(주)강원랜드,2020,업체,건물,58273.0,1177.0,한국표준협회,,업체 우선,(주)강원랜드,3,035250,2020.0,477474857789.0,별도,2020-12-31,KRW,122.04412242738718
10326.0,강원랜드,35250.0,A,B+,A,A,2021.0,,,,,,강원랜드,강원랜드,8,환경부,(주)강원랜드,2021,업체,건물,65276.0,1330.0,이큐에이㈜,,업체 우선,(주)강원랜드,4,035250,2021.0,787377361927.0,별도,2021-12-31,KRW,82.90306929862167
10325.0,강원랜드,35250.0,A,B+,A+,A,2022.0,,,,,,강원랜드,강원랜드,9,환경부,(주)강원랜드,2022,사업장,유원지 및 기타 오락관련 서비스업,75553.0,1535.0,한국표준협회,,단일 사업장,(주)강원랜드,4,035250,2022.0,1269418093650.0,별도,2022-12-31,KRW,59.517821888578844
10324.0,강원랜드,35250.0,A,A+,A+,A,2023.0,,,,,,강원랜드,강원랜드,14,환경부,(주)강원랜드,2023,사업장,유원지 및 기타 오락관련 서비스업,79240.0,1598.0,로이드인증원㈜,,단일 사업장,(주)강원랜드,6,035250,2023.0,1387518282198.0,별도,2023-12-31,KRW,57.1091574191542
10323.0,강원랜드,35250.0,A,A,A,A,2024.0,,,,,,강원랜드,강원랜드,12,기후에너지환경부,(주)강원랜드,2024,사업장,유원지 및 기타 오락관련 서비스업,79430.0,1602.0,로이드인증원㈜,,단일 사업장,(주)강원랜드,5,035250,2024.0,1425759914542.0,별도,2024-12-31,KRW,55.71064187585571
10322.0,강원랜드,35250.0,A,A+,A,A,2025.0,,,,,,강원랜드,강원랜드,12,기후에너지환경부,(주)강원랜드,2025,사업장,유원지 및 기타 오락관련 서비스업,80594.0,1629.0,로이드인증원㈜,,단일 사업장,(주)강원랜드,6,035250,2025.0,1475361434671.0,별도,2025-12-31,KRW,54.6266142695889
10228.0,경방,50.0,C,C,B,B,2020.0,,,,,,경방,경방,15,국토교통부,(주)경방,2020,사업장,건물,17866.0,364.0,한국생산성본부인증원(주),,단일 사업장,(주)경방,2,000050,2020.0,226061886053.0,별도,2020-12-31,KRW,79.03145599613079
10227.0,경방,50.0,C,C,C,B+,2021.0,,,,,,경방,경방,14,국토교통부,(주)경방,2021,사업장,건물,17081.0,353.0,한국생산성본부인증원(주),,단일 사업장,(주)경방,2,000050,2021.0,271718425389.0,별도,2021-12-31,KRW,62.862869809238525
10226.0,경방,50.0,D,C,D,D,2022.0,,,,,,경방,경방,759,국토교통부,주식회사 경방,2022,사업장,건물,18215.0,376.0,(재)한국품질재단,,단일 사업장,주식회사 경방,2,000050,2022.0,269780477532.0,별도,2022-12-31,KRW,67.51785809942244
10225.0,경방,50.0,C,C,D,C,2023.0,,,,,,경방,경방,1085,국토교통부,주식회사 경방,2023,사업장,건물,18160.0,375.0,한국생산성본부인증원(주),,단일 사업장,주식회사 경방,2,000050,2023.0,271010631391.0,별도,2023-12-31,KRW,67.00844135446368
10224.0,경방,50.0,C,C,D,C,2024.0,,,,,,경방,경방,815,국토교통부,주식회사 경방,2024,사업장,건물,18122.0,375.0,한국생산성본부인증원(주),,단일 사업장,주식회사 경방,2,000050,2024.0,281655078380.0,별도,2024-12-31,KRW,64.341108650455
10223.0,경방,50.0,C,C,D,C,2025.0,,,,,,경방,경방,819,국토교통부,주식회사 경방,2025,사업장,건물,18887.0,390.0,한국생산성본부인증원(주),,단일 사업장,주식회사 경방,2,000050,2025.0,267539272770.0,별도,2025-12-31,KRW,70.59524310001734
10219.0,경보제약,214390.0,B,B,B,B,2020.0,,,,,,경보제약,경보제약,16,산업통상자원부,(주)경보제약,2020,사업장,석유화학,18313.0,302.0,한국표준협회,,단일 사업장,(주)경보제약,3,214390,2020.0,215285095144.0,별도,2020-12-31,KRW,85.0639473566472
10218.0,경보제약,214390.0,B+,B+,A,B+,2021.0,,,,,,경보제약,경보제약,15,산업통상자원부,(주)경보제약,2021,사업장,석유화학,14648.0,276.0,한국표준협회,,단일 사업장,(주)경보제약,4,214390,2021.0,170659645035.0,별도,2021-12-31,KRW,85.83165631802346
10217.0,경보제약,214390.0,B+,B,A,B+,2022.0,,,,,,경보제약,경보제약,14,산업통상자원부,(주)경보제약,2022,사업장,석유화학,12237.0,277.0,한국표준협회,,단일 사업장,(주)경보제약,3,214390,2022.0,196264902088.0,별도,2022-12-31,KRW,62.34940567475101
10216.0,경보제약,214390.0,B+,B+,A,B+,2023.0,,,,,,경보제약,경보제약,20,산업통상자원부,(주)경보제약,2023,사업장,석유화학,12824.0,284.0,한국표준협회,,단일 사업장,(주)경보제약,4,214390,2023.0,216357481796.0,별도,2023-12-31,KRW,59.27227426362609
10215.0,경보제약,214390.0,B+,B+,A,B,2024.0,,,,지배구조 등급조정(2025.04.),,경보제약,경보제약,17,산업통상부,(주)경보제약,2024,사업장,석유화학,11603.0,278.0,(주)한국경영인증원,,단일 사업장,(주)경보제약,4,214390,2024.0,238556125924.0,별도,2024-12-31,KRW,48.638449149264446
10214.0,경보제약,214390.0,B+,A,A,B,2025.0,통합 등급조정(2025.11.),,,지배구조 등급조정(2025.11.),,경보제약,경보제약,16,산업통상부,(주)경보제약,2025,사업장,석유화학,10992.0,280.0,(주)한국경영인증원,,단일 사업장,(주)경보제약,5,214390,2025.0,264104056811.0,별도,2025-12-31,KRW,41.61995893863217
10127.0,고려아연,10130.0,B,B+,C,B+,2020.0,통합 등급조정(2021.7),,사회 등급조정(2021.7),,,고려아연,고려아연,269,환경부,고려아연 주식회사,2020,업체,산업,3534549.0,50347.0,(재)한국품질재단,,업체 우선,고려아연 주식회사,4,010130,2020.0,5652149467541.0,별도,2020-12-31,KRW,625.3459892202259
10126.0,고려아연,10130.0,B,B+,C,B+,2021.0,통합 등급조정(2021.10),,사회 등급조정(2021.10),,,고려아연,고려아연,275,환경부,고려아연 주식회사,2021,업체,산업,3553283.0,50368.0,(재)한국품질재단,,업체 우선,고려아연 주식회사,4,010130,2021.0,7162506077531.0,별도,2021-12-31,KRW,496.0949368192171
10125.0,고려아연,10130.0,B,B+,A,C,2022.0,,,,,,고려아연,고려아연,278,환경부,고려아연 주식회사,2022,업체,1차 비철금속 제조업,3472572.0,49781.0,(재)한국품질재단,,업체 우선,고려아연 주식회사,4,010130,2022.0,8081377635065.0,별도,2022-12-31,KRW,429.7004987036557
10124.0,고려아연,10130.0,B,A,A,C,2023.0,,,,,,고려아연,고려아연,408,환경부,고려아연 주식회사,2023,업체,1차 비철금속 제조업,3297707.0,46574.0,(재)한국품질재단,,업체 우선,고려아연 주식회사,5,010130,2023.0,7291069464175.0,별도,2023-12-31,KRW,452.29400380882845
10123.0,고려아연,10130.0,B+,B+,A,B+,2024.0,,,,,,고려아연,고려아연,286,기후에너지환경부,고려아연 주식회사,2024,업체,1차 비철금속 제조업,3199180.0,44425.0,㈜디엔브이비즈니스어슈어런스코리아,,업체 우선,고려아연 주식회사,4,010130,2024.0,8089016782445.0,별도,2024-12-31,KRW,395.49676877206457
10122.0,고려아연,10130.0,B,A,A,C,2025.0,통합 등급조정(2026.07.),,,지배구조 등급조정(2026.07.),,고려아연,고려아연,294,기후에너지환경부,고려아연 주식회사,2025,업체,1차 비철금속 제조업,3275801.0,44204.0,㈜디엔브이비즈니스어슈어런스코리아,,업체 우선,고려아연 주식회사,5,010130,2025.0,10534240543625.0,별도,2025-12-31,KRW,310.96698299550553
10113.0,고려제강,2240.0,B,B+,B+,C,2020.0,,,,,,고려제강,고려제강,271,환경부,고려제강(주),2020,업체,철강,101547.0,2053.0,한국생산성본부인증원(주),,업체 우선,고려제강(주),4,002240,2020.0,437062776642.0,별도,2020-12-31,KRW,232.33962127865576
10112.0,고려제강,2240.0,B+,B+,B,B+,2021.0,,,,,,고려제강,고려제강,277,환경부,고려제강(주),2021,업체,산업,100518.0,2054.0,한국생산성본부인증원(주),,업체 우선,고려제강(주),4,002240,2021.0,496814840485.0,별도,2021-12-31,KRW,202.32487399505305
10111.0,고려제강,2240.0,D,C,C,D,2022.0,,,,,,고려제강,고려제강,280,환경부,고려제강(주),2022,사업장,1차 철강 제조업,91713.0,1882.0,한국생산성본부인증원(주),,단일 사업장,고려제강(주),2,002240,2022.0,559167199666.0,별도,2022-12-31,KRW,164.01713128878396
10110.0,고려제강,2240.0,C,C,B,D,2023.0,,,,,,고려제강,고려제강,411,환경부,고려제강(주),2023,사업장,1차 철강 제조업,86141.0,1761.0,한국생산성본부인증원(주),,단일 사업장,고려제강(주),2,002240,2023.0,516985557167.0,별도,2023-12-31,KRW,166.62167599427573
10109.0,고려제강,2240.0,D,C,D,D,2024.0,,,,,,고려제강,고려제강,288,기후에너지환경부,고려제강(주),2024,사업장,1차 철강 제조업,90621.0,1854.0,한국생산성본부인증원(주),,단일 사업장,고려제강(주),2,002240,2024.0,540278817185.0,별도,2024-12-31,KRW,167.73006291855035
10108.0,고려제강,2240.0,D,C,D,D,2025.0,,,,,,고려제강,고려제강,296,기후에너지환경부,고려제강(주),2025,사업장,1차 철강 제조업,93418.0,1909.0,한국생산성본부인증원(주),,단일 사업장,고려제강(주),2,002240,2025.0,562153886362.0,별도,2025-12-31,KRW,166.17869637895436
9989.0,국도화학,7690.0,B,B,B,B,2020.0,,,,,,국도화학,국도화학,282,환경부,국도화학(주),2020,업체,석유화학,36266.0,1552.0,로이드인증원㈜,,업체 우선,국도화학(주),3,007690,2020.0,837636162762.0,별도,2020-12-31,KRW,43.295647456787705
9988.0,국도화학,7690.0,B,B,C,B+,2021.0,,,,,,국도화학,국도화학,289,환경부,국도화학(주),2021,업체,산업,40980.0,1634.0,로이드인증원㈜,,업체 우선,국도화학(주),3,007690,2021.0,1487452665822.0,별도,2021-12-31,KRW,27.550456523168435
9987.0,국도화학,7690.0,D,C,D,D,2022.0,,,,,,국도화학,국도화학,294,환경부,국도화학(주),2022,사업장,합성고무 및 플라스틱 물질 제조업,45276.0,1663.0,로이드인증원㈜,,단일 사업장,국도화학(주),2,007690,2022.0,1377201696283.0,별도,2022-12-31,KRW,32.87535886878277
9986.0,국도화학,7690.0,D,C,D,D,2023.0,,,,,,국도화학,국도화학,435,환경부,국도화학(주),2023,사업장,합성고무 및 플라스틱 물질 제조업,55575.0,1963.0,로이드인증원㈜,,단일 사업장,국도화학(주),2,007690,2023.0,1062354496974.0,별도,2023-12-31,KRW,52.31304631203546
9985.0,국도화학,7690.0,C,C,B,C,2024.0,,,,,,국도화학,국도화학,305,기후에너지환경부,국도화학(주),2024,사업장,합성고무 및 플라스틱 물질 제조업,64136.0,2028.0,로이드인증원㈜,,단일 사업장,국도화학(주),2,007690,2024.0,981235271976.0,별도,2024-12-31,KRW,65.36250971782097
9984.0,국도화학,7690.0,C,C,B+,C,2025.0,,,,,,국도화학,국도화학,313,기후에너지환경부,국도화학(주),2025,사업장,합성고무 및 플라스틱 물질 제조업,64624.0,1959.0,로이드인증원㈜,,단일 사업장,국도화학(주),2,007690,2025.0,967066362965.0,별도,2025-12-31,KRW,66.82478315331382
9950.0,국일제지,78130.0,B,B+,B,B,2021.0,,,,,,국일제지,국일제지,293,환경부,국일제지(주),2021,사업장,산업,43962.0,1133.0,이큐에이㈜,,단일 사업장,국일제지(주),4,078130,2021.0,95450777784.0,별도,2021-12-31,KRW,460.5724648937241
9949.0,국일제지,78130.0,C,C,C,B,2022.0,,,,,,국일제지,국일제지,298,환경부,국일제지(주),2022,사업장,"펄프, 종이 및 판지 제조업",39255.0,990.0,(주)한국경영인증원,,단일 사업장,국일제지(주),2,078130,2022.0,112499512605.0,별도,2022-12-31,KRW,348.93484505865604
9948.0,국일제지,78130.0,D,C,C,D,2023.0,,,,,,국일제지,국일제지,441,환경부,국일제지(주),2023,사업장,"펄프, 종이 및 판지 제조업",32845.0,808.0,(주)한국경영인증원,,단일 사업장,국일제지(주),2,078130,2023.0,80712561700.0,별도,2023-12-31,KRW,406.93789551719806
9947.0,국일제지,78130.0,D,C,D,D,2025.0,,,,,,국일제지,국일제지,317,기후에너지환경부,국일제지(주),2025,사업장,"펄프, 종이 및 판지 제조업",18941.0,383.0,(주)한국경영인증원,,단일 사업장,국일제지(주),2,078130,2025.0,67784821286.0,별도,2025-12-31,KRW,279.4283386849026
9929.0,그린케미칼,83420.0,B,B,B,B,2020.0,,,,,,그린케미칼,그린케미칼,290,환경부,그린케미칼 주식회사,2020,사업장,석유화학,55537.0,1245.0,한국가스안전공사,,단일 사업장,그린케미칼 주식회사,3,083420,2020.0,242398001117.0,별도,2020-12-31,KRW,229.11492563502432
9928.0,그린케미칼,83420.0,B,B,C,B,2021.0,,,,,,그린케미칼,그린케미칼,297,환경부,그린케미칼 주식회사,2021,사업장,산업,53766.0,1242.0,한국가스안전공사,,단일 사업장,그린케미칼 주식회사,3,083420,2021.0,286224270189.0,별도,2021-12-31,KRW,187.84570562271733
9927.0,그린케미칼,83420.0,D,D,D,D,2022.0,,,,,,그린케미칼,그린케미칼,302,환경부,그린케미칼 주식회사,2022,사업장,기초 화학물질 제조업,65613.0,1268.0,한국가스안전공사,,단일 사업장,그린케미칼 주식회사,1,083420,2022.0,324927356354.0,별도,2022-12-31,KRW,201.9312893079902
9926.0,그린케미칼,83420.0,C,C,C,B,2023.0,,,,,,그린케미칼,그린케미칼,448,환경부,그린케미칼 주식회사,2023,사업장,기초 화학물질 제조업,56357.0,1143.0,한국가스안전공사,,단일 사업장,그린케미칼 주식회사,2,083420,2023.0,282345762196.0,별도,2023-12-31,KRW,199.60278334504576
9925.0,그린케미칼,83420.0,C,C,D,C,2024.0,,,,,,그린케미칼,그린케미칼,314,기후에너지환경부,그린케미칼 주식회사,2024,사업장,기초 화학물질 제조업,56908.0,1291.0,한국가스안전공사,,단일 사업장,그린케미칼 주식회사,2,083420,2024.0,330339365530.0,별도,2024-12-31,KRW,172.27132439603798
9924.0,그린케미칼,83420.0,D,C,C,D,2025.0,,,,,,그린케미칼,그린케미칼,322,기후에너지환경부,그린케미칼 주식회사,2025,사업장,기초 화학물질 제조업,49942.0,1129.0,한국가스안전공사,,단일 사업장,그린케미칼 주식회사,2,083420,2025.0,304057102221.0,별도,2025-12-31,KRW,164.252042248631
9897.0,금강공업,14280.0,C,D,D,B,2022.0,,,,,,금강공업,금강공업,303,산업통상자원부,금강공업(주),2022,사업장,비철금속,19499.0,334.0,(주)한국경영인증원,,단일 사업장,금강공업(주),1,014280,2022.0,356847611428.0,별도,2022-12-31,KRW,54.6423721934713
9896.0,금강공업,14280.0,C,C,D,B,2023.0,,,,,,금강공업,금강공업,449,산업통상자원부,금강공업(주),2023,사업장,비철금속,13663.0,235.0,(주)한국경영인증원,,단일 사업장,금강공업(주),2,014280,2023.0,361333475844.0,별도,2023-12-31,KRW,37.81271571388748
9895.0,금강공업,14280.0,D,C,D,D,2024.0,,,,,,금강공업,금강공업,315,산업통상부,금강공업(주),2024,사업장,비철금속,13809.0,238.0,(주)한국경영인증원,,단일 사업장,금강공업(주),2,014280,2024.0,293931258757.0,별도,2024-12-31,KRW,46.980372412232036
9894.0,금강공업,14280.0,C,C,D,B,2025.0,,,,,,금강공업,금강공업,323,산업통상부,금강공업(주),2025,사업장,비철금속,15170.0,263.0,(주)한국경영인증원,,단일 사업장,금강공업(주),2,014280,2025.0,290112635592.0,별도,2025-12-31,KRW,52.29003545138356
9885.0,금비,8870.0,C,C,B,C,2020.0,,,,,,금비,금비,23,환경부,(주)금비,2020,업체,유리,77829.0,1137.0,한국표준협회,,업체 우선,(주)금비,2,008870,2020.0,79341217041.0,별도,2020-09-30,KRW,980.9403347037322
9884.0,금비,8870.0,C,C,C,B,2021.0,,,,,,금비,금비,22,환경부,(주)금비,2021,업체,산업,82933.0,1184.0,한국표준협회,,업체 우선,(주)금비,2,008870,2021.0,82273049537.0,별도,2021-09-30,KRW,1008.0214659200544
9883.0,금비,8870.0,D,D,D,D,2022.0,,,,,,금비,금비,21,환경부,(주)금비,2022,사업장,유리 및 유리제품 제조업,79965.0,1176.0,한국표준협회,,단일 사업장,(주)금비,1,008870,2022.0,81469430109.0,별도,2022-09-30,KRW,981.5338083623859
9882.0,금비,8870.0,D,C,D,D,2023.0,,,,,,금비,금비,27,환경부,(주)금비,2023,사업장,유리 및 유리제품 제조업,82890.0,1160.0,한국표준협회,,단일 사업장,(주)금비,2,008870,2023.0,91558134186.0,별도,2023-09-30,KRW,905.3264435425178
9881.0,금비,8870.0,D,D,D,C,2024.0,,,,,,금비,금비,23,기후에너지환경부,(주)금비,2024,사업장,유리 및 유리제품 제조업,84439.0,1195.0,한국표준협회,,단일 사업장,(주)금비,1,008870,2024.0,96063056337.0,별도,2024-09-30,KRW,878.9955599973676
9880.0,금비,8870.0,D,C,D,D,2025.0,,,,,,금비,금비,23,기후에너지환경부,(주)금비,2025,사업장,유리 및 유리제품 제조업,75274.0,1124.0,한국표준협회,,단일 사업장,(주)금비,2,008870,2025.0,86557955280.0,별도,2025-09-30,KRW,869.6369935784833
9843.0,금호석유화학,11780.0,A,B+,A,A,2020.0,,,,,,금호석유화학,금호석유화학,295,환경부,금호석유화학 주식회사,2020,업체,산업,3556650.0,43210.0,한국표준협회,,업체 우선,금호석유화학 주식회사,4,011780,2020.0,3489720117403.0,별도,2020-12-31,KRW,1019.1791548735456
9842.0,금호석유화학,11780.0,B+,B,A,A,2021.0,,,,,,금호석유화학,금호석유화학,302,환경부,금호석유화학 주식회사,2021,업체,산업,3445054.0,42721.0,한국표준협회,,업체 우선,금호석유화학 주식회사,3,011780,2021.0,5501282084211.0,별도,2021-12-31,KRW,626.2274770253111
9841.0,금호석유화학,11780.0,A,B+,A,A,2022.0,,,,,,금호석유화학,금호석유화학,307,환경부,금호석유화학 주식회사,2022,업체,합성고무 및 플라스틱 물질 제조업,3473213.0,42338.0,한국표준협회,,업체 우선,금호석유화학 주식회사,4,011780,2022.0,5086855585805.0,별도,2022-12-31,KRW,682.7819153529912
9840.0,금호석유화학,11780.0,A,A,A+,A,2023.0,,,,,,금호석유화학,금호석유화학,455,환경부,금호석유화학 주식회사,2023,업체,합성고무 및 플라스틱 물질 제조업,3319747.0,40783.0,한국표준협회,,업체 우선,금호석유화학 주식회사,5,011780,2023.0,4196148138989.0,별도,2023-12-31,KRW,791.1415159903875
9839.0,금호석유화학,11780.0,B+,A,A+,B,2024.0,,,,,,금호석유화학,금호석유화학,319,기후에너지환경부,금호석유화학 주식회사,2024,업체,합성고무 및 플라스틱 물질 제조업,3308643.0,41348.0,한국표준협회,,업체 우선,금호석유화학 주식회사,5,011780,2024.0,4854274755589.0,별도,2024-12-31,KRW,681.593681155063
9838.0,금호석유화학,11780.0,B,A,A+,C,2025.0,,,,,,금호석유화학,금호석유화학,328,기후에너지환경부,금호석유화학 주식회사,2025,업체,합성고무 및 플라스틱 물질 제조업,3301804.0,42560.0,(재)한국품질재단,,업체 우선,금호석유화학 주식회사,5,011780,2025.0,4571978509755.0,별도,2025-12-31,KRW,722.1827471312708
9806.0,금호타이어,73240.0,B,B,C,B+,2020.0,,,,,,금호타이어,금호타이어,297,환경부,금호타이어(주),2020,업체,산업,242244.0,4890.0,지속가능인증원주식회사,,업체 우선,금호타이어(주),3,073240,2020.0,1708313283946.0,별도,2020-12-31,KRW,141.80303008617088
9805.0,금호타이어,73240.0,B+,B+,A,B+,2021.0,,,,,,금호타이어,금호타이어,304,환경부,금호타이어(주),2021,업체,산업,258334.0,5273.0,지속가능인증원주식회사,,업체 우선,금호타이어(주),4,073240,2021.0,2058953575710.0,별도,2021-12-31,KRW,125.46858901902014
9804.0,금호타이어,73240.0,B+,B,A,B,2022.0,,,,,,금호타이어,금호타이어,309,환경부,금호타이어(주),2022,업체,고무제품 제조업,264492.0,5409.0,지속가능인증원주식회사,,업체 우선,금호타이어(주),3,073240,2022.0,2834274411243.0,별도,2022-12-31,KRW,93.31912215373822
9803.0,금호타이어,73240.0,A,A,A+,B+,2023.0,,,,,,금호타이어,금호타이어,457,환경부,금호타이어(주),2023,업체,고무제품 제조업,257548.0,5256.0,지속가능인증원주식회사,,업체 우선,금호타이어(주),5,073240,2023.0,3018445077194.0,별도,2023-12-31,KRW,85.32472627907518
9802.0,금호타이어,73240.0,B+,A,B+,B+,2024.0,통합 등급조정(2024.10.),,사회 등급조정(2024.10.),,,금호타이어,금호타이어,321,기후에너지환경부,금호타이어(주),2024,업체,고무제품 제조업,260704.0,5354.0,지속가능인증원주식회사,,업체 우선,금호타이어(주),5,073240,2024.0,3608474460011.0,별도,2024-12-31,KRW,72.24770547474105
9801.0,금호타이어,73240.0,A,A,A,B+,2025.0,,,,,,금호타이어,금호타이어,330,기후에너지환경부,금호타이어(주),2025,업체,고무제품 제조업,198255.0,4135.0,지속가능인증원주식회사,,업체 우선,금호타이어(주),5,073240,2025.0,3530891476573.0,별도,2025-12-31,KRW,56.148709558307246
9785.0,기아,270.0,A+,A+,A+,A,2021.0,,,,,,기아,기아,307,환경부,기아(주),2021,업체,산업,730585.0,14913.0,로이드인증원㈜,,업체 우선,기아(주),6,000270,2021.0,40979570000000.0,별도,2021-12-31,KRW,17.828029918322716
9784.0,기아,270.0,B+,A,A,B,2022.0,,,사회 등급조정(2022.11),,,기아,기아,312,환경부,기아(주),2022,업체,자동차용 엔진 및 자동차 제조업,733374.0,14987.0,로이드인증원㈜,,업체 우선,기아(주),5,000270,2022.0,46409721000000.0,별도,2022-12-31,KRW,15.802163516561542
9783.0,기아,270.0,B,A,A+,C,2023.0,,,,,,기아,기아,460,환경부,기아(주),2023,업체,자동차용 엔진 및 자동차 제조업,699068.0,14280.0,로이드인증원㈜,,업체 우선,기아(주),5,000270,2023.0,58519958000000.0,별도,2023-12-31,KRW,11.945804882498377
9782.0,기아,270.0,A,A+,A+,B+,2024.0,,,,,,기아,기아,324,기후에너지환경부,기아(주),2024,업체,자동차용 엔진 및 자동차 제조업,709750.0,14534.0,로이드인증원㈜,,업체 우선,기아(주),6,000270,2024.0,63256745000000.0,별도,2024-12-31,KRW,11.220147353456142
9781.0,기아,270.0,B+,A+,A,B,2025.0,통합 등급조정(2026.01.),,사회 등급조정(2026.01.),,,기아,기아,333,기후에너지환경부,기아(주),2025,업체,자동차용 엔진 및 자동차 제조업,734837.0,14993.0,로이드인증원㈜,,업체 우선,기아(주),6,000270,2025.0,65148676000000.0,별도,2025-12-31,KRW,11.279385017740038
9735.0,깨끗한나라,4540.0,B+,B,B+,B+,2020.0,,,,,,깨끗한나라,깨끗한나라,306,환경부,깨끗한나라 주식회사,2020,업체,제지,383458.0,4843.0,(재)한국품질재단,,업체 우선,깨끗한나라 주식회사,3,004540,2020.0,590215966846.0,별도,2020-12-31,KRW,649.6909970923447
9734.0,깨끗한나라,4540.0,B,B+,B,B,2021.0,,,,,,깨끗한나라,깨끗한나라,313,환경부,깨끗한나라 주식회사,2021,업체,산업,348370.0,4667.0,(재)한국품질재단,,업체 우선,깨끗한나라 주식회사,4,004540,2021.0,576690545985.0,별도,2021-12-31,KRW,604.0848119071841
9733.0,깨끗한나라,4540.0,C,C,B,C,2022.0,,,,,,깨끗한나라,깨끗한나라,318,환경부,깨끗한나라 주식회사,2022,업체,"펄프, 종이 및 판지 제조업",365442.0,4753.0,(재)한국품질재단,,업체 우선,깨끗한나라 주식회사,2,004540,2022.0,605922228290.0,별도,2022-12-31,KRW,603.1170056779895
9732.0,깨끗한나라,4540.0,B+,B+,B+,B,2023.0,,,,,,깨끗한나라,깨끗한나라,468,환경부,깨끗한나라 주식회사,2023,업체,"펄프, 종이 및 판지 제조업",340694.0,4343.0,(재)한국품질재단,,업체 우선,깨끗한나라 주식회사,4,004540,2023.0,515220961706.0,별도,2023-12-31,KRW,661.2580335860051
9731.0,깨끗한나라,4540.0,B,B,B+,B,2024.0,,,,,,깨끗한나라,깨끗한나라,331,기후에너지환경부,깨끗한나라 주식회사,2024,업체,"펄프, 종이 및 판지 제조업",332386.0,4353.0,(재)한국품질재단,,업체 우선,깨끗한나라 주식회사,3,004540,2024.0,536189600008.0,별도,2024-12-31,KRW,619.903854895807
9730.0,깨끗한나라,4540.0,B,B,B+,B,2025.0,,,,,,깨끗한나라,깨끗한나라,340,기후에너지환경부,깨끗한나라 주식회사,2025,업체,"펄프, 종이 및 판지 제조업",302344.0,4003.0,(재)한국품질재단,,업체 우선,깨끗한나라 주식회사,3,004540,2025.0,507509280820.0,별도,2025-12-31,KRW,595.7408296287558
9650.0,남양유업,3920.0,B,C,B,B+,2020.0,,,사회 등급조정(2021.7),,,남양유업,남양유업,310,환경부,남양유업(주),2020,업체,음식료품,88784.0,2038.0,한국표준협회,,업체 우선,남양유업(주),2,003920,2020.0,936004918364.0,별도,2020-12-31,KRW,94.85420242789053
9649.0,남양유업,3920.0,B+,B+,B+,B+,2021.0,,,사회 등급조정(2021.10),,,남양유업,남양유업,318,환경부,남양유업(주),2021,업체,산업,84889.0,1970.0,한국표준협회,,업체 우선,남양유업(주),4,003920,2021.0,939637148130.0,별도,2021-12-31,KRW,90.34232008487547
9648.0,남양유업,3920.0,C,B,B+,D,2022.0,,,,,,남양유업,남양유업,323,환경부,남양유업(주),2022,사업장,낙농제품 및 식용 빙과류 제조업,80522.0,1874.0,한국표준협회,,단일 사업장,남양유업(주),3,003920,2022.0,946340222486.0,별도,2022-12-31,KRW,85.08779198719013
9647.0,남양유업,3920.0,B,B+,A,C,2023.0,,,,,,남양유업,남양유업,473,환경부,남양유업(주),2023,사업장,낙농제품 및 식용 빙과류 제조업,80029.0,1879.0,로이드인증원㈜,,단일 사업장,남양유업(주),4,003920,2023.0,972263980285.0,별도,2023-12-31,KRW,82.31200746174005
9646.0,남양유업,3920.0,B,A,A+,C,2024.0,,,,,,남양유업,남양유업,336,기후에너지환경부,남양유업(주),2024,사업장,낙농제품 및 식용 빙과류 제조업,80101.0,1864.0,로이드인증원㈜,,단일 사업장,남양유업(주),5,003920,2024.0,937276555258.0,별도,2024-12-31,KRW,85.46143563566567
9645.0,남양유업,3920.0,B,A,A+,C,2025.0,,,,,,남양유업,남양유업,345,기후에너지환경부,남양유업(주),2025,사업장,낙농제품 및 식용 빙과류 제조업,69833.0,1666.0,로이드인증원㈜,,단일 사업장,남양유업(주),5,003920,2025.0,879032515798.0,별도,2025-12-31,KRW,79.44302257875464
9627.0,남해화학,25860.0,B,B,B,B+,2020.0,,,,,,남해화학,남해화학,312,환경부,남해화학(주),2020,업체,석유화학,67525.0,958.0,대일이엔씨기술(주),,업체 우선,남해화학(주),3,025860,2020.0,1009845248219.0,별도,2020-12-31,KRW,66.8666809286765
9626.0,남해화학,25860.0,B,C,B,B+,2021.0,,,,,,남해화학,남해화학,320,환경부,남해화학(주),2021,업체,산업,65613.0,917.0,대일이엔씨기술(주),,업체 우선,남해화학(주),2,025860,2021.0,1451884407283.0,별도,2021-12-31,KRW,45.191614202115176
9625.0,남해화학,25860.0,C,C,C,C,2022.0,,,,,,남해화학,남해화학,325,환경부,남해화학(주),2022,사업장,"비료, 농약 및 살균ㆍ살충제 제조업",79385.0,1049.0,대일이엔씨기술(주),,단일 사업장,남해화학(주),2,025860,2022.0,2169565870526.0,별도,2022-12-31,KRW,36.590269545839384
9624.0,남해화학,25860.0,C,C,C,C,2023.0,,,,,,남해화학,남해화학,476,환경부,남해화학(주),2023,사업장,"비료, 농약 및 살균ㆍ살충제 제조업",75805.0,1240.0,대일이엔씨기술(주),,단일 사업장,남해화학(주),2,025860,2023.0,1590445423376.0,별도,2023-12-31,KRW,47.662748363342494
9622.0,남해화학,25860.0,D,C,C,D,2025.0,,,,,,남해화학,남해화학,347,기후에너지환경부,남해화학(주),2025,사업장,"비료, 농약 및 살균ㆍ살충제 제조업",72555.0,1123.0,대일이엔씨기술(주),,단일 사업장,남해화학(주),2,025860,2025.0,1600248827684.0,별도,2025-12-31,KRW,45.339823872895465
9608.0,네패스,33640.0,C,B,B+,C,2021.0,,,,,,네패스,네패스,324,산업통상자원부,네패스,2021,사업장,반도체,15542.0,321.0,(주)비에스아이그룹코리아,,단일 사업장,네패스,3,033640,2021.0,345459276939.0,별도,2021-12-31,KRW,44.98938380729707
9607.0,네패스,33640.0,C,C,B+,D,2022.0,,,,,,네패스,네패스,24,산업통상자원부,(주)네패스,2022,사업장,반도체,17833.0,368.0,(주)비에스아이그룹코리아,,단일 사업장,(주)네패스,2,033640,2022.0,417052032823.0,별도,2022-12-31,KRW,42.759652504963235
9606.0,네패스,33640.0,C,C,B,D,2023.0,,,,,,네패스,네패스,32,산업통상자원부,(주)네패스,2023,사업장,반도체,17017.0,351.0,(주)비에스아이그룹코리아,,단일 사업장,(주)네패스,2,033640,2023.0,327264607758.0,별도,2023-12-31,KRW,51.99767893197738
9605.0,네패스,33640.0,C,B,B+,D,2024.0,,,,,,네패스,네패스,27,산업통상부,(주)네패스,2024,사업장,반도체,15802.0,326.0,(주)비에스아이그룹코리아,,단일 사업장,(주)네패스,3,033640,2024.0,336272651397.0,별도,2024-12-31,KRW,46.991629959655334
9604.0,네패스,33640.0,C,B,B+,C,2025.0,,,,,,네패스,네패스,27,산업통상부,(주)네패스,2025,사업장,반도체,14650.0,302.0,(주)비에스아이그룹코리아,,단일 사업장,(주)네패스,3,033640,2025.0,376748974391.0,별도,2025-12-31,KRW,38.88530824451786
9595.0,넥센,5720.0,B+,B,B+,B+,2020.0,,,,,,넥센,넥센,26,산업통상자원부,(주)넥센,2020,사업장,석유화학,17210.0,310.0,한국표준협회,,단일 사업장,(주)넥센,3,005720,2020.0,353361361694.0,별도,2020-12-31,KRW,48.703683723358886
9594.0,넥센,5720.0,B+,B+,A,B,2021.0,,,,,,넥센,넥센,25,산업통상자원부,(주)넥센,2021,사업장,석유화학,19568.0,376.0,한국표준협회,,단일 사업장,(주)넥센,4,005720,2021.0,507420580424.0,별도,2021-12-31,KRW,38.56367036522051
9593.0,넥센,5720.0,B+,B+,A,B,2022.0,,,,,,넥센,넥센,25,산업통상자원부,(주)넥센,2022,사업장,석유화학,18924.0,384.0,한국표준협회,,단일 사업장,(주)넥센,4,005720,2022.0,737876931482.0,별도,2022-12-31,KRW,25.646553229400745
9592.0,넥센,5720.0,B+,B+,A,B,2023.0,,,,,,넥센,넥센,34,산업통상자원부,(주)넥센,2023,사업장,석유화학,17806.0,362.0,한국표준협회,,단일 사업장,(주)넥센,4,005720,2023.0,475924895088.0,별도,2023-12-31,KRW,37.41346625018978
9591.0,넥센,5720.0,B+,B+,A,B,2024.0,,,,,,넥센,넥센,28,산업통상부,(주)넥센,2024,사업장,석유화학,17306.0,357.0,한국표준협회,,단일 사업장,(주)넥센,4,005720,2024.0,509052926201.0,별도,2024-12-31,KRW,33.99646502211974
9590.0,넥센,5720.0,B,B+,A,C,2025.0,,,,,,넥센,넥센,28,산업통상부,(주)넥센,2025,사업장,석유화학,13768.0,344.0,한국표준협회,,단일 사업장,(주)넥센,4,005720,2025.0,580785146202.0,별도,2025-12-31,KRW,23.70584043003645
9581.0,넥센타이어,2350.0,B+,B+,B+,B,2020.0,,,,,,넥센타이어,넥센타이어,317,환경부,넥센타이어(주),2020,업체,석유화학,177538.0,3524.0,(주)한국경영인증원,,업체 우선,넥센타이어(주),4,002350,2020.0,1208579890568.0,별도,2020-12-31,KRW,146.8980258446646
9580.0,넥센타이어,2350.0,B+,B+,A,B+,2021.0,,,,,,넥센타이어,넥센타이어,325,환경부,넥센타이어(주),2021,업체,산업,205464.0,4124.0,(주)한국경영인증원,,업체 우선,넥센타이어(주),4,002350,2021.0,1414959477367.0,별도,2021-12-31,KRW,145.20839874674976
9579.0,넥센타이어,2350.0,B+,B+,A,B,2022.0,,,,,,넥센타이어,넥센타이어,329,환경부,넥센타이어(주),2022,업체,고무제품 제조업,212345.0,4285.0,(주)한국경영인증원,,업체 우선,넥센타이어(주),4,002350,2022.0,2076642396766.0,별도,2022-12-31,KRW,102.25400402625385
9578.0,넥센타이어,2350.0,B+,A,A,B,2023.0,,,,,,넥센타이어,넥센타이어,481,환경부,넥센타이어(주),2023,업체,고무제품 제조업,215924.0,4334.0,(주)한국경영인증원,,업체 우선,넥센타이어(주),5,002350,2023.0,2084335509847.0,별도,2023-12-31,KRW,103.59368680325838
9577.0,넥센타이어,2350.0,B,A,A+,C,2024.0,,,,,,넥센타이어,넥센타이어,342,기후에너지환경부,넥센타이어(주),2024,업체,고무제품 제조업,221463.0,4447.0,(주)한국경영인증원,,업체 우선,넥센타이어(주),5,002350,2024.0,2132624859171.0,별도,2024-12-31,KRW,103.8452679793331
9576.0,넥센타이어,2350.0,B,A,A+,C,2025.0,,,,,,넥센타이어,넥센타이어,351,기후에너지환경부,넥센타이어(주),2025,업체,고무제품 제조업,219667.0,4420.0,(주)한국경영인증원,,업체 우선,넥센타이어(주),5,002350,2025.0,2129969990147.0,별도,2025-12-31,KRW,103.1314999817625
9566.0,넥스틸,92790.0,C,C,D,C,2025.0,,,,,,넥스틸,넥스틸,352,산업통상부,넥스틸(주),2025,사업장,철강,20752.0,433.0,(주)한국경영인증원,,단일 사업장,넥스틸(주),2,092790,2025.0,544671975941.0,별도,2025-12-31,KRW,38.099995807839946
9511.0,녹십자,6280.0,B+,B,A,B,2020.0,,,,,,녹십자,녹십자,319,환경부,녹십자,2020,사업장,석유화학,41824.0,1036.0,(재)한국품질재단,,단일 사업장,녹십자,3,006280,2020.0,1227760621772.0,별도,2020-12-31,KRW,34.06527238154644
9510.0,녹십자,6280.0,B+,B+,B+,B+,2021.0,,,,,,녹십자,녹십자,327,환경부,녹십자,2021,사업장,산업,68162.0,1618.0,(재)한국품질재단,,단일 사업장,녹십자,4,006280,2021.0,1170305442171.0,별도,2021-12-31,KRW,58.24291466470038
9509.0,녹십자,6280.0,B+,B,A,B,2022.0,,,,,,녹십자,녹십자,331,환경부,녹십자,2022,사업장,의약품 제조업,66851.0,1641.0,(재)한국품질재단,,단일 사업장,녹십자,3,006280,2022.0,1244928839920.0,별도,2022-12-31,KRW,53.698651566539255
9508.0,녹십자,6280.0,B+,B+,A,B,2023.0,,,,,,녹십자,녹십자,485,환경부,녹십자,2023,사업장,의약품 제조업,64802.0,1593.0,(재)한국품질재단,,단일 사업장,녹십자,4,006280,2023.0,1209836294646.0,별도,2023-12-31,KRW,53.562618584658324
9507.0,녹십자,6280.0,B+,A,A+,B,2024.0,,,,,,녹십자,녹십자,345,기후에너지환경부,녹십자,2024,사업장,의약품 제조업,64761.0,1650.0,(재)한국품질재단,,단일 사업장,녹십자,5,006280,2024.0,1275964709837.0,별도,2024-12-31,KRW,50.75453850778756
9506.0,녹십자,6280.0,A,A,A,B+,2025.0,,,,,,녹십자,녹십자,355,기후에너지환경부,녹십자,2025,사업장,의약품 제조업,62706.0,1629.0,(재)한국품질재단,,단일 사업장,녹십자,5,006280,2025.0,1460353744344.0,별도,2025-12-31,KRW,42.93891137189361
9477.0,농심,4370.0,B+,B+,A,B,2020.0,,,,,,농심,농심,746,환경부,주식회사 농심,2020,업체,음식료품,185370.0,3645.0,한국표준협회,,업체 우선,주식회사 농심,4,004370,2020.0,2105700159429.0,별도,2020-12-31,KRW,88.03247659451503
9476.0,농심,4370.0,B+,B,A,B,2021.0,,,,,,농심,농심,755,환경부,주식회사 농심,2021,업체,산업,176034.0,3490.0,한국표준협회,,업체 우선,주식회사 농심,3,004370,2021.0,2102582223394.0,별도,2021-12-31,KRW,83.72276624494853
9475.0,농심,4370.0,C,B,A,D,2022.0,,,,,,농심,농심,765,환경부,주식회사 농심,2022,업체,기타 식품 제조업,180380.0,3612.0,한국표준협회,,업체 우선,주식회사 농심,3,004370,2022.0,2395960801817.0,별도,2022-12-31,KRW,75.28503799528234
9474.0,농심,4370.0,B+,A,A,B,2023.0,,,,,,농심,농심,1099,환경부,주식회사 농심,2023,업체,기타 식품 제조업,183130.0,3623.0,한국표준협회,,업체 우선,주식회사 농심,5,004370,2023.0,2605366051571.0,별도,2023-12-31,KRW,70.28954717882162
9473.0,농심,4370.0,B,A,B+,C,2024.0,,,,,,농심,농심,824,기후에너지환경부,주식회사 농심,2024,업체,기타 식품 제조업,189047.0,3771.0,한국표준협회,,업체 우선,주식회사 농심,5,004370,2024.0,2701618803858.0,별도,2024-12-31,KRW,69.97545313574021
9472.0,농심,4370.0,B,A,A+,D,2025.0,,,,,,농심,농심,827,기후에너지환경부,주식회사 농심,2025,업체,기타 식품 제조업,186160.0,3728.0,한국표준협회,,업체 우선,주식회사 농심,5,004370,2025.0,2734714249425.0,별도,2025-12-31,KRW,68.07292573223762
9328.0,대덕전자,8060.0,A,B+,A,A,2020.0,,,,,,대덕전자,대덕전자,329,환경부,대덕전자 주식회사,2020,업체,전기전자,125142.0,2541.0,한국표준협회,,업체 우선,대덕전자 주식회사,4,008060,2020.0,5792604603.0,별도,2020-12-31,KRW,21603.75316057111
9327.0,대덕전자,353200.0,B+,B,A,B+,2022.0,,,,,,대덕전자,대덕전자,342,환경부,대덕전자 주식회사,2022,사업장,전자 부품 제조업,154005.0,3131.0,한국표준협회,,단일 사업장,대덕전자 주식회사,3,353200,2022.0,1308957185623.0,별도,2022-12-31,KRW,117.65472674853082
9326.0,대덕전자,353200.0,A,A,A,B+,2023.0,,,,,,대덕전자,대덕전자,499,환경부,대덕전자 주식회사,2023,사업장,전자 부품 제조업,137216.0,2808.0,한국표준협회,,단일 사업장,대덕전자 주식회사,5,353200,2023.0,909651486895.0,별도,2023-12-31,KRW,150.84458386186168
9325.0,대덕전자,353200.0,B+,B+,A,B,2024.0,,,,,,대덕전자,대덕전자,356,기후에너지환경부,대덕전자 주식회사,2024,사업장,전자 부품 제조업,136647.0,2848.0,한국표준협회,,단일 사업장,대덕전자 주식회사,4,353200,2024.0,892135807636.0,별도,2024-12-31,KRW,153.16838404019458
9324.0,대덕전자,353200.0,B+,B+,A+,B,2025.0,,,,,,대덕전자,대덕전자,366,기후에너지환경부,대덕전자 주식회사,2025,사업장,전자 부품 제조업,147873.0,3091.0,한국표준협회,,단일 사업장,대덕전자 주식회사,4,353200,2025.0,1064715003611.0,별도,2025-12-31,KRW,138.88505327574617
9246.0,대상,1680.0,B,B,B+,B,2020.0,,,,,,대상,대상,332,환경부,대상 주식회사,2020,업체,음식료품,508708.0,10902.0,(주)한국경영인증원,,업체 우선,대상 주식회사,3,001680,2020.0,2604922341877.0,별도,2020-12-31,KRW,195.28720369968724
9245.0,대상,1680.0,A,A,A+,B+,2021.0,,,,,,대상,대상,340,환경부,대상 주식회사,2021,업체,산업,525562.0,11194.0,(주)한국경영인증원,,업체 우선,대상 주식회사,5,001680,2021.0,2875271857567.0,별도,2021-12-31,KRW,182.7868897394351
9244.0,대상,1680.0,B+,A,A+,B,2022.0,,,,,,대상,대상,345,환경부,대상 주식회사,2022,업체,"곡물 가공품, 전분 및 전분제품 제조업",479334.0,8856.0,한국표준협회,,업체 우선,대상 주식회사,5,001680,2022.0,3289633813611.0,별도,2022-12-31,KRW,145.71044291213667
9243.0,대상,1680.0,A,A,A+,B+,2023.0,,,,,,대상,대상,502,환경부,대상 주식회사,2023,업체,"곡물 가공품, 전분 및 전분제품 제조업",432367.0,9437.0,한국표준협회,,업체 우선,대상 주식회사,5,001680,2023.0,3394936520565.0,별도,2023-12-31,KRW,127.35643137387547
9242.0,대상,1680.0,A,A,A+,B+,2024.0,,,,,,대상,대상,359,기후에너지환경부,대상 주식회사,2024,업체,"곡물 가공품, 전분 및 전분제품 제조업",430747.0,10078.0,한국표준협회,,업체 우선,대상 주식회사,5,001680,2024.0,3485020086683.0,별도,2024-12-31,KRW,123.59957454649272
9241.0,대상,1680.0,B+,A,A+,B,2025.0,,,,,,대상,대상,370,기후에너지환경부,대상 주식회사,2025,업체,"곡물 가공품, 전분 및 전분제품 제조업",416987.0,9600.0,한국표준협회,,업체 우선,대상 주식회사,5,001680,2025.0,3528856015820.0,별도,2025-12-31,KRW,118.16492317358117
9152.0,대양금속,9190.0,B,B,C,B,2020.0,,,,,,대양금속,대양금속,338,산업통상자원부,대양금속(주),2020,사업장,기계,20080.0,394.0,(재)한국품질재단,,단일 사업장,대양금속(주),3,009190,2020.0,140495483894.0,별도,2020-12-31,KRW,142.92274344668482
9151.0,대양금속,9190.0,C,C,C,B,2021.0,,,,,,대양금속,대양금속,346,산업통상자원부,대양금속(주),2021,사업장,기계,20013.0,397.0,(재)한국품질재단,,단일 사업장,대양금속(주),2,009190,2021.0,203423901636.0,별도,2021-12-31,KRW,98.38076960990847
9150.0,대양금속,9190.0,D,D,D,D,2022.0,,,,,,대양금속,대양금속,33,산업통상자원부,(주)대양금속,2022,사업장,기계,19331.0,383.0,(재)한국품질재단,,단일 사업장,(주)대양금속,1,009190,2022.0,239479973130.0,별도,2022-12-31,KRW,80.7207373015125
9149.0,대양금속,9190.0,D,C,C,D,2023.0,,,,,,대양금속,대양금속,44,산업통상자원부,(주)대양금속,2023,사업장,기계,19503.0,386.0,(재)한국품질재단,,단일 사업장,(주)대양금속,2,009190,2023.0,200969628514.0,별도,2023-12-31,KRW,97.04451435875237
9148.0,대양금속,9190.0,D,C,C,D,2024.0,,,,,,대양금속,대양금속,35,산업통상부,(주)대양금속,2024,사업장,기계,19950.0,395.0,(재)한국품질재단,,단일 사업장,(주)대양금속,2,009190,2024.0,215563338886.0,별도,2024-12-31,KRW,92.54820463952127
9147.0,대양금속,9190.0,D,C,D,D,2025.0,,,,,,대양금속,대양금속,36,산업통상부,(주)대양금속,2025,사업장,기계,19309.0,383.0,(재)한국품질재단,,단일 사업장,(주)대양금속,2,009190,2025.0,223407047987.0,별도,2025-12-31,KRW,86.42968148938428
9124.0,대우건설,47040.0,B+,A,B,B+,2020.0,통합 등급조정(2020.10),,"사회 등급조정(2020.10, 2021.7)",,,대우건설,대우건설,34,국토교통부,(주)대우건설,2020,업체,건설,58980.0,1174.0,(주)비에스아이그룹코리아,,업체 우선,(주)대우건설,5,047040,2020.0,7637255920891.0,별도,2020-12-31,KRW,7.722669059532983
9123.0,대우건설,47040.0,A,B+,A,A,2021.0,,,사회 등급조정(2021.10),,,대우건설,대우건설,33,국토교통부,(주)대우건설,2021,업체,건설,60416.0,1230.0,한국표준협회,,업체 우선,(주)대우건설,4,047040,2021.0,8085719645404.0,별도,2021-12-31,KRW,7.471938510054702
9122.0,대우건설,47040.0,B+,B+,B+,B+,2022.0,,,,,,대우건설,대우건설,34,국토교통부,(주)대우건설,2022,업체,건설,59231.0,1211.0,한국표준협회,,업체 우선,(주)대우건설,4,047040,2022.0,9318914840012.0,별도,2022-12-31,KRW,6.355997561613487
9121.0,대우건설,47040.0,A,A+,B+,A,2023.0,,,사회 등급조정(2024.04.),,,대우건설,대우건설,46,국토교통부,(주)대우건설,2023,업체,건설,58077.0,1200.0,한국표준협회,,업체 우선,(주)대우건설,6,047040,2023.0,10523987597351.0,별도,2023-12-31,KRW,5.518535580051291
9120.0,대우건설,47040.0,A,A,B+,A,2024.0,,,사회 등급조정(2024.10.),,,대우건설,대우건설,36,국토교통부,(주)대우건설,2024,업체,건설,61064.0,1259.0,한국표준협회,,업체 우선,(주)대우건설,5,047040,2024.0,9397321226320.0,별도,2024-12-31,KRW,6.498021992583595
9119.0,대우건설,47040.0,A,A,B+,A,2025.0,,,사회 등급조정(2025.11.),,,대우건설,대우건설,37,국토교통부,(주)대우건설,2025,업체,건설,55797.0,1161.0,한국표준협회,,업체 우선,(주)대우건설,5,047040,2025.0,7168594831966.0,별도,2025-12-31,KRW,7.7835337758512395
9098.0,대우조선해양,42660.0,B+,B+,B,A,2020.0,,,,,,대우조선해양,대우조선해양,341,환경부,대우조선해양(주),2020,업체,조선,360403.0,6434.0,(재)한국품질재단,,업체 우선,대우조선해양(주),4,042660,2020.0,7041551239250.0,별도,2020-12-31,KRW,51.18233010804402
9097.0,대우조선해양,42660.0,A,B,A+,A,2021.0,,,,,,대우조선해양,대우조선해양,349,환경부,대우조선해양(주),2021,업체,산업,296766.0,5416.0,(재)한국품질재단,,업체 우선,대우조선해양(주),3,042660,2021.0,4485486215864.0,별도,2021-12-31,KRW,66.16138936073769
9069.0,대웅제약,69620.0,B,B+,A,C,2024.0,,,,,,대웅제약,대웅제약,38,산업통상부,(주)대웅제약,2024,사업장,석유화학,20586.0,424.0,(주)한국경영인증원,,단일 사업장,(주)대웅제약,4,069620,2024.0,1265401249835.0,별도,2024-12-31,KRW,16.268357568545376
9068.0,대웅제약,69620.0,A,A,A+,B+,2025.0,,,,,,대웅제약,대웅제약,39,산업통상부,(주)대웅제약,2025,사업장,석유화학,23211.0,478.0,한국표준협회,,단일 사업장,(주)대웅제약,5,069620,2025.0,1390995347493.0,별도,2025-12-31,KRW,16.686612246283453
9059.0,대원강업,430.0,B,B,B+,B,2020.0,,,,,,대원강업,대원강업,342,환경부,대원강업(주),2020,사업장,자동차,21896.0,440.0,로이드인증원㈜,,단일 사업장,대원강업(주),3,000430,2020.0,602544680454.0,별도,2020-12-31,KRW,36.33921385465058
9058.0,대원강업,430.0,B,B,C,B+,2021.0,,,,,,대원강업,대원강업,350,환경부,대원강업(주),2021,사업장,산업,47680.0,966.0,로이드인증원㈜,,단일 사업장,대원강업(주),3,000430,2021.0,619242799256.0,별도,2021-12-31,KRW,76.99726190968383
9057.0,대원강업,430.0,C,C,D,C,2022.0,,,,,,대원강업,대원강업,352,환경부,대원강업(주),2022,사업장,자동차 신품 부품 제조업,49275.0,1002.0,로이드인증원㈜,,단일 사업장,대원강업(주),2,000430,2022.0,696217414550.0,별도,2022-12-31,KRW,70.77530519952434
9056.0,대원강업,430.0,C,B,B+,C,2023.0,,,,,,대원강업,대원강업,511,환경부,대원강업(주),2023,사업장,자동차 신품 부품 제조업,49563.0,1007.0,로이드인증원㈜,,단일 사업장,대원강업(주),3,000430,2023.0,758788824931.0,별도,2023-12-31,KRW,65.31856871311591
9055.0,대원강업,430.0,B+,B+,A,B+,2024.0,,,,,,대원강업,대원강업,365,기후에너지환경부,대원강업(주),2024,사업장,자동차 신품 부품 제조업,48056.0,972.0,로이드인증원㈜,,단일 사업장,대원강업(주),4,000430,2024.0,759508640000.0,별도,2024-12-31,KRW,63.27248627481051
9054.0,대원강업,430.0,A,B+,A,A,2025.0,,,,,,대원강업,대원강업,377,기후에너지환경부,대원강업(주),2025,사업장,자동차 신품 부품 제조업,46295.0,930.0,로이드인증원㈜,,단일 사업장,대원강업(주),4,000430,2025.0,781507649000.0,별도,2025-12-31,KRW,59.23806383627603
9017.0,대원화성,24890.0,B+,B+,B,B+,2020.0,,,,,,대원화성,대원화성,344,산업통상자원부,대원화성(주),2020,사업장,석유화학,17724.0,319.0,한국표준협회,,단일 사업장,대원화성(주),4,024890,2020.0,102197807961.0,별도,2020-12-31,KRW,173.42837731670045
9016.0,대원화성,24890.0,B,B,B,B+,2021.0,,,,,,대원화성,대원화성,352,산업통상자원부,대원화성(주),2021,사업장,석유화학,17816.0,320.0,한국표준협회,,단일 사업장,대원화성(주),3,024890,2021.0,106941932771.0,별도,2021-12-31,KRW,166.5950814462113
9015.0,대원화성,24890.0,D,C,C,D,2022.0,,,,,,대원화성,대원화성,354,산업통상자원부,대원화성(주),2022,사업장,석유화학,16339.0,292.0,한국표준협회,,단일 사업장,대원화성(주),2,024890,2022.0,135109625243.0,별도,2022-12-31,KRW,120.93142861297751
9014.0,대원화성,24890.0,D,C,D,D,2023.0,,,,,,대원화성,대원화성,512,산업통상자원부,대원화성(주),2023,사업장,석유화학,11416.0,204.0,한국표준협회,,단일 사업장,대원화성(주),2,024890,2023.0,118264421431.0,별도,2023-12-31,KRW,96.5294537601956
9013.0,대원화성,24890.0,D,C,D,D,2024.0,,,,,,대원화성,대원화성,367,산업통상부,대원화성(주),2024,사업장,석유화학,9140.0,163.0,한국표준협회,,단일 사업장,대원화성(주),2,024890,2024.0,100356525750.0,별도,2024-12-31,KRW,91.0752931281103
9012.0,대원화성,24890.0,D,C,D,D,2025.0,,,,,,대원화성,대원화성,379,산업통상부,대원화성(주),2025,사업장,석유화학,10694.0,189.0,한국표준협회,,단일 사업장,대원화성(주),2,024890,2025.0,82674346079.0,별도,2025-12-31,KRW,129.35088703067913
8987.0,대창,12800.0,C,B+,B,C,2020.0,,,,,,대창,대창,751,환경부,주식회사 대창,2020,사업장,비철금속,34107.0,693.0,한국가스안전공사,,단일 사업장,주식회사 대창,4,012800,2020.0,421320231752.0,별도,2020-12-31,KRW,80.95267549381836
8986.0,대창,12800.0,C,B,B,C,2021.0,,,,,,대창,대창,760,환경부,주식회사 대창,2021,사업장,산업,39235.0,807.0,한국가스안전공사,,단일 사업장,주식회사 대창,3,012800,2021.0,594658083537.0,별도,2021-12-31,KRW,65.97909132359213
8985.0,대창,12800.0,D,D,C,D,2022.0,,,,,,대창,대창,769,환경부,주식회사 대창,2022,사업장,1차 비철금속 제조업,37500.0,771.0,한국가스안전공사,,단일 사업장,주식회사 대창,1,012800,2022.0,654317788510.0,별도,2022-12-31,KRW,57.3116009659378
8984.0,대창,12800.0,D,C,D,D,2023.0,,,,,,대창,대창,1105,환경부,주식회사 대창,2023,사업장,1차 비철금속 제조업,31844.0,654.0,한국가스안전공사,,단일 사업장,주식회사 대창,2,012800,2023.0,520849694479.0,별도,2023-12-31,KRW,61.13855942999676
8983.0,대창,12800.0,D,C,D,D,2024.0,,,,,,대창,대창,828,기후에너지환경부,주식회사 대창,2024,사업장,1차 비철금속 제조업,30155.0,617.0,한국가스안전공사,,단일 사업장,주식회사 대창,2,012800,2024.0,515700465945.0,별도,2024-12-31,KRW,58.473866112845556
8973.0,대창단조,15230.0,B,B,B,B,2020.0,,,,,,대창단조,대창단조,349,산업통상자원부,대창단조(주),2020,사업장,기계,14212.0,290.0,이큐에이㈜,,단일 사업장,대창단조(주),3,015230,2020.0,193395563229.0,별도,2020-12-31,KRW,73.48669102181805
8972.0,대창단조,15230.0,B,B,C,B+,2021.0,,,,,,대창단조,대창단조,357,산업통상자원부,대창단조(주),2021,사업장,기계,13870.0,287.0,이큐에이㈜,,단일 사업장,대창단조(주),3,015230,2021.0,283527611410.0,별도,2021-12-31,KRW,48.91939776526049
8971.0,대창단조,15230.0,C,C,C,C,2022.0,,,,,,대창단조,대창단조,359,산업통상자원부,대창단조(주),2022,사업장,기계,13182.0,273.0,(주)한국경영인증원,,단일 사업장,대창단조(주),2,015230,2022.0,318979682584.0,별도,2022-12-31,KRW,41.325516074299365
8970.0,대창단조,15230.0,C,C,D,C,2023.0,,,,,,대창단조,대창단조,521,산업통상자원부,대창단조(주),2023,사업장,기계,11116.0,230.0,(주)한국경영인증원,,단일 사업장,대창단조(주),2,015230,2023.0,277056227860.0,별도,2023-12-31,KRW,40.12181962434375
8969.0,대창단조,15230.0,C,C,D,C,2024.0,,,,,,대창단조,대창단조,373,산업통상부,대창단조(주),2024,사업장,기계,9015.0,186.0,(주)한국경영인증원,,단일 사업장,대창단조(주),2,015230,2024.0,230565292618.0,별도,2024-12-31,KRW,39.09955352619368
8967.0,대한광통신,10170.0,C,C,C,B+,2020.0,,,,,,대한광통신,대한광통신,351,산업통상자원부,대한광통신 주식회사,2020,사업장,전기전자,20671.0,425.0,(주)한국경영인증원,,단일 사업장,대한광통신 주식회사,2,010170,2020.0,111274096633.0,별도,2020-12-31,KRW,185.7665047434742
8958.0,대한방직,1070.0,C,C,C,B+,2020.0,,,,,,대한방직,대한방직,352,환경부,대한방직(주),2020,사업장,산업,34789.0,511.0,한국표준협회,,단일 사업장,대한방직(주),2,001070,2020.0,168898347111.0,별도,2020-12-31,KRW,205.9759648040645
8957.0,대한방직,1070.0,C,C,C,B+,2021.0,,,,,,대한방직,대한방직,360,환경부,대한방직(주),2021,사업장,산업,34431.0,518.0,한국표준협회,,단일 사업장,대한방직(주),2,001070,2021.0,193044317725.0,별도,2021-12-31,KRW,178.358008180528
8956.0,대한방직,1070.0,C,D,D,B,2022.0,,,,,,대한방직,대한방직,362,환경부,대한방직(주),2022,사업장,"섬유제품 염색, 정리 및 마무리 가공업",27472.0,428.0,한국표준협회,,단일 사업장,대한방직(주),1,001070,2022.0,180851967799.0,별도,2022-12-31,KRW,151.90324072410732
8955.0,대한방직,1070.0,C,C,D,B,2023.0,,,,,,대한방직,대한방직,526,환경부,대한방직(주),2023,사업장,"섬유제품 염색, 정리 및 마무리 가공업",26539.0,418.0,한국표준협회,,단일 사업장,대한방직(주),2,001070,2023.0,139066907400.0,별도,2023-12-31,KRW,190.83619889285035
8954.0,대한방직,1070.0,C,C,D,C,2024.0,,,,,,대한방직,대한방직,376,기후에너지환경부,대한방직(주),2024,사업장,"섬유제품 염색, 정리 및 마무리 가공업",28193.0,442.0,한국표준협회,,단일 사업장,대한방직(주),2,001070,2024.0,121143990267.0,별도,2024-12-31,KRW,232.7230590462056
8953.0,대한방직,1070.0,D,C,D,D,2025.0,,,,,,대한방직,대한방직,387,기후에너지환경부,대한방직(주),2025,사업장,"섬유제품 염색, 정리 및 마무리 가공업",28076.0,434.0,한국표준협회,,단일 사업장,대한방직(주),2,001070,2025.0,152834773503.0,별도,2025-12-31,KRW,183.70164954279133
8944.0,대한유화,6650.0,B,B+,B+,C,2020.0,,,,,,대한유화,대한유화,359,환경부,대한유화 주식회사,2020,업체,석유화학,1680813.0,33987.0,한국가스안전공사,,업체 우선,대한유화 주식회사,4,006650,2020.0,1866482314058.0,별도,2020-12-31,KRW,900.5244718047564
8943.0,대한유화,6650.0,B,B,B,B+,2021.0,,,,,,대한유화,대한유화,367,환경부,대한유화 주식회사,2021,업체,산업,1730375.0,35091.0,한국가스안전공사,,업체 우선,대한유화 주식회사,3,006650,2021.0,2493254018412.0,별도,2021-12-31,KRW,694.0227458661064
8942.0,대한유화,6650.0,C,B,B,D,2022.0,,,,,,대한유화,대한유화,369,환경부,대한유화 주식회사,2022,업체,기초 화학물질 제조업,1321364.0,26711.0,한국가스안전공사,,업체 우선,대한유화 주식회사,3,006650,2022.0,2204625589103.0,별도,2022-12-31,KRW,599.3598216999857
8941.0,대한유화,6650.0,B+,B+,B+,B,2023.0,,,,,,대한유화,대한유화,536,환경부,대한유화 주식회사,2023,업체,기초 화학물질 제조업,1663032.0,33790.0,한국가스안전공사,,업체 우선,대한유화 주식회사,4,006650,2023.0,2478610922145.0,별도,2023-12-31,KRW,670.9532283351698
8940.0,대한유화,6650.0,B+,B+,B+,B,2024.0,,,,,,대한유화,대한유화,383,기후에너지환경부,대한유화 주식회사,2024,업체,기초 화학물질 제조업,1697905.0,34203.0,한국가스안전공사,,업체 우선,대한유화 주식회사,4,006650,2024.0,2779475446901.0,별도,2024-12-31,KRW,610.8724586479416
8939.0,대한유화,6650.0,B+,B+,B+,B,2025.0,,,,,,대한유화,대한유화,393,기후에너지환경부,대한유화 주식회사,2025,업체,기초 화학물질 제조업,1715677.0,34844.0,한국가스안전공사,,업체 우선,대한유화 주식회사,4,006650,2025.0,2828725728648.0,별도,2025-12-31,KRW,606.5193887920743
8930.0,대한전선,1440.0,B+,B,B+,B+,2020.0,,,,,,대한전선,대한전선,360,환경부,대한전선 주식회사,2020,사업장,전기전자,34901.0,699.0,이큐에이㈜,,단일 사업장,대한전선 주식회사,3,001440,2020.0,1448315791000.0,별도,2020-12-31,KRW,24.097645152306427
8929.0,대한전선,1440.0,A,A,A+,A,2021.0,,,,,,대한전선,대한전선,368,환경부,대한전선 주식회사,2021,사업장,산업,38996.0,787.0,이큐에이㈜,,단일 사업장,대한전선 주식회사,5,001440,2021.0,1861164962000.0,별도,2021-12-31,KRW,20.952468371258753
8928.0,대한전선,1440.0,A,B+,A+,B+,2022.0,,,,,,대한전선,대한전선,370,환경부,대한전선 주식회사,2022,사업장,절연선 및 케이블 제조업,39320.0,795.0,(주)한국경영인증원,,단일 사업장,대한전선 주식회사,4,001440,2022.0,2199525188000.0,별도,2022-12-31,KRW,17.876585462407533
8927.0,대한전선,1440.0,A,A,A+,B+,2023.0,,,,,,대한전선,대한전선,537,환경부,대한전선 주식회사,2023,사업장,절연선 및 케이블 제조업,44892.0,906.0,(주)한국경영인증원,,단일 사업장,대한전선 주식회사,5,001440,2023.0,2606310847000.0,별도,2023-12-31,KRW,17.22434607202477
8926.0,대한전선,1440.0,A,A,A+,B+,2024.0,,,,,,대한전선,대한전선,384,기후에너지환경부,대한전선 주식회사,2024,사업장,절연선 및 케이블 제조업,48101.0,968.0,(주)한국경영인증원,,단일 사업장,대한전선 주식회사,5,001440,2024.0,3023291999000.0,별도,2024-12-31,KRW,15.910140342352026
8925.0,대한전선,1440.0,A,A,A,B+,2025.0,,,,,,대한전선,대한전선,394,기후에너지환경부,대한전선 주식회사,2025,사업장,절연선 및 케이블 제조업,49916.0,996.0,(재)한국품질재단,,단일 사업장,대한전선 주식회사,5,001440,2025.0,3118222633643.0,별도,2025-12-31,KRW,16.00783711254236
8916.0,대한제강,84010.0,B,B+,B,B,2020.0,,,,,,대한제강,대한제강,361,환경부,대한제강(주),2020,업체,철강,356509.0,6152.0,한국표준협회,,업체 우선,대한제강(주),4,084010,2020.0,770678169610.0,별도,2020-12-31,KRW,462.5912787699833
8915.0,대한제강,84010.0,B,B,B,B,2021.0,,,,,,대한제강,대한제강,369,환경부,대한제강(주),2021,업체,산업,403216.0,7179.0,한국표준협회,,업체 우선,대한제강(주),3,084010,2021.0,1146676655312.0,별도,2021-12-31,KRW,351.63879732973953
8914.0,대한제강,84010.0,D,D,D,C,2022.0,,,,,,대한제강,대한제강,371,환경부,대한제강(주),2022,업체,1차 철강 제조업,383770.0,6775.0,한국표준협회,,업체 우선,대한제강(주),1,084010,2022.0,1283527751006.0,별도,2022-12-31,KRW,298.99626221498505
8913.0,대한제강,84010.0,C,C,C,C,2023.0,,,,,,대한제강,대한제강,538,환경부,대한제강(주),2023,업체,1차 철강 제조업,313245.0,5618.0,한국표준협회,,업체 우선,대한제강(주),2,084010,2023.0,955564674636.0,별도,2023-12-31,KRW,327.81140650613037
8912.0,대한제강,84010.0,C,C,C,C,2024.0,,,,,,대한제강,대한제강,385,기후에너지환경부,대한제강(주),2024,업체,1차 철강 제조업,298667.0,5419.0,한국표준협회,,업체 우선,대한제강(주),2,084010,2024.0,796284829280.0,별도,2024-12-31,KRW,375.0755872996531
8911.0,대한제강,84010.0,D,C,C,D,2025.0,,,,,,대한제강,대한제강,395,기후에너지환경부,대한제강(주),2025,업체,1차 철강 제조업,338935.0,6080.0,한국표준협회,,업체 우선,대한제강(주),2,084010,2025.0,731269024453.0,별도,2025-12-31,KRW,463.4887964159679
8902.0,대한제당,1790.0,C,C,C,B,2020.0,,,,,,대한제당,대한제당,362,환경부,대한제당 주식회사,2020,업체,음식료품,74673.0,1487.0,(재)한국품질재단,,업체 우선,대한제당 주식회사,2,001790,2020.0,1114809057000.0,별도,2020-12-31,KRW,66.98277120294333
8901.0,대한제당,1790.0,B,B,C,B+,2021.0,,,,,,대한제당,대한제당,370,환경부,대한제당 주식회사,2021,업체,산업,73001.0,1456.0,(재)한국품질재단,,업체 우선,대한제당 주식회사,3,001790,2021.0,1159975598000.0,별도,2021-12-31,KRW,62.93322042796973
8900.0,대한제당,1790.0,D,D,D,C,2022.0,,,,,,대한제당,대한제당,372,환경부,대한제당 주식회사,2022,사업장,기타 식품 제조업,66370.0,1328.0,㈜한국품질보증원,,단일 사업장,대한제당 주식회사,1,001790,2022.0,1038926089000.0,별도,2022-12-31,KRW,63.883273991014384
8899.0,대한제당,1790.0,C,C,C,C,2023.0,,,,,,대한제당,대한제당,539,환경부,대한제당 주식회사,2023,사업장,기타 식품 제조업,64235.0,1282.0,㈜한국품질보증원,,단일 사업장,대한제당 주식회사,2,001790,2023.0,1003480694000.0,별도,2023-12-31,KRW,64.01219314339893
8898.0,대한제당,1790.0,C,C,D,C,2024.0,,,,,,대한제당,대한제당,386,기후에너지환경부,대한제당 주식회사,2024,사업장,기타 식품 제조업,63721.0,1272.0,㈜한국품질보증원,,단일 사업장,대한제당 주식회사,2,001790,2024.0,1048886169000.0,별도,2024-12-31,KRW,60.75111092441147
8897.0,대한제당,1790.0,D,C,D,D,2025.0,,,사회 등급조정(2026.04.),,,대한제당,대한제당,396,기후에너지환경부,대한제당 주식회사,2025,사업장,기타 식품 제조업,61813.0,1234.0,㈜한국품질보증원,,단일 사업장,대한제당 주식회사,2,001790,2025.0,1040646851000.0,별도,2025-12-31,KRW,59.39863262988916
8888.0,대한제분,1130.0,C,C,B,C,2020.0,,,,,,대한제분,대한제분,363,농림축산식품부,대한제분(주),2020,사업장,식료품 제조업,20932.0,430.0,대일이엔씨기술(주),,단일 사업장,대한제분(주),2,001130,2020.0,312555100993.0,별도,2020-12-31,KRW,66.97059153249523
8887.0,대한제분,1130.0,B,C,C,B+,2021.0,,,,,,대한제분,대한제분,371,농림축산식품부,대한제분(주),2021,사업장,식료품 제조업,21130.0,440.0,대일이엔씨기술(주),,단일 사업장,대한제분(주),2,001130,2021.0,348651167052.0,별도,2021-12-31,KRW,60.60498858691197
8886.0,대한제분,1130.0,D,C,D,D,2022.0,,,,,,대한제분,대한제분,373,농림축산식품부,대한제분(주),2022,사업장,식료품 제조업,20807.0,433.0,대일이엔씨기술(주),,단일 사업장,대한제분(주),2,001130,2022.0,462786648560.0,별도,2022-12-31,KRW,44.96024261880231
8885.0,대한제분,1130.0,D,C,D,D,2023.0,,,,,,대한제분,대한제분,540,농림축산식품부,대한제분(주),2023,사업장,식료품 제조업,20921.0,436.0,대일이엔씨기술(주),,단일 사업장,대한제분(주),2,001130,2023.0,490292368312.0,별도,2023-12-31,KRW,42.67045818401729
8884.0,대한제분,1130.0,C,C,C,C,2024.0,,,,,,대한제분,대한제분,387,농림축산식품부,대한제분(주),2024,사업장,식료품 제조업,21785.0,454.0,대일이엔씨기술(주),,단일 사업장,대한제분(주),2,001130,2024.0,467835944747.0,별도,2024-12-31,KRW,46.565468610542666
8883.0,대한제분,1130.0,C,C,D,C,2025.0,,,사회 등급조정(2026.07.),,,대한제분,대한제분,397,농림축산식품부,대한제분(주),2025,사업장,식료품 제조업,21386.0,446.0,대일이엔씨기술(주),,단일 사업장,대한제분(주),2,001130,2025.0,456569839266.0,별도,2025-12-31,KRW,46.84058858198122
8874.0,대한항공,3490.0,A,A,A+,B+,2020.0,,,,,,대한항공,대한항공,367,환경부,대한항공,2020,업체,항공,366820.0,5592.0,㈜디엔브이비즈니스어슈어런스코리아,,업체 우선,대한항공,5,003490,2020.0,7405005608096.0,별도,2020-12-31,KRW,49.53676194369797
8873.0,대한항공,3490.0,A,A,A+,A,2021.0,,,,,,대한항공,대한항공,375,환경부,대한항공,2021,업체,수송,388230.0,5915.0,㈜디엔브이비즈니스어슈어런스코리아,,업체 우선,대한항공,5,003490,2021.0,8753416403197.0,별도,2021-12-31,KRW,44.35182586060995
8872.0,대한항공,3490.0,A,A,A,A,2022.0,,,,,,대한항공,대한항공,377,환경부,대한항공,2022,업체,항공 여객 운송업,437764.0,6664.0,㈜디엔브이비즈니스어슈어런스코리아,,업체 우선,대한항공,5,003490,2022.0,13412724920861.0,별도,2022-12-31,KRW,32.637961531525896
8871.0,대한항공,3490.0,A,A,A+,A,2023.0,,,,,,대한항공,대한항공,545,환경부,대한항공,2023,업체,항공 여객 운송업,416509.0,6355.0,㈜디엔브이비즈니스어슈어런스코리아,,업체 우선,대한항공,5,003490,2023.0,14575109042426.0,별도,2023-12-31,KRW,28.57673303078581
8870.0,대한항공,3490.0,B+,B+,A,B+,2024.0,,,,,,대한항공,대한항공,390,기후에너지환경부,대한항공,2024,업체,항공 여객 운송업,425062.0,6505.0,㈜디엔브이비즈니스어슈어런스코리아,,업체 우선,대한항공,4,003490,2024.0,16116619627561.0,별도,2024-12-31,KRW,26.374141093030595
8869.0,대한항공,3490.0,A,A,A,B+,2025.0,,,,,,대한항공,대한항공,400,기후에너지환경부,대한항공,2025,업체,항공 여객 운송업,459700.0,7010.0,㈜디엔브이비즈니스어슈어런스코리아,,업체 우선,대한항공,5,003490,2025.0,16501851540439.0,별도,2025-12-31,KRW,27.85748004540408
8848.0,대한화섬,3830.0,C,B,B+,C,2020.0,,,,,,대한화섬,대한화섬,368,환경부,대한화섬(주),2020,업체,섬유,39543.0,863.0,한국표준협회,,업체 우선,대한화섬(주),3,003830,2020.0,86893259068.0,별도,2020-12-31,KRW,455.07557691045815
8847.0,대한화섬,3830.0,B+,B,B+,B+,2021.0,,,,,,대한화섬,대한화섬,376,환경부,대한화섬(주),2021,업체,산업,49005.0,1094.0,한국표준협회,,업체 우선,대한화섬(주),3,003830,2021.0,117346874657.0,별도,2021-12-31,KRW,417.6080542685058
8846.0,대한화섬,3830.0,C,C,C,B,2022.0,,,,,,대한화섬,대한화섬,378,환경부,대한화섬(주),2022,사업장,화학섬유 제조업,52925.0,1150.0,한국표준협회,,단일 사업장,대한화섬(주),2,003830,2022.0,150864212264.0,별도,2022-12-31,KRW,350.8121588663161
8845.0,대한화섬,3830.0,C,C,D,B,2023.0,,,,,,대한화섬,대한화섬,546,환경부,대한화섬(주),2023,사업장,화학섬유 제조업,50616.0,1088.0,한국표준협회,,단일 사업장,대한화섬(주),2,003830,2023.0,134407371795.0,별도,2023-12-31,KRW,376.5864872144084
8844.0,대한화섬,3830.0,B+,B,A,B+,2024.0,,,,,,대한화섬,대한화섬,391,기후에너지환경부,대한화섬(주),2024,사업장,화학섬유 제조업,47098.0,1033.0,한국표준협회,,단일 사업장,대한화섬(주),3,003830,2024.0,123785673930.0,별도,2024-12-31,KRW,380.48021636682785
8843.0,대한화섬,3830.0,B+,B+,A,B,2025.0,,,,,,대한화섬,대한화섬,401,기후에너지환경부,대한화섬(주),2025,사업장,화학섬유 제조업,42870.0,940.0,한국표준협회,,단일 사업장,대한화섬(주),4,003830,2025.0,108225676813.0,별도,2025-12-31,KRW,396.1167189009483
8820.0,대호에이엘,69460.0,B,B,C,B,2020.0,,,,,,대호에이엘,대호에이엘,753,환경부,주식회사 대호에이엘,2020,사업장,비철금속,31148.0,625.0,(주)한국경영인증원,,단일 사업장,주식회사 대호에이엘,3,069460,2020.0,121426441516.0,별도,2020-12-31,KRW,256.5174406094716
8819.0,대호에이엘,69460.0,B,B,C,B,2021.0,,,,,,대호에이엘,대호에이엘,762,환경부,주식회사 대호에이엘,2021,사업장,산업,29337.0,592.0,(주)한국경영인증원,,단일 사업장,주식회사 대호에이엘,3,069460,2021.0,143401758272.0,별도,2021-12-31,KRW,204.5790815504123
8818.0,대호에이엘,69460.0,D,C,D,D,2022.0,,,,,,대호에이엘,대호에이엘,771,환경부,주식회사 대호에이엘,2022,사업장,1차 비철금속 제조업,27654.0,559.0,(주)한국경영인증원,,단일 사업장,주식회사 대호에이엘,2,069460,2022.0,174036740741.0,별도,2022-12-31,KRW,158.8974826939241
8817.0,대호에이엘,69460.0,C,C,D,B,2023.0,,,,,,대호에이엘,대호에이엘,1107,환경부,주식회사 대호에이엘,2023,사업장,1차 비철금속 제조업,30266.0,612.0,(주)한국경영인증원,,단일 사업장,주식회사 대호에이엘,2,069460,2023.0,181568717221.0,별도,2023-12-31,KRW,166.69171024191976
8816.0,대호에이엘,69460.0,D,C,C,D,2024.0,,,,,,대호에이엘,대호에이엘,830,기후에너지환경부,주식회사 대호에이엘,2024,사업장,1차 비철금속 제조업,26366.0,529.0,(주)한국경영인증원,,단일 사업장,주식회사 대호에이엘,2,069460,2024.0,168532831254.0,별도,2024-12-31,KRW,156.44429517868332
8815.0,대호에이엘,69460.0,D,C,D,D,2025.0,,,,,,대호에이엘,대호에이엘,833,기후에너지환경부,주식회사 대호에이엘,2025,사업장,1차 비철금속 제조업,29418.0,565.0,(주)한국경영인증원,,단일 사업장,주식회사 대호에이엘,2,069460,2025.0,200272853980.0,별도,2025-12-31,KRW,146.88960293609134
8803.0,더블유씨피,393890.0,D,C,C,D,2024.0,,,,,,더블유씨피,더블유씨피,393,기후에너지환경부,더블유씨피 주식회사,2024,사업장,플라스틱 제품 제조업,96802.0,2086.0,㈜한국품질보증원,,단일 사업장,더블유씨피 주식회사,2,393890,2024.0,322073352106.0,별도,2024-12-31,KRW,300.5588614116102
8802.0,더블유씨피,393890.0,D,C,D,D,2025.0,,,,,,더블유씨피,더블유씨피,403,기후에너지환경부,더블유씨피 주식회사,2025,사업장,플라스틱 제품 제조업,75571.0,1641.0,㈜한국품질보증원,,단일 사업장,더블유씨피 주식회사,2,393890,2025.0,110812962474.0,별도,2025-12-31,KRW,681.9689530250686
8716.0,동국씨엠,460850.0,B+,B+,A,B,2025.0,,,,,,동국씨엠,동국씨엠,409,기후에너지환경부,동국씨엠 주식회사,2025,업체,1차 철강 제조업,276861.0,6033.0,(재)한국품질재단,,업체 우선,동국씨엠 주식회사,4,460850,2025.0,1973635302655.0,별도,2025-12-31,KRW,140.27971612970103
8707.0,동국제강,1230.0,B+,B+,B+,B,2020.0,,,사회 등급조정(2021.4),,,동국제강,동국제강,378,환경부,동국제강 주식회사,2020,업체,철강,1830697.0,31355.0,(재)한국품질재단,,업체 우선,동국제강 주식회사,4,001230,2020.0,4613655633023.0,별도,2020-12-31,KRW,396.7996629172938
8706.0,동국제강,1230.0,B+,B+,B,B+,2021.0,,,"사회 등급조정(2021.10, 2022.04)",,,동국제강,동국제강,387,환경부,동국제강 주식회사,2021,업체,산업,1877157.0,32413.0,(재)한국품질재단,,업체 우선,동국제강 주식회사,4,001230,2021.0,6861705913654.0,별도,2021-12-31,KRW,273.5700164975994
8705.0,동국제강,1230.0,B,B+,B,B,2022.0,통합 등급조정(2022.11),,사회 등급조정(2022.11),,,동국제강,동국제강,389,환경부,동국제강 주식회사,2022,업체,1차 철강 제조업,1591536.0,26767.0,(재)한국품질재단,구)동국제강 권리의무승계로 인한 분할신설업체,업체 우선,동국제강 주식회사,4,001230,2022.0,7763291035765.0,별도,2022-12-31,KRW,205.00790098785328
8704.0,동국제강,460860.0,A,B+,A+,B+,2025.0,,,,,,동국제강,동국제강,410,기후에너지환경부,동국제강 주식회사,2025,업체,1차 철강 제조업,1193870.0,20656.0,(재)한국품질재단,,업체 우선,동국제강 주식회사,4,460860,2025.0,3203431341223.0,별도,2025-12-31,KRW,372.6847473322798
8696.0,동국홀딩스,1230.0,A,A,A,B+,2023.0,,,,,,동국홀딩스,동국홀딩스,557,환경부,동국홀딩스 주식회사,2023,업체,부동산 임대 및 공급업,779.0,15.0,(재)한국품질재단,,업체 우선,동국홀딩스 주식회사,5,001230,2023.0,15622260452.0,별도,2023-12-31,KRW,49.86474283881693
8695.0,동국홀딩스,1230.0,A,B+,A+,B+,2024.0,,,,,,동국홀딩스,동국홀딩스,401,기후에너지환경부,동국홀딩스 주식회사,2024,업체,부동산 임대 및 공급업,762.0,14.0,(재)한국품질재단,,업체 우선,동국홀딩스 주식회사,4,001230,2024.0,40265149610.0,별도,2024-12-31,KRW,18.92455404687617
8694.0,동국홀딩스,1230.0,B+,B+,A,B+,2025.0,,,,,,동국홀딩스,동국홀딩스,411,기후에너지환경부,동국홀딩스 주식회사,2025,업체,부동산 임대 및 공급업,654.0,12.0,(재)한국품질재단,,업체 우선,동국홀딩스 주식회사,4,001230,2025.0,37624796430.0,별도,2025-12-31,KRW,17.382153846778966
8671.0,동방,4140.0,C,B,C,C,2020.0,,,,,,동방,동방,46,국토교통부,(주)동방,2020,업체,교통(화물),43317.0,625.0,대일이엔씨기술(주),,업체 우선,(주)동방,3,004140,2020.0,555088410696.0,별도,2020-12-31,KRW,78.03621759223327
8670.0,동방,4140.0,C,B,D,B,2021.0,,,,,,동방,동방,45,환경부,(주)동방,2021,업체,수송,55300.0,804.0,대일이엔씨기술(주),,업체 우선,(주)동방,3,004140,2021.0,570299844974.0,별도,2021-12-31,KRW,96.96653521363157
8669.0,동방,4140.0,D,C,C,D,2022.0,,,,,,동방,동방,46,환경부,(주)동방,2022,사업장,도로 화물 운송업,57159.0,834.0,대일이엔씨기술(주),,단일 사업장,(주)동방,2,004140,2022.0,728039189340.0,별도,2022-12-31,KRW,78.51088353062035
8668.0,동방,4140.0,C,C,B,D,2023.0,,,,,,동방,동방,66,환경부,(주)동방,2023,사업장,도로 화물 운송업,59299.0,866.0,대일이엔씨기술(주),,단일 사업장,(주)동방,2,004140,2023.0,713841355506.0,별도,2023-12-31,KRW,83.07027821043856
8667.0,동방,4140.0,C,B,B,C,2024.0,,,,,,동방,동방,49,기후에너지환경부,(주)동방,2024,사업장,도로 화물 운송업,57667.0,842.0,대일이엔씨기술(주),,단일 사업장,(주)동방,3,004140,2024.0,811674049459.0,별도,2024-12-31,KRW,71.04699237142843
8666.0,동방,4140.0,C,B,B+,C,2025.0,,,,,,동방,동방,50,기후에너지환경부,(주)동방,2025,사업장,도로 화물 운송업,53060.0,775.0,대일이엔씨기술(주),,단일 사업장,(주)동방,3,004140,2025.0,857269141397.0,별도,2025-12-31,KRW,61.894214357854736
8609.0,동성케미컬,102260.0,B+,B,B+,B+,2021.0,,,,,,동성케미컬,동성케미컬,767,환경부,주식회사 동성케미컬,2021,사업장,산업,45802.0,669.0,한국생산성본부인증원(주),,단일 사업장,주식회사 동성케미컬,3,102260,2021.0,375707466604.0,별도,2021-12-31,KRW,121.90867648706018
8608.0,동성케미컬,102260.0,B+,B+,A,B,2022.0,,,,,,동성케미컬,동성케미컬,774,환경부,주식회사 동성케미컬,2022,사업장,기초 화학물질 제조업,40162.0,760.0,한국생산성본부인증원(주),,단일 사업장,주식회사 동성케미컬,4,102260,2022.0,529993482267.0,별도,2022-12-31,KRW,75.77829038238474
8607.0,동성케미컬,102260.0,A,A+,A+,B+,2023.0,,,,,,동성케미컬,동성케미컬,1112,환경부,주식회사 동성케미컬,2023,사업장,기초 화학물질 제조업,32141.0,624.0,한국생산성본부인증원(주),,단일 사업장,주식회사 동성케미컬,6,102260,2023.0,398146357583.0,별도,2023-12-31,KRW,80.72659560448118
8606.0,동성케미컬,102260.0,A,A,A+,A,2024.0,,,,,,동성케미컬,동성케미컬,834,기후에너지환경부,주식회사 동성케미컬,2024,사업장,기초 화학물질 제조업,27046.0,535.0,한국생산성본부인증원(주),,단일 사업장,주식회사 동성케미컬,5,102260,2024.0,387799173588.0,별도,2024-12-31,KRW,69.74228374383753
8605.0,동성케미컬,102260.0,A,A,A+,B+,2025.0,,,,,,동성케미컬,동성케미컬,837,기후에너지환경부,주식회사 동성케미컬,2025,사업장,기초 화학물질 제조업,28645.0,570.0,한국생산성본부인증원(주),,단일 사업장,주식회사 동성케미컬,5,102260,2025.0,387065153130.0,별도,2025-12-31,KRW,74.00562868644305
8516.0,동양고속,84670.0,B,C,B,B+,2020.0,,,,,,동양고속,동양고속,49,국토교통부,(주)동양고속,2020,업체,수송,51363.0,731.0,(주)한국경영인증원,,업체 우선,(주)동양고속,2,084670,2020.0,83398986443.0,별도,2020-12-31,KRW,615.870794006647
8515.0,동양고속,84670.0,B,C,C,B+,2021.0,,,,,,동양고속,동양고속,48,환경부,(주)동양고속,2021,업체,수송,49096.0,702.0,(주)한국경영인증원,,업체 우선,(주)동양고속,2,084670,2021.0,81012198857.0,별도,2021-12-31,KRW,606.0321864200057
8514.0,동양고속,84670.0,D,D,D,D,2022.0,,,,,,동양고속,동양고속,49,환경부,(주)동양고속,2022,사업장,육상 여객 운송업,52142.0,746.0,(주)한국경영인증원,,단일 사업장,(주)동양고속,1,084670,2022.0,104226140323.0,별도,2022-12-31,KRW,500.2775679729706
8513.0,동양고속,84670.0,C,C,D,C,2023.0,,,,,,동양고속,동양고속,69,환경부,(주)동양고속,2023,사업장,육상 여객 운송업,54429.0,765.0,(주)한국경영인증원,,단일 사업장,(주)동양고속,2,084670,2023.0,119768695929.0,별도,2023-12-31,KRW,454.45096966127124
8512.0,동양고속,84670.0,D,C,D,D,2024.0,,,,,,동양고속,동양고속,52,기후에너지환경부,(주)동양고속,2024,사업장,육상 여객 운송업,53374.0,762.0,(주)한국경영인증원,,단일 사업장,(주)동양고속,2,084670,2024.0,121544197481.0,별도,2024-12-31,KRW,439.13243993686757
8511.0,동양고속,84670.0,C,C,D,C,2025.0,,,,,,동양고속,동양고속,53,기후에너지환경부,(주)동양고속,2025,사업장,육상 여객 운송업,52309.0,746.0,(주)한국경영인증원,,단일 사업장,(주)동양고속,2,084670,2025.0,125048046365.0,별도,2025-12-31,KRW,418.31121333408447
8466.0,동양피스톤,92780.0,B,B,B,B+,2020.0,,,,,,동양피스톤,동양피스톤,390,환경부,동양피스톤(주),2020,사업장,자동차,25793.0,524.0,이큐에이㈜,,단일 사업장,동양피스톤(주),3,092780,2020.0,266029253046.0,별도,2020-12-31,KRW,96.95550284291497
8465.0,동양피스톤,92780.0,B,B,C,B+,2021.0,,,,,,동양피스톤,동양피스톤,399,환경부,동양피스톤(주),2021,사업장,산업,25771.0,530.0,이큐에이㈜,,단일 사업장,동양피스톤(주),3,092780,2021.0,294722119722.0,별도,2021-12-31,KRW,87.44168922342439
8464.0,동양피스톤,92780.0,C,D,B,D,2022.0,,,,,,동양피스톤,동양피스톤,401,환경부,동양피스톤(주),2022,사업장,자동차 신품 부품 제조업,26018.0,536.0,(주)한국경영인증원,,단일 사업장,동양피스톤(주),1,092780,2022.0,323352648318.0,별도,2022-12-31,KRW,80.46323459955921
8463.0,동양피스톤,92780.0,C,C,B,D,2023.0,,,,,,동양피스톤,동양피스톤,573,환경부,동양피스톤(주),2023,사업장,자동차 신품 부품 제조업,26794.0,551.0,(주)한국경영인증원,,단일 사업장,동양피스톤(주),2,092780,2023.0,351042355490.0,별도,2023-12-31,KRW,76.32697189089842
8462.0,동양피스톤,92780.0,C,C,C,C,2024.0,,,,,,동양피스톤,동양피스톤,411,기후에너지환경부,동양피스톤(주),2024,사업장,자동차 신품 부품 제조업,26919.0,554.0,(주)한국경영인증원,,단일 사업장,동양피스톤(주),2,092780,2024.0,365357185123.0,별도,2024-12-31,KRW,73.67858385195719
8446.0,동원F&B,49770.0,B,B,B+,B,2020.0,,,,,,동원F&B,동원F&B,51,농림축산식품부,(주)동원F&B,2020,업체,식료품 제조업,79289.0,1706.0,(주)한국경영인증원,,업체 우선,(주)동원F&B,3,049770,2020.0,1781268265606.0,별도,2020-12-31,KRW,44.512666357431186
8445.0,동원F&B,49770.0,B+,B,A,B,2021.0,,,,,,동원F&B,동원F&B,51,농림축산식품부,(주)동원F&B,2021,업체,식료품 제조업,82004.0,1781.0,(주)한국경영인증원,,업체 우선,(주)동원F&B,3,049770,2021.0,1770772551351.0,별도,2021-12-31,KRW,46.309730709026155
8444.0,동원F&B,49770.0,B,B,A,C,2022.0,,,,,,동원F&B,동원F&B,52,농림축산식품부,(주)동원F&B,2022,업체,식료품 제조업,81931.0,1796.0,(주)한국경영인증원,,업체 우선,(주)동원F&B,3,049770,2022.0,1876232242543.0,별도,2022-12-31,KRW,43.66783500583739
8443.0,동원F&B,49770.0,B,B+,A,C,2023.0,,,,,,동원F&B,동원F&B,73,농림축산식품부,(주)동원F&B,2023,업체,식료품 제조업,81061.0,1761.0,(주)한국경영인증원,,업체 우선,(주)동원F&B,4,049770,2023.0,1989216429980.0,별도,2023-12-31,KRW,40.750216405971976
8442.0,동원F&B,49770.0,B,A,A,C,2024.0,,,,,,동원F&B,동원F&B,55,농림축산식품부,(주)동원F&B,2024,업체,식료품 제조업,84156.0,1832.0,(주)한국경영인증원,,업체 우선,(주)동원F&B,5,049770,2024.0,2043183619385.0,별도,2024-12-31,KRW,41.188662243352866
8413.0,동원산업,6040.0,B,A,A,C,2024.0,,,,,,동원산업,동원산업,414,해양수산부,동원산업(주),2024,사업장,수산,6769.0,99.0,(주)한국경영인증원,,단일 사업장,동원산업(주),5,006040,2024.0,1079414632084.0,별도,2024-12-31,KRW,6.270991515958287
8389.0,동원시스템즈,14820.0,C,B,B,C,2020.0,,,,,,동원시스템즈,동원시스템즈,393,산업통상자원부,동원시스템즈(주),2020,사업장,비철금속,229767.0,3928.0,(재)한국품질재단,,단일 사업장,동원시스템즈(주),3,014820,2020.0,581843178890.0,별도,2020-12-31,KRW,394.8950650901047
8388.0,동원시스템즈,14820.0,B,C,B+,B,2021.0,,,,,,동원시스템즈,동원시스템즈,402,환경부,동원시스템즈(주),2021,사업장,비철금속,278117.0,4887.0,(재)한국품질재단,,단일 사업장,동원시스템즈(주),2,014820,2021.0,785069195520.0,별도,2021-12-31,KRW,354.2579451430213
8387.0,동원시스템즈,14820.0,C,B,B+,D,2022.0,,,,,,동원시스템즈,동원시스템즈,404,환경부,동원시스템즈(주),2022,업체,유리 및 유리제품 제조업,279076.0,4926.0,(재)한국품질재단,,업체 우선,동원시스템즈(주),3,014820,2022.0,1300951533487.0,별도,2022-12-31,KRW,214.51683080919994
8386.0,동원시스템즈,14820.0,B,A,A,C,2023.0,,,,,,동원시스템즈,동원시스템즈,576,환경부,동원시스템즈(주),2023,업체,유리 및 유리제품 제조업,261349.0,4573.0,(재)한국품질재단,,업체 우선,동원시스템즈(주),5,014820,2023.0,1159577126687.0,별도,2023-12-31,KRW,225.38302453989755
8385.0,동원시스템즈,14820.0,B+,B+,A+,B,2024.0,,,,,,동원시스템즈,동원시스템즈,415,기후에너지환경부,동원시스템즈(주),2024,업체,유리 및 유리제품 제조업,264278.0,4458.0,(재)한국품질재단,,업체 우선,동원시스템즈(주),4,014820,2024.0,1230143977287.0,별도,2024-12-31,KRW,214.83501515232987
8384.0,동원시스템즈,14820.0,A,A,A+,B+,2025.0,,,,,,동원시스템즈,동원시스템즈,423,기후에너지환경부,동원시스템즈(주),2025,업체,유리 및 유리제품 제조업,245659.0,4454.0,(재)한국품질재단,,업체 우선,동원시스템즈(주),5,014820,2025.0,1265531143432.0,별도,2025-12-31,KRW,194.11533353007513
8355.0,동일산업,4890.0,B,B+,C,B+,2020.0,,,,,,동일산업,동일산업,397,환경부,동일산업주식회사,2020,업체,철강,286433.0,3327.0,한국표준협회,,업체 우선,동일산업주식회사,4,004890,2020.0,282032282221.0,별도,2020-12-31,KRW,1015.6035959583932
8354.0,동일산업,4890.0,B,B,C,B+,2021.0,,,,,,동일산업,동일산업,406,환경부,동일산업주식회사,2021,업체,산업,292082.0,3483.0,한국표준협회,,업체 우선,동일산업주식회사,3,004890,2021.0,405515546532.0,별도,2021-12-31,KRW,720.2732484559658
8353.0,동일산업,4890.0,C,C,D,B+,2022.0,,,,,,동일산업,동일산업,407,환경부,동일산업주식회사,2022,업체,1차 철강 제조업,286396.0,3397.0,한국표준협회,,업체 우선,동일산업주식회사,2,004890,2022.0,441052792245.0,별도,2022-12-31,KRW,649.3463028364871
8352.0,동일산업,4890.0,C,C,D,B,2023.0,,,,,,동일산업,동일산업,580,환경부,동일산업주식회사,2023,업체,1차 철강 제조업,251779.0,3053.0,한국표준협회,,업체 우선,동일산업주식회사,2,004890,2023.0,382162736789.0,별도,2023-12-31,KRW,658.8266614256859
8351.0,동일산업,4890.0,C,C,D,B+,2024.0,,,,,,동일산업,동일산업,418,기후에너지환경부,동일산업주식회사,2024,업체,1차 철강 제조업,231725.0,2822.0,한국표준협회,,업체 우선,동일산업주식회사,2,004890,2024.0,364079439303.0,별도,2024-12-31,KRW,636.4682401280841
8350.0,동일산업,4890.0,C,C,C,C,2025.0,,,,,,동일산업,동일산업,426,기후에너지환경부,동일산업주식회사,2025,업체,1차 철강 제조업,145901.0,1803.0,한국표준협회,,업체 우선,동일산업주식회사,2,004890,2025.0,295026261958.0,별도,2025-12-31,KRW,494.53563568103806
8346.0,동일제강,2690.0,C,C,C,B,2020.0,,,,,,동일제강,동일제강,399,산업통상자원부,동일제강(주),2020,사업장,철강,20830.0,408.0,한국표준협회,,단일 사업장,동일제강(주),2,002690,2020.0,122912620214.0,별도,2020-12-31,KRW,169.46998578122754
8345.0,동일제강,2690.0,C,C,C,B,2021.0,,,,,,동일제강,동일제강,408,산업통상자원부,동일제강(주),2021,사업장,철강,23167.0,439.0,한국표준협회,,단일 사업장,동일제강(주),2,002690,2021.0,182235773870.0,별도,2021-12-31,KRW,127.12652136306919
8344.0,동일제강,2690.0,D,D,D,C,2022.0,,,,,,동일제강,동일제강,409,산업통상자원부,동일제강(주),2022,사업장,철강,20314.0,385.0,한국표준협회,,단일 사업장,동일제강(주),1,002690,2022.0,196757615383.0,별도,2022-12-31,KRW,103.24378022399607
8343.0,동일제강,2690.0,C,C,D,C,2023.0,,,,,,동일제강,동일제강,583,산업통상자원부,동일제강(주),2023,사업장,철강,23803.0,443.0,한국표준협회,,단일 사업장,동일제강(주),2,002690,2023.0,180812604441.0,별도,2023-12-31,KRW,131.64458348238125
8342.0,동일제강,2690.0,D,C,D,D,2024.0,,,,,,동일제강,동일제강,419,산업통상부,동일제강(주),2024,사업장,철강,18515.0,347.0,한국표준협회,,단일 사업장,동일제강(주),2,002690,2024.0,151116114567.0,별도,2024-12-31,KRW,122.52167846593916
8341.0,동일제강,2690.0,C,C,D,C,2025.0,,,,,,동일제강,동일제강,427,산업통상부,동일제강(주),2025,사업장,철강,16911.0,319.0,한국표준협회,,단일 사업장,동일제강(주),2,002690,2025.0,147345604058.0,별도,2025-12-31,KRW,114.77098423203236
8334.0,동진쎄미켐,5290.0,C,C,B,C,2020.0,,,,,,동진쎄미켐,동진쎄미켐,52,산업통상자원부,(주)동진쎄미켐,2020,사업장,석유화학,21070.0,400.0,한국가스안전공사,,단일 사업장,(주)동진쎄미켐,2,005290,2020.0,679978835591.0,별도,2020-12-31,KRW,30.98625853801335
8333.0,동진쎄미켐,5290.0,B+,B+,B+,B,2021.0,,,,,,동진쎄미켐,동진쎄미켐,52,산업통상자원부,(주)동진쎄미켐,2021,사업장,석유화학,21702.0,438.0,한국가스안전공사,,단일 사업장,(주)동진쎄미켐,4,005290,2021.0,793730798804.0,별도,2021-12-31,KRW,27.34176377268055
8332.0,동진쎄미켐,5290.0,C,C,B+,D,2022.0,,,,,,동진쎄미켐,동진쎄미켐,53,산업통상자원부,(주)동진쎄미켐,2022,사업장,석유화학,22446.0,452.0,한국가스안전공사,,단일 사업장,(주)동진쎄미켐,2,005290,2022.0,1050272303238.0,별도,2022-12-31,KRW,21.371600422860585
8331.0,동진쎄미켐,5290.0,B,A,A,D,2023.0,,,,,,동진쎄미켐,동진쎄미켐,75,산업통상자원부,(주)동진쎄미켐,2023,사업장,석유화학,24366.0,496.0,(주)한국경영인증원,,단일 사업장,(주)동진쎄미켐,5,005290,2023.0,967279527410.0,별도,2023-12-31,KRW,25.190236441003474
8330.0,동진쎄미켐,5290.0,B,A,A,C,2024.0,,,,,,동진쎄미켐,동진쎄미켐,56,산업통상부,(주)동진쎄미켐,2024,사업장,석유화학,27662.0,567.0,(주)한국경영인증원,,단일 사업장,(주)동진쎄미켐,5,005290,2024.0,1071085464304.0,별도,2024-12-31,KRW,25.826137056182525
8329.0,동진쎄미켐,5290.0,B,A,A+,D,2025.0,,,,,,동진쎄미켐,동진쎄미켐,57,산업통상부,(주)동진쎄미켐,2025,사업장,석유화학,29560.0,606.0,(주)한국경영인증원,,단일 사업장,(주)동진쎄미켐,5,005290,2025.0,1147296848069.0,별도,2025-12-31,KRW,25.76490997055561
8327.0,동화기업,25900.0,C,B,C,C,2021.0,,,,,,동화기업,동화기업,410,환경부,동화기업(주),2021,업체,산업,117179.0,2304.0,한국표준협회,,업체 우선,동화기업(주),3,025900,2021.0,471088933082.0,별도,2021-12-31,KRW,248.74071915334778
8326.0,동화기업,25900.0,D,C,C,D,2022.0,,,,,,동화기업,동화기업,412,환경부,동화기업(주),2022,사업장,나무제품 제조업,155295.0,3040.0,한국표준협회,,단일 사업장,동화기업(주),2,025900,2022.0,505782012193.0,별도,2022-12-31,KRW,307.03938901793407
8325.0,동화기업,25900.0,D,C,D,D,2023.0,,,,,,동화기업,동화기업,588,환경부,동화기업(주),2023,사업장,나무제품 제조업,144231.0,2823.0,한국표준협회,,단일 사업장,동화기업(주),2,025900,2023.0,449485087676.0,별도,2023-12-31,KRW,320.8805007207832
8324.0,동화기업,25900.0,D,D,C,D,2024.0,,,,,,동화기업,동화기업,423,기후에너지환경부,동화기업(주),2024,사업장,나무제품 제조업,138621.0,2700.0,한국표준협회,,단일 사업장,동화기업(주),1,025900,2024.0,437725277171.0,별도,2024-12-31,KRW,316.6849328325329
8323.0,동화기업,25900.0,C,B,B+,D,2025.0,,,,,,동화기업,동화기업,431,기후에너지환경부,동화기업(주),2025,사업장,나무제품 제조업,111710.0,2242.0,한국표준협회,,단일 사업장,동화기업(주),3,025900,2025.0,369049244539.0,별도,2025-12-31,KRW,302.6967312710346
8300.0,두산,150.0,A+,A+,A+,A,2020.0,,,,,,두산,두산,53,산업통상자원부,(주)두산,2020,업체,전기전자,72274.0,1453.0,(재)한국품질재단,,업체 우선,(주)두산,6,000150,2020.0,17080748851706.0,연결,2020-12-31,KRW,4.23131331228381
8299.0,두산,150.0,A,A,A+,B+,2021.0,,,,,,두산,두산,53,산업통상자원부,(주)두산,2021,업체,전기전자,63425.0,1270.0,(재)한국품질재단,,업체 우선,(주)두산,5,000150,2021.0,13204153075980.0,연결,2021-12-31,KRW,4.803412959167974
8298.0,두산,150.0,B+,B+,A,B,2022.0,,,,,,두산,두산,54,산업통상자원부,(주)두산,2022,업체,전기전자,61531.0,1190.0,(재)한국품질재단,,업체 우선,(주)두산,4,000150,2022.0,16995760103010.0,연결,2022-12-31,KRW,3.6203735300489837
8297.0,두산,150.0,B+,A,A+,B,2023.0,,,,,,두산,두산,77,산업통상자원부,(주)두산,2023,업체,전기전자,55566.0,1105.0,(재)한국품질재단,,업체 우선,(주)두산,5,000150,2023.0,987053181855.0,별도,2023-12-31,KRW,56.294839043599524
8296.0,두산,150.0,A,A,A+,B+,2024.0,,,,,,두산,두산,57,산업통상부,(주)두산,2024,업체,전기전자,55371.0,1102.0,(재)한국품질재단,,업체 우선,(주)두산,5,000150,2024.0,1066495000000.0,별도,2024-12-31,KRW,51.91866816065711
8295.0,두산,150.0,A,A,A+,B+,2025.0,,,,,,두산,두산,58,산업통상부,(주)두산,2025,업체,전기전자,61495.0,1210.0,(재)한국품질재단,,업체 우선,(주)두산,5,000150,2025.0,1767596000000.0,별도,2025-12-31,KRW,34.79018961346371
8276.0,두산에너빌리티,34020.0,B,B+,A,C,2022.0,,,,,,두산에너빌리티,두산에너빌리티,415,환경부,두산에너빌리티(주),2022,업체,1차 철강 제조업,214550.0,4081.0,(재)한국품질재단,,업체 우선,두산에너빌리티(주),4,034020,2022.0,5284439413737.0,별도,2022-12-31,KRW,40.60033301588684
8275.0,두산에너빌리티,34020.0,B+,A,A+,B,2023.0,통합 등급조정(2024.04.),,,지배구조 등급조정(2024.04.),,두산에너빌리티,두산에너빌리티,592,환경부,두산에너빌리티(주),2023,업체,1차 철강 제조업,246289.0,4679.0,(재)한국품질재단,,업체 우선,두산에너빌리티(주),5,034020,2023.0,6651862458000.0,별도,2023-12-31,KRW,37.025570139953125
8274.0,두산에너빌리티,34020.0,B+,A,A,B,2024.0,통합 등급조정(2024.10.),,,지배구조 등급조정(2024.10.),,두산에너빌리티,두산에너빌리티,426,기후에너지환경부,두산에너빌리티(주),2024,업체,1차 철강 제조업,235252.0,4498.0,(재)한국품질재단,,업체 우선,두산에너빌리티(주),5,034020,2024.0,6320304000000.0,별도,2024-12-31,KRW,37.221627314129194
8273.0,두산에너빌리티,34020.0,B,A,A+,D,2025.0,,,,,,두산에너빌리티,두산에너빌리티,434,기후에너지환경부,두산에너빌리티(주),2025,업체,1차 철강 제조업,225464.0,4296.0,(재)한국품질재단,,업체 우선,두산에너빌리티(주),5,034020,2025.0,7117023000000.0,별도,2025-12-31,KRW,31.67953791915524
8249.0,두산중공업,34020.0,A,A,A+,B+,2020.0,,,,,,두산중공업,두산중공업,405,환경부,두산중공업 주식회사,2020,업체,기계,229499.0,4375.0,(재)한국품질재단,,업체 우선,두산중공업 주식회사,5,034020,2020.0,3463717765047.0,별도,2020-12-31,KRW,66.25799662891583
8247.0,두산테스나,131970.0,C,C,C,C,2023.0,,,,,,두산테스나,두산테스나,79,산업통상자원부,(주)두산테스나,2023,사업장,반도체,28533.0,596.0,(재)한국품질재단,,단일 사업장,(주)두산테스나,2,131970,2023.0,338652254525.0,별도,2023-12-31,KRW,84.25456975037984
8246.0,두산테스나,131970.0,B+,B+,A,B+,2024.0,,,,,,두산테스나,두산테스나,58,산업통상부,(주)두산테스나,2024,사업장,반도체,58757.0,1227.0,(재)한국품질재단,,단일 사업장,(주)두산테스나,4,131970,2024.0,363733745000.0,별도,2024-12-31,KRW,161.5384901942491
8245.0,두산테스나,131970.0,B+,B+,A,B,2025.0,,,,,,두산테스나,두산테스나,59,산업통상부,(주)두산테스나,2025,사업장,반도체,53336.0,1113.0,(재)한국품질재단,,단일 사업장,(주)두산테스나,4,131970,2025.0,303874072000.0,별도,2025-12-31,KRW,175.5200753027721
8185.0,디아이동일,1530.0,D,D,D,C,2024.0,통합 등급조정(2025.01.),,,지배구조 등급조정(2025.01.),,디아이동일,디아이동일,428,산업통상부,디아이동일 주식회사,2024,사업장,비철금속,19058.0,396.0,한국표준협회,,단일 사업장,디아이동일 주식회사,1,001530,2024.0,295545497403.0,별도,2024-12-31,KRW,64.48414936943833
8184.0,디아이동일,1530.0,D,D,C,D,2025.0,,,,,,디아이동일,디아이동일,436,산업통상부,디아이동일 주식회사,2025,사업장,비철금속,18594.0,386.0,한국표준협회,,단일 사업장,디아이동일 주식회사,1,001530,2025.0,346361420029.0,별도,2025-12-31,KRW,53.683808082445125
8117.0,디티알오토모티브,7340.0,B,B,C,B,2020.0,,,,,,디티알오토모티브,디티알오토모티브,762,산업통상자원부,주식회사 디티알 오토모티브,2020,사업장,전기전자,18545.0,378.0,한국표준협회,,단일 사업장,주식회사 디티알 오토모티브,3,007340,2020.0,167727789958.0,별도,2020-12-31,KRW,110.56605470473185
8116.0,디티알오토모티브,7340.0,B,B,C,B+,2021.0,,,,,,디티알오토모티브,디티알오토모티브,771,산업통상자원부,주식회사 디티알 오토모티브,2021,사업장,전기전자,22789.0,471.0,한국표준협회,,단일 사업장,주식회사 디티알 오토모티브,3,007340,2021.0,235048284111.0,별도,2021-12-31,KRW,96.95454738668948
8061.0,롯데관광개발,32350.0,D,D,C,D,2023.0,,,,,,롯데관광개발,롯데관광개발,605,국토교통부,롯데관광개발 주식회사,2023,사업장,건물,31890.0,656.0,한국표준협회,,단일 사업장,롯데관광개발 주식회사,1,032350,2023.0,198110610421.0,별도,2023-12-31,KRW,160.9706816420955
8060.0,롯데관광개발,32350.0,D,D,D,D,2024.0,,,,,,롯데관광개발,롯데관광개발,439,국토교통부,롯데관광개발 주식회사,2024,사업장,일반 및 생활 숙박시설 운영업,32367.0,666.0,한국표준협회,,단일 사업장,롯데관광개발 주식회사,1,032350,2024.0,252499460499.0,별도,2024-12-31,KRW,128.1864125017732
8059.0,롯데관광개발,32350.0,D,D,C,D,2025.0,,,,,,롯데관광개발,롯데관광개발,448,기후에너지환경부,롯데관광개발 주식회사,2025,사업장,일반 및 생활 숙박시설 운영업,34593.0,701.0,한국표준협회,,단일 사업장,롯데관광개발 주식회사,1,032350,2025.0,276216682865.0,별도,2025-12-31,KRW,125.2386338188965
8032.0,롯데쇼핑,23530.0,A,A,A+,A,2020.0,,,,,,롯데쇼핑,롯데쇼핑,419,환경부,롯데쇼핑 주식회사,2020,업체,건물,672445.0,13265.0,한국표준협회,,업체 우선,롯데쇼핑 주식회사,5,023530,2020.0,8708083759301.0,별도,2020-12-31,KRW,77.22077768048217
8031.0,롯데쇼핑,23530.0,A,A,A+,A,2021.0,,,,,,롯데쇼핑,롯데쇼핑,429,환경부,롯데쇼핑 주식회사,2021,업체,건물,679969.0,13542.0,한국표준협회,,업체 우선,롯데쇼핑 주식회사,5,023530,2021.0,8408202994035.0,별도,2021-12-31,KRW,80.86971740363403
8030.0,롯데쇼핑,23530.0,A,A,A+,A,2022.0,,,,,,롯데쇼핑,롯데쇼핑,430,환경부,롯데쇼핑 주식회사,2022,업체,종합 소매업,722214.0,14829.0,한국표준협회,,업체 우선,롯데쇼핑 주식회사,5,023530,2022.0,8814417014838.0,별도,2022-12-31,KRW,81.93553796969675
8029.0,롯데쇼핑,23530.0,A,A,A+,A,2023.0,,,,,,롯데쇼핑,롯데쇼핑,611,환경부,롯데쇼핑 주식회사,2023,업체,종합 소매업,709694.0,14429.0,한국표준협회,,업체 우선,롯데쇼핑 주식회사,5,023530,2023.0,8648595514393.0,별도,2023-12-31,KRW,82.0588728908557
8028.0,롯데쇼핑,23530.0,A,A,A+,A,2024.0,,,,,,롯데쇼핑,롯데쇼핑,444,기후에너지환경부,롯데쇼핑 주식회사,2024,업체,종합 소매업,717398.0,14600.0,한국표준협회,,업체 우선,롯데쇼핑 주식회사,5,023530,2024.0,8413294214738.0,별도,2024-12-31,KRW,85.26957238025707
8027.0,롯데쇼핑,23530.0,A,A,A+,A,2025.0,,,,,,롯데쇼핑,롯데쇼핑,453,기후에너지환경부,롯데쇼핑 주식회사,2025,업체,종합 소매업,705211.0,14369.0,한국표준협회,,업체 우선,롯데쇼핑 주식회사,5,023530,2025.0,8188060535596.0,별도,2025-12-31,KRW,86.12674478092002
8026.0,롯데에너지머티리얼즈,20150.0,C,B,B,C,2023.0,,,,,,롯데에너지머티리얼즈,롯데에너지머티리얼즈,613,환경부,롯데에너지머티리얼즈(주),2023,사업장,전자 부품 제조업,107995.0,2336.0,㈜디엔브이비즈니스어슈어런스코리아,,단일 사업장,롯데에너지머티리얼즈(주),3,020150,2023.0,328068532170.0,별도,2023-12-31,KRW,329.184269169829
8025.0,롯데에너지머티리얼즈,20150.0,C,B,B+,C,2024.0,,,,,,롯데에너지머티리얼즈,롯데에너지머티리얼즈,445,기후에너지환경부,롯데에너지머티리얼즈(주),2024,사업장,전자 부품 제조업,98944.0,2153.0,㈜디엔브이비즈니스어슈어런스코리아,,단일 사업장,롯데에너지머티리얼즈(주),3,020150,2024.0,285935478481.0,별도,2024-12-31,KRW,346.0361076059146
8024.0,롯데에너지머티리얼즈,20150.0,B+,B+,B+,B,2025.0,,,,,,롯데에너지머티리얼즈,롯데에너지머티리얼즈,454,기후에너지환경부,롯데에너지머티리얼즈(주),2025,사업장,전자 부품 제조업,78928.0,1734.0,(재)한국품질재단,,단일 사업장,롯데에너지머티리얼즈(주),4,020150,2025.0,273282778085.0,별도,2025-12-31,KRW,288.8143942076393
8023.0,롯데웰푸드,280360.0,B+,B+,A,B+,2023.0,,,,,,롯데웰푸드,롯데웰푸드,615,환경부,롯데웰푸드(주),2023,업체,기타 식품 제조업,205393.0,4186.0,(주)한국경영인증원,,업체 우선,롯데웰푸드(주),4,280360,2023.0,3300751826996.0,별도,2023-12-31,KRW,62.226126278305294
8022.0,롯데웰푸드,280360.0,A,A,A,A,2024.0,,,,,,롯데웰푸드,롯데웰푸드,447,기후에너지환경부,롯데웰푸드(주),2024,업체,기타 식품 제조업,206189.0,4235.0,(주)한국경영인증원,,업체 우선,롯데웰푸드(주),5,280360,2024.0,3230181906535.0,별도,2024-12-31,KRW,63.8320088360528
8021.0,롯데웰푸드,280360.0,A,A,A,B+,2025.0,,,,,,롯데웰푸드,롯데웰푸드,456,기후에너지환경부,롯데웰푸드(주),2025,업체,기타 식품 제조업,207034.0,4227.0,(주)한국경영인증원,,업체 우선,롯데웰푸드(주),5,280360,2025.0,3282856614951.0,별도,2025-12-31,KRW,63.065197260554186
8019.0,롯데이노베이트,286940.0,A,A,A+,A,2024.0,,,,,,롯데이노베이트,롯데이노베이트,1,기후에너지환경부, 롯데이노베이트(주),2024,사업장,"컴퓨터 프로그래밍, 시스템 통합 및 관리업",120487.0,2514.0,한국표준협회,,단일 사업장,롯데이노베이트(주),5,286940,2024.0,1054700926464.0,별도,2024-12-31,KRW,114.23807164363248
8018.0,롯데이노베이트,286940.0,A,A,A+,A,2025.0,,,,,,롯데이노베이트,롯데이노베이트,1,기후에너지환경부, 롯데이노베이트(주),2025,사업장,"컴퓨터 프로그래밍, 시스템 통합 및 관리업",123522.0,2578.0,한국표준협회,,단일 사업장,롯데이노베이트(주),5,286940,2025.0,1036373498497.0,별도,2025-12-31,KRW,119.18676054447332
8009.0,롯데정밀화학,4000.0,A,A,A+,A,2020.0,,,,,,롯데정밀화학,롯데정밀화학,423,환경부,롯데정밀화학 주식회사,2020,업체,석유화학,627987.0,14495.0,로이드인증원㈜,,업체 우선,롯데정밀화학 주식회사,5,004000,2020.0,1260405208820.0,별도,2020-12-31,KRW,498.24214911641445
8008.0,롯데정밀화학,4000.0,A,A,A+,A,2021.0,,,,,,롯데정밀화학,롯데정밀화학,433,환경부,롯데정밀화학 주식회사,2021,업체,산업,687673.0,15975.0,로이드인증원㈜,,업체 우선,롯데정밀화학 주식회사,5,004000,2021.0,1778547528337.0,별도,2021-12-31,KRW,386.6486495545029
8007.0,롯데정밀화학,4000.0,A,A,A+,A,2022.0,,,,,,롯데정밀화학,롯데정밀화학,436,환경부,롯데정밀화학 주식회사,2022,업체,기초 화학물질 제조업,636567.0,15005.0,로이드인증원㈜,,업체 우선,롯데정밀화학 주식회사,5,004000,2022.0,2461065166755.0,별도,2022-12-31,KRW,258.6550769150643
8006.0,롯데정밀화학,4000.0,A+,A+,A+,A,2023.0,,,,,,롯데정밀화학,롯데정밀화학,617,환경부,롯데정밀화학 주식회사,2023,업체,기초 화학물질 제조업,697615.0,16090.0,로이드인증원㈜,,업체 우선,롯데정밀화학 주식회사,6,004000,2023.0,1765761745797.0,별도,2023-12-31,KRW,395.0787820953286
8005.0,롯데정밀화학,4000.0,A,A,A+,A,2024.0,,,,,,롯데정밀화학,롯데정밀화학,449,기후에너지환경부,롯데정밀화학 주식회사,2024,업체,기초 화학물질 제조업,677663.0,15626.0,로이드인증원㈜,,업체 우선,롯데정밀화학 주식회사,5,004000,2024.0,1671976516452.0,별도,2024-12-31,KRW,405.30652992544873
8004.0,롯데정밀화학,4000.0,A,A,A+,A,2025.0,,,,,,롯데정밀화학,롯데정밀화학,458,기후에너지환경부,롯데정밀화학 주식회사,2025,업체,기초 화학물질 제조업,667013.0,15383.0,로이드인증원㈜,,업체 우선,롯데정밀화학 주식회사,5,004000,2025.0,1750345284209.0,별도,2025-12-31,KRW,381.0750975922047
8003.0,롯데정보통신,286940.0,A,B+,A,A,2020.0,,,,,,롯데정보통신,롯데정보통신,424,환경부,롯데정보통신(주),2020,사업장,산업,77266.0,1589.0,한국표준협회,,단일 사업장,롯데정보통신(주),4,286940,2020.0,835876818415.0,별도,2020-12-31,KRW,92.43706524426977
8002.0,롯데정보통신,286940.0,A,A,A,A,2021.0,,,,,,롯데정보통신,롯데정보통신,434,환경부,롯데정보통신(주),2021,사업장,산업,93362.0,1947.0,한국표준협회,,단일 사업장,롯데정보통신(주),5,286940,2021.0,912599810285.0,별도,2021-12-31,KRW,102.30333049361862
8001.0,롯데정보통신,286940.0,A,A,A,A,2022.0,,,,,,롯데정보통신,롯데정보통신,437,환경부,롯데정보통신(주),2022,사업장,"컴퓨터 프로그래밍, 시스템 통합 및 관리업",112255.0,2344.0,한국표준협회,,단일 사업장,롯데정보통신(주),5,286940,2022.0,990140022758.0,별도,2022-12-31,KRW,113.37285375791362
7999.0,롯데제과,280360.0,A,A,A+,B+,2020.0,,,,,,롯데제과,롯데제과,425,환경부,롯데제과 주식회사,2020,업체,음식료품,122723.0,2496.0,(재)한국품질재단,,업체 우선,롯데제과 주식회사,5,280360,2020.0,1531184844985.0,별도,2020-12-31,KRW,80.14904301198347
7998.0,롯데제과,280360.0,A,A,A,A,2021.0,,,,,,롯데제과,롯데제과,435,환경부,롯데제과 주식회사,2021,업체,산업,238376.0,4801.0,(주)한국경영인증원,,업체 우선,롯데제과 주식회사,5,280360,2021.0,1546374038702.0,별도,2021-12-31,KRW,154.15157913546503
7975.0,롯데칠성음료,5300.0,B+,B+,A,B+,2020.0,통합 등급조정(2020.10),,,지배구조 등급조정(2020.10),,롯데칠성음료,롯데칠성음료,426,환경부,롯데칠성음료 주식회사,2020,업체,산업,161274.0,2975.0,(주)한국경영인증원,,업체 우선,롯데칠성음료 주식회사,4,005300,2020.0,2161963013073.0,별도,2020-12-31,KRW,74.59609578184512
7974.0,롯데칠성음료,5300.0,A,B+,A+,A,2021.0,,,,,,롯데칠성음료,롯데칠성음료,436,환경부,롯데칠성음료 주식회사,2021,업체,산업,162748.0,3131.0,(주)한국경영인증원,,업체 우선,롯데칠성음료 주식회사,4,005300,2021.0,2345126624991.0,별도,2021-12-31,KRW,69.39838483161846
7973.0,롯데칠성음료,5300.0,B+,A,A,B,2022.0,,,,,,롯데칠성음료,롯데칠성음료,438,환경부,롯데칠성음료 주식회사,2022,업체,비알코올 음료 및 얼음 제조업,159240.0,3045.0,(주)한국경영인증원,,업체 우선,롯데칠성음료 주식회사,5,005300,2022.0,2642307744792.0,별도,2022-12-31,KRW,60.265500986349046
7972.0,롯데칠성음료,5300.0,A,A+,A,B+,2023.0,,,,,,롯데칠성음료,롯데칠성음료,619,환경부,롯데칠성음료 주식회사,2023,업체,비알코올 음료 및 얼음 제조업,155177.0,2920.0,(주)한국경영인증원,,업체 우선,롯데칠성음료 주식회사,6,005300,2023.0,2757321369169.0,별도,2023-12-31,KRW,56.27816972483232
7971.0,롯데칠성음료,5300.0,A,A+,A+,B+,2024.0,,,,,,롯데칠성음료,롯데칠성음료,451,기후에너지환경부,롯데칠성음료 주식회사,2024,업체,비알코올 음료 및 얼음 제조업,155782.0,2923.0,(주)한국경영인증원,,업체 우선,롯데칠성음료 주식회사,6,005300,2024.0,2723023738767.0,별도,2024-12-31,KRW,57.20919644664536
7970.0,롯데칠성음료,5300.0,A,A,A+,B+,2025.0,,,,,,롯데칠성음료,롯데칠성음료,460,기후에너지환경부,롯데칠성음료 주식회사,2025,업체,비알코올 음료 및 얼음 제조업,145314.0,2800.0,(주)한국경영인증원,,업체 우선,롯데칠성음료 주식회사,5,005300,2025.0,2566969761664.0,별도,2025-12-31,KRW,56.609159239103136
7947.0,롯데케미칼,11170.0,B+,B,A,A,2020.0,통합 등급조정(2021.7),"환경 등급조정(2020.10, 2021.7)",사회 등급조정(2020.10),,,롯데케미칼,롯데케미칼,428,환경부,롯데케미칼 주식회사,2020,업체,석유화학,5574267.0,95478.0,(재)한국품질재단,,업체 우선,롯데케미칼 주식회사,3,011170,2020.0,9171305612089.0,별도,2020-12-31,KRW,607.7942700603472
7946.0,롯데케미칼,11170.0,A,B,A+,A,2021.0,,환경 등급조정(2021.10),,,,롯데케미칼,롯데케미칼,438,환경부,롯데케미칼 주식회사,2021,업체,산업,7059734.0,125886.0,(재)한국품질재단,,업체 우선,롯데케미칼 주식회사,3,011170,2021.0,13739086278515.0,별도,2021-12-31,KRW,513.84305017721
7945.0,롯데케미칼,11170.0,A,B+,A+,A,2022.0,,,,,,롯데케미칼,롯데케미칼,440,환경부,롯데케미칼 주식회사,2022,업체,기초 화학물질 제조업,6214656.0,109579.0,(재)한국품질재단,,업체 우선,롯데케미칼 주식회사,4,011170,2022.0,16296609822524.0,별도,2022-12-31,KRW,381.3465541410061
7944.0,롯데케미칼,11170.0,B+,A,A+,B,2023.0,,,,,,롯데케미칼,롯데케미칼,622,환경부,롯데케미칼 주식회사,2023,업체,기초 화학물질 제조업,6158540.0,110395.0,(재)한국품질재단,,업체 우선,롯데케미칼 주식회사,5,011170,2023.0,13473082835886.0,별도,2023-12-31,KRW,457.0995424741638
7943.0,롯데케미칼,11170.0,A,A,A+,B+,2024.0,,,,,,롯데케미칼,롯데케미칼,453,기후에너지환경부,롯데케미칼 주식회사,2024,업체,기초 화학물질 제조업,5902878.0,113070.0,(재)한국품질재단,,업체 우선,롯데케미칼 주식회사,5,011170,2024.0,13640122547484.0,별도,2024-12-31,KRW,432.75842863221345
7942.0,롯데케미칼,11170.0,B+,A,A+,B,2025.0,,,,,,롯데케미칼,롯데케미칼,462,기후에너지환경부,롯데케미칼 주식회사,2025,업체,기초 화학물질 제조업,5372049.0,94328.0,(재)한국품질재단,,업체 우선,롯데케미칼 주식회사,5,011170,2025.0,11912607124952.0,별도,2025-12-31,KRW,450.95493737452085
7933.0,롯데푸드,2270.0,A,B+,A+,B+,2020.0,,,,,,롯데푸드,롯데푸드,429,환경부,롯데푸드(주),2020,업체,음식료품,112779.0,2252.0,(주)한국경영인증원,,업체 우선,롯데푸드(주),4,002270,2020.0,1718858329144.0,별도,2020-12-31,KRW,65.61273729648475
7932.0,롯데푸드,2270.0,A,B+,A,A,2021.0,,,,,,롯데푸드,롯데푸드,439,환경부,롯데푸드(주),2021,업체,산업,114086.0,2250.0,(주)한국경영인증원,,업체 우선,롯데푸드(주),4,002270,2021.0,1608410730424.0,별도,2021-12-31,KRW,70.93088714343837
7883.0,만도,204320.0,A,A,A+,A,2020.0,,,,,,만도,만도,58,환경부,(주)만도,2020,업체,자동차,78569.0,1620.0,(주)비에스아이그룹코리아,,업체 우선,(주)만도,5,204320,2020.0,3009765572269.0,별도,2020-12-31,KRW,26.10469091809315
7882.0,만도,204320.0,A,B+,A+,A,2021.0,,,,,,만도,만도,58,환경부,(주)만도,2021,업체,산업,70744.0,1477.0,(주)비에스아이그룹코리아,,업체 우선,(주)만도,4,204320,2021.0,2895766689600.0,별도,2021-12-31,KRW,24.43014496094368
7872.0,만호제강,1080.0,C,C,B,B,2020.0,,,,,,만호제강,만호제강,432,환경부,만호제강(주),2020,사업장,철강,28907.0,587.0,한국표준협회,,단일 사업장,만호제강(주),2,001080,2020.0,194930436017.0,별도,2020-06-30,KRW,148.29392777574768
7871.0,만호제강,1080.0,C,C,C,B+,2021.0,,,,,,만호제강,만호제강,442,환경부,만호제강(주),2021,사업장,산업,42608.0,870.0,한국표준협회,,단일 사업장,만호제강(주),2,001080,2021.0,194468004419.0,별도,2021-06-30,KRW,219.1003097259998
7870.0,만호제강,1080.0,C,D,C,B+,2022.0,,,,,,만호제강,만호제강,443,환경부,만호제강(주),2022,사업장,1차 철강 제조업,40134.0,821.0,한국표준협회,,단일 사업장,만호제강(주),1,001080,2022.0,253705017361.0,별도,2022-06-30,KRW,158.19158965584364
7869.0,만호제강,1080.0,C,C,C,B+,2023.0,,,,,,만호제강,만호제강,637,환경부,만호제강(주),2023,사업장,1차 철강 제조업,37251.0,761.0,한국표준협회,,단일 사업장,만호제강(주),2,001080,2023.0,213296308408.0,별도,2023-06-30,KRW,174.6443727884174
7868.0,만호제강,1080.0,D,C,D,D,2024.0,,,,,,만호제강,만호제강,466,기후에너지환경부,만호제강(주),2024,사업장,1차 철강 제조업,34404.0,700.0,한국표준협회,,단일 사업장,만호제강(주),2,001080,2024.0,179904428905.0,별도,2024-06-30,KRW,191.23486958827073
7867.0,만호제강,1080.0,D,D,D,D,2025.0,,,,,,만호제강,만호제강,477,기후에너지환경부,만호제강(주),2025,사업장,1차 철강 제조업,32838.0,669.0,한국표준협회,,단일 사업장,만호제강(주),1,001080,2025.0,152953052398.0,별도,2025-06-30,KRW,214.6933289997512
7865.0,매일유업,267980.0,B+,B+,B+,B+,2020.0,,,,,,매일유업,매일유업,434,환경부,매일유업(주),2020,업체,음식료품,121163.0,2314.0,(주)한국경영인증원,,업체 우선,매일유업(주),4,267980,2020.0,1460441790417.0,별도,2020-12-31,KRW,82.96325180163758
7864.0,매일유업,267980.0,B+,B,A,B+,2021.0,,,,,,매일유업,매일유업,445,환경부,매일유업(주),2021,업체,산업,120934.0,2330.0,(주)한국경영인증원,,업체 우선,매일유업(주),3,267980,2021.0,1543572644708.0,별도,2021-12-31,KRW,78.34681471883512
7863.0,매일유업,267980.0,A,A,A,A,2022.0,,,,,,매일유업,매일유업,445,환경부,매일유업(주),2022,사업장,낙농제품 및 식용 빙과류 제조업,120156.0,2319.0,(주)한국경영인증원,,단일 사업장,매일유업(주),5,267980,2022.0,1621061728307.0,별도,2022-12-31,KRW,74.12179184902983
7862.0,매일유업,267980.0,A,A,A+,A,2023.0,,,,,,매일유업,매일유업,639,환경부,매일유업(주),2023,사업장,낙농제품 및 식용 빙과류 제조업,115995.0,2231.0,(주)한국경영인증원,,단일 사업장,매일유업(주),5,267980,2023.0,1710510837251.0,별도,2023-12-31,KRW,67.81307517841753
7861.0,매일유업,267980.0,A,A,A+,A,2024.0,,,,,,매일유업,매일유업,468,기후에너지환경부,매일유업(주),2024,사업장,낙농제품 및 식용 빙과류 제조업,110178.0,2196.0,(주)한국경영인증원,,단일 사업장,매일유업(주),5,267980,2024.0,1734621132778.0,별도,2024-12-31,KRW,63.51704007177041
7860.0,매일유업,267980.0,A,A,A+,A,2025.0,,,,,,매일유업,매일유업,479,기후에너지환경부,매일유업(주),2025,사업장,낙농제품 및 식용 빙과류 제조업,109245.0,2199.0,(주)한국경영인증원,,단일 사업장,매일유업(주),5,267980,2025.0,1758440909198.0,별도,2025-12-31,KRW,62.12605691130394
7839.0,메디톡스,86900.0,B,B+,B+,C,2024.0,통합 등급조정(2025.04.),,,지배구조 등급조정(2025.04.),,메디톡스,메디톡스,63,산업통상부,(주)메디톡스,2024,사업장,석유화학,16584.0,340.0,한국표준협회,,단일 사업장,(주)메디톡스,4,086900,2024.0,208149476000.0,별도,2024-12-31,KRW,79.67351308633609
7838.0,메디톡스,86900.0,C,B+,B,D,2025.0,,,,지배구조 등급조정(2025.11.),,메디톡스,메디톡스,64,산업통상부,(주)메디톡스,2025,사업장,석유화학,15965.0,327.0,한국표준협회,,단일 사업장,(주)메디톡스,4,086900,2025.0,222046566421.0,별도,2025-12-31,KRW,71.89933290718119
7722.0,모나리자,12690.0,B,B,B,B,2020.0,,,,,,모나리자,모나리자,60,환경부,(주)모나리자,2020,사업장,제지,42046.0,734.0,(주)한국경영인증원,,단일 사업장,(주)모나리자,3,012690,2020.0,117130875739.0,별도,2020-12-31,KRW,358.96598343284074
7721.0,모나리자,12690.0,B,B,C,B,2021.0,,,,,,모나리자,모나리자,60,환경부,(주)모나리자,2021,사업장,산업,40006.0,728.0,(주)한국경영인증원,,단일 사업장,(주)모나리자,3,012690,2021.0,106399396050.0,별도,2021-12-31,KRW,375.99837485167757
7720.0,모나리자,12690.0,D,D,C,D,2022.0,,,,,,모나리자,모나리자,61,환경부,(주)모나리자,2022,사업장,"펄프, 종이 및 판지 제조업",41008.0,782.0,(주)한국경영인증원,,단일 사업장,(주)모나리자,1,012690,2022.0,120870094114.0,별도,2022-12-31,KRW,339.2733355640713
7719.0,모나리자,12690.0,B+,B+,A,B,2023.0,,,,,,모나리자,모나리자,90,환경부,(주)모나리자,2023,사업장,"펄프, 종이 및 판지 제조업",42114.0,771.0,(주)한국경영인증원,,단일 사업장,(주)모나리자,4,012690,2023.0,129760048314.0,별도,2023-12-31,KRW,324.5529001198458
7718.0,모나리자,12690.0,A,A,A+,A,2024.0,,,,,,모나리자,모나리자,65,기후에너지환경부,(주)모나리자,2024,사업장,"펄프, 종이 및 판지 제조업",41925.0,781.0,(주)한국경영인증원,,단일 사업장,(주)모나리자,5,012690,2024.0,126337593913.0,별도,2024-12-31,KRW,331.8489667364637
7717.0,모나리자,12690.0,A,A,A,B+,2025.0,,,,,,모나리자,모나리자,66,기후에너지환경부,(주)모나리자,2025,사업장,"펄프, 종이 및 판지 제조업",42759.0,788.0,(주)한국경영인증원,,단일 사업장,(주)모나리자,5,012690,2025.0,124021215334.0,별도,2025-12-31,KRW,344.77165769458287
7702.0,모나용평,70960.0,D,C,D,D,2024.0,,,,,,모나용평,모나용평,470,기후에너지환경부,모나용평 주식회사,2024,사업장,일반 및 생활 숙박시설 운영업,34759.0,693.0,(재)한국품질재단,,단일 사업장,모나용평 주식회사,2,070960,2024.0,263891055888.0,별도,2024-12-31,KRW,131.71723415572043
7701.0,모나용평,70960.0,D,C,D,D,2025.0,,,,,,모나용평,모나용평,481,기후에너지환경부,모나용평 주식회사,2025,사업장,일반 및 생활 숙박시설 운영업,34009.0,678.0,(재)한국품질재단,,단일 사업장,모나용평 주식회사,2,070960,2025.0,245837503553.0,별도,2025-12-31,KRW,138.33934818113713
7655.0,무림페이퍼,9200.0,B+,B+,B+,B+,2020.0,,,,,,무림페이퍼,무림페이퍼,440,환경부,무림페이퍼(주),2020,업체,제지,200121.0,4109.0,한국표준협회,,업체 우선,무림페이퍼(주),4,009200,2020.0,404975197213.0,별도,2020-12-31,KRW,494.15618876714746
7654.0,무림페이퍼,9200.0,A,B+,B+,A,2021.0,,,,,,무림페이퍼,무림페이퍼,451,환경부,무림페이퍼(주),2021,업체,산업,212197.0,4358.0,한국표준협회,,업체 우선,무림페이퍼(주),4,009200,2021.0,456065042099.0,별도,2021-12-31,KRW,465.27793277770564
7653.0,무림페이퍼,9200.0,B,B,B+,B,2022.0,,,,,,무림페이퍼,무림페이퍼,450,환경부,무림페이퍼(주),2022,업체,"펄프, 종이 및 판지 제조업",193734.0,3927.0,한국표준협회,,업체 우선,무림페이퍼(주),3,009200,2022.0,546050065424.0,별도,2022-12-31,KRW,354.79164323434037
7652.0,무림페이퍼,9200.0,B+,B+,A,B,2023.0,,,,,,무림페이퍼,무림페이퍼,644,환경부,무림페이퍼(주),2023,업체,"펄프, 종이 및 판지 제조업",170955.0,3400.0,한국표준협회,,업체 우선,무림페이퍼(주),4,009200,2023.0,514307632238.0,별도,2023-12-31,KRW,332.3983337678512
7651.0,무림페이퍼,9200.0,B+,A,B+,B+,2024.0,,,,,,무림페이퍼,무림페이퍼,474,기후에너지환경부,무림페이퍼(주),2024,업체,"펄프, 종이 및 판지 제조업",179950.0,3523.0,한국표준협회,,업체 우선,무림페이퍼(주),5,009200,2024.0,535386967926.0,별도,2024-12-31,KRW,336.1120288323348
7650.0,무림페이퍼,9200.0,B+,A,A,B,2025.0,,,사회 등급조정(2026.07.),,,무림페이퍼,무림페이퍼,485,기후에너지환경부,무림페이퍼(주),2025,업체,"펄프, 종이 및 판지 제조업",173720.0,3497.0,한국표준협회,,업체 우선,무림페이퍼(주),5,009200,2025.0,507492455705.0,별도,2025-12-31,KRW,342.31050737231374
7621.0,미래나노텍,95500.0,C,C,B,D,2024.0,,,,,,미래나노텍,미래나노텍,477,산업통상부,미래나노텍(주),2024,사업장,전기전자,32578.0,572.0,(주)한국경영인증원,,단일 사업장,미래나노텍(주),2,095500,2024.0,288985463168.0,별도,2024-12-31,KRW,112.7323140855046
7620.0,미래나노텍,95500.0,C,B,B,C,2025.0,,,,,,미래나노텍,미래나노텍,488,산업통상부,미래나노텍(주),2025,사업장,전기전자,29613.0,550.0,(주)한국경영인증원,,단일 사업장,미래나노텍(주),3,095500,2025.0,322914786223.0,별도,2025-12-31,KRW,91.70530822193355
7538.0,미원상사,2840.0,C,C,D,C,2022.0,,,,,,미원상사,미원상사,454,산업통상자원부,미원상사(주),2022,사업장,석유화학,24036.0,457.0,대일이엔씨기술(주),,단일 사업장,미원상사(주),2,002840,2022.0,425547908477.0,별도,2022-12-31,KRW,56.48247711056273
7537.0,미원상사,2840.0,C,C,D,B,2023.0,,,,,,미원상사,미원상사,650,산업통상자원부,미원상사(주),2023,사업장,석유화학,23749.0,439.0,대일이엔씨기술(주),,단일 사업장,미원상사(주),2,002840,2023.0,412424901433.0,별도,2023-12-31,KRW,57.58381687789071
7536.0,미원상사,2840.0,C,C,D,C,2024.0,,,,,,미원상사,미원상사,478,산업통상부,미원상사(주),2024,사업장,석유화학,64934.0,1197.0,대일이엔씨기술(주),,단일 사업장,미원상사(주),2,002840,2024.0,426436150721.0,별도,2024-12-31,KRW,152.27133039779196
7535.0,미원상사,2840.0,C,C,D,B,2025.0,,,,,,미원상사,미원상사,489,산업통상부,미원상사(주),2025,사업장,석유화학,65023.0,1189.0,대일이엔씨기술(주),,단일 사업장,미원상사(주),2,002840,2025.0,432317092092.0,별도,2025-12-31,KRW,150.40580441858327
7464.0,방림,3610.0,B,B,C,B,2020.0,,,,,,방림,방림,64,산업통상자원부,(주)방림,2020,사업장,섬유,19625.0,384.0,한국표준협회,,단일 사업장,(주)방림,3,003610,2020.0,79948050851.0,별도,2020-09-30,KRW,245.4719007043125
7463.0,방림,3610.0,C,C,C,B+,2021.0,,,,,,방림,방림,64,산업통상자원부,(주)방림,2021,사업장,섬유,19015.0,406.0,한국표준협회,,단일 사업장,(주)방림,2,003610,2021.0,87229954719.0,별도,2021-09-30,KRW,217.98704425852745
7462.0,방림,3610.0,D,D,D,C,2022.0,,,,,,방림,방림,63,산업통상자원부,(주)방림,2022,사업장,섬유,22528.0,339.0,한국표준협회,,단일 사업장,(주)방림,1,003610,2022.0,93315362386.0,별도,2022-09-30,KRW,241.41791259206266
7461.0,방림,3610.0,C,C,D,C,2023.0,,,,,,방림,방림,92,산업통상자원부,(주)방림,2023,사업장,섬유,21948.0,334.0,한국표준협회,,단일 사업장,(주)방림,2,003610,2023.0,83401743962.0,별도,2023-09-30,KRW,263.15996473646976
7460.0,방림,3610.0,C,C,D,C,2024.0,,,,,,방림,방림,67,산업통상부,(주)방림,2024,사업장,섬유,19542.0,297.0,한국표준협회,,단일 사업장,(주)방림,2,003610,2024.0,68778828693.0,별도,2024-09-30,KRW,284.12813028886166
7459.0,방림,3610.0,D,C,D,D,2025.0,,,,,,방림,방림,68,산업통상부,(주)방림,2025,사업장,섬유,19047.0,292.0,한국표준협회,,단일 사업장,(주)방림,2,003610,2025.0,78900679787.0,별도,2025-09-30,KRW,241.40476421013372
7449.0,백광산업,1340.0,C,B,C,D,2020.0,,,,,,백광산업,백광산업,450,환경부,백광산업 주식회사,2020,업체,석유화학,209613.0,4171.0,한국표준협회,,업체 우선,백광산업 주식회사,3,001340,2020.0,171019195975.0,별도,2020-12-31,KRW,1225.669427370257
7447.0,백광산업,1340.0,D,C,D,D,2022.0,,,,,,백광산업,백광산업,458,환경부,백광산업 주식회사,2022,업체,기초 화학물질 제조업,212126.0,4245.0,한국표준협회,,업체 우선,백광산업 주식회사,2,001340,2022.0,232326917054.0,별도,2022-12-31,KRW,913.0496056584581
7446.0,백광산업,1340.0,D,C,D,D,2023.0,,,,,,백광산업,백광산업,656,환경부,백광산업 주식회사,2023,업체,기초 화학물질 제조업,199788.0,3977.0,한국표준협회,,업체 우선,백광산업 주식회사,2,001340,2023.0,230577136923.0,별도,2023-12-31,KRW,866.469254784433
7403.0,벽산,7210.0,C,B,B,C,2020.0,,,,,,벽산,벽산,66,환경부,(주)벽산,2020,업체,유리,85481.0,1557.0,한국표준협회,,업체 우선,(주)벽산,3,007210,2020.0,268645239590.0,별도,2020-12-31,KRW,318.19287075571884
7402.0,벽산,7210.0,B,B+,B,B,2021.0,,,,,,벽산,벽산,66,환경부,(주)벽산,2021,업체,산업,88096.0,1601.0,한국표준협회,,업체 우선,(주)벽산,4,007210,2021.0,294733474642.0,별도,2021-12-31,KRW,298.9005578921987
7401.0,벽산,7210.0,D,C,C,D,2022.0,,,,,,벽산,벽산,65,환경부,(주)벽산,2022,사업장,유리 및 유리제품 제조업,94360.0,1719.0,한국표준협회,,단일 사업장,(주)벽산,2,007210,2022.0,350832794368.0,별도,2022-12-31,KRW,268.9600331405242
7400.0,벽산,7210.0,C,B+,B+,D,2023.0,,,,,,벽산,벽산,95,환경부,(주)벽산,2023,사업장,유리 및 유리제품 제조업,121756.0,2215.0,한국표준협회,,단일 사업장,(주)벽산,4,007210,2023.0,443623082805.0,별도,2023-12-31,KRW,274.45821626355576
7399.0,벽산,7210.0,B+,B+,B+,B,2024.0,,,,,,벽산,벽산,69,기후에너지환경부,(주)벽산,2024,사업장,유리 및 유리제품 제조업,118254.0,2177.0,한국표준협회,,단일 사업장,(주)벽산,4,007210,2024.0,441633638885.0,별도,2024-12-31,KRW,267.7649290904513
7398.0,벽산,7210.0,C,B+,B+,D,2025.0,,,,,,벽산,벽산,70,기후에너지환경부,(주)벽산,2025,사업장,유리 및 유리제품 제조업,108302.0,1987.0,한국표준협회,,단일 사업장,(주)벽산,4,007210,2025.0,404333691940.0,별도,2025-12-31,KRW,267.85301882800104
7381.0,보령,3850.0,A,A,A+,B+,2024.0,,,,,,보령,보령,70,산업통상부,(주)보령,2024,사업장,석유화학,17158.0,303.0,(주)한국경영인증원,,단일 사업장,(주)보령,5,003850,2024.0,966462334729.0,별도,2024-12-31,KRW,17.753407849889125
7380.0,보령,3850.0,A,A,A+,B+,2025.0,,,,,,보령,보령,71,산업통상부,(주)보령,2025,사업장,석유화학,16982.0,305.0,(주)한국경영인증원,,단일 사업장,(주)보령,5,003850,2025.0,967810858971.0,별도,2025-12-31,KRW,17.54681696592625
7298.0,부산도시가스,15350.0,B,C,B+,B+,2020.0,,,,,,부산도시가스,부산도시가스,67,산업통상자원부,(주)부산도시가스,2020,사업장,집단에너지,31252.0,616.0,(주)한국경영인증원,,단일 사업장,(주)부산도시가스,2,015350,2020.0,922072628246.0,별도,2020-12-31,KRW,33.893208672128885
7297.0,부산도시가스,15350.0,B,C,B,B+,2021.0,,,,,,부산도시가스,부산도시가스,67,산업통상자원부,(주)부산도시가스,2021,사업장,집단에너지,55041.0,421.0,(주)한국경영인증원,,단일 사업장,(주)부산도시가스,2,015350,2021.0,950483362747.0,별도,2021-12-31,KRW,57.908430759824704
7267.0,부산주공,5030.0,C,B,C,C,2020.0,,,,,,부산주공,부산주공,465,환경부,부산주공(주),2020,업체,자동차,82405.0,1526.0,㈜한국품질보증원,,업체 우선,부산주공(주),3,005030,2020.0,152724658892.0,별도,2020-12-31,KRW,539.5657819623817
7266.0,부산주공,5030.0,C,B,D,B,2021.0,,,,,,부산주공,부산주공,475,환경부,부산주공(주),2021,업체,산업,96841.0,1821.0,㈜한국품질보증원,,업체 우선,부산주공(주),3,005030,2021.0,186826815708.0,별도,2021-12-31,KRW,518.3463606817403
7265.0,부산주공,5030.0,D,D,D,D,2022.0,,,,,,부산주공,부산주공,474,환경부,부산주공(주),2022,사업장,자동차 신품 부품 제조업,97690.0,1831.0,㈜한국품질보증원,,단일 사업장,부산주공(주),1,005030,2022.0,230549455752.0,별도,2022-12-31,KRW,423.7268731837054
7264.0,부산주공,5030.0,C,C,C,C,2023.0,,,,,,부산주공,부산주공,687,환경부,부산주공(주),2023,사업장,자동차 신품 부품 제조업,97045.0,1807.0,㈜한국품질보증원,,단일 사업장,부산주공(주),2,005030,2023.0,241720629111.0,별도,2023-12-31,KRW,401.47587054076456
7263.0,부산주공,5030.0,C,C,C,C,2024.0,,,,,,부산주공,부산주공,501,기후에너지환경부,부산주공(주),2024,사업장,자동차 신품 부품 제조업,87529.0,1637.0,㈜한국품질보증원,,단일 사업장,부산주공(주),2,005030,2024.0,213030180079.0,별도,2024-12-31,KRW,410.87605506196724
7262.0,부산주공,5030.0,D,C,C,D,2025.0,,,,,,부산주공,부산주공,511,기후에너지환경부,부산주공(주),2025,사업장,자동차 신품 부품 제조업,87057.0,1634.0,㈜한국품질보증원,,단일 사업장,부산주공(주),2,005030,2025.0,195406166736.0,별도,2025-12-31,KRW,445.5181812026271
7259.0,블루산업개발,6740.0,D,C,D,D,2025.0,,,,,,블루산업개발,블루산업개발,516,기후에너지환경부,블루산업개발 주식회사,2025,사업장,"펄프, 종이 및 판지 제조업",100936.0,1455.0,한국표준협회,"""영풍제지㈜"" 업체명 변경",단일 사업장,블루산업개발 주식회사,2,006740,2025.0,84667014355.0,별도,2025-12-31,KRW,1192.1525846746624
7233.0,비에이치,90460.0,C,C,B+,C,2022.0,,,,,,비에이치,비에이치,69,산업통상자원부,(주)비에이치,2022,사업장,전기전자,17646.0,368.0,한국표준협회,,단일 사업장,(주)비에이치,2,090460,2022.0,448405273409.0,별도,2022-12-31,KRW,39.35279321281467
7232.0,비에이치,90460.0,C,B+,A,D,2023.0,,,,,,비에이치,비에이치,99,산업통상자원부,(주)비에이치,2023,사업장,전기전자,18487.0,357.0,한국표준협회,,단일 사업장,(주)비에이치,4,090460,2023.0,299412465751.0,별도,2023-12-31,KRW,61.744256217355755
7231.0,비에이치,90460.0,C,B,B+,C,2024.0,,,,,,비에이치,비에이치,73,산업통상부,(주)비에이치,2024,사업장,전기전자,18903.0,368.0,한국표준협회,,단일 사업장,(주)비에이치,3,090460,2024.0,346403440277.0,별도,2024-12-31,KRW,54.56931947582362
7230.0,비에이치,90460.0,B,B+,A+,D,2025.0,,,,,,비에이치,비에이치,74,산업통상부,(주)비에이치,2025,사업장,전기전자,22374.0,365.0,한국표준협회,,단일 사업장,(주)비에이치,4,090460,2025.0,349882710927.0,별도,2025-12-31,KRW,63.94714371773615
7212.0,빙그레,5180.0,A,B+,A+,A,2020.0,,,,,,빙그레,빙그레,72,농림축산식품부,(주)빙그레,2020,업체,식료품 제조업,59763.0,1187.0,(주)한국경영인증원,,업체 우선,(주)빙그레,4,005180,2020.0,907529455103.0,별도,2020-12-31,KRW,65.85240805568917
7211.0,빙그레,5180.0,A,A,A+,A,2021.0,,,,,,빙그레,빙그레,72,농림축산식품부,(주)빙그레,2021,업체,식료품 제조업,60993.0,1227.0,(주)한국경영인증원,,업체 우선,(주)빙그레,5,005180,2021.0,984002599272.0,별도,2021-12-31,KRW,61.98459236299252
7210.0,빙그레,5180.0,A,A,A,B+,2022.0,,,,,,빙그레,빙그레,71,농림축산식품부,(주)빙그레,2022,업체,식료품 제조업,59514.0,1204.0,(주)한국경영인증원,,업체 우선,(주)빙그레,5,005180,2022.0,1091455402346.0,별도,2022-12-31,KRW,54.52719357298448
7209.0,빙그레,5180.0,A,A,A+,B+,2023.0,,,,,,빙그레,빙그레,103,농림축산식품부,(주)빙그레,2023,업체,식료품 제조업,57280.0,1151.0,(주)한국경영인증원,,업체 우선,(주)빙그레,5,005180,2023.0,1195327077579.0,별도,2023-12-31,KRW,47.919938462378155
7208.0,빙그레,5180.0,A,A,A+,A,2024.0,,,,,,빙그레,빙그레,75,농림축산식품부,(주)빙그레,2024,업체,식료품 제조업,59696.0,1200.0,(주)한국경영인증원,,업체 우선,(주)빙그레,5,005180,2024.0,1258734635244.0,별도,2024-12-31,KRW,47.42540510806569
7207.0,빙그레,5180.0,A,A,A+,B+,2025.0,,,,,,빙그레,빙그레,76,농림축산식품부,(주)빙그레,2025,업체,식료품 제조업,57970.0,1166.0,(주)한국경영인증원,,업체 우선,(주)빙그레,5,005180,2025.0,1312434176823.0,별도,2025-12-31,KRW,44.16983420862109
7046.0,삼성물산,28260.0,A,A+,A,B+,2020.0,,,,지배구조 등급조정(2020.10),,삼성물산,삼성물산,483,국토교통부,삼성물산 주식회사,2020,업체,산업,85212.0,1805.0,(주)한국경영인증원,,업체 우선,삼성물산 주식회사,6,028260,2020.0,19088822949941.0,별도,2020-12-31,KRW,4.463973510753494
7045.0,삼성물산,28260.0,A,A,A+,A,2021.0,,,,,,삼성물산,삼성물산,492,환경부,삼성물산 주식회사,2021,업체,산업,85736.0,1830.0,(주)한국경영인증원,,업체 우선,삼성물산 주식회사,5,028260,2021.0,21120591426321.0,별도,2021-12-31,KRW,4.059356022253889
7044.0,삼성물산,28260.0,A,A,A,A,2022.0,,,사회 등급조정(2022.11),,,삼성물산,삼성물산,490,환경부,삼성물산 주식회사,2022,사업장,건물 건설업,87089.0,1879.0,(주)한국경영인증원,,단일 사업장,삼성물산 주식회사,5,028260,2022.0,26406560657427.0,별도,2022-12-31,KRW,3.29800617088336
7043.0,삼성물산,28260.0,A+,A+,A+,A+,2023.0,,,,,,삼성물산,삼성물산,711,환경부,삼성물산 주식회사,2023,사업장,건물 건설업,93787.0,2018.0,(주)한국경영인증원,,단일 사업장,삼성물산 주식회사,6,028260,2023.0,24473670356547.0,별도,2023-12-31,KRW,3.8321591585428396
7042.0,삼성물산,28260.0,A,A,A+,A,2024.0,,,,,,삼성물산,삼성물산,518,기후에너지환경부,삼성물산 주식회사,2024,사업장,건물 건설업,93059.0,2036.0,(주)비에스아이그룹코리아,,단일 사업장,삼성물산 주식회사,5,028260,2024.0,22913282644240.0,별도,2024-12-31,KRW,4.0613560896039225
7041.0,삼성물산,28260.0,A,A,A,A+,2025.0,통합 등급조정(2026.01.),,사회 등급조정(2026.01.),,,삼성물산,삼성물산,529,기후에너지환경부,삼성물산 주식회사,2025,사업장,건물 건설업,76502.0,1692.0,(주)비에스아이그룹코리아,,단일 사업장,삼성물산 주식회사,5,028260,2025.0,21219155547106.0,별도,2025-12-31,KRW,3.6053272633855507
7037.0,삼성바이오로직스,207940.0,B+,B,A,B+,2020.0,,,,,,삼성바이오로직스,삼성바이오로직스,484,환경부,삼성바이오로직스 주식회사,2020,사업장,석유화학,124807.0,2529.0,이큐에이㈜,,단일 사업장,삼성바이오로직스 주식회사,3,207940,2020.0,1164776873641.0,별도,2020-12-31,KRW,107.15099417269784
7036.0,삼성바이오로직스,207940.0,A,A,A+,A,2021.0,,,,,,삼성바이오로직스,삼성바이오로직스,493,환경부,삼성바이오로직스 주식회사,2021,사업장,산업,130867.0,2678.0,대일이엔씨기술(주),,단일 사업장,삼성바이오로직스 주식회사,5,207940,2021.0,1568006928039.0,별도,2021-12-31,KRW,83.46072817654351
7035.0,삼성바이오로직스,207940.0,A,A,A+,A,2022.0,,,,,,삼성바이오로직스,삼성바이오로직스,491,환경부,삼성바이오로직스 주식회사,2022,사업장,기초 의약 물질 및 생물학적 제제 제조업,163993.0,3357.0,대일이엔씨기술(주),,단일 사업장,삼성바이오로직스 주식회사,5,207940,2022.0,2437286111838.0,별도,2022-12-31,KRW,67.28508368528388
7034.0,삼성바이오로직스,207940.0,A+,A,A,A+,2023.0,,,,,,삼성바이오로직스,삼성바이오로직스,712,환경부,삼성바이오로직스 주식회사,2023,사업장,기초 의약 물질 및 생물학적 제제 제조업,215255.0,4501.0,대일이엔씨기술(주),,단일 사업장,삼성바이오로직스 주식회사,5,207940,2023.0,2938755680729.0,별도,2023-12-31,KRW,73.24698729177886
7033.0,삼성바이오로직스,207940.0,A,A,A+,A,2024.0,,,,,,삼성바이오로직스,삼성바이오로직스,519,기후에너지환경부,삼성바이오로직스 주식회사,2024,사업장,기초 의약 물질 및 생물학적 제제 제조업,226519.0,4651.0,대일이엔씨기술(주),,단일 사업장,삼성바이오로직스 주식회사,5,207940,2024.0,3497145675782.0,별도,2024-12-31,KRW,64.77253766368993
7032.0,삼성바이오로직스,207940.0,A,A,A+,A,2025.0,,,,,,삼성바이오로직스,삼성바이오로직스,530,기후에너지환경부,삼성바이오로직스 주식회사,2025,사업장,기초 의약 물질 및 생물학적 제제 제조업,262119.0,5753.0,대일이엔씨기술(주),,단일 사업장,삼성바이오로직스 주식회사,5,207940,2025.0,4556971695180.0,별도,2025-12-31,KRW,57.52043627509219
7013.0,삼성에스디에스,18260.0,A,B+,A+,A,2020.0,,,,,,삼성에스디에스,삼성에스디에스,487,환경부,삼성에스디에스(주),2020,업체,산업,95277.0,1949.0,(주)한국경영인증원,,업체 우선,삼성에스디에스(주),4,018260,2020.0,4549427072244.0,별도,2020-12-31,KRW,20.942637058913164
7012.0,삼성에스디에스,18260.0,A,A,A+,A,2021.0,,,,,,삼성에스디에스,삼성에스디에스,496,환경부,삼성에스디에스(주),2021,업체,산업,101882.0,2117.0,(주)한국경영인증원,,업체 우선,삼성에스디에스(주),5,018260,2021.0,4985712694305.0,별도,2021-12-31,KRW,20.434791622946133
7011.0,삼성에스디에스,18260.0,A,A,A+,A,2022.0,,,,,,삼성에스디에스,삼성에스디에스,494,환경부,삼성에스디에스(주),2022,사업장,"컴퓨터 프로그래밍, 시스템 통합 및 관리업",118107.0,2464.0,(주)한국경영인증원,,단일 사업장,삼성에스디에스(주),5,018260,2022.0,5174554117525.0,별도,2022-12-31,KRW,22.82457528079556
7010.0,삼성에스디에스,18260.0,A,A,A+,B+,2023.0,,,,,,삼성에스디에스,삼성에스디에스,716,환경부,삼성에스디에스(주),2023,사업장,"컴퓨터 프로그래밍, 시스템 통합 및 관리업",149538.0,3114.0,(주)한국경영인증원,,단일 사업장,삼성에스디에스(주),5,018260,2023.0,5166838958290.0,별도,2023-12-31,KRW,28.941873591796753
7009.0,삼성에스디에스,18260.0,A,B+,A+,A,2024.0,,,,,,삼성에스디에스,삼성에스디에스,522,기후에너지환경부,삼성에스디에스(주),2024,사업장,"컴퓨터 프로그래밍, 시스템 통합 및 관리업",173674.0,3622.0,(주)한국경영인증원,,단일 사업장,삼성에스디에스(주),4,018260,2024.0,5447352234920.0,별도,2024-12-31,KRW,31.882278308839812
7008.0,삼성에스디에스,18260.0,A,A,A+,A,2025.0,,,,,,삼성에스디에스,삼성에스디에스,533,기후에너지환경부,삼성에스디에스(주),2025,사업장,"컴퓨터 프로그래밍, 시스템 통합 및 관리업",177783.0,3724.0,(주)한국경영인증원,,단일 사업장,삼성에스디에스(주),5,018260,2025.0,5464637894164.0,별도,2025-12-31,KRW,32.53335416603993
6988.0,삼성전기,9150.0,A,A,A+,B+,2020.0,,,,지배구조 등급조정(2021.7),,삼성전기,삼성전기,488,환경부,삼성전기 주식회사,2020,업체,전기전자,444101.0,9166.0,(주)비에스아이그룹코리아,,업체 우선,삼성전기 주식회사,5,009150,2020.0,5597799214423.0,별도,2020-12-31,KRW,79.33492842254012
6987.0,삼성전기,9150.0,A,A,A+,B+,2021.0,,,,지배구조 등급조정(2021.10),,삼성전기,삼성전기,497,환경부,삼성전기 주식회사,2021,업체,산업,458723.0,9568.0,(주)비에스아이그룹코리아,,업체 우선,삼성전기 주식회사,5,009150,2021.0,7199719839096.0,별도,2021-12-31,KRW,63.71400696858191
6986.0,삼성전기,9150.0,A,A,A+,A,2022.0,,,,,,삼성전기,삼성전기,495,환경부,삼성전기 주식회사,2022,업체,전자 부품 제조업,474809.0,9805.0,(주)비에스아이그룹코리아,,업체 우선,삼성전기 주식회사,5,009150,2022.0,7244994320532.0,별도,2022-12-31,KRW,65.53614523263488
6985.0,삼성전기,9150.0,A,A,A+,A,2023.0,,,,,,삼성전기,삼성전기,717,환경부,삼성전기 주식회사,2023,업체,전자 부품 제조업,451100.0,9466.0,(주)비에스아이그룹코리아,,업체 우선,삼성전기 주식회사,5,009150,2023.0,6812925184828.0,별도,2023-12-31,KRW,66.21238128441132
6984.0,삼성전기,9150.0,A,A,A+,A,2024.0,,,,,,삼성전기,삼성전기,523,기후에너지환경부,삼성전기 주식회사,2024,업체,전자 부품 제조업,456652.0,9783.0,(주)비에스아이그룹코리아,,업체 우선,삼성전기 주식회사,5,009150,2024.0,7598593088664.0,별도,2024-12-31,KRW,60.09691460926611
6983.0,삼성전기,9150.0,A,A,A+,B+,2025.0,,,,,,삼성전기,삼성전기,534,기후에너지환경부,삼성전기 주식회사,2025,업체,전자 부품 제조업,473182.0,10160.0,(주)비에스아이그룹코리아,,업체 우선,삼성전기 주식회사,5,009150,2025.0,8377908028341.0,별도,2025-12-31,KRW,56.47973198074124
6974.0,삼성전자,5930.0,B,A,A+,C,2020.0,"통합 등급조정(2021.4, 2021.7)",,,"지배구조 등급조정(2020.10, 2021.4, 2021.7)",,삼성전자,삼성전자,489,환경부,삼성전자 주식회사,2020,업체,반도체,12532779.0,177112.0,(재)한국품질재단,,업체 우선,삼성전자 주식회사,5,005930,2020.0,166311191000000.0,별도,2020-12-31,KRW,75.35740033272927
6973.0,삼성전자,5930.0,B+,A,A+,B,2021.0,통합 등급조정(2021.10),,,지배구조 등급조정(2021.10),,삼성전자,삼성전자,498,환경부,삼성전자 주식회사,2021,업체,산업,14494447.0,200500.0,(재)한국품질재단,,업체 우선,삼성전자 주식회사,5,005930,2021.0,199744705000000.0,별도,2021-12-31,KRW,72.56486223251825
6972.0,삼성전자,5930.0,A,A,A+,B+,2022.0,,,,,,삼성전자,삼성전자,496,환경부,삼성전자 주식회사,2022,업체,반도체 제조업,14922978.0,222907.0,(재)한국품질재단,,업체 우선,삼성전자 주식회사,5,005930,2022.0,211867483000000.0,별도,2022-12-31,KRW,70.43543345441074
6971.0,삼성전자,5930.0,A,A,A+,B+,2023.0,,,,,,삼성전자,삼성전자,718,환경부,삼성전자 주식회사,2023,업체,반도체 제조업,13290342.0,240882.0,(재)한국품질재단,,업체 우선,삼성전자 주식회사,5,005930,2023.0,170374090000000.0,별도,2023-12-31,KRW,78.0068260379263
6970.0,삼성전자,5930.0,B+,B+,A,B,2024.0,,,,,,삼성전자,삼성전자,524,기후에너지환경부,삼성전자 주식회사,2024,업체,반도체 제조업,13594735.0,258326.0,(재)한국품질재단,,업체 우선,삼성전자 주식회사,4,005930,2024.0,209052241000000.0,별도,2024-12-31,KRW,65.03032416667564
6969.0,삼성전자,5930.0,A,B+,A+,B+,2025.0,,,,,,삼성전자,삼성전자,535,기후에너지환경부,삼성전자 주식회사,2025,업체,반도체 제조업,14091061.0,269424.0,(재)한국품질재단,,업체 우선,삼성전자 주식회사,4,005930,2025.0,238043009000000.0,별도,2025-12-31,KRW,59.19544144226475
6946.0,삼성중공업,10140.0,B+,B+,B,A,2020.0,통합 등급조정(2020.10),,사회 등급조정(2020.10),,,삼성중공업,삼성중공업,490,환경부,삼성중공업 주식회사,2020,업체,조선,383168.0,6234.0,한국표준협회,,업체 우선,삼성중공업 주식회사,4,010140,2020.0,6825532312130.0,별도,2020-12-31,KRW,56.13745309198122
6945.0,삼성중공업,10140.0,B+,B,A,B+,2021.0,,,,,,삼성중공업,삼성중공업,499,환경부,삼성중공업 주식회사,2021,업체,산업,370768.0,6509.0,한국표준협회,,업체 우선,삼성중공업 주식회사,3,010140,2021.0,6542631445460.0,별도,2021-12-31,KRW,56.66955308284709
6944.0,삼성중공업,10140.0,B+,B+,B+,B+,2022.0,,,,,,삼성중공업,삼성중공업,497,환경부,삼성중공업 주식회사,2022,업체,선박 및 보트 건조업,296667.0,5209.0,한국표준협회,,업체 우선,삼성중공업 주식회사,4,010140,2022.0,5856207475304.0,별도,2022-12-31,KRW,50.65855355211776
6943.0,삼성중공업,10140.0,A,A,A+,B+,2023.0,,,,,,삼성중공업,삼성중공업,719,환경부,삼성중공업 주식회사,2023,업체,선박 및 보트 건조업,351978.0,6287.0,한국표준협회,,업체 우선,삼성중공업 주식회사,5,010140,2023.0,7907247253069.0,별도,2023-12-31,KRW,44.51334184135807
6942.0,삼성중공업,10140.0,A,A,A,B+,2024.0,,,,,,삼성중공업,삼성중공업,525,기후에너지환경부,삼성중공업 주식회사,2024,업체,선박 및 보트 건조업,528395.0,9155.0,한국표준협회,,업체 우선,삼성중공업 주식회사,5,010140,2024.0,9867428881355.0,별도,2024-12-31,KRW,53.54941052561613
6941.0,삼성중공업,10140.0,B+,A,B+,B+,2025.0,통합 등급조정(2026.01.),,사회 등급조정(2026.01.),,,삼성중공업,삼성중공업,536,기후에너지환경부,삼성중공업 주식회사,2025,업체,선박 및 보트 건조업,379129.0,6989.0,한국표준협회,,업체 우선,삼성중공업 주식회사,5,010140,2025.0,10634952868811.0,별도,2025-12-31,KRW,35.64933523230433
6876.0,삼아알미늄,6110.0,B,B,C,B,2020.0,,,,,,삼아알미늄,삼아알미늄,493,산업통상자원부,삼아알미늄주식회사,2020,사업장,비철금속,18763.0,379.0,한국표준협회,,단일 사업장,삼아알미늄주식회사,3,006110,2020.0,155606892441.0,별도,2020-12-31,KRW,120.57949172858258
6875.0,삼아알미늄,6110.0,B,B,C,B+,2021.0,,,,,,삼아알미늄,삼아알미늄,502,산업통상자원부,삼아알미늄주식회사,2021,사업장,비철금속,19453.0,398.0,한국표준협회,,단일 사업장,삼아알미늄주식회사,3,006110,2021.0,213668219943.0,별도,2021-12-31,KRW,91.04301989874513
6874.0,삼아알미늄,6110.0,C,D,D,B,2022.0,,,,,,삼아알미늄,삼아알미늄,500,산업통상자원부,삼아알미늄주식회사,2022,사업장,비철금속,20602.0,408.0,한국표준협회,,단일 사업장,삼아알미늄주식회사,1,006110,2022.0,272706609700.0,별도,2022-12-31,KRW,75.5463903961254
6873.0,삼아알미늄,6110.0,C,C,D,C,2023.0,,,,,,삼아알미늄,삼아알미늄,723,산업통상자원부,삼아알미늄주식회사,2023,사업장,비철금속,20521.0,401.0,한국표준협회,,단일 사업장,삼아알미늄주식회사,2,006110,2023.0,238656109571.0,별도,2023-12-31,KRW,85.98564703366631
6872.0,삼아알미늄,6110.0,C,C,D,C,2024.0,,,,,,삼아알미늄,삼아알미늄,528,산업통상부,삼아알미늄주식회사,2024,사업장,비철금속,20535.0,399.0,한국표준협회,,단일 사업장,삼아알미늄주식회사,2,006110,2024.0,213244952708.0,별도,2024-12-31,KRW,96.29770711674911
6871.0,삼아알미늄,6110.0,D,C,C,D,2025.0,,,,,,삼아알미늄,삼아알미늄,539,산업통상부,삼아알미늄주식회사,2025,사업장,비철금속,23731.0,475.0,한국표준협회,,단일 사업장,삼아알미늄주식회사,2,006110,2025.0,213039221815.0,별도,2025-12-31,KRW,111.3926337029509
6862.0,삼양사,145990.0,B+,B+,B+,B,2020.0,,,,,,삼양사,삼양사,770,환경부,주식회사 삼양사,2020,업체,산업,304634.0,6015.0,한국표준협회,,업체 우선,주식회사 삼양사,4,145990,2020.0,1524770000000.0,별도,2020-12-31,KRW,199.79013228224585
6861.0,삼양사,145990.0,A,A,A,B+,2021.0,,,,,,삼양사,삼양사,779,환경부,주식회사 삼양사,2021,업체,산업,292151.0,6252.0,한국표준협회,,업체 우선,주식회사 삼양사,5,145990,2021.0,1784425000000.0,별도,2021-12-31,KRW,163.72276783837933
6860.0,삼양사,145990.0,B+,B+,A,B,2022.0,,,,,,삼양사,삼양사,790,환경부,주식회사 삼양사,2022,업체,"곡물 가공품, 전분 및 전분제품 제조업",270112.0,6307.0,한국표준협회,,업체 우선,주식회사 삼양사,4,145990,2022.0,1998768000000.0,별도,2022-12-31,KRW,135.13924577539765
6859.0,삼양사,145990.0,B+,A+,A,B,2023.0,,,,,,삼양사,삼양사,1134,환경부,주식회사 삼양사,2023,업체,"곡물 가공품, 전분 및 전분제품 제조업",260575.0,6152.0,한국표준협회,,업체 우선,주식회사 삼양사,6,145990,2023.0,1998766894362.0,별도,2023-12-31,KRW,130.36787868310913
6858.0,삼양사,145990.0,A,A+,A+,B+,2024.0,,,,,,삼양사,삼양사,850,기후에너지환경부,주식회사 삼양사,2024,업체,"곡물 가공품, 전분 및 전분제품 제조업",264263.0,6241.0,한국표준협회,,업체 우선,주식회사 삼양사,6,145990,2024.0,1966333283072.0,별도,2024-12-31,KRW,134.39379899380143
6857.0,삼양사,145990.0,B+,A,B+,B+,2025.0,통합 등급조정(2026.04.),,사회 등급조정(2026.04.),,,삼양사,삼양사,853,기후에너지환경부,주식회사 삼양사,2025,업체,"곡물 가공품, 전분 및 전분제품 제조업",251561.0,6083.0,한국표준협회,,업체 우선,주식회사 삼양사,5,145990,2025.0,1897132847359.0,별도,2025-12-31,KRW,132.600624331711
6846.0,삼양식품,3230.0,B+,A,A+,B,2022.0,,,,,,삼양식품,삼양식품,501,환경부,삼양식품(주),2022,사업장,기타 식품 제조업,59376.0,1311.0,(주)비에스아이그룹코리아,,단일 사업장,삼양식품(주),5,003230,2022.0,833227370465.0,별도,2022-12-31,KRW,71.26026113000101
6845.0,삼양식품,3230.0,A,A,A+,A,2023.0,,,,,,삼양식품,삼양식품,725,환경부,삼양식품(주),2023,사업장,기타 식품 제조업,64173.0,1369.0,(주)비에스아이그룹코리아,,단일 사업장,삼양식품(주),5,003230,2023.0,1098039956399.0,별도,2023-12-31,KRW,58.44322843264654
6844.0,삼양식품,3230.0,A,A,A+,A,2024.0,,,,,,삼양식품,삼양식품,529,기후에너지환경부,삼양식품(주),2024,사업장,기타 식품 제조업,72404.0,1497.0,(주)비에스아이그룹코리아,,단일 사업장,삼양식품(주),5,003230,2024.0,1426227457534.0,별도,2024-12-31,KRW,50.766095981064055
6843.0,삼양식품,3230.0,A+,A+,A+,A,2025.0,,,,,,삼양식품,삼양식품,540,기후에너지환경부,삼양식품(주),2025,사업장,기타 식품 제조업,79637.0,1795.0,㈜디엔브이비즈니스어슈어런스코리아,,단일 사업장,삼양식품(주),6,003230,2025.0,1901833914086.0,별도,2025-12-31,KRW,41.87379318991304
6833.0,삼양패키징,272550.0,C,C,B+,C,2020.0,,,,,,삼양패키징,삼양패키징,771,환경부,주식회사 삼양패키징,2020,업체,석유화학,140745.0,2872.0,한국표준협회,,업체 우선,주식회사 삼양패키징,2,272550,2020.0,367569000000.0,별도,2020-12-31,KRW,382.90769896264374
6832.0,삼양패키징,272550.0,B+,B,B+,B+,2021.0,,,,,,삼양패키징,삼양패키징,780,환경부,주식회사 삼양패키징,2021,업체,산업,144577.0,2986.0,한국표준협회,,업체 우선,주식회사 삼양패키징,3,272550,2021.0,391946000000.0,별도,2021-12-31,KRW,368.8696912329759
6831.0,삼양패키징,272550.0,B,C,B+,B,2022.0,,,,,,삼양패키징,삼양패키징,791,환경부,주식회사 삼양패키징,2022,업체,플라스틱 제품 제조업,145034.0,2998.0,한국표준협회,,업체 우선,주식회사 삼양패키징,2,272550,2022.0,407353000000.0,별도,2022-12-31,KRW,356.0400929906003
6830.0,삼양패키징,272550.0,B,B+,B+,C,2023.0,,,,,,삼양패키징,삼양패키징,1135,환경부,주식회사 삼양패키징,2023,업체,플라스틱 제품 제조업,135941.0,2866.0,한국표준협회,,업체 우선,주식회사 삼양패키징,4,272550,2023.0,413414538277.0,별도,2023-12-31,KRW,328.82491401140686
6829.0,삼양패키징,272550.0,B,A,A,C,2024.0,,,,,,삼양패키징,삼양패키징,851,기후에너지환경부,주식회사 삼양패키징,2024,업체,플라스틱 제품 제조업,134673.0,2919.0,한국표준협회,,업체 우선,주식회사 삼양패키징,5,272550,2024.0,433772527088.0,별도,2024-12-31,KRW,310.46917817522063
6828.0,삼양패키징,272550.0,B,B+,A,C,2025.0,,,,,,삼양패키징,삼양패키징,854,기후에너지환경부,주식회사 삼양패키징,2025,업체,플라스틱 제품 제조업,121323.0,2660.0,(재)한국품질재단,,업체 우선,주식회사 삼양패키징,4,272550,2025.0,418914127885.0,별도,2025-12-31,KRW,289.61305414198273
6813.0,삼영,3720.0,C,C,D,C,2023.0,,,,,,삼영,삼영,1136,환경부,주식회사 삼영,2023,사업장,플라스틱 제품 제조업,29751.0,610.0,한국표준협회,,단일 사업장,주식회사 삼영,2,003720,2023.0,85371898649.0,별도,2023-12-31,KRW,348.48703696188073
6812.0,삼영,3720.0,D,C,D,D,2024.0,,,,,,삼영,삼영,852,기후에너지환경부,주식회사 삼영 ,2024,사업장,플라스틱 제품 제조업,32488.0,667.0,한국표준협회,,단일 사업장,주식회사 삼영,2,003720,2024.0,92773212579.0,별도,2024-12-31,KRW,350.18729110340126
6811.0,삼영,3720.0,D,C,D,D,2025.0,,,,,,삼영,삼영,855,기후에너지환경부,주식회사 삼영 ,2025,사업장,플라스틱 제품 제조업,33420.0,686.0,한국표준협회,,단일 사업장,주식회사 삼영,2,003720,2025.0,96268883611.0,별도,2025-12-31,KRW,347.15267017162455
6788.0,삼영전자공업,5680.0,B+,B+,B+,B,2020.0,,,,,,삼영전자공업,삼영전자공업,500,환경부,삼영전자공업(주),2020,업체,전기전자,104324.0,2136.0,한국산업기술시험원,,업체 우선,삼영전자공업(주),4,005680,2020.0,174103023707.0,별도,2020-12-31,KRW,599.208432907909
6787.0,삼영전자공업,5680.0,B,B,B,B+,2021.0,,,,,,삼영전자공업,삼영전자공업,510,환경부,삼영전자공업(주),2021,업체,산업,124612.0,2680.0,한국산업기술시험원,,업체 우선,삼영전자공업(주),3,005680,2021.0,204383905984.0,별도,2021-12-31,KRW,609.6957556421058
6786.0,삼영전자공업,5680.0,C,C,D,C,2022.0,,,,,,삼영전자공업,삼영전자공업,508,환경부,삼영전자공업(주),2022,업체,기타 금속 가공제품 제조업,121215.0,2611.0,(주)한국경영인증원,,업체 우선,삼영전자공업(주),2,005680,2022.0,196500716482.0,별도,2022-12-31,KRW,616.8679797719905
6785.0,삼영전자공업,5680.0,D,C,C,D,2023.0,,,,,,삼영전자공업,삼영전자공업,734,환경부,삼영전자공업(주),2023,업체,기타 금속 가공제품 제조업,67451.0,1470.0,(주)한국경영인증원,,업체 우선,삼영전자공업(주),2,005680,2023.0,155120765098.0,별도,2023-12-31,KRW,434.8289537985889
6784.0,삼영전자공업,5680.0,C,C,D,C,2024.0,,,,,,삼영전자공업,삼영전자공업,534,기후에너지환경부,삼영전자공업(주),2024,업체,기타 금속 가공제품 제조업,29094.0,668.0,(주)한국경영인증원,,업체 우선,삼영전자공업(주),2,005680,2024.0,147522375145.0,별도,2024-12-31,KRW,197.21754053514562
6783.0,삼영전자공업,5680.0,D,C,C,D,2025.0,,,,,,삼영전자공업,삼영전자공업,545,기후에너지환경부,삼영전자공업(주),2025,업체,기타 금속 가공제품 제조업,24009.0,547.0,(주)한국경영인증원,,업체 우선,삼영전자공업(주),2,005680,2025.0,134344765096.0,별도,2025-12-31,KRW,178.71183877424374
6774.0,삼영화학공업,3720.0,C,B,C,C,2020.0,,,,,,삼영화학공업,삼영화학공업,501,환경부,삼영화학공업(주),2020,사업장,석유화학,29296.0,596.0,한국표준협회,,단일 사업장,삼영화학공업(주),3,003720,2020.0,97062974597.0,별도,2020-12-31,KRW,301.8246671466163
6773.0,삼영화학공업,3720.0,B,B,C,B,2021.0,,,,,,삼영화학공업,삼영화학공업,511,환경부,삼영화학공업(주),2021,사업장,산업,31827.0,653.0,한국표준협회,,단일 사업장,삼영화학공업(주),3,003720,2021.0,107925546541.0,별도,2021-12-31,KRW,294.89774219405217
6772.0,삼영화학공업,3720.0,C,C,D,C,2022.0,,,,,,삼영화학공업,삼영화학공업,509,환경부,삼영화학공업(주),2022,사업장,플라스틱 제품 제조업,30173.0,620.0,한국표준협회,,단일 사업장,삼영화학공업(주),2,003720,2022.0,115386328929.0,별도,2022-12-31,KRW,261.495449938148
6763.0,삼원강재,23000.0,B,B+,C,B,2020.0,,,,,,삼원강재,삼원강재,75,환경부,(주)삼원강재,2020,사업장,자동차,26718.0,536.0,(재)한국품질재단,,단일 사업장,(주)삼원강재,4,023000,2020.0,245989278870.0,별도,2020-12-31,KRW,108.61448971570783
6762.0,삼원강재,23000.0,C,B,D,B,2021.0,,,,,,삼원강재,삼원강재,75,환경부,(주)삼원강재,2021,사업장,산업,34034.0,690.0,(재)한국품질재단,,단일 사업장,(주)삼원강재,3,023000,2021.0,299952544414.0,별도,2021-12-31,KRW,113.46461509933268
6761.0,삼원강재,23000.0,C,C,D,C,2022.0,,,,,,삼원강재,삼원강재,74,환경부,(주)삼원강재,2022,사업장,자동차 신품 부품 제조업,34165.0,693.0,(재)한국품질재단,,단일 사업장,(주)삼원강재,2,023000,2022.0,364111085653.0,별도,2022-12-31,KRW,93.83125465331052
6760.0,삼원강재,23000.0,B,B,B,B+,2023.0,,,,,,삼원강재,삼원강재,108,환경부,(주)삼원강재,2023,사업장,자동차 신품 부품 제조업,32353.0,656.0,(재)한국품질재단,,단일 사업장,(주)삼원강재,3,023000,2023.0,359058169925.0,별도,2023-12-31,KRW,90.10517712703178
6759.0,삼원강재,23000.0,B+,B+,B+,A,2024.0,,,,,,삼원강재,삼원강재,78,기후에너지환경부,(주)삼원강재,2024,사업장,자동차 신품 부품 제조업,31842.0,646.0,(재)한국품질재단,,단일 사업장,(주)삼원강재,4,023000,2024.0,343558905658.0,별도,2024-12-31,KRW,92.68279609580988
6758.0,삼원강재,23000.0,B+,B+,B+,A,2025.0,,,,,,삼원강재,삼원강재,79,기후에너지환경부,(주)삼원강재,2025,사업장,자동차 신품 부품 제조업,32564.0,660.0,(재)한국품질재단,,단일 사업장,(주)삼원강재,4,023000,2025.0,359287042852.0,별도,2025-12-31,KRW,90.63505252376714
6702.0,삼정펄프,9770.0,C,C,B,C,2020.0,,,,,,삼정펄프,삼정펄프,503,환경부,삼정펄프(주),2020,업체,제지,158698.0,1472.0,(주)비에스아이그룹코리아,,업체 우선,삼정펄프(주),2,009770,2020.0,146331017088.0,별도,2020-12-31,KRW,1084.513749429916
6701.0,삼정펄프,9770.0,C,C,D,B,2021.0,,,,,,삼정펄프,삼정펄프,513,환경부,삼정펄프(주),2021,업체,산업,145995.0,1362.0,(주)비에스아이그룹코리아,,업체 우선,삼정펄프(주),2,009770,2021.0,138137181380.0,별도,2021-12-31,KRW,1056.8841679083057
6700.0,삼정펄프,9770.0,D,D,C,D,2022.0,,,,,,삼정펄프,삼정펄프,510,환경부,삼정펄프(주),2022,업체,"펄프, 종이 및 판지 제조업",156562.0,2036.0,(주)비에스아이그룹코리아,,업체 우선,삼정펄프(주),1,009770,2022.0,174464091782.0,별도,2022-12-31,KRW,897.3881009029102
6699.0,삼정펄프,9770.0,D,C,C,D,2023.0,,,,,,삼정펄프,삼정펄프,735,환경부,삼정펄프(주),2023,업체,"펄프, 종이 및 판지 제조업",147721.0,1974.0,(주)비에스아이그룹코리아,,업체 우선,삼정펄프(주),2,009770,2023.0,178308058944.0,별도,2023-12-31,KRW,828.4594699468615
6698.0,삼정펄프,9770.0,D,C,D,D,2024.0,,,,,,삼정펄프,삼정펄프,535,기후에너지환경부,삼정펄프(주),2024,업체,"펄프, 종이 및 판지 제조업",143169.0,1912.0,(주)비에스아이그룹코리아,,업체 우선,삼정펄프(주),2,009770,2024.0,163884080446.0,별도,2024-12-31,KRW,873.5991904178536
6697.0,삼정펄프,9770.0,D,C,C,D,2025.0,,,,,,삼정펄프,삼정펄프,546,기후에너지환경부,삼정펄프(주),2025,업체,"펄프, 종이 및 판지 제조업",127206.0,1668.0,(주)비에스아이그룹코리아,,업체 우선,삼정펄프(주),2,009770,2025.0,148565929898.0,별도,2025-12-31,KRW,856.2259199490423
6667.0,삼천리,4690.0,B+,B+,A,B+,2020.0,,,,,,삼천리,삼천리,76,환경부,(주)삼천리,2020,업체,집단에너지,58269.0,948.0,한국가스안전공사,,업체 우선,(주)삼천리,4,004690,2020.0,2394992383954.0,별도,2020-12-31,KRW,24.329513692983483
6666.0,삼천리,4690.0,B+,B,A,B+,2021.0,,,,,,삼천리,삼천리,76,환경부,(주)삼천리,2021,업체,전환,73196.0,1250.0,한국가스안전공사,,업체 우선,(주)삼천리,3,004690,2021.0,2623051698644.0,별도,2021-12-31,KRW,27.904901774463326
6665.0,삼천리,4690.0,C,C,B+,C,2022.0,,,,,,삼천리,삼천리,75,환경부,(주)삼천리,2022,사업장,"증기, 냉ㆍ온수 및 공기 조절 공급업",75703.0,1301.0,한국가스안전공사,,단일 사업장,(주)삼천리,2,004690,2022.0,4008200325864.0,별도,2022-12-31,KRW,18.887030049747228
6664.0,삼천리,4690.0,C,B,B,C,2023.0,,,,,,삼천리,삼천리,109,환경부,(주)삼천리,2023,사업장,"증기, 냉ㆍ온수 및 공기 조절 공급업",100536.0,1787.0,한국가스안전공사,,단일 사업장,(주)삼천리,3,004690,2023.0,3880118319462.0,별도,2023-12-31,KRW,25.910550071560674
6663.0,삼천리,4690.0,C,B,B+,C,2024.0,,,,,,삼천리,삼천리,79,기후에너지환경부,(주)삼천리,2024,사업장,"증기, 냉ㆍ온수 및 공기 조절 공급업",98837.0,1733.0,한국가스안전공사,,단일 사업장,(주)삼천리,3,004690,2024.0,3572408230598.0,별도,2024-12-31,KRW,27.666770878381744
6662.0,삼천리,4690.0,C,B+,B+,D,2025.0,,,,,,삼천리,삼천리,80,기후에너지환경부,(주)삼천리,2025,사업장,"증기, 냉ㆍ온수 및 공기 조절 공급업",72207.0,1264.0,한국가스안전공사,,단일 사업장,(주)삼천리,4,004690,2025.0,3620742731785.0,별도,2025-12-31,KRW,19.94259337072603
6661.0,삼표시멘트,38500.0,B+,B+,B,B+,2020.0,,,,,,삼표시멘트,삼표시멘트,504,환경부,삼표시멘트,2020,업체,산업,5986309.0,34526.0,(재)한국품질재단,,업체 우선,삼표시멘트,4,038500,2020.0,535842464587.0,별도,2020-12-31,KRW,11171.770428112563
6660.0,삼표시멘트,38500.0,B,B,D,A,2021.0,,,,,,삼표시멘트,삼표시멘트,514,환경부,삼표시멘트,2021,업체,산업,5912105.0,33733.0,(재)한국품질재단,,업체 우선,삼표시멘트,3,038500,2021.0,550474072013.0,별도,2021-12-31,KRW,10740.024463605218
6659.0,삼표시멘트,38500.0,C,B,B,C,2022.0,,,,,,삼표시멘트,삼표시멘트,511,환경부,삼표시멘트,2022,업체,"시멘트, 석회, 플라스터 및 그 외 제품 제조업",5726965.0,34529.0,(재)한국품질재단,,업체 우선,삼표시멘트,3,038500,2022.0,673291764649.0,별도,2022-12-31,KRW,8505.918682943608
6658.0,삼표시멘트,38500.0,A,A,A+,A,2023.0,,,,,,삼표시멘트,삼표시멘트,736,환경부,삼표시멘트,2023,업체,"시멘트, 석회, 플라스터 및 그 외 제품 제조업",5801581.0,34504.0,(재)한국품질재단,,업체 우선,삼표시멘트,5,038500,2023.0,775933239086.0,별도,2023-12-31,KRW,7476.90742934778
6657.0,삼표시멘트,38500.0,A,A,A+,A,2024.0,,,,,,삼표시멘트,삼표시멘트,537,기후에너지환경부,삼표시멘트,2024,업체,"시멘트, 석회, 플라스터 및 그 외 제품 제조업",4998174.0,31009.0,(재)한국품질재단,,업체 우선,삼표시멘트,5,038500,2024.0,743966295597.0,별도,2024-12-31,KRW,6718.280155405679
6656.0,삼표시멘트,38500.0,A,A,A+,A,2025.0,,,,,,삼표시멘트,삼표시멘트,549,기후에너지환경부,삼표시멘트,2025,업체,"시멘트, 석회, 플라스터 및 그 외 제품 제조업",4269882.0,27332.0,(재)한국품질재단,,업체 우선,삼표시멘트,5,038500,2025.0,640607919944.0,별도,2025-12-31,KRW,6665.359367354154
6624.0,삼화왕관,4450.0,B,B,C,B,2020.0,,,,,,삼화왕관,삼화왕관,507,산업통상자원부,삼화왕관(주),2020,사업장,기계,18064.0,350.0,한국표준협회,,단일 사업장,삼화왕관(주),3,004450,2020.0,106547403647.0,별도,2020-12-31,KRW,169.5395606245598
6623.0,삼화왕관,4450.0,B,B,C,B,2021.0,,,,,,삼화왕관,삼화왕관,518,산업통상자원부,삼화왕관(주),2021,사업장,기계,17841.0,362.0,한국표준협회,,단일 사업장,삼화왕관(주),3,004450,2021.0,114136121008.0,별도,2021-12-31,KRW,156.31335498732687
6622.0,삼화왕관,4450.0,D,D,D,D,2022.0,,,,,,삼화왕관,삼화왕관,515,산업통상자원부,삼화왕관(주),2022,사업장,기계,19965.0,383.0,한국표준협회,,단일 사업장,삼화왕관(주),1,004450,2022.0,132600015331.0,별도,2022-12-31,KRW,150.5655934515753
6621.0,삼화왕관,4450.0,D,C,D,D,2023.0,,,,,,삼화왕관,삼화왕관,741,산업통상자원부,삼화왕관(주),2023,사업장,기계,19391.0,374.0,한국표준협회,,단일 사업장,삼화왕관(주),2,004450,2023.0,131756607293.0,별도,2023-12-31,KRW,147.17288490040082
6620.0,삼화왕관,4450.0,C,C,D,C,2024.0,,,,,,삼화왕관,삼화왕관,541,산업통상부,삼화왕관(주),2024,사업장,기계,19197.0,387.0,한국표준협회,,단일 사업장,삼화왕관(주),2,004450,2024.0,132540101811.0,별도,2024-12-31,KRW,144.8391825394446
6619.0,삼화왕관,4450.0,D,C,D,D,2025.0,,,,,,삼화왕관,삼화왕관,553,산업통상부,삼화왕관(주),2025,사업장,기계,18193.0,369.0,한국표준협회,,단일 사업장,삼화왕관(주),2,004450,2025.0,126200827090.0,별도,2025-12-31,KRW,144.15911860090804
6582.0,삼화콘덴서공업,1820.0,B,B,B,B,2020.0,,,,,,삼화콘덴서공업,삼화콘덴서공업,509,산업통상자원부,삼화콘덴서공업(주),2020,사업장,전기전자,21190.0,435.0,한국표준협회,,단일 사업장,삼화콘덴서공업(주),3,001820,2020.0,188917121827.0,별도,2020-12-31,KRW,112.16558771949029
6581.0,삼화콘덴서공업,1820.0,C,C,B,B,2021.0,,,,,,삼화콘덴서공업,삼화콘덴서공업,520,산업통상자원부,삼화콘덴서공업(주),2021,사업장,전기전자,22981.0,479.0,한국표준협회,,단일 사업장,삼화콘덴서공업(주),2,001820,2021.0,211344337890.0,별도,2021-12-31,KRW,108.73724003886538
6580.0,삼화콘덴서공업,1820.0,D,D,C,D,2022.0,,,,,,삼화콘덴서공업,삼화콘덴서공업,517,산업통상자원부,삼화콘덴서공업(주),2022,사업장,전기전자,22845.0,476.0,한국표준협회,,단일 사업장,삼화콘덴서공업(주),1,001820,2022.0,211265921624.0,별도,2022-12-31,KRW,108.13386193282196
6579.0,삼화콘덴서공업,1820.0,D,C,C,D,2023.0,,,,,,삼화콘덴서공업,삼화콘덴서공업,744,산업통상자원부,삼화콘덴서공업(주),2023,사업장,전기전자,24605.0,513.0,한국표준협회,,단일 사업장,삼화콘덴서공업(주),2,001820,2023.0,224939548542.0,별도,2023-12-31,KRW,109.38494435275277
6578.0,삼화콘덴서공업,1820.0,C,C,C,C,2024.0,,,,,,삼화콘덴서공업,삼화콘덴서공업,543,산업통상부,삼화콘덴서공업(주),2024,사업장,전기전자,25292.0,527.0,한국표준협회,,단일 사업장,삼화콘덴서공업(주),2,001820,2024.0,237608273203.0,별도,2024-12-31,KRW,106.44410507706458
6577.0,삼화콘덴서공업,1820.0,C,C,C,C,2025.0,,,,,,삼화콘덴서공업,삼화콘덴서공업,555,산업통상부,삼화콘덴서공업(주),2025,사업장,전기전자,26595.0,555.0,한국표준협회,,단일 사업장,삼화콘덴서공업(주),2,001820,2025.0,248224655342.0,별도,2025-12-31,KRW,107.14084772666047
6536.0,새론오토모티브,75180.0,B,B,B,B,2020.0,,,,,,새론오토모티브,새론오토모티브,512,산업통상자원부,새론오토모티브(주),2020,사업장,자동차,21581.0,335.0,이큐에이㈜,,단일 사업장,새론오토모티브(주),3,075180,2020.0,106767200209.0,별도,2020-12-31,KRW,202.1313657916902
6535.0,새론오토모티브,75180.0,C,C,C,B,2021.0,,,,,,새론오토모티브,새론오토모티브,523,산업통상자원부,새론오토모티브(주),2021,사업장,자동차,21933.0,347.0,이큐에이㈜,,단일 사업장,새론오토모티브(주),2,075180,2021.0,100333636149.0,별도,2021-12-31,KRW,218.60066914577382
6534.0,새론오토모티브,75180.0,D,D,C,C,2022.0,,,,,,새론오토모티브,새론오토모티브,520,산업통상자원부,새론오토모티브(주),2022,사업장,자동차,20502.0,334.0,(주)한국경영인증원,,단일 사업장,새론오토모티브(주),1,075180,2022.0,103158368305.0,별도,2022-12-31,KRW,198.74296517935798
6533.0,새론오토모티브,75180.0,D,C,D,D,2023.0,,,,,,새론오토모티브,새론오토모티브,749,산업통상자원부,새론오토모티브(주),2023,사업장,자동차,15948.0,322.0,(주)한국경영인증원,,단일 사업장,새론오토모티브(주),2,075180,2023.0,107027947699.0,별도,2023-12-31,KRW,149.00780910843355
6532.0,새론오토모티브,75180.0,D,C,D,D,2024.0,,,,,,새론오토모티브,새론오토모티브,546,산업통상부,새론오토모티브(주),2024,사업장,자동차,15659.0,317.0,(주)한국경영인증원,,단일 사업장,새론오토모티브(주),2,075180,2024.0,105687734264.0,별도,2024-12-31,KRW,148.16288861756652
6531.0,새론오토모티브,75180.0,D,C,D,D,2025.0,,,,,,새론오토모티브,새론오토모티브,557,산업통상부,새론오토모티브(주),2025,사업장,자동차,14425.0,291.0,(주)한국경영인증원,,단일 사업장,새론오토모티브(주),2,075180,2025.0,102914912208.0,별도,2025-12-31,KRW,140.16433275331195
6462.0,서울바이오시스,92190.0,D,D,C,C,2022.0,,,,,,서울바이오시스,서울바이오시스,530,환경부,서울바이오시스(주),2022,사업장,반도체 제조업,66642.0,1360.0,로이드인증원㈜,,단일 사업장,서울바이오시스(주),1,092190,2022.0,181356862925.0,별도,2022-12-31,KRW,367.4633478169489
6460.0,서울반도체,46890.0,C,B,B+,C,2020.0,,,,,,서울반도체,서울반도체,523,산업통상자원부,서울반도체,2020,사업장,반도체,12341.0,253.0,로이드인증원㈜,,단일 사업장,서울반도체,3,046890,2020.0,993090756160.0,별도,2020-12-31,KRW,12.426860207338093
6459.0,서울반도체,46890.0,B+,B,B+,B+,2021.0,,,,,,서울반도체,서울반도체,533,산업통상자원부,서울반도체,2021,사업장,반도체,9273.0,193.0,로이드인증원㈜,,단일 사업장,서울반도체,3,046890,2021.0,1109723372670.0,별도,2021-12-31,KRW,8.35613651867953
6458.0,서울반도체,46890.0,B,D,B+,B+,2022.0,,,,,,서울반도체,서울반도체,531,산업통상자원부,서울반도체,2022,사업장,반도체,7845.0,160.0,로이드인증원㈜,,단일 사업장,서울반도체,1,046890,2022.0,941191252347.0,별도,2022-12-31,KRW,8.335181590816243
6457.0,서울반도체,46890.0,C,C,B,C,2023.0,,,,,,서울반도체,서울반도체,765,산업통상자원부,서울반도체,2023,사업장,반도체,6289.0,128.0,로이드인증원㈜,,단일 사업장,서울반도체,2,046890,2023.0,851792684867.0,별도,2023-12-31,KRW,7.383251948192032
6425.0,서원,21050.0,B,B,C,B,2020.0,,,,,,서원,서원,84,산업통상자원부,(주)서원,2020,사업장,비철금속,14899.0,303.0,한국가스안전공사,,단일 사업장,(주)서원,3,021050,2020.0,194683744208.0,별도,2020-12-31,KRW,76.52924521567613
6424.0,서원,21050.0,B,B,C,B+,2021.0,,,,,,서원,서원,85,산업통상자원부,(주)서원,2021,사업장,비철금속,15384.0,317.0,한국가스안전공사,,단일 사업장,(주)서원,3,021050,2021.0,261636393948.0,별도,2021-12-31,KRW,58.79915927543917
6423.0,서원,21050.0,C,C,D,C,2022.0,,,,,,서원,서원,81,산업통상자원부,(주)서원,2022,사업장,비철금속,14245.0,294.0,한국가스안전공사,,단일 사업장,(주)서원,2,021050,2022.0,275679212522.0,별도,2022-12-31,KRW,51.672376272705755
6422.0,서원,21050.0,C,C,D,C,2023.0,,,,,,서원,서원,119,산업통상자원부,(주)서원,2023,사업장,비철금속,12122.0,250.0,한국가스안전공사,,단일 사업장,(주)서원,2,021050,2023.0,233179269197.0,별도,2023-12-31,KRW,51.98575345803493
6421.0,서원,21050.0,C,C,D,C,2024.0,,,,,,서원,서원,85,산업통상부,(주)서원,2024,사업장,비철금속,11134.0,229.0,한국가스안전공사,,단일 사업장,(주)서원,2,021050,2024.0,260861181507.0,별도,2024-12-31,KRW,42.681705019039896
6406.0,서흥,8490.0,C,C,C,B,2020.0,,,,,,서흥,서흥,87,환경부,(주)서흥,2020,사업장,석유화학,35082.0,715.0,한국표준협회,,단일 사업장,(주)서흥,2,008490,2020.0,386222751107.0,별도,2020-12-31,KRW,90.83359253033959
6405.0,서흥,8490.0,B,C,B,B+,2021.0,,,,,,서흥,서흥,88,환경부,(주)서흥,2021,사업장,산업,43537.0,893.0,한국표준협회,,단일 사업장,(주)서흥,2,008490,2021.0,413782571705.0,별도,2021-12-31,KRW,105.21709462195291
6404.0,서흥,8490.0,B,C,B,B+,2022.0,,,,,,서흥,서흥,84,환경부,(주)서흥,2022,사업장,기타 식품 제조업,37405.0,771.0,한국표준협회,,단일 사업장,(주)서흥,2,008490,2022.0,382007089547.0,별도,2022-12-31,KRW,97.91703092305542
6403.0,서흥,8490.0,B+,B+,A,B,2023.0,,,,,,서흥,서흥,123,환경부,(주)서흥,2023,사업장,기타 식품 제조업,36087.0,742.0,한국표준협회,,단일 사업장,(주)서흥,4,008490,2023.0,316294947913.0,별도,2023-12-31,KRW,114.09287514110432
6402.0,서흥,8490.0,C,B+,A,D,2024.0,,,,,,서흥,서흥,86,기후에너지환경부,(주)서흥,2024,사업장,기타 식품 제조업,37334.0,766.0,한국표준협회,,단일 사업장,(주)서흥,4,008490,2024.0,334120420949.0,별도,2024-12-31,KRW,111.73815684165754
6401.0,서흥,8490.0,B,B+,A,C,2025.0,,,,,,서흥,서흥,86,기후에너지환경부,(주)서흥,2025,사업장,기타 식품 제조업,38430.0,790.0,한국표준협회,,단일 사업장,(주)서흥,4,008490,2025.0,355633395020.0,별도,2025-12-31,KRW,108.06071797008485
6328.0,성신양회,4980.0,C,B+,B,C,2020.0,,,,,,성신양회,성신양회,540,환경부,성신양회(주),2020,업체,시멘트,4794801.0,25976.0,한국표준협회,,업체 우선,성신양회(주),4,004980,2020.0,495995475262.0,별도,2020-12-31,KRW,9667.02568701305
6327.0,성신양회,4980.0,B+,B+,B+,B+,2021.0,,,,,,성신양회,성신양회,550,환경부,성신양회(주),2021,업체,산업,4948818.0,27795.0,한국표준협회,,업체 우선,성신양회(주),4,004980,2021.0,572587935993.0,별도,2021-12-31,KRW,8642.896032061179
6326.0,성신양회,4980.0,C,C,B,C,2022.0,,,,,,성신양회,성신양회,547,환경부,성신양회(주),2022,업체,"시멘트, 석회, 플라스터 및 그 외 제품 제조업",5113860.0,28505.0,한국표준협회,,업체 우선,성신양회(주),2,004980,2022.0,707799370106.0,별도,2022-12-31,KRW,7225.013493914453
6325.0,성신양회,4980.0,B,B,A,C,2023.0,,,,,,성신양회,성신양회,786,환경부,성신양회(주),2023,업체,"시멘트, 석회, 플라스터 및 그 외 제품 제조업",4989822.0,27628.0,한국표준협회,,업체 우선,성신양회(주),3,004980,2023.0,758276091590.0,별도,2023-12-31,KRW,6580.481773514755
6324.0,성신양회,4980.0,C,B+,A,D,2024.0,,,,,,성신양회,성신양회,571,기후에너지환경부,성신양회(주),2024,업체,"시멘트, 석회, 플라스터 및 그 외 제품 제조업",4072874.0,22552.0,한국표준협회,,업체 우선,성신양회(주),4,004980,2024.0,715600009419.0,별도,2024-12-31,KRW,5691.551070977194
6323.0,성신양회,4980.0,B+,B+,A,B,2025.0,,,,,,성신양회,성신양회,579,기후에너지환경부,성신양회(주),2025,업체,"시멘트, 석회, 플라스터 및 그 외 제품 제조업",3583961.0,24687.0,한국표준협회,,업체 우선,성신양회(주),4,004980,2025.0,623526620586.0,별도,2025-12-31,KRW,5747.887711083991
6318.0,성일하이텍,365340.0,C,C,C,C,2024.0,,,,,,성일하이텍,성일하이텍,575,산업통상부,성일하이텍(주),2024,사업장,1차 비철금속 제조업,26083.0,440.0,(주)한국경영인증원,,단일 사업장,성일하이텍(주),2,365340,2024.0,124532639308.0,별도,2024-12-31,KRW,209.44709872799126
6317.0,성일하이텍,365340.0,D,C,C,D,2025.0,,,,,,성일하이텍,성일하이텍,583,기후에너지환경부,성일하이텍(주),2025,사업장,1차 비철금속 제조업,31956.0,642.0,(재)한국품질재단,,단일 사업장,성일하이텍(주),2,365340,2025.0,186268601136.0,별도,2025-12-31,KRW,171.5587050372919
6273.0,세방,4360.0,B+,B,B+,B+,2020.0,,,,,,세방,세방,546,국토교통부,세방(주),2020,사업장,교통(화물),28371.0,440.0,(주)한국경영인증원,,단일 사업장,세방(주),3,004360,2020.0,577261592406.0,별도,2020-12-31,KRW,49.147562168047536
6272.0,세방,4360.0,B,B,D,B+,2021.0,,,,,,세방,세방,556,환경부,세방(주),2021,사업장,수송,29289.0,459.0,(주)한국경영인증원,,단일 사업장,세방(주),3,004360,2021.0,620992573147.0,별도,2021-12-31,KRW,47.16481527560358
6271.0,세방,4360.0,C,C,C,B,2022.0,,,,,,세방,세방,553,환경부,세방(주),2022,사업장,도로 화물 운송업,28452.0,447.0,(주)한국경영인증원,,단일 사업장,세방(주),2,004360,2022.0,708635836506.0,별도,2022-12-31,KRW,40.150382656747134
6270.0,세방,4360.0,B+,B+,B+,B,2023.0,,,,,,세방,세방,797,환경부,세방(주),2023,사업장,도로 화물 운송업,28028.0,438.0,(주)한국경영인증원,,단일 사업장,세방(주),4,004360,2023.0,735835413981.0,별도,2023-12-31,KRW,38.090039521696234
6269.0,세방,4360.0,C,B,C,C,2024.0,,,,,,세방,세방,579,기후에너지환경부,세방(주),2024,사업장,도로 화물 운송업,27838.0,436.0,(주)한국경영인증원,,단일 사업장,세방(주),3,004360,2024.0,775953629059.0,별도,2024-12-31,KRW,35.87585515098264
6268.0,세방,4360.0,B,B+,B+,C,2025.0,,,,,,세방,세방,587,기후에너지환경부,세방(주),2025,사업장,도로 화물 운송업,27932.0,435.0,(주)한국경영인증원,,단일 사업장,세방(주),4,004360,2025.0,755455416761.0,별도,2025-12-31,KRW,36.973723902540655
6259.0,세방전지,4490.0,B,B+,B,B,2020.0,,,,,,세방전지,세방전지,547,환경부,세방전지(주),2020,업체,전기전자,125935.0,2568.0,이큐에이㈜,,업체 우선,세방전지(주),4,004490,2020.0,1077016196453.0,별도,2020-12-31,KRW,116.9295321785773
6258.0,세방전지,4490.0,B,B,B,B+,2021.0,,,,,,세방전지,세방전지,557,환경부,세방전지(주),2021,업체,산업,137550.0,2841.0,이큐에이㈜,,업체 우선,세방전지(주),3,004490,2021.0,1243923315980.0,별도,2021-12-31,KRW,110.57755589349492
6257.0,세방전지,4490.0,C,B,C,C,2022.0,,,,,,세방전지,세방전지,554,환경부,세방전지(주),2022,업체,일차전지 및 축전지 제조업,128349.0,2652.0,(주)한국경영인증원,,업체 우선,세방전지(주),3,004490,2022.0,1278383545650.0,별도,2022-12-31,KRW,100.39944618869477
6256.0,세방전지,4490.0,C,C,C,C,2023.0,,,,,,세방전지,세방전지,798,환경부,세방전지(주),2023,업체,일차전지 및 축전지 제조업,136703.0,2822.0,(주)한국경영인증원,,업체 우선,세방전지(주),2,004490,2023.0,1357671112584.0,별도,2023-12-31,KRW,100.68933391373318
6255.0,세방전지,4490.0,C,C,C,C,2024.0,,,,,,세방전지,세방전지,580,기후에너지환경부,세방전지(주),2024,업체,일차전지 및 축전지 제조업,147941.0,3054.0,(주)한국경영인증원,,업체 우선,세방전지(주),2,004490,2024.0,1582033347837.0,별도,2024-12-31,KRW,93.5131994545305
6254.0,세방전지,4490.0,B,A,A,D,2025.0,,,,,,세방전지,세방전지,588,기후에너지환경부,세방전지(주),2025,업체,일차전지 및 축전지 제조업,147189.0,3040.0,(주)한국경영인증원,,업체 우선,세방전지(주),5,004490,2025.0,1636524743951.0,별도,2025-12-31,KRW,89.9399783254405
6245.0,세아베스틸,1430.0,B,B,B,B+,2020.0,,,,,,세아베스틸,세아베스틸,94,환경부,(주)세아베스틸,2020,업체,철강,1038986.0,16303.0,한국표준협회,,업체 우선,(주)세아베스틸,3,001430,2020.0,1394364933132.0,별도,2020-12-31,KRW,745.1320492306461
6243.0,세아베스틸지주,1430.0,C,C,B,B,2022.0,통합 등급조정(2022.11),,사회 등급조정(2022.11),,,세아베스틸지주,세아베스틸지주,794,환경부,주식회사 세아베스틸지주,2022,업체,1차 철강 제조업,472.0,9.0,한국표준협회,,업체 우선,주식회사 세아베스틸지주,2,001430,2022.0,699556410636.0,별도,2022-12-31,KRW,0.6747132794778942
6242.0,세아베스틸지주,1430.0,A,A,A,A,2023.0,,,사회 등급조정(2024.07.),,,세아베스틸지주,세아베스틸지주,1140,환경부,주식회사 세아베스틸지주,2023,업체,1차 철강 제조업,467.0,9.0,한국표준협회,,업체 우선,주식회사 세아베스틸지주,5,001430,2023.0,59258960626.0,별도,2023-12-31,KRW,7.880664714107435
6241.0,세아베스틸지주,1430.0,A,A,B+,A,2024.0,,,사회 등급조정(2024.10.),,,세아베스틸지주,세아베스틸지주,856,기후에너지환경부,주식회사 세아베스틸지주,2024,업체,1차 철강 제조업,485.0,9.0,한국표준협회,,업체 우선,주식회사 세아베스틸지주,5,001430,2024.0,160825197208.0,별도,2024-12-31,KRW,3.015696597422698
6240.0,세아베스틸지주,1430.0,A,A,A,A,2025.0,,,,,,세아베스틸지주,세아베스틸지주,861,기후에너지환경부,주식회사 세아베스틸지주,2025,업체,1차 철강 제조업,497.0,10.0,한국표준협회,,업체 우선,주식회사 세아베스틸지주,5,001430,2025.0,88378083190.0,별도,2025-12-31,KRW,5.623566183615031
6232.0,세아제강,306200.0,B,B,B+,B,2020.0,,,,,,세아제강,세아제강,97,환경부,(주)세아제강,2020,사업장,산업,57273.0,1159.0,한국표준협회,,단일 사업장,(주)세아제강,3,306200,2020.0,1150466164558.0,별도,2020-12-31,KRW,49.7824288661317
6231.0,세아제강,306200.0,B+,B+,B+,B+,2021.0,,,,,,세아제강,세아제강,97,환경부,(주)세아제강,2021,사업장,산업,58932.0,1165.0,한국표준협회,,단일 사업장,(주)세아제강,4,306200,2021.0,1497360775818.0,별도,2021-12-31,KRW,39.35724840114485
6230.0,세아제강,306200.0,B+,B,B+,B+,2022.0,,,,,,세아제강,세아제강,93,환경부,(주)세아제강,2022,사업장,1차 철강 제조업,58090.0,1196.0,한국표준협회,,단일 사업장,(주)세아제강,3,306200,2022.0,1801835090460.0,별도,2022-12-31,KRW,32.239354371309254
6229.0,세아제강,306200.0,A,B+,A,A,2023.0,,,,,,세아제강,세아제강,137,환경부,(주)세아제강,2023,사업장,1차 철강 제조업,70201.0,1434.0,한국표준협회,,단일 사업장,(주)세아제강,4,306200,2023.0,1860904969919.0,별도,2023-12-31,KRW,37.72411871362547
6228.0,세아제강,306200.0,B+,B+,B+,B+,2024.0,,,,,,세아제강,세아제강,95,기후에너지환경부,(주)세아제강,2024,사업장,1차 철강 제조업,63961.0,1305.0,한국표준협회,,단일 사업장,(주)세아제강,4,306200,2024.0,1786196953156.0,별도,2024-12-31,KRW,35.80848119071552
6227.0,세아제강,306200.0,B+,B+,A,B+,2025.0,,,,,,세아제강,세아제강,95,기후에너지환경부,(주)세아제강,2025,사업장,1차 철강 제조업,60115.0,1215.0,한국표준협회,,단일 사업장,(주)세아제강,4,306200,2025.0,1372127828938.0,별도,2025-12-31,KRW,43.81151575835892
6211.0,세아특수강,19440.0,B,B,C,B,2020.0,,,,,,세아특수강,세아특수강,98,환경부,(주)세아특수강,2020,사업장,철강,24445.0,468.0,한국표준협회,,단일 사업장,(주)세아특수강,3,019440,2020.0,471793047290.0,별도,2020-12-31,KRW,51.812972108031595
6210.0,세아특수강,19440.0,B+,B+,B+,B+,2021.0,,,,,,세아특수강,세아특수강,98,환경부,(주)세아특수강,2021,사업장,산업,54939.0,1080.0,한국표준협회,,단일 사업장,(주)세아특수강,4,019440,2021.0,634630429694.0,별도,2021-12-31,KRW,86.56849314094498
6209.0,세아특수강,19440.0,B+,C,B+,A,2022.0,,,,,,세아특수강,세아특수강,94,환경부,(주)세아특수강,2022,사업장,1차 철강 제조업,54166.0,1067.0,한국표준협회,,단일 사업장,(주)세아특수강,2,019440,2022.0,760247863871.0,별도,2022-12-31,KRW,71.24781610592063
6208.0,세아특수강,19440.0,A,B+,A,A,2023.0,,,,,,세아특수강,세아특수강,138,환경부,(주)세아특수강,2023,사업장,1차 철강 제조업,51138.0,1032.0,한국표준협회,,단일 사업장,(주)세아특수강,4,019440,2023.0,742390188234.0,별도,2023-12-31,KRW,68.8829146862073
6207.0,세아특수강,19440.0,B+,B+,B+,B+,2024.0,,,,,,세아특수강,세아특수강,96,기후에너지환경부,(주)세아특수강,2024,사업장,1차 철강 제조업,54540.0,1100.0,한국표준협회,,단일 사업장,(주)세아특수강,4,019440,2024.0,752417101313.0,별도,2024-12-31,KRW,72.48639073304604
6206.0,세아특수강,19440.0,B+,B+,A,B+,2025.0,,,,,,세아특수강,세아특수강,96,기후에너지환경부,(주)세아특수강,2025,사업장,1차 철강 제조업,54160.0,1094.0,한국표준협회,,단일 사업장,(주)세아특수강,4,019440,2025.0,718998820049.0,별도,2025-12-31,KRW,75.32696645636912
6107.0,세하,27970.0,B,B+,B,B,2020.0,,,,,,세하,세하,548,환경부,세하(주),2020,업체,제지,158282.0,1839.0,이큐에이㈜,,업체 우선,세하(주),4,027970,2020.0,189516847155.0,별도,2020-12-31,KRW,835.1869629328838
6106.0,세하,27970.0,B,B,B,B,2021.0,,,,,,세하,세하,559,환경부,세하(주),2021,업체,산업,157368.0,1849.0,이큐에이㈜,,업체 우선,세하(주),3,027970,2021.0,204434563252.0,별도,2021-12-31,KRW,769.771987166463
6087.0,셀트리온,68270.0,B+,B,B,B+,2020.0,,,,,,셀트리온,셀트리온,550,환경부,셀트리온,2020,사업장,석유화학,52602.0,1066.0,산림조합중앙회,,단일 사업장,셀트리온,3,068270,2020.0,1689786996813.0,별도,2020-12-31,KRW,31.129367251144252
6086.0,셀트리온,68270.0,B,C,B+,B+,2021.0,,,,지배구조 등급조정(2022.04),,셀트리온,셀트리온,561,환경부,셀트리온,2021,사업장,산업,54615.0,1117.0,(주)한국경영인증원,,단일 사업장,셀트리온,2,068270,2021.0,1615839889808.0,별도,2021-12-31,KRW,33.79975970669319
6085.0,셀트리온,68270.0,B,C,B+,B,2022.0,,,,지배구조 등급조정(2022.11),,셀트리온,셀트리온,557,환경부,셀트리온,2022,사업장,기초 의약 물질 및 생물학적 제제 제조업,56517.0,1155.0,(주)한국경영인증원,,단일 사업장,셀트리온,2,068270,2022.0,1937469297473.0,별도,2022-12-31,KRW,29.170526765876456
6084.0,셀트리온,68270.0,B,B+,A+,C,2023.0,,,,,,셀트리온,셀트리온,801,환경부,셀트리온,2023,사업장,기초 의약 물질 및 생물학적 제제 제조업,64717.0,1352.0,(주)한국경영인증원,,단일 사업장,셀트리온,4,068270,2023.0,1873430064117.0,별도,2023-12-31,KRW,34.5446575453047
6083.0,셀트리온,68270.0,A,A,A+,A,2024.0,,,,,,셀트리온,셀트리온,582,기후에너지환경부,셀트리온,2024,사업장,기초 의약 물질 및 생물학적 제제 제조업,79174.0,1656.0,(주)한국경영인증원,,단일 사업장,셀트리온,5,068270,2024.0,3709213742987.0,별도,2024-12-31,KRW,21.345224483138526
6082.0,셀트리온,68270.0,A,A,A+,B+,2025.0,,,,,,셀트리온,셀트리온,590,기후에너지환경부,셀트리온,2025,사업장,기초 의약 물질 및 생물학적 제제 제조업,84191.0,1763.0,(주)한국경영인증원,,단일 사업장,셀트리온,5,068270,2025.0,2928637506047.0,별도,2025-12-31,KRW,28.74749771051005
6077.0,셀트리온제약,68760.0,D,D,C,D,2023.0,,,,,,셀트리온제약,셀트리온제약,142,산업통상자원부,(주)셀트리온제약,2023,사업장,석유화학,15706.0,321.0,한국표준협회,,단일 사업장,(주)셀트리온제약,1,068760,2023.0,388794335490.0,별도,2023-12-31,KRW,40.39667908279998
6076.0,셀트리온제약,68760.0,D,C,C,D,2024.0,,,,,,셀트리온제약,셀트리온제약,99,산업통상부,(주)셀트리온제약,2024,사업장,석유화학,15490.0,317.0,한국표준협회,,단일 사업장,(주)셀트리온제약,2,068760,2024.0,477835307770.0,별도,2024-12-31,KRW,32.41702684611141
6075.0,셀트리온제약,68760.0,C,B,B+,C,2025.0,,,,,,셀트리온제약,셀트리온제약,99,산업통상부,(주)셀트리온제약,2025,사업장,석유화학,14717.0,301.0,한국표준협회,,단일 사업장,(주)셀트리온제약,3,068760,2025.0,536400308882.0,별도,2025-12-31,KRW,27.436598667651996
6056.0,솔브레인,357780.0,B+,B+,A+,B,2024.0,,,,,,솔브레인,솔브레인,587,산업통상부,솔브레인 주식회사,2024,사업장,석유화학,48230.0,1092.0,한국표준협회,,단일 사업장,솔브레인 주식회사,4,357780,2024.0,798217403675.0,별도,2024-12-31,KRW,60.42213534551947
6055.0,솔브레인,357780.0,A,B+,A+,B+,2025.0,,,,,,솔브레인,솔브레인,595,산업통상부,솔브레인 주식회사,2025,업체,석유화학,50868.0,1145.0,한국표준협회,,업체 우선,솔브레인 주식회사,4,357780,2025.0,780891546823.0,별도,2025-12-31,KRW,65.14092796490463
6041.0,송원산업,4430.0,B,B+,B+,C,2020.0,,,,,,송원산업,송원산업,556,환경부,송원산업(주),2020,업체,석유화학,151611.0,2965.0,한국표준협회,,업체 우선,송원산업(주),4,004430,2020.0,618476000000.0,별도,2020-12-31,KRW,245.13643213317897
6040.0,송원산업,4430.0,C,B,B,C,2021.0,,,,,,송원산업,송원산업,567,환경부,송원산업(주),2021,업체,산업,161905.0,3224.0,한국표준협회,,업체 우선,송원산업(주),3,004430,2021.0,837825000000.0,별도,2021-12-31,KRW,193.24441261599975
6039.0,송원산업,4430.0,D,C,C,D,2022.0,,,,,,송원산업,송원산업,563,환경부,송원산업(주),2022,업체,기타 화학제품 제조업,137452.0,2802.0,한국표준협회,,업체 우선,송원산업(주),2,004430,2022.0,1145427000000.0,별도,2022-12-31,KRW,120.00066350801929
6038.0,송원산업,4430.0,C,B+,B+,D,2023.0,,,,,,송원산업,송원산업,808,환경부,송원산업(주),2023,업체,기타 화학제품 제조업,128812.0,2619.0,한국표준협회,,업체 우선,송원산업(주),4,004430,2023.0,792946000000.0,별도,2023-12-31,KRW,162.44737977113195
6037.0,송원산업,4430.0,C,B+,B+,D,2024.0,,,,,,송원산업,송원산업,589,기후에너지환경부,송원산업(주),2024,업체,기타 화학제품 제조업,143654.0,2913.0,한국표준협회,,업체 우선,송원산업(주),4,004430,2024.0,898264000000.0,별도,2024-12-31,KRW,159.9240312424855
6036.0,송원산업,4430.0,C,B+,A,D,2025.0,,,,,,송원산업,송원산업,597,기후에너지환경부,송원산업(주),2025,업체,기타 화학제품 제조업,120436.0,2653.0,한국표준협회,,업체 우선,송원산업(주),4,004430,2025.0,842453000000.0,별도,2025-12-31,KRW,142.95871698480508
6007.0,시그네틱스,33170.0,C,B,B,C,2020.0,,,,,,시그네틱스,시그네틱스,568,환경부,시그네틱스(주),2020,사업장,반도체,40981.0,837.0,(주)한국경영인증원,,단일 사업장,시그네틱스(주),3,033170,2020.0,201306717993.0,별도,2020-12-31,KRW,203.5749249134598
6006.0,시그네틱스,33170.0,C,B,B,C,2021.0,,,,,,시그네틱스,시그네틱스,579,환경부,시그네틱스(주),2021,사업장,산업,41264.0,854.0,(주)한국경영인증원,,단일 사업장,시그네틱스(주),3,033170,2021.0,269854343575.0,별도,2021-12-31,KRW,152.91212086245926
6005.0,시그네틱스,33170.0,D,C,D,D,2022.0,,,,,,시그네틱스,시그네틱스,576,환경부,시그네틱스(주),2022,사업장,반도체 제조업,42881.0,889.0,(주)한국경영인증원,,단일 사업장,시그네틱스(주),2,033170,2022.0,287600045582.0,별도,2022-12-31,KRW,149.09942004085616
6004.0,시그네틱스,33170.0,D,C,C,D,2023.0,,,,,,시그네틱스,시그네틱스,825,환경부,시그네틱스(주),2023,사업장,반도체 제조업,38048.0,789.0,(주)한국경영인증원,,단일 사업장,시그네틱스(주),2,033170,2023.0,185484580200.0,별도,2023-12-31,KRW,205.12756348249803
6003.0,시그네틱스,33170.0,C,C,C,C,2024.0,,,,,,시그네틱스,시그네틱스,604,기후에너지환경부,시그네틱스(주),2024,사업장,반도체 제조업,34225.0,710.0,(주)한국경영인증원,,단일 사업장,시그네틱스(주),2,033170,2024.0,118150985037.0,별도,2024-12-31,KRW,289.67172799517624
6002.0,시그네틱스,33170.0,D,C,C,D,2025.0,,,,,,시그네틱스,시그네틱스,611,기후에너지환경부,시그네틱스(주),2025,사업장,반도체 제조업,26171.0,543.0,(주)한국경영인증원,,단일 사업장,시그네틱스(주),2,033170,2025.0,103046699790.0,별도,2025-12-31,KRW,253.97222864326724
5981.0,신대양제지,16590.0,C,C,C,C,2020.0,,,,,,신대양제지,신대양제지,570,환경부,신대양제지(주),2020,업체,제지,212716.0,1768.0,한국표준협회,,업체 우선,신대양제지(주),2,016590,2020.0,189037601792.0,별도,2020-12-31,KRW,1125.2576100391582
5980.0,신대양제지,16590.0,C,C,C,B,2021.0,,,,,,신대양제지,신대양제지,581,환경부,신대양제지(주),2021,업체,산업,210095.0,1800.0,한국표준협회,,업체 우선,신대양제지(주),2,016590,2021.0,245038661571.0,별도,2021-12-31,KRW,857.3953132662085
5979.0,신대양제지,16590.0,D,D,C,D,2022.0,,,,,,신대양제지,신대양제지,578,환경부,신대양제지(주),2022,업체,"펄프, 종이 및 판지 제조업",213510.0,2700.0,한국표준협회,,업체 우선,신대양제지(주),1,016590,2022.0,226067372405.0,별도,2022-12-31,KRW,944.452964302591
5978.0,신대양제지,16590.0,D,C,D,D,2023.0,,,,,,신대양제지,신대양제지,827,환경부,신대양제지(주),2023,업체,"펄프, 종이 및 판지 제조업",237744.0,1659.0,한국표준협회,,업체 우선,신대양제지(주),2,016590,2023.0,218069628022.0,별도,2023-12-31,KRW,1090.2205967720326
5977.0,신대양제지,16590.0,D,C,D,D,2024.0,,,,,,신대양제지,신대양제지,606,기후에너지환경부,신대양제지(주),2024,업체,"펄프, 종이 및 판지 제조업",241875.0,2987.0,한국표준협회,,업체 우선,신대양제지(주),2,016590,2024.0,217560980424.0,별도,2024-12-31,KRW,1111.7572623942717
5976.0,신대양제지,16590.0,D,C,D,D,2025.0,,,,,,신대양제지,신대양제지,613,기후에너지환경부,신대양제지(주),2025,업체,"펄프, 종이 및 판지 제조업",229035.0,1581.0,한국표준협회,,업체 우선,신대양제지(주),2,016590,2025.0,195697398764.0,별도,2025-12-31,KRW,1170.3528071735038
5923.0,신성이엔지,11930.0,C,C,C,B,2020.0,,,,,,신성이엔지,신성이엔지,104,산업통상자원부,(주)신성이엔지,2020,사업장,반도체,10657.0,157.0,로이드인증원㈜,,단일 사업장,(주)신성이엔지,2,011930,2020.0,366980012342.0,별도,2020-12-31,KRW,29.039728708898764
5895.0,신세계,4170.0,A,B+,A,A,2020.0,,,,,,신세계,신세계,105,환경부,(주)신세계,2020,업체,건물,122985.0,2510.0,(주)한국경영인증원,,업체 우선,(주)신세계,4,004170,2020.0,1459802055854.0,별도,2020-12-31,KRW,84.24772352307207
5894.0,신세계,4170.0,A,A,A+,A,2021.0,,,,,,신세계,신세계,104,환경부,(주)신세계,2021,업체,건물,118980.0,2463.0,(주)한국경영인증원,,업체 우선,(주)신세계,5,004170,2021.0,1671594565275.0,별도,2021-12-31,KRW,71.1775465604162
5893.0,신세계,4170.0,A,A,A+,B+,2022.0,,,,,,신세계,신세계,99,환경부,(주)신세계,2022,업체,종합 소매업,123212.0,2561.0,(주)한국경영인증원,,업체 우선,(주)신세계,5,004170,2022.0,1865707316112.0,별도,2022-12-31,KRW,66.04036921330456
5892.0,신세계,4170.0,A,A,A+,A,2023.0,,,,,,신세계,신세계,147,환경부,(주)신세계,2023,업체,종합 소매업,124752.0,2602.0,(주)한국경영인증원,,업체 우선,(주)신세계,5,004170,2023.0,1911758589480.0,별도,2023-12-31,KRW,65.25510108152967
5891.0,신세계,4170.0,A,A,A+,A,2024.0,,,,,,신세계,신세계,102,기후에너지환경부,(주)신세계,2024,업체,종합 소매업,130801.0,2705.0,(주)한국경영인증원,,업체 우선,(주)신세계,5,004170,2024.0,1989928240821.0,별도,2024-12-31,KRW,65.73151599981034
5890.0,신세계,4170.0,A+,A+,A+,A,2025.0,,,,,,신세계,신세계,102,기후에너지환경부,(주)신세계,2025,업체,종합 소매업,130937.0,2706.0,(주)한국경영인증원,,업체 우선,(주)신세계,6,004170,2025.0,2002552906597.0,별도,2025-12-31,KRW,65.3850390512305
5741.0,신풍제지,2870.0,B,B+,C,B,2020.0,,,,,,신풍제지,신풍제지,581,환경부,신풍제지(주),2020,업체,제지,1078.0,20.0,(재)한국품질재단,,업체 우선,신풍제지(주),4,002870,2020.0,23988730091.0,별도,2020-12-31,KRW,44.93776852341341
5670.0,신화인터텍,56700.0,B,B,B,B,2020.0,,,,,,신화인터텍,신화인터텍,584,산업통상자원부,신화인터텍(주),2020,사업장,전기전자,17822.0,360.0,한국표준협회,,단일 사업장,신화인터텍(주),3,056700,2020.0,240937415106.0,별도,2020-12-31,KRW,73.96941646509838
5669.0,신화인터텍,56700.0,B,B,C,B,2021.0,,,,,,신화인터텍,신화인터텍,593,산업통상자원부,신화인터텍(주),2021,사업장,전기전자,16785.0,342.0,한국표준협회,,단일 사업장,신화인터텍(주),3,056700,2021.0,217835962799.0,별도,2021-12-31,KRW,77.05339276548993
5668.0,신화인터텍,56700.0,D,D,D,C,2022.0,,,,,,신화인터텍,신화인터텍,588,산업통상자원부,신화인터텍(주),2022,사업장,전기전자,15153.0,309.0,로이드인증원㈜,,단일 사업장,신화인터텍(주),1,056700,2022.0,184198656874.0,별도,2022-12-31,KRW,82.26444349355555
5667.0,신화인터텍,56700.0,C,C,C,C,2023.0,,,,,,신화인터텍,신화인터텍,839,산업통상자원부,신화인터텍(주),2023,사업장,전기전자,14196.0,290.0,로이드인증원㈜,,단일 사업장,신화인터텍(주),2,056700,2023.0,167878280668.0,별도,2023-12-31,KRW,84.5612663145767
5666.0,신화인터텍,56700.0,C,C,C,B,2024.0,,,,,,신화인터텍,신화인터텍,617,산업통상부,신화인터텍(주),2024,사업장,전기전자,14440.0,295.0,로이드인증원㈜,,단일 사업장,신화인터텍(주),2,056700,2024.0,230665533810.0,별도,2024-12-31,KRW,62.601463519444906
5665.0,신화인터텍,56700.0,C,C,C,B,2025.0,,,,,,신화인터텍,신화인터텍,624,산업통상부,신화인터텍(주),2025,사업장,전기전자,13230.0,269.0,로이드인증원㈜,,단일 사업장,신화인터텍(주),2,056700,2025.0,206806079674.0,별도,2025-12-31,KRW,63.972974202959556
5647.0,심텍,222800.0,C,C,B,D,2022.0,,,,,,심텍,심텍,802,환경부,주식회사 심텍,2022,사업장,전자 부품 제조업,101502.0,2042.0,㈜디엔브이비즈니스어슈어런스코리아,,단일 사업장,주식회사 심텍,2,222800,2022.0,1460905530595.0,별도,2022-12-31,KRW,69.47882520415956
5646.0,심텍,222800.0,B+,B+,B+,B,2023.0,,,,,,심텍,심텍,1153,환경부,주식회사 심텍,2023,사업장,전자 부품 제조업,104764.0,2150.0,㈜디엔브이비즈니스어슈어런스코리아,,단일 사업장,주식회사 심텍,4,222800,2023.0,813604104965.0,별도,2023-12-31,KRW,128.76532869079708
5645.0,심텍,222800.0,A,B+,A+,B+,2024.0,,,,,,심텍,심텍,865,기후에너지환경부,주식회사 심텍,2024,사업장,전자 부품 제조업,106014.0,2306.0,㈜디엔브이비즈니스어슈어런스코리아,,단일 사업장,주식회사 심텍,4,222800,2024.0,949490447607.0,별도,2024-12-31,KRW,111.65357194186313
5644.0,심텍,222800.0,A,A,A+,B+,2025.0,,,,,,심텍,심텍,870,기후에너지환경부,주식회사 심텍,2025,사업장,전자 부품 제조업,110394.0,2359.0,㈜디엔브이비즈니스어슈어런스코리아,,단일 사업장,주식회사 심텍,5,222800,2025.0,1097089873840.0,별도,2025-12-31,KRW,100.62439061040854
5629.0,쌍용씨앤이,3410.0,A,A,A,B+,2021.0,,,사회 등급조정(2022.04),,,쌍용씨앤이,쌍용씨앤이,596,환경부,쌍용씨앤이(주),2021,업체,산업,10610902.0,61361.0,한국표준협회,,업체 우선,쌍용씨앤이(주),5,003410,2021.0,1142259759742.0,별도,2021-12-31,KRW,9289.394911711383
5628.0,쌍용씨앤이,3410.0,B+,B+,B,B+,2022.0,,,사회 등급조정(2022.11),,,쌍용씨앤이,쌍용씨앤이,590,환경부,쌍용씨앤이(주),2022,업체,"시멘트, 석회, 플라스터 및 그 외 제품 제조업",10670032.0,63534.0,한국표준협회,,업체 우선,쌍용씨앤이(주),4,003410,2022.0,1329446840591.0,별도,2022-12-31,KRW,8025.918505516687
5627.0,쌍용씨앤이,3410.0,B+,B+,B,A,2023.0,,,,,,쌍용씨앤이,쌍용씨앤이,843,환경부,쌍용씨앤이(주),2023,업체,"시멘트, 석회, 플라스터 및 그 외 제품 제조업",10736622.0,64449.0,한국표준협회,,업체 우선,쌍용씨앤이(주),4,003410,2023.0,1453801146818.0,별도,2023-12-31,KRW,7385.206720671344
5608.0,쌍용자동차,3620.0,B+,B+,B,B+,2020.0,,,사회 등급조정(2020.10),,,쌍용자동차,쌍용자동차,588,환경부,쌍용자동차(주),2020,업체,자동차,111052.0,2207.0,㈜한국품질보증원,,업체 우선,쌍용자동차(주),4,003620,2020.0,2929789338247.0,별도,2020-12-31,KRW,37.90443174540545
5542.0,아난티,25980.0,D,B,C,D,2025.0,,,,,,아난티,아난티,872,국토교통부,주식회사 아난티,2025,사업장,건물,15653.0,322.0,(주)한국경영인증원,,단일 사업장,주식회사 아난티,3,025980,2025.0,123167066548.0,별도,2025-12-31,KRW,127.08754408711845
5469.0,아세아시멘트,183190.0,B+,B+,B+,B,2020.0,,,,,,아세아시멘트,아세아시멘트,598,환경부,아세아시멘트 주식회사,2020,업체,시멘트,2460584.0,14139.0,한국표준협회,,업체 우선,아세아시멘트 주식회사,4,183190,2020.0,352858952916.0,별도,2020-12-31,KRW,6973.279208777099
5468.0,아세아시멘트,183190.0,B+,B+,B+,B,2021.0,,,,,,아세아시멘트,아세아시멘트,606,환경부,아세아시멘트 주식회사,2021,업체,산업,2374957.0,12234.0,한국표준협회,,업체 우선,아세아시멘트 주식회사,4,183190,2021.0,399646734896.0,별도,2021-12-31,KRW,5942.6408190674565
5467.0,아세아시멘트,183190.0,C,B,B+,C,2022.0,,,,,,아세아시멘트,아세아시멘트,598,환경부,아세아시멘트 주식회사,2022,업체,"시멘트, 석회, 플라스터 및 그 외 제품 제조업",2343802.0,14488.0,한국표준협회,,업체 우선,아세아시멘트 주식회사,3,183190,2022.0,479630807248.0,별도,2022-12-31,KRW,4886.679430473079
5466.0,아세아시멘트,183190.0,B+,B+,A,B,2023.0,,,,,,아세아시멘트,아세아시멘트,853,환경부,아세아시멘트 주식회사,2023,업체,"시멘트, 석회, 플라스터 및 그 외 제품 제조업",2403681.0,15324.0,한국표준협회,,업체 우선,아세아시멘트 주식회사,4,183190,2023.0,561469557178.0,별도,2023-12-31,KRW,4281.053120815904
5465.0,아세아시멘트,183190.0,A,A,A,B+,2024.0,,,,,,아세아시멘트,아세아시멘트,628,기후에너지환경부,아세아시멘트 주식회사,2024,업체,"시멘트, 석회, 플라스터 및 그 외 제품 제조업",2114034.0,13832.0,한국표준협회,,업체 우선,아세아시멘트 주식회사,5,183190,2024.0,507855908000.0,별도,2024-12-31,KRW,4162.66497386105
5464.0,아세아시멘트,183190.0,B+,A,B+,B,2025.0,,,,,,아세아시멘트,아세아시멘트,635,기후에너지환경부,아세아시멘트 주식회사,2025,업체,"시멘트, 석회, 플라스터 및 그 외 제품 제조업",2189851.0,13593.0,한국표준협회,,업체 우선,아세아시멘트 주식회사,5,183190,2025.0,456605366000.0,별도,2025-12-31,KRW,4795.93794348882
5455.0,아세아제지,2310.0,B,C,B,B,2020.0,,,,,,아세아제지,아세아제지,599,환경부,아세아제지(주),2020,업체,제지,494588.0,4335.0,한국표준협회,,업체 우선,아세아제지(주),2,002310,2020.0,428031026932.0,별도,2020-12-31,KRW,1155.4956740988166
5454.0,아세아제지,2310.0,B,C,B+,B,2021.0,,,,,,아세아제지,아세아제지,607,환경부,아세아제지(주),2021,업체,산업,502240.0,4447.0,한국표준협회,,업체 우선,아세아제지(주),2,002310,2021.0,537598608010.0,별도,2021-12-31,KRW,934.228609443605
5453.0,아세아제지,2310.0,C,C,B+,D,2022.0,,,,,,아세아제지,아세아제지,599,환경부,아세아제지(주),2022,업체,"펄프, 종이 및 판지 제조업",480855.0,4492.0,한국표준협회,,업체 우선,아세아제지(주),2,002310,2022.0,598684603560.0,별도,2022-12-31,KRW,803.1858463382194
5452.0,아세아제지,2310.0,C,B,B+,D,2023.0,,,,,,아세아제지,아세아제지,854,환경부,아세아제지(주),2023,업체,"펄프, 종이 및 판지 제조업",455531.0,4341.0,한국표준협회,,업체 우선,아세아제지(주),3,002310,2023.0,531151927596.0,별도,2023-12-31,KRW,857.6284417562764
5451.0,아세아제지,2310.0,B+,B+,A,B,2024.0,,,,,,아세아제지,아세아제지,629,기후에너지환경부,아세아제지(주),2024,업체,"펄프, 종이 및 판지 제조업",466661.0,4339.0,한국표준협회,,업체 우선,아세아제지(주),4,002310,2024.0,525917216623.0,별도,2024-12-31,KRW,887.3278631121952
5450.0,아세아제지,2310.0,B+,B+,A,B,2025.0,,,,,,아세아제지,아세아제지,636,기후에너지환경부,아세아제지(주),2025,업체,"펄프, 종이 및 판지 제조업",445541.0,4270.0,한국표준협회,,업체 우선,아세아제지(주),4,002310,2025.0,485295773072.0,별도,2025-12-31,KRW,918.0813531089589
5429.0,아시아나항공,20560.0,C,B+,B+,D,2020.0,통합 등급조정(2021.7),,,지배구조 등급조정(2021.7),,아시아나항공,아시아나항공,600,환경부,아시아나항공,2020,업체,수송,309897.0,4542.0,로이드인증원㈜,,업체 우선,아시아나항공,4,020560,2020.0,3559873869229.0,별도,2020-12-31,KRW,87.05280338123826
5428.0,아시아나항공,20560.0,C,B+,A,D,2021.0,통합 등급조정(2021.10),,,지배구조 등급조정(2021.10),,아시아나항공,아시아나항공,608,환경부,아시아나항공,2021,업체,수송,307634.0,4517.0,로이드인증원㈜,,업체 우선,아시아나항공,4,020560,2021.0,4100566963799.0,별도,2021-12-31,KRW,75.0223085529105
5427.0,아시아나항공,20560.0,B,B+,A,C,2022.0,,,,,,아시아나항공,아시아나항공,600,환경부,아시아나항공,2022,업체,항공 여객 운송업,316892.0,4665.0,로이드인증원㈜,,업체 우선,아시아나항공,4,020560,2022.0,5630017478049.0,별도,2022-12-31,KRW,56.28614853071723
5426.0,아시아나항공,20560.0,B+,A,A,B,2023.0,통합 등급조정(2024.07.),,,지배구조 등급조정(2024.07.),,아시아나항공,아시아나항공,855,환경부,아시아나항공,2023,업체,항공 여객 운송업,332356.0,4883.0,㈜디엔브이비즈니스어슈어런스코리아,,업체 우선,아시아나항공,5,020560,2023.0,6532127311775.0,별도,2023-12-31,KRW,50.88020856557489
5425.0,아시아나항공,20560.0,B+,A,B+,B+,2024.0,통합 등급조정(2024.10.),,,지배구조 등급조정(2024.10.),,아시아나항공,아시아나항공,630,기후에너지환경부,아시아나항공,2024,업체,항공 여객 운송업,306178.0,4511.0,㈜디엔브이비즈니스어슈어런스코리아,,업체 우선,아시아나항공,5,020560,2024.0,7059213368703.0,별도,2024-12-31,KRW,43.372821305761796
5424.0,아시아나항공,20560.0,B+,A,B+,B+,2025.0,,,,,,아시아나항공,아시아나항공,637,기후에너지환경부,아시아나항공,2025,업체,항공 여객 운송업,326401.0,4795.0,㈜디엔브이비즈니스어슈어런스코리아,,업체 우선,아시아나항공,5,020560,2025.0,6196915766740.0,별도,2025-12-31,KRW,52.67152439796824
5345.0,아주스틸,139990.0,C,C,C,C,2023.0,,,,,,아주스틸,아주스틸,857,산업통상자원부,아주스틸(주),2023,사업장,기계,10821.0,208.0,한국표준협회,,단일 사업장,아주스틸(주),2,139990,2023.0,502585346315.0,별도,2023-12-31,KRW,21.53067151547598
5344.0,아주스틸,139990.0,D,C,D,D,2024.0,,,,,,아주스틸,아주스틸,632,산업통상부,아주스틸(주),2024,사업장,기계,13780.0,255.0,한국표준협회,,단일 사업장,아주스틸(주),2,139990,2024.0,548974392987.0,별도,2024-12-31,KRW,25.10135295204255
5343.0,아주스틸,139990.0,C,C,B,D,2025.0,,,,,,아주스틸,아주스틸,639,산업통상부,아주스틸(주),2025,사업장,기계,13577.0,251.0,한국표준협회,,단일 사업장,아주스틸(주),2,139990,2025.0,595626053228.0,별도,2025-12-31,KRW,22.794503239774926
5269.0,애경케미칼,161000.0,B,B,C,B,2021.0,,,,,,애경케미칼,애경케미칼,614,환경부,애경케미칼(주),2021,업체,산업,164957.0,1702.0,한국표준협회,,업체 우선,애경케미칼(주),3,161000,2021.0,1116312988328.0,별도,2021-12-31,KRW,147.76948913500556
5268.0,애경케미칼,161000.0,B+,B+,A,B+,2022.0,,,,,,애경케미칼,애경케미칼,606,환경부,애경케미칼(주),2022,업체,기초 화학물질 제조업,178597.0,1969.0,한국표준협회,,업체 우선,애경케미칼(주),4,161000,2022.0,1712779789861.0,별도,2022-12-31,KRW,104.27318272741529
5267.0,애경케미칼,161000.0,A,A,A,B+,2023.0,,,,,,애경케미칼,애경케미칼,865,환경부,애경케미칼(주),2023,업체,기초 화학물질 제조업,180260.0,1880.0,(주)한국경영인증원,,업체 우선,애경케미칼(주),5,161000,2023.0,1414480485182.0,별도,2023-12-31,KRW,127.4390151637943
5266.0,애경케미칼,161000.0,B+,B+,A,B+,2024.0,,,,,,애경케미칼,애경케미칼,637,기후에너지환경부,애경케미칼(주),2024,업체,기초 화학물질 제조업,165838.0,1828.0,(주)한국경영인증원,,업체 우선,애경케미칼(주),4,161000,2024.0,1310224794277.0,별도,2024-12-31,KRW,126.57217351127268
5265.0,애경케미칼,161000.0,A,A,A+,A,2025.0,,,,,,애경케미칼,애경케미칼,644,기후에너지환경부,애경케미칼(주),2025,업체,기초 화학물질 제조업,146386.0,1633.0,(주)한국경영인증원,,업체 우선,애경케미칼(주),5,161000,2025.0,1108517746000.0,별도,2025-12-31,KRW,132.05562159759958
5223.0,에스엘,5850.0,C,B,B+,D,2020.0,,,,지배구조 등급조정(2020.10),,에스엘,에스엘,615,산업통상자원부,에스엘 주식회사,2020,업체,전기전자,50354.0,1030.0,(재)한국품질재단,,업체 우선,에스엘 주식회사,3,005850,2020.0,1739395059952.0,별도,2020-12-31,KRW,28.94914511335312
5222.0,에스엘,5850.0,B+,B+,B+,B+,2021.0,,,,,,에스엘,에스엘,623,산업통상자원부,에스엘 주식회사,2021,업체,전기전자,49817.0,1032.0,(재)한국품질재단,,업체 우선,에스엘 주식회사,4,005850,2021.0,1994229561933.0,별도,2021-12-31,KRW,24.980574428809764
5221.0,에스엘,5850.0,B+,B,B+,B+,2022.0,,,사회 등급조정(2022.11),,,에스엘,에스엘,616,산업통상자원부,에스엘 주식회사,2022,업체,전기전자,50877.0,1059.0,(재)한국품질재단,,업체 우선,에스엘 주식회사,3,005850,2022.0,2351608869278.0,별도,2022-12-31,KRW,21.63497538415921
5220.0,에스엘,5850.0,B+,B+,A,B+,2023.0,,,,,,에스엘,에스엘,876,산업통상자원부,에스엘 주식회사,2023,업체,전기전자,55666.0,1157.0,(재)한국품질재단,,업체 우선,에스엘 주식회사,4,005850,2023.0,2655510930000.0,별도,2023-12-31,KRW,20.96244431575358
5219.0,에스엘,5850.0,B,B+,A,C,2024.0,,,,,,에스엘,에스엘,647,산업통상부,에스엘 주식회사,2024,업체,전기전자,54187.0,1126.0,(재)한국품질재단,,업체 우선,에스엘 주식회사,4,005850,2024.0,2682077165889.0,별도,2024-12-31,KRW,20.20337098766478
5218.0,에스엘,5850.0,A,B+,A+,B+,2025.0,,,,,,에스엘,에스엘,653,산업통상부,에스엘 주식회사,2025,사업장,전기전자,52904.0,1099.0,(재)한국품질재단,,단일 사업장,에스엘 주식회사,4,005850,2025.0,2969029410392.0,별도,2025-12-31,KRW,17.818617698709527
5150.0,에스티팜,237690.0,A,A,A+,B+,2025.0,,,,,,에스티팜,에스티팜,682,산업통상부,에스티팜 주식회사,2025,사업장,석유화학,24014.0,437.0,㈜디엔브이비즈니스어슈어런스코리아,,단일 사업장,에스티팜 주식회사,5,237690,2025.0,293178341057.0,별도,2025-12-31,KRW,81.90918849401353
5133.0,에어부산,298690.0,C,C,B+,C,2020.0,통합 등급조정(2021.7),,,지배구조 등급조정(2021.7),,에어부산,에어부산,642,환경부,에어부산(주),2020,업체,수송,177298.0,2543.0,한국표준협회,,업체 우선,에어부산(주),2,298690,2020.0,189917868363.0,별도,2020-12-31,KRW,933.5509161313933
5132.0,에어부산,298690.0,C,C,B,D,2021.0,,,,지배구조 등급조정(2021.10),,에어부산,에어부산,652,환경부,에어부산(주),2021,업체,수송,217656.0,3122.0,한국표준협회,,업체 우선,에어부산(주),2,298690,2021.0,176501762277.0,별도,2021-12-31,KRW,1233.1661576183753
5131.0,에어부산,298690.0,D,C,C,D,2022.0,,,,,,에어부산,에어부산,649,환경부,에어부산(주),2022,업체,항공 여객 운송업,213859.0,3070.0,한국표준협회,,업체 우선,에어부산(주),2,298690,2022.0,404992920145.0,별도,2022-12-31,KRW,528.0561445949027
5130.0,에어부산,298690.0,C,C,B,D,2023.0,,,,,,에어부산,에어부산,918,환경부,에어부산(주),2023,업체,항공 여객 운송업,172964.0,2480.0,한국표준협회,,업체 우선,에어부산(주),2,298690,2023.0,890440348608.0,별도,2023-12-31,KRW,194.24546548276894
5129.0,에어부산,298690.0,C,B+,B+,D,2024.0,통합 등급조정(2024.10.),,,지배구조 등급조정(2024.10.),,에어부산,에어부산,683,기후에너지환경부,에어부산(주),2024,업체,항공 여객 운송업,163093.0,2341.0,한국표준협회,,업체 우선,에어부산(주),4,298690,2024.0,1006762846981.0,별도,2024-12-31,KRW,161.99743612815098
5128.0,에어부산,298690.0,B,B+,B+,C,2025.0,,,,,,에어부산,에어부산,686,기후에너지환경부,에어부산(주),2025,업체,항공 여객 운송업,121442.0,1744.0,한국표준협회,,업체 우선,에어부산(주),4,298690,2025.0,832585465461.0,별도,2025-12-31,KRW,145.86130197787915
5052.0,에이프로젠바이오로직스,3060.0,D,C,D,D,2024.0,,,,,,에이프로젠바이오로직스,에이프로젠바이오로직스,880,산업통상부,주식회사 에이프로젠바이오로직스,2024,사업장,의약품 제조업,17335.0,356.0,로이드인증원㈜,,단일 사업장,주식회사 에이프로젠바이오로직스,2,003060,2024.0,53011524412.0,별도,2024-12-31,KRW,327.0043673008571
5051.0,에이프로젠바이오로직스,3060.0,D,C,D,D,2025.0,,,,,,에이프로젠바이오로직스,에이프로젠바이오로직스,885,기후에너지환경부,주식회사 에이프로젠바이오로직스,2025,사업장,의약품 제조업,24128.0,494.0,로이드인증원㈜,,단일 사업장,주식회사 에이프로젠바이오로직스,2,003060,2025.0,48840894266.0,별도,2025-12-31,KRW,494.01224860037865
5020.0,에코프로비엠,247540.0,B,B,B,B+,2021.0,,,,,,에코프로비엠,에코프로비엠,122,산업통상자원부,(주)에코프로비엠,2021,사업장,전기전자,79997.0,1668.0,(주)한국경영인증원,,단일 사업장,(주)에코프로비엠,3,247540,2021.0,1486137572535.0,별도,2021-12-31,KRW,53.82879854355879
5019.0,에코프로비엠,247540.0,B,C,B+,B,2022.0,,,,,,에코프로비엠,에코프로비엠,119,산업통상자원부,(주)에코프로비엠,2022,사업장,전기전자,122737.0,2562.0,(주)한국경영인증원,,단일 사업장,(주)에코프로비엠,2,247540,2022.0,3415313943369.0,별도,2022-12-31,KRW,35.93725263187003
5018.0,에코프로비엠,247540.0,B,B+,A,C,2023.0,,,,,,에코프로비엠,에코프로비엠,182,환경부,(주)에코프로비엠,2023,사업장,일차전지 및 축전지 제조업,125140.0,2611.0,(주)한국경영인증원,,단일 사업장,(주)에코프로비엠,4,247540,2023.0,3145636831544.0,별도,2023-12-31,KRW,39.782087603093224
5017.0,에코프로비엠,247540.0,C,B,B+,D,2024.0,,,,,,에코프로비엠,에코프로비엠,122,기후에너지환경부,(주)에코프로비엠,2024,사업장,일차전지 및 축전지 제조업,68312.0,1424.0,(주)한국경영인증원,,단일 사업장,(주)에코프로비엠,3,247540,2024.0,693442524615.0,별도,2024-12-31,KRW,98.5114087687756
5016.0,에코프로비엠,247540.0,B+,B,A,B,2025.0,,,,,,에코프로비엠,에코프로비엠,125,기후에너지환경부,(주)에코프로비엠,2025,사업장,일차전지 및 축전지 제조업,89198.0,1861.0,(주)한국경영인증원,,단일 사업장,(주)에코프로비엠,3,247540,2025.0,964951507323.0,별도,2025-12-31,KRW,92.43780575819402
4932.0,엘앤에프,66970.0,B,B,B+,B,2020.0,,,,,,엘앤에프,엘앤에프,652,산업통상자원부,엘앤에프,2020,사업장,전기전자,32719.0,632.0,(재)한국품질재단,,단일 사업장,엘앤에프,3,066970,2020.0,355967910793.0,별도,2020-12-31,KRW,91.9155884784978
4931.0,엘앤에프,66970.0,B+,B,B+,B+,2021.0,,,,,,엘앤에프,엘앤에프,662,환경부,엘앤에프,2021,사업장,산업,92047.0,1858.0,(재)한국품질재단,,단일 사업장,엘앤에프,3,066970,2021.0,966422607511.0,별도,2021-12-31,KRW,95.24508148362237
4930.0,엘앤에프,66970.0,C,D,B,C,2022.0,,,,,,엘앤에프,엘앤에프,666,환경부,엘앤에프,2022,사업장,전자 부품 제조업,122213.0,2466.0,(재)한국품질재단,,단일 사업장,엘앤에프,1,066970,2022.0,3886225572896.0,별도,2022-12-31,KRW,31.447737067132557
4929.0,엘앤에프,66970.0,C,B,B,C,2023.0,,,,,,엘앤에프,엘앤에프,952,환경부,엘앤에프,2023,사업장,전자 부품 제조업,151192.0,3057.0,(재)한국품질재단,,단일 사업장,엘앤에프,3,066970,2023.0,4600044289859.0,별도,2023-12-31,KRW,32.867509631007124
4928.0,엘앤에프,66970.0,B,B+,A,C,2024.0,,,,,,엘앤에프,엘앤에프,709,기후에너지환경부,엘앤에프,2024,사업장,전자 부품 제조업,138295.0,2842.0,(재)한국품질재단,,단일 사업장,엘앤에프,4,066970,2024.0,1903173521972.0,별도,2024-12-31,KRW,72.66547080620568
4927.0,엘앤에프,66970.0,B+,B+,A,B,2025.0,,,,,,엘앤에프,엘앤에프,712,기후에너지환경부,엘앤에프,2025,사업장,전자 부품 제조업,138417.0,2835.0,(재)한국품질재단,,단일 사업장,엘앤에프,4,066970,2025.0,2149618578656.0,별도,2025-12-31,KRW,64.39142337825443
4925.0,엘에스일렉트릭,10120.0,A,B+,A,A,2022.0,,,,,,엘에스일렉트릭,엘에스일렉트릭,669,산업통상자원부,엘에스일렉트릭(주),2022,사업장,전기전자,20547.0,426.0,(주)한국경영인증원,,단일 사업장,엘에스일렉트릭(주),4,010120,2022.0,2283473364459.0,별도,2022-12-31,KRW,8.998134298303055
4924.0,엘에스일렉트릭,10120.0,A,A,A+,A,2023.0,,,,,,엘에스일렉트릭,엘에스일렉트릭,956,산업통상자원부,엘에스일렉트릭(주),2023,사업장,전기전자,18486.0,384.0,(주)한국경영인증원,,단일 사업장,엘에스일렉트릭(주),5,010120,2023.0,3004306322312.0,별도,2023-12-31,KRW,6.153167492512507
4923.0,엘에스일렉트릭,10120.0,A,A,A,A,2024.0,,,,,,엘에스일렉트릭,엘에스일렉트릭,712,산업통상부,엘에스일렉트릭(주),2024,사업장,전기전자,16427.0,340.0,(주)한국경영인증원,,단일 사업장,엘에스일렉트릭(주),5,010120,2024.0,3108461007496.0,별도,2024-12-31,KRW,5.28460867303356
4922.0,엘에스일렉트릭,10120.0,A,A+,A,A,2025.0,,,,,,엘에스일렉트릭,엘에스일렉트릭,715,산업통상부,엘에스일렉트릭(주),2025,사업장,전기전자,18630.0,386.0,(주)한국경영인증원,,단일 사업장,엘에스일렉트릭(주),6,010120,2025.0,3462741368949.0,별도,2025-12-31,KRW,5.3801303692670865
4899.0,영보화학,14440.0,B,B,B,B,2020.0,,,,,,영보화학,영보화학,665,산업통상자원부,영보화학(주),2020,사업장,석유화학,14402.0,272.0,(주)한국경영인증원,,단일 사업장,영보화학(주),3,014440,2020.0,86456974789.0,별도,2020-12-31,KRW,166.57996691589514
4898.0,영보화학,14440.0,B,B,C,B,2021.0,,,,,,영보화학,영보화학,675,산업통상자원부,영보화학(주),2021,사업장,석유화학,13978.0,265.0,(주)한국경영인증원,,단일 사업장,영보화학(주),3,014440,2021.0,84279154652.0,별도,2021-12-31,KRW,165.85358571424985
4897.0,영보화학,14440.0,D,C,C,D,2022.0,,,,,,영보화학,영보화학,679,산업통상자원부,영보화학(주),2022,사업장,석유화학,13159.0,251.0,(주)한국경영인증원,,단일 사업장,영보화학(주),2,014440,2022.0,80968867288.0,별도,2022-12-31,KRW,162.5192551254849
4896.0,영보화학,14440.0,D,C,C,D,2023.0,,,,,,영보화학,영보화학,971,산업통상자원부,영보화학(주),2023,사업장,석유화학,12126.0,231.0,(주)한국경영인증원,,단일 사업장,영보화학(주),2,014440,2023.0,72876510920.0,별도,2023-12-31,KRW,166.3910613573595
4843.0,영풍,670.0,C,D,B,D,2020.0,,환경 등급조정(2020.10),,,,영풍,영풍,795,환경부,주식회사 영풍,2020,업체,비철금속,1147625.0,18681.0,(재)한국품질재단,,업체 우선,주식회사 영풍,1,000670,2020.0,1233370463396.0,별도,2020-12-31,KRW,930.478744269661
4842.0,영풍,670.0,C,D,C,B+,2021.0,,환경 등급조정(2022.01),,,,영풍,영풍,811,환경부,주식회사 영풍,2021,업체,산업,1201539.0,19211.0,(재)한국품질재단,,업체 우선,주식회사 영풍,1,000670,2021.0,1334459543690.0,별도,2021-12-31,KRW,900.3937254459938
4841.0,영풍,670.0,B,C,B+,B,2022.0,,,,,,영풍,영풍,824,환경부,주식회사 영풍,2022,업체,1차 비철금속 제조업,1072320.0,18799.0,(재)한국품질재단,,업체 우선,주식회사 영풍,2,000670,2022.0,1793609461249.0,별도,2022-12-31,KRW,597.855900722824
4840.0,영풍,670.0,B+,B+,B+,B,2023.0,,,사회 등급조정(2024.04.),,,영풍,영풍,1185,환경부,주식회사 영풍,2023,업체,1차 비철금속 제조업,1109762.0,18984.0,(재)한국품질재단,,업체 우선,주식회사 영풍,4,000670,2023.0,1546654798272.0,별도,2023-12-31,KRW,717.5240404257507
4839.0,영풍,670.0,B,C,B,B+,2024.0,,환경 등급조정(2025.01.),,,,영풍,영풍,887,기후에너지환경부,주식회사 영풍,2024,업체,1차 비철금속 제조업,766796.0,13573.0,(재)한국품질재단,,업체 우선,주식회사 영풍,2,000670,2024.0,1053314451951.0,별도,2024-12-31,KRW,727.9839354522321
4838.0,영풍,670.0,C,B,A,D,2025.0,통합 등급조정(2026.07.),,,지배구조 등급조정(2026.07.),,영풍,영풍,893,기후에너지환경부,주식회사 영풍,2025,업체,1차 비철금속 제조업,617308.0,10730.0,(재)한국품질재단,,업체 우선,주식회사 영풍,3,000670,2025.0,1192666327316.0,별도,2025-12-31,KRW,517.5865083650028
4823.0,영풍제지,6740.0,B,B,C,B,2020.0,,,,,,영풍제지,영풍제지,669,환경부,영풍제지(주),2020,업체,제지,116866.0,1077.0,한국표준협회,,업체 우선,영풍제지(주),3,006740,2020.0,98155184916.0,별도,2020-12-31,KRW,1190.624826391112
4822.0,영풍제지,6740.0,B,B,C,B,2021.0,,,,,,영풍제지,영풍제지,679,환경부,영풍제지(주),2021,업체,산업,115395.0,1091.0,한국표준협회,,업체 우선,영풍제지(주),3,006740,2021.0,120613711549.0,별도,2021-12-31,KRW,956.7320209122338
4821.0,영풍제지,6740.0,D,C,D,D,2022.0,,,,,,영풍제지,영풍제지,683,환경부,영풍제지(주),2022,사업장,"펄프, 종이 및 판지 제조업",104904.0,1472.0,한국표준협회,,단일 사업장,영풍제지(주),2,006740,2022.0,105452638864.0,별도,2022-12-31,KRW,994.7972960192342
4819.0,영풍제지,6740.0,D,C,D,D,2024.0,통합 등급조정(2024.10.),,,지배구조 등급조정(2024.10.),,영풍제지,영풍제지,728,기후에너지환경부,영풍제지(주),2024,사업장,"펄프, 종이 및 판지 제조업",91679.0,1329.0,한국표준협회,,단일 사업장,영풍제지(주),2,006740,2024.0,81851012283.0,별도,2024-12-31,KRW,1120.0716697677449
4810.0,영화금속,12280.0,B,B,C,B,2020.0,,,,,,영화금속,영화금속,670,환경부,영화금속(주),2020,업체,철강,86925.0,1275.0,한국표준협회,,업체 우선,영화금속(주),3,012280,2020.0,179397569568.0,별도,2020-12-31,KRW,484.5383368867291
4809.0,영화금속,12280.0,C,C,C,B+,2021.0,,,,,,영화금속,영화금속,680,환경부,영화금속(주),2021,업체,산업,95331.0,1408.0,한국표준협회,,업체 우선,영화금속(주),2,012280,2021.0,235523771275.0,별도,2021-12-31,KRW,404.7616912888616
4808.0,영화금속,12280.0,D,D,D,C,2022.0,,,,,,영화금속,영화금속,684,환경부,영화금속(주),2022,사업장,금속 주조업,91372.0,1334.0,한국표준협회,,단일 사업장,영화금속(주),1,012280,2022.0,284850842623.0,별도,2022-12-31,KRW,320.77138743426787
4807.0,영화금속,12280.0,C,C,D,C,2023.0,,,,,,영화금속,영화금속,979,환경부,영화금속(주),2023,사업장,금속 주조업,80900.0,1156.0,한국표준협회,,단일 사업장,영화금속(주),2,012280,2023.0,292311699831.0,별도,2023-12-31,KRW,276.75936353821055
4806.0,영화금속,12280.0,D,C,D,D,2024.0,,,,,,영화금속,영화금속,729,기후에너지환경부,영화금속(주),2024,사업장,금속 주조업,87847.0,1290.0,(재)한국품질재단,,단일 사업장,영화금속(주),2,012280,2024.0,301699111405.0,별도,2024-12-31,KRW,291.1742086043947
4805.0,영화금속,12280.0,C,C,C,C,2025.0,,,,,,영화금속,영화금속,731,기후에너지환경부,영화금속(주),2025,사업장,금속 주조업,89054.0,1316.0,(재)한국품질재단,,단일 사업장,영화금속(주),2,012280,2025.0,351423851427.0,별도,2025-12-31,KRW,253.4090945688098
4770.0,오뚜기,7310.0,B+,B+,A,B,2020.0,,,,,,오뚜기,오뚜기,128,환경부,(주)오뚜기,2020,사업장,산업,58050.0,1167.0,한국표준협회,,단일 사업장,(주)오뚜기,4,007310,2020.0,2305213296317.0,별도,2020-12-31,KRW,25.182051523277906
4769.0,오뚜기,7310.0,A,B+,A+,B+,2021.0,,,,,,오뚜기,오뚜기,130,환경부,(주)오뚜기,2021,사업장,산업,94342.0,1901.0,한국표준협회,,단일 사업장,(주)오뚜기,4,007310,2021.0,2414545654494.0,별도,2021-12-31,KRW,39.07236122224851
4768.0,오뚜기,7310.0,C,C,B+,C,2022.0,,,,,,오뚜기,오뚜기,126,환경부,(주)오뚜기,2022,사업장,기타 식품 제조업,89065.0,1801.0,한국표준협회,,단일 사업장,(주)오뚜기,2,007310,2022.0,2759810712771.0,별도,2022-12-31,KRW,32.272140834823375
4767.0,오뚜기,7310.0,B+,B+,A,B+,2023.0,,,,,,오뚜기,오뚜기,191,환경부,(주)오뚜기,2023,사업장,기타 식품 제조업,89711.0,1812.0,한국표준협회,,단일 사업장,(주)오뚜기,4,007310,2023.0,2872350951592.0,별도,2023-12-31,KRW,31.232604062632976
4766.0,오뚜기,7310.0,A,A,A+,B+,2024.0,,,,,,오뚜기,오뚜기,131,기후에너지환경부,(주)오뚜기,2024,사업장,기타 식품 제조업,93135.0,1877.0,한국표준협회,,단일 사업장,(주)오뚜기,5,007310,2024.0,2926767214446.0,별도,2024-12-31,KRW,31.821799677235102
4765.0,오뚜기,7310.0,A,A,A+,B+,2025.0,,,,,,오뚜기,오뚜기,134,기후에너지환경부,(주)오뚜기,2025,사업장,기타 식품 제조업,87975.0,1840.0,한국표준협회,,단일 사업장,(주)오뚜기,5,007310,2025.0,2988655024536.0,별도,2025-12-31,KRW,29.436318102206677
4747.0,오리온,271560.0,B+,B,B+,A,2020.0,,,,,,오리온,오리온,129,환경부,(주)오리온,2020,업체,음식료품,67947.0,1335.0,한국표준협회,,업체 우선,(주)오리온,3,271560,2020.0,769223241057.0,별도,2020-12-31,KRW,88.3319644718913
4746.0,오리온,271560.0,A,A,A,B+,2021.0,,,,,,오리온,오리온,131,환경부,(주)오리온,2021,업체,산업,65129.0,1295.0,한국표준협회,,업체 우선,(주)오리온,5,271560,2021.0,807371801173.0,별도,2021-12-31,KRW,80.66791521003897
4745.0,오리온,271560.0,A,B+,A,A,2022.0,,,,,,오리온,오리온,127,환경부,(주)오리온,2022,사업장,기타 식품 제조업,67703.0,1370.0,한국표준협회,,단일 사업장,(주)오리온,4,271560,2022.0,939112571506.0,별도,2022-12-31,KRW,72.0925286852764
4744.0,오리온,271560.0,A,A,A,B+,2023.0,,,,,,오리온,오리온,192,환경부,(주)오리온,2023,사업장,기타 식품 제조업,71408.0,1424.0,로이드인증원㈜,,단일 사업장,(주)오리온,5,271560,2023.0,1069993639125.0,별도,2023-12-31,KRW,66.73684533152434
4743.0,오리온,271560.0,A,A,A,B+,2024.0,,,,,,오리온,오리온,132,기후에너지환경부,(주)오리온,2024,사업장,기타 식품 제조업,74067.0,1481.0,로이드인증원㈜,,단일 사업장,(주)오리온,5,271560,2024.0,1097613165124.0,별도,2024-12-31,KRW,67.48005795979358
4742.0,오리온,271560.0,B+,B+,A,B+,2025.0,,,,,,오리온,오리온,135,기후에너지환경부,(주)오리온,2025,사업장,기타 식품 제조업,75362.0,1504.0,로이드인증원㈜,,단일 사업장,(주)오리온,4,271560,2025.0,1145838309534.0,별도,2025-12-31,KRW,65.77018709616098
4392.0,유니드,14830.0,B,B,B,B,2020.0,,,,,,유니드,유니드,690,환경부,유니드,2020,업체,석유화학,385154.0,9795.0,로이드인증원㈜,,업체 우선,유니드,3,014830,2020.0,566442617892.0,별도,2020-12-31,KRW,679.952369109054
4391.0,유니드,14830.0,B+,B,B+,B+,2021.0,,,,,,유니드,유니드,700,환경부,유니드,2021,업체,산업,351589.0,9781.0,로이드인증원㈜,,업체 우선,유니드,3,014830,2021.0,677076892107.0,별도,2021-12-31,KRW,519.2748476556154
4390.0,유니드,14830.0,B,C,B+,B,2022.0,,,,,,유니드,유니드,828,환경부,주식회사 유니드,2022,업체,기초 화학물질 제조업,307436.0,7580.0,로이드인증원㈜,,업체 우선,주식회사 유니드,2,014830,2022.0,792569991946.0,별도,2022-12-31,KRW,387.89760289201877
4389.0,유니드,14830.0,B+,B+,B+,B,2023.0,,,,,,유니드,유니드,1190,환경부,주식회사 유니드,2023,업체,기초 화학물질 제조업,285162.0,7132.0,로이드인증원㈜,,업체 우선,주식회사 유니드,4,014830,2023.0,645797699907.0,별도,2023-12-31,KRW,441.5655243756142
4388.0,유니드,14830.0,B,B,B+,B,2024.0,,,,,,유니드,유니드,891,기후에너지환경부,주식회사 유니드,2024,업체,기초 화학물질 제조업,300606.0,7482.0,로이드인증원㈜,,업체 우선,주식회사 유니드,3,014830,2024.0,609300695576.0,별도,2024-12-31,KRW,493.36231220911924
4387.0,유니드,14830.0,C,B,B+,C,2025.0,,,,,,유니드,유니드,897,기후에너지환경부,주식회사 유니드,2025,업체,기초 화학물질 제조업,291574.0,7365.0,로이드인증원㈜,,업체 우선,주식회사 유니드,3,014830,2025.0,601750378042.0,별도,2025-12-31,KRW,484.5431106312478
4386.0,유니드비티플러스,446070.0,C,C,C,C,2024.0,,,,,,유니드비티플러스,유니드비티플러스,892,기후에너지환경부,주식회사 유니드비티플러스,2024,업체,나무제품 제조업,54199.0,2217.0,로이드인증원㈜,,업체 우선,주식회사 유니드비티플러스,2,446070,2024.0,194894088152.0,별도,2024-12-31,KRW,278.0946334181754
4385.0,유니드비티플러스,446070.0,C,C,C,C,2025.0,,,,,,유니드비티플러스,유니드비티플러스,898,기후에너지환경부,주식회사 유니드비티플러스,2025,업체,나무제품 제조업,49165.0,2066.0,로이드인증원㈜,,업체 우선,주식회사 유니드비티플러스,2,446070,2025.0,157531389366.0,별도,2025-12-31,KRW,312.096530081206
4372.0,유니온,910.0,C,C,B,C,2020.0,,,,,,유니온,유니온,137,환경부,(주)유니온,2020,업체,산업,170797.0,1399.0,한국표준협회,,업체 우선,(주)유니온,2,000910,2020.0,95684087387.0,별도,2020-12-31,KRW,1785.0094479053903
4371.0,유니온,910.0,B,B,B,B,2021.0,,,,,,유니온,유니온,140,환경부,(주)유니온,2021,업체,산업,160634.0,1301.0,한국표준협회,,업체 우선,(주)유니온,3,000910,2021.0,97661147472.0,별도,2021-12-31,KRW,1644.8096726085946
4370.0,유니온,910.0,C,C,C,B,2022.0,,,,,,유니온,유니온,138,환경부,(주)유니온,2022,업체,"시멘트, 석회, 플라스터 및 그 외 제품 제조업",153644.0,1301.0,한국표준협회,,업체 우선,(주)유니온,2,000910,2022.0,108834339415.0,별도,2022-12-31,KRW,1411.7235499922017
4369.0,유니온,910.0,C,C,C,B,2023.0,,,,,,유니온,유니온,211,환경부,(주)유니온,2023,업체,"시멘트, 석회, 플라스터 및 그 외 제품 제조업",144922.0,1195.0,한국표준협회,,업체 우선,(주)유니온,2,000910,2023.0,107966915620.0,별도,2023-12-31,KRW,1342.2815606779673
4368.0,유니온,910.0,C,C,C,B,2024.0,,,,,,유니온,유니온,146,기후에너지환경부,(주)유니온,2024,업체,"시멘트, 석회, 플라스터 및 그 외 제품 제조업",142490.0,1162.0,한국표준협회,,업체 우선,(주)유니온,2,000910,2024.0,108495691681.0,별도,2024-12-31,KRW,1313.324038883962
4367.0,유니온,910.0,C,C,C,C,2025.0,,,,,,유니온,유니온,148,기후에너지환경부,(주)유니온,2025,업체,"시멘트, 석회, 플라스터 및 그 외 제품 제조업",113709.0,907.0,한국표준협회,,업체 우선,(주)유니온,2,000910,2025.0,100286221018.0,별도,2025-12-31,KRW,1133.8446981623806
4356.0,유니온머티리얼,47400.0,D,D,D,C,2022.0,,,,,,유니온머티리얼,유니온머티리얼,706,환경부,유니온머티리얼(주),2022,사업장,"내화, 비내화 요업제품 제조업",43244.0,878.0,(재)한국품질재단,,단일 사업장,유니온머티리얼(주),1,047400,2022.0,125640564049.0,별도,2022-12-31,KRW,344.18820328707517
4355.0,유니온머티리얼,47400.0,C,C,D,C,2023.0,,,,,,유니온머티리얼,유니온머티리얼,1007,환경부,유니온머티리얼(주),2023,사업장,"내화, 비내화 요업제품 제조업",38832.0,787.0,(재)한국품질재단,,단일 사업장,유니온머티리얼(주),2,047400,2023.0,116134685546.0,별도,2023-12-31,KRW,334.37038915147326
4354.0,유니온머티리얼,47400.0,C,C,D,C,2024.0,,,,,,유니온머티리얼,유니온머티리얼,756,기후에너지환경부,유니온머티리얼(주),2024,사업장,"내화, 비내화 요업제품 제조업",37845.0,763.0,(재)한국품질재단,,단일 사업장,유니온머티리얼(주),2,047400,2024.0,108302728044.0,별도,2024-12-31,KRW,349.43718116338454
4353.0,유니온머티리얼,47400.0,D,C,D,D,2025.0,,,,,,유니온머티리얼,유니온머티리얼,758,기후에너지환경부,유니온머티리얼(주),2025,사업장,"내화, 비내화 요업제품 제조업",35633.0,720.0,(재)한국품질재단,,단일 사업장,유니온머티리얼(주),2,047400,2025.0,101381267232.0,별도,2025-12-31,KRW,351.475188394102
4308.0,유성기업,2920.0,C,C,C,C,2022.0,,,,,,유성기업,유성기업,708,산업통상자원부,유성기업(주),2022,사업장,자동차,14955.0,307.0,(주)비에스아이그룹코리아,,단일 사업장,유성기업(주),2,002920,2022.0,295645302285.0,별도,2022-12-31,KRW,50.58426392848104
4307.0,유성기업,2920.0,C,C,C,C,2023.0,,,,,,유성기업,유성기업,1009,산업통상자원부,유성기업(주),2023,사업장,자동차,14327.0,294.0,(주)비에스아이그룹코리아,,단일 사업장,유성기업(주),2,002920,2023.0,310001569106.0,별도,2023-12-31,KRW,46.21589510439257
4306.0,유성기업,2920.0,C,C,C,B,2024.0,,,,,,유성기업,유성기업,758,산업통상부,유성기업(주),2024,사업장,자동차,13596.0,279.0,(주)비에스아이그룹코리아,,단일 사업장,유성기업(주),2,002920,2024.0,322931471519.0,별도,2024-12-31,KRW,42.10181168173962
4305.0,유성기업,2920.0,C,C,C,C,2025.0,,,,,,유성기업,유성기업,760,산업통상부,유성기업(주),2025,사업장,자동차,13750.0,275.0,(주)비에스아이그룹코리아,,단일 사업장,유성기업(주),2,002920,2025.0,303146324924.0,별도,2025-12-31,KRW,45.35763382072067
4199.0,유한양행,100.0,A,B+,A+,A,2023.0,,,,,,유한양행,유한양행,214,산업통상자원부,(주)유한양행,2023,사업장,석유화학,17136.0,351.0,(재)한국품질재단,,단일 사업장,(주)유한양행,4,000100,2023.0,1809082040265.0,별도,2023-12-31,KRW,9.472207240247583
4198.0,유한양행,100.0,A,B+,A+,A,2024.0,,,,,,유한양행,유한양행,149,산업통상부,(주)유한양행,2024,사업장,석유화학,17597.0,362.0,(재)한국품질재단,,단일 사업장,(주)유한양행,4,000100,2024.0,2008355122464.0,별도,2024-12-31,KRW,8.761896640276788
4197.0,유한양행,100.0,A,B+,A+,A,2025.0,,,,,,유한양행,유한양행,151,산업통상부,(주)유한양행,2025,사업장,석유화학,17405.0,357.0,(재)한국품질재단,,단일 사업장,(주)유한양행,4,000100,2025.0,2105660561260.0,별도,2025-12-31,KRW,8.265814690277084
4172.0,율촌화학,8730.0,B,C,B+,B+,2020.0,,,,,,율촌화학,율촌화학,696,환경부,율촌화학(주),2020,사업장,석유화학,51626.0,890.0,한국가스안전공사,,단일 사업장,율촌화학(주),2,008730,2020.0,498548879649.0,별도,2020-12-31,KRW,103.5525343800731
4171.0,율촌화학,8730.0,B,B,B,B+,2021.0,,,,,,율촌화학,율촌화학,706,환경부,율촌화학(주),2021,사업장,산업,99514.0,1846.0,한국가스안전공사,,단일 사업장,율촌화학(주),3,008730,2021.0,512575795029.0,별도,2021-12-31,KRW,194.1449459086725
4170.0,율촌화학,8730.0,C,C,C,C,2022.0,,,,,,율촌화학,율촌화학,712,환경부,율촌화학(주),2022,사업장,플라스틱 제품 제조업,92917.0,1715.0,한국가스안전공사,,단일 사업장,율촌화학(주),2,008730,2022.0,481497588239.0,별도,2022-12-31,KRW,192.9750060427696
4169.0,율촌화학,8730.0,D,C,C,D,2023.0,,,,,,율촌화학,율촌화학,1016,환경부,율촌화학(주),2023,사업장,플라스틱 제품 제조업,84865.0,1572.0,(주)한국경영인증원,,단일 사업장,율촌화학(주),2,008730,2023.0,393256337345.0,별도,2023-12-31,KRW,215.80071810908606
4168.0,율촌화학,8730.0,C,C,C,C,2024.0,,,,,,율촌화학,율촌화학,763,기후에너지환경부,율촌화학(주),2024,사업장,플라스틱 제품 제조업,81954.0,1509.0,(주)한국경영인증원,,단일 사업장,율촌화학(주),2,008730,2024.0,435923420542.0,별도,2024-12-31,KRW,188.00091056842854
4167.0,율촌화학,8730.0,D,C,C,D,2025.0,,,,,,율촌화학,율촌화학,765,기후에너지환경부,율촌화학(주),2025,사업장,플라스틱 제품 제조업,87772.0,1601.0,(주)한국경영인증원,,단일 사업장,율촌화학(주),2,008730,2025.0,465716549251.0,별도,2025-12-31,KRW,188.46656864816478
4144.0,이구산업,25820.0,B,B,C,B,2020.0,,,,,,이구산업,이구산업,700,환경부,이구산업(주),2020,사업장,비철금속,29971.0,614.0,한국생산성본부인증원(주),,단일 사업장,이구산업(주),3,025820,2020.0,202936444956.0,별도,2020-12-31,KRW,147.6866316767213
4143.0,이구산업,25820.0,B,B,C,B+,2021.0,,,,,,이구산업,이구산업,710,환경부,이구산업(주),2021,사업장,산업,33795.0,700.0,한국생산성본부인증원(주),,단일 사업장,이구산업(주),3,025820,2021.0,334356731952.0,별도,2021-12-31,KRW,101.07468093345159
4142.0,이구산업,25820.0,C,C,C,C,2022.0,,,,,,이구산업,이구산업,716,환경부,이구산업(주),2022,사업장,1차 비철금속 제조업,32986.0,685.0,한국생산성본부인증원(주),,단일 사업장,이구산업(주),2,025820,2022.0,429618752228.0,별도,2022-12-31,KRW,76.77970253610863
4141.0,이구산업,25820.0,C,C,D,C,2023.0,,,,,,이구산업,이구산업,1022,환경부,이구산업(주),2023,사업장,1차 비철금속 제조업,34607.0,713.0,한국생산성본부인증원(주),,단일 사업장,이구산업(주),2,025820,2023.0,433373177732.0,별도,2023-12-31,KRW,79.85496513907728
4140.0,이구산업,25820.0,C,C,D,B,2024.0,,,,,,이구산업,이구산업,768,기후에너지환경부,이구산업(주),2024,사업장,1차 비철금속 제조업,36264.0,748.0,한국생산성본부인증원(주),,단일 사업장,이구산업(주),2,025820,2024.0,472292427806.0,별도,2024-12-31,KRW,76.7829375720923
4139.0,이구산업,25820.0,C,C,D,C,2025.0,,,,,,이구산업,이구산업,770,기후에너지환경부,이구산업(주),2025,사업장,1차 비철금속 제조업,35955.0,744.0,한국생산성본부인증원(주),,단일 사업장,이구산업(주),2,025820,2025.0,507783563654.0,별도,2025-12-31,KRW,70.80772709787723
4128.0,이녹스첨단소재,272290.0,C,C,B,B,2020.0,,,,,,이녹스첨단소재,이녹스첨단소재,141,산업통상자원부,(주)이녹스첨단소재,2020,사업장,전기전자,24193.0,470.0,(재)한국품질재단,,단일 사업장,(주)이녹스첨단소재,2,272290,2020.0,327751149242.0,별도,2020-12-31,KRW,73.81514925562239
4127.0,이녹스첨단소재,272290.0,B,B,D,B+,2021.0,,,,,,이녹스첨단소재,이녹스첨단소재,144,산업통상자원부,(주)이녹스첨단소재,2021,사업장,전기전자,25783.0,526.0,(재)한국품질재단,,단일 사업장,(주)이녹스첨단소재,3,272290,2021.0,445851069116.0,별도,2021-12-31,KRW,57.82872754150976
4126.0,이녹스첨단소재,272290.0,C,C,C,C,2022.0,,,,,,이녹스첨단소재,이녹스첨단소재,142,산업통상자원부,(주)이녹스첨단소재,2022,사업장,전기전자,27554.0,511.0,(재)한국품질재단,,단일 사업장,(주)이녹스첨단소재,2,272290,2022.0,432761215889.0,별도,2022-12-31,KRW,63.670215787237716
4125.0,이녹스첨단소재,272290.0,B+,B+,B+,B+,2023.0,,,,,,이녹스첨단소재,이녹스첨단소재,218,환경부,(주)이녹스첨단소재,2023,사업장,전자 부품 제조업,28019.0,513.0,㈜디엔브이비즈니스어슈어런스코리아,,단일 사업장,(주)이녹스첨단소재,4,272290,2023.0,359397009572.0,별도,2023-12-31,KRW,77.96113838945784
4124.0,이녹스첨단소재,272290.0,B+,B+,B,B+,2024.0,,,,,,이녹스첨단소재,이녹스첨단소재,151,기후에너지환경부,(주)이녹스첨단소재,2024,사업장,전자 부품 제조업,30420.0,556.0,㈜디엔브이비즈니스어슈어런스코리아,,단일 사업장,(주)이녹스첨단소재,4,272290,2024.0,399987133307.0,별도,2024-12-31,KRW,76.05244635869799
4123.0,이녹스첨단소재,272290.0,B+,B+,B+,B,2025.0,,,,,,이녹스첨단소재,이녹스첨단소재,153,기후에너지환경부,(주)이녹스첨단소재,2025,사업장,전자 부품 제조업,29981.0,570.0,(재)한국품질재단,,단일 사업장,(주)이녹스첨단소재,4,272290,2025.0,397080900924.0,별도,2025-12-31,KRW,75.50350553309102
4107.0,이마트,139480.0,A,A,A+,A,2020.0,,,,,,이마트,이마트,142,환경부,(주)이마트,2020,업체,건물,520557.0,10650.0,한국표준협회,,업체 우선,(주)이마트,5,139480,2020.0,14213755649917.0,별도,2020-12-31,KRW,36.62346622674914
4106.0,이마트,139480.0,A,A,A,A,2021.0,,,,,,이마트,이마트,145,환경부,(주)이마트,2021,업체,건물,527716.0,10958.0,한국표준협회,,업체 우선,(주)이마트,5,139480,2021.0,15053811467511.0,별도,2021-12-31,KRW,35.05530816158499
4105.0,이마트,139480.0,A,A+,A,B+,2022.0,,,,,,이마트,이마트,143,환경부,(주)이마트,2022,업체,종합 소매업,541669.0,11350.0,한국표준협회,,업체 우선,(주)이마트,6,139480,2022.0,15486823898928.0,별도,2022-12-31,KRW,34.97611928275974
4103.0,이마트,139480.0,A,A,A,A,2024.0,,,,,,이마트,이마트,152,기후에너지환경부,(주)이마트,2024,업체,종합 소매업,522497.0,10881.0,한국표준협회,,업체 우선,(주)이마트,5,139480,2024.0,15569631870848.0,별도,2024-12-31,KRW,33.55872536577464
4102.0,이마트,139480.0,A+,A+,A+,A,2025.0,,,,,,이마트,이마트,154,기후에너지환경부,(주)이마트,2025,업체,종합 소매업,551659.0,11488.0,한국표준협회,,업체 우선,(주)이마트,6,139480,2025.0,16628856457648.0,별도,2025-12-31,KRW,33.17480076907388
4087.0,이수페타시스,7660.0,B,B+,B+,C,2020.0,,,,,,이수페타시스,이수페타시스,143,환경부,(주)이수페타시스,2020,사업장,전기전자,52566.0,712.0,이큐에이㈜,,단일 사업장,(주)이수페타시스,4,007660,2020.0,335067412097.0,별도,2020-12-31,KRW,156.88186347642326
4086.0,이수페타시스,7660.0,B,B,A,C,2021.0,,,,,,이수페타시스,이수페타시스,146,환경부,(주)이수페타시스,2021,사업장,산업,51187.0,696.0,이큐에이㈜,,단일 사업장,(주)이수페타시스,3,007660,2021.0,363498873220.0,별도,2021-12-31,KRW,140.81749290325902
4085.0,이수페타시스,7660.0,C,B,B+,D,2022.0,,,,,,이수페타시스,이수페타시스,144,환경부,(주)이수페타시스,2022,사업장,전자 부품 제조업,41275.0,741.0,(주)한국경영인증원,,단일 사업장,(주)이수페타시스,3,007660,2022.0,497212502161.0,별도,2022-12-31,KRW,83.01279597880051
4084.0,이수페타시스,7660.0,C,B,B+,C,2023.0,,,,,,이수페타시스,이수페타시스,221,환경부,(주)이수페타시스,2023,사업장,전자 부품 제조업,59064.0,833.0,(주)한국경영인증원,,단일 사업장,(주)이수페타시스,3,007660,2023.0,579045332646.0,별도,2023-12-31,KRW,102.00237644624767
4083.0,이수페타시스,7660.0,B,B+,A,C,2024.0,,,,,,이수페타시스,이수페타시스,153,기후에너지환경부,(주)이수페타시스,2024,사업장,전자 부품 제조업,49020.0,951.0,(주)한국경영인증원,,단일 사업장,(주)이수페타시스,4,007660,2024.0,718728999128.0,별도,2024-12-31,KRW,68.20373194830549
4082.0,이수페타시스,7660.0,B,B+,A+,D,2025.0,,,,,,이수페타시스,이수페타시스,155,기후에너지환경부,(주)이수페타시스,2025,사업장,전자 부품 제조업,53980.0,1046.0,(주)한국경영인증원,,단일 사업장,(주)이수페타시스,4,007660,2025.0,929664876365.0,별도,2025-12-31,KRW,58.06393397485597
4073.0,이수화학,5950.0,C,B,B,C,2020.0,통합 등급조정(2020.10),,,지배구조 등급조정(2020.10),,이수화학,이수화학,144,환경부,(주)이수화학,2020,업체,석유화학,299652.0,5136.0,한국표준협회,,업체 우선,(주)이수화학,3,005950,2020.0,943467230910.0,별도,2020-12-31,KRW,317.60721536770006
4072.0,이수화학,5950.0,B,B,B+,B,2021.0,,,,,,이수화학,이수화학,147,환경부,(주)이수화학,2021,업체,산업,340851.0,5369.0,한국표준협회,,업체 우선,(주)이수화학,3,005950,2021.0,1318676349069.0,별도,2021-12-31,KRW,258.47964911226666
4071.0,이수화학,5950.0,C,B,B+,D,2022.0,,,,,,이수화학,이수화학,145,환경부,(주)이수화학,2022,업체,기초 화학물질 제조업,235526.0,4193.0,한국표준협회,,업체 우선,(주)이수화학,3,005950,2022.0,1696522989837.0,별도,2022-12-31,KRW,138.82865213788176
4069.0,이수화학,5950.0,B,B+,B+,C,2024.0,,,,,,이수화학,이수화학,154,기후에너지환경부,(주)이수화학,2024,업체,기초 화학물질 제조업,277942.0,5001.0,한국표준협회,,업체 우선,(주)이수화학,4,005950,2024.0,1475020061000.0,별도,2024-12-31,KRW,188.43269142493378
4068.0,이수화학,5950.0,C,B,B+,D,2025.0,,,,,,이수화학,이수화학,156,기후에너지환경부,(주)이수화학,2025,업체,기초 화학물질 제조업,264175.0,4732.0,한국표준협회,,업체 우선,(주)이수화학,3,005950,2025.0,1377711851000.0,별도,2025-12-31,KRW,191.74909456447725
3890.0,인터지스,129260.0,B+,B,B,B+,2020.0,,,,,,인터지스,인터지스,712,국토교통부,인터지스(주),2020,사업장,교통(화물),33532.0,491.0,(주)한국경영인증원,,단일 사업장,인터지스(주),3,129260,2020.0,418388179226.0,별도,2020-12-31,KRW,80.14566774336873
3889.0,인터지스,129260.0,B,B,C,B+,2021.0,,,,,,인터지스,인터지스,722,환경부,인터지스(주),2021,사업장,수송,35322.0,521.0,(주)한국경영인증원,,단일 사업장,인터지스(주),3,129260,2021.0,543201653709.0,별도,2021-12-31,KRW,65.025575233102
3888.0,인터지스,129260.0,C,C,B,C,2022.0,,,,,,인터지스,인터지스,731,환경부,인터지스(주),2022,사업장,도로 화물 운송업,35033.0,524.0,(주)한국경영인증원,,단일 사업장,인터지스(주),2,129260,2022.0,667448083617.0,별도,2022-12-31,KRW,52.48797750703094
3887.0,인터지스,129260.0,C,C,C,C,2023.0,,,,,,인터지스,인터지스,1042,환경부,인터지스(주),2023,사업장,도로 화물 운송업,32986.0,490.0,(주)한국경영인증원,,단일 사업장,인터지스(주),2,129260,2023.0,561979646988.0,별도,2023-12-31,KRW,58.696075875332106
3886.0,인터지스,129260.0,C,C,C,C,2024.0,,,,,,인터지스,인터지스,784,기후에너지환경부,인터지스(주),2024,사업장,도로 화물 운송업,32691.0,485.0,(주)한국경영인증원,,단일 사업장,인터지스(주),2,129260,2024.0,645084717101.0,별도,2024-12-31,KRW,50.67706478447173
3885.0,인터지스,129260.0,C,C,C,B,2025.0,,,,,,인터지스,인터지스,786,기후에너지환경부,인터지스(주),2025,사업장,도로 화물 운송업,32941.0,491.0,(주)한국경영인증원,,단일 사업장,인터지스(주),2,129260,2025.0,655838784174.0,별도,2025-12-31,KRW,50.22728267204834
3882.0,인터플렉스,51370.0,C,B,B,C,2020.0,,,,,,인터플렉스,인터플렉스,148,환경부,(주)인터플렉스,2020,사업장,전기전자,47926.0,980.0,한국표준협회,,단일 사업장,(주)인터플렉스,3,051370,2020.0,248803864005.0,별도,2020-12-31,KRW,192.62562577821086
3881.0,인터플렉스,51370.0,B,B,C,B,2021.0,,,,,,인터플렉스,인터플렉스,151,환경부,(주)인터플렉스,2021,사업장,산업,37985.0,797.0,한국표준협회,,단일 사업장,(주)인터플렉스,3,051370,2021.0,310349778628.0,별도,2021-12-31,KRW,122.39415851341923
3880.0,인터플렉스,51370.0,D,C,D,D,2022.0,,,,,,인터플렉스,인터플렉스,151,환경부,(주)인터플렉스,2022,사업장,전자 부품 제조업,33983.0,709.0,로이드인증원㈜,,단일 사업장,(주)인터플렉스,2,051370,2022.0,273339645209.0,별도,2022-12-31,KRW,124.32517783512903
3879.0,인터플렉스,51370.0,D,C,C,D,2023.0,,,,,,인터플렉스,인터플렉스,229,환경부,(주)인터플렉스,2023,사업장,전자 부품 제조업,34848.0,728.0,로이드인증원㈜,,단일 사업장,(주)인터플렉스,2,051370,2023.0,261742311108.0,별도,2023-12-31,KRW,133.13858142568716
3878.0,인터플렉스,51370.0,C,C,B,C,2024.0,,,,,,인터플렉스,인터플렉스,158,기후에너지환경부,(주)인터플렉스,2024,사업장,전자 부품 제조업,36807.0,769.0,로이드인증원㈜,,단일 사업장,(주)인터플렉스,2,051370,2024.0,269372727809.0,별도,2024-12-31,KRW,136.63966764333387
3877.0,인터플렉스,51370.0,C,B,B,C,2025.0,,,,,,인터플렉스,인터플렉스,160,기후에너지환경부,(주)인터플렉스,2025,사업장,전자 부품 제조업,34977.0,732.0,로이드인증원㈜,,단일 사업장,(주)인터플렉스,3,051370,2025.0,269834783787.0,별도,2025-12-31,KRW,129.6237627674046
3797.0,일신방직,3200.0,B,B,B,B,2020.0,,,,,,일신방직,일신방직,715,환경부,일신방직(주),2020,업체,섬유,60771.0,1237.0,한국표준협회,,업체 우선,일신방직(주),3,003200,2020.0,293767617617.0,별도,2020-12-31,KRW,206.86759314374225
3796.0,일신방직,3200.0,B+,B,B,A,2021.0,,,,,,일신방직,일신방직,725,환경부,일신방직(주),2021,업체,산업,53148.0,1112.0,한국표준협회,,업체 우선,일신방직(주),3,003200,2021.0,414426568010.0,별도,2021-12-31,KRW,128.24467373124003
3795.0,일신방직,3200.0,D,C,C,D,2022.0,,,,,,일신방직,일신방직,735,환경부,일신방직(주),2022,사업장,방적 및 가공사 제조업,52688.0,1098.0,한국표준협회,,단일 사업장,일신방직(주),2,003200,2022.0,388541993551.0,별도,2022-12-31,KRW,135.60438993599846
3794.0,일신방직,3200.0,D,C,C,D,2023.0,,,,,,일신방직,일신방직,1049,환경부,일신방직(주),2023,사업장,방적 및 가공사 제조업,50724.0,1060.0,로이드인증원㈜,,단일 사업장,일신방직(주),2,003200,2023.0,320133947703.0,별도,2023-12-31,KRW,158.44617655812783
3793.0,일신방직,3200.0,D,C,C,D,2024.0,,,,,,일신방직,일신방직,787,기후에너지환경부,일신방직(주) ,2024,사업장,방적 및 가공사 제조업,50727.0,1059.0,로이드인증원㈜,,단일 사업장,일신방직(주),2,003200,2024.0,321401331196.0,별도,2024-12-31,KRW,157.83070907402427
3792.0,일신방직,3200.0,D,C,C,D,2025.0,,,,,,일신방직,일신방직,789,기후에너지환경부,일신방직(주) ,2025,사업장,방적 및 가공사 제조업,48806.0,1024.0,로이드인증원㈜,,단일 사업장,일신방직(주),2,003200,2025.0,288639066004.0,별도,2025-12-31,KRW,169.09007043185085
3713.0,일진머티리얼즈,20150.0,C,B,C,C,2020.0,,,,,,일진머티리얼즈,일진머티리얼즈,717,환경부,일진머티리얼즈 주식회사,2020,업체,비철금속,111175.0,2368.0,한국생산성본부인증원(주),,업체 우선,일진머티리얼즈 주식회사,3,020150,2020.0,291789000000.0,별도,2020-12-31,KRW,381.01162141136234
3712.0,일진머티리얼즈,20150.0,C,C,C,B,2021.0,,,,,,일진머티리얼즈,일진머티리얼즈,727,환경부,일진머티리얼즈 주식회사,2021,업체,산업,112770.0,2424.0,㈜디엔브이비즈니스어슈어런스코리아,,업체 우선,일진머티리얼즈 주식회사,2,020150,2021.0,352950947336.0,별도,2021-12-31,KRW,319.50615475369705
3697.0,일진전기,103590.0,D,C,C,D,2025.0,,,,,,일진전기,일진전기,792,산업통상부,일진전기(주),2025,사업장,비철금속,14993.0,301.0,(주)한국경영인증원,,단일 사업장,일진전기(주),2,103590,2025.0,2018227476000.0,별도,2025-12-31,KRW,7.4287959005073025
3643.0,전방,950.0,C,C,B+,C,2020.0,,,,,,전방,전방,724,산업통상자원부,전방(주),2020,업체,섬유,44092.0,948.0,이큐에이㈜,,업체 우선,전방(주),2,000950,2020.0,104767955102.0,별도,2020-12-31,KRW,420.85387614059
3642.0,전방,950.0,C,C,B,B,2021.0,,,,,,전방,전방,734,산업통상자원부,전방(주),2021,업체,섬유,45205.0,984.0,이큐에이㈜,,업체 우선,전방(주),2,000950,2021.0,133745227330.0,별도,2021-12-31,KRW,337.9933692023431
3641.0,전방,950.0,D,C,C,D,2022.0,,,,,,전방,전방,743,산업통상자원부,전방(주),2022,업체,섬유,40056.0,843.0,(주)한국경영인증원,,업체 우선,전방(주),2,000950,2022.0,124914049101.0,별도,2022-12-31,KRW,320.6684939626966
3640.0,전방,950.0,D,C,C,D,2023.0,,,,,,전방,전방,1057,산업통상자원부,전방(주),2023,업체,섬유,35256.0,733.0,(주)한국경영인증원,,업체 우선,전방(주),2,000950,2023.0,94772410649.0,별도,2023-12-31,KRW,372.0069982241399
3639.0,전방,950.0,D,C,D,D,2024.0,,,,,,전방,전방,795,산업통상부,전방(주),2024,업체,섬유,17410.0,362.0,(주)한국경영인증원,,업체 우선,전방(주),2,000950,2024.0,57235842614.0,별도,2024-12-31,KRW,304.18002434966303
3638.0,전방,950.0,D,C,D,D,2025.0,,,,,,전방,전방,799,산업통상부,전방(주),2025,사업장,섬유,13549.0,282.0,(주)한국경영인증원,,단일 사업장,전방(주),2,000950,2025.0,40776455996.0,별도,2025-12-31,KRW,332.2750756301406
3515.0,제주항공,89590.0,B,C,B+,B+,2020.0,,,,,,제주항공,제주항공,734,환경부,제주항공(주),2020,업체,항공,216608.0,3104.0,(재)한국화학융합시험연구원,,업체 우선,제주항공(주),2,089590,2020.0,374030897575.0,별도,2020-12-31,KRW,579.11793224667
3514.0,제주항공,89590.0,B+,B,B+,B+,2021.0,,,,,,제주항공,제주항공,744,환경부,제주항공(주),2021,업체,수송,306835.0,4396.0,(재)한국화학융합시험연구원,,업체 우선,제주항공(주),3,089590,2021.0,270775568307.0,별도,2021-12-31,KRW,1133.1709205467034
3513.0,제주항공,89590.0,B,C,B+,B+,2022.0,,,,,,제주항공,제주항공,753,환경부,제주항공(주),2022,업체,항공 여객 운송업,300011.0,4302.0,(재)한국화학융합시험연구원,,업체 우선,제주항공(주),2,089590,2022.0,695615699175.0,별도,2022-12-31,KRW,431.288426002767
3512.0,제주항공,89590.0,A,A,A+,B+,2023.0,,,,,,제주항공,제주항공,1070,환경부,제주항공(주),2023,업체,항공 여객 운송업,228974.0,3283.0,(재)한국화학융합시험연구원,,업체 우선,제주항공(주),5,089590,2023.0,1699321139274.0,별도,2023-12-31,KRW,134.74439569310863
3511.0,제주항공,89590.0,A,A+,A+,B+,2024.0,,,,,,제주항공,제주항공,807,기후에너지환경부,제주항공(주),2024,업체,항공 여객 운송업,228618.0,3278.0,(재)한국화학융합시험연구원,,업체 우선,제주항공(주),6,089590,2024.0,1856276062641.0,별도,2024-12-31,KRW,123.15948290295562
3510.0,제주항공,89590.0,A,A,A+,A,2025.0,,,,,,제주항공,제주항공,811,기후에너지환경부,제주항공(주),2025,업체,항공 여객 운송업,217390.0,3118.0,(재)한국화학융합시험연구원,,업체 우선,제주항공(주),5,089590,2025.0,1500109107562.0,별도,2025-12-31,KRW,144.91612570322002
3482.0,조광피혁,4700.0,C,D,C,B,2020.0,,,,,,조광피혁,조광피혁,736,산업통상자원부,조광피혁(주),2020,사업장,섬유,9904.0,262.0,한국표준협회,,단일 사업장,조광피혁(주),1,004700,2020.0,97316423369.0,별도,2020-12-31,KRW,101.77110560718474
3454.0,조선내화,480.0,C,B,B,C,2020.0,,,,,,조선내화,조선내화,737,산업통상자원부,조선내화(주),2020,사업장,요업,19451.0,381.0,(재)한국품질재단,,단일 사업장,조선내화(주),3,000480,2020.0,441324760165.0,별도,2020-12-31,KRW,44.07411900643819
3453.0,조선내화,480.0,B,B,B,B,2021.0,,,,,,조선내화,조선내화,746,산업통상자원부,조선내화(주),2021,사업장,요업,18537.0,367.0,(재)한국품질재단,,단일 사업장,조선내화(주),3,000480,2021.0,439436760471.0,별도,2021-12-31,KRW,42.18354418080897
3452.0,조선내화,480.0,D,C,C,D,2022.0,,,,,,조선내화,조선내화,755,산업통상자원부,조선내화(주),2022,사업장,요업,21341.0,405.0,(재)한국품질재단,,단일 사업장,조선내화(주),2,000480,2022.0,472506994618.0,별도,2022-12-31,KRW,45.16546896253506
3451.0,조선내화,462520.0,B,B+,A,C,2025.0,,,,,,조선내화,조선내화,813,산업통상부,조선내화(주),2025,사업장,요업,19115.0,363.0,(재)한국품질재단,,단일 사업장,조선내화(주),4,462520,2025.0,482243738000.0,별도,2025-12-31,KRW,39.63763237087383
3428.0,조일알미늄,18470.0,B,B,C,B,2020.0,,,,,,조일알미늄,조일알미늄,739,환경부,조일알미늄 주식회사,2020,업체,비철금속,87236.0,1751.0,(재)한국품질재단,,업체 우선,조일알미늄 주식회사,3,018470,2020.0,332913377834.0,별도,2020-12-31,KRW,262.03813306504713
3427.0,조일알미늄,18470.0,B,B,C,B+,2021.0,,,,,,조일알미늄,조일알미늄,748,환경부,조일알미늄 주식회사,2021,업체,산업,89611.0,1812.0,(재)한국품질재단,,업체 우선,조일알미늄 주식회사,3,018470,2021.0,466932503112.0,별도,2021-12-31,KRW,191.91424756846624
3426.0,조일알미늄,18470.0,C,C,C,B,2022.0,,,,,,조일알미늄,조일알미늄,757,환경부,조일알미늄 주식회사,2022,사업장,1차 비철금속 제조업,85910.0,1739.0,(재)한국품질재단,,단일 사업장,조일알미늄 주식회사,2,018470,2022.0,562385283324.0,별도,2022-12-31,KRW,152.76004288772566
3425.0,조일알미늄,18470.0,C,C,C,B,2023.0,,,,,,조일알미늄,조일알미늄,1076,환경부,조일알미늄 주식회사,2023,사업장,1차 비철금속 제조업,82972.0,1680.0,(재)한국품질재단,,단일 사업장,조일알미늄 주식회사,2,018470,2023.0,465783855340.0,별도,2023-12-31,KRW,178.13412605173787
3424.0,조일알미늄,18470.0,C,C,D,B,2024.0,,,,,,조일알미늄,조일알미늄,810,기후에너지환경부,조일알미늄 주식회사,2024,사업장,1차 비철금속 제조업,84268.0,1706.0,(재)한국품질재단,,단일 사업장,조일알미늄 주식회사,2,018470,2024.0,498372378613.0,별도,2024-12-31,KRW,169.0864173382218
3423.0,조일알미늄,18470.0,C,C,C,C,2025.0,,,,,,조일알미늄,조일알미늄,814,기후에너지환경부,조일알미늄 주식회사,2025,사업장,1차 비철금속 제조업,75944.0,1539.0,(재)한국품질재단,,단일 사업장,조일알미늄 주식회사,2,018470,2025.0,486678693232.0,별도,2025-12-31,KRW,156.04545885430298
3412.0,조흥,2600.0,C,C,C,C,2022.0,,,,,,조흥,조흥,160,농림축산식품부,(주)조흥,2022,사업장,식료품 제조업,17073.0,318.0,한국표준협회,,단일 사업장,(주)조흥,2,002600,2022.0,319394586504.0,별도,2022-12-31,KRW,53.45425602505064
3411.0,조흥,2600.0,C,C,B,C,2023.0,,,,,,조흥,조흥,240,농림축산식품부,(주)조흥,2023,사업장,식료품 제조업,15208.0,321.0,한국표준협회,,단일 사업장,(주)조흥,2,002600,2023.0,407517464970.0,별도,2023-12-31,KRW,37.31864596556508
3410.0,조흥,2600.0,B,B+,C,B,2024.0,,,,,,조흥,조흥,167,농림축산식품부,(주)조흥,2024,사업장,식료품 제조업,16363.0,353.0,한국표준협회,,단일 사업장,(주)조흥,4,002600,2024.0,411544850602.0,별도,2024-12-31,KRW,39.75994348140795
3409.0,조흥,2600.0,C,B,C,C,2025.0,,,,,,조흥,조흥,170,농림축산식품부,(주)조흥,2025,사업장,식료품 제조업,16678.0,359.0,한국표준협회,,단일 사업장,(주)조흥,3,002600,2025.0,481716330314.0,별도,2025-12-31,KRW,34.622035730299366
3401.0,종근당,185750.0,B+,B+,A,B,2022.0,,,,,,종근당,종근당,161,산업통상자원부,(주)종근당,2022,사업장,석유화학,17349.0,478.0,(재)한국품질재단,,단일 사업장,(주)종근당,4,185750,2022.0,1472343921056.0,별도,2022-12-31,KRW,11.783252371875781
3400.0,종근당,185750.0,B+,A,A,B,2023.0,,,,,,종근당,종근당,242,산업통상자원부,(주)종근당,2023,사업장,석유화학,18547.0,513.0,(재)한국품질재단,,단일 사업장,(주)종근당,5,185750,2023.0,1649640907059.0,별도,2023-12-31,KRW,11.243052909657665
3399.0,종근당,185750.0,A,A,A,B+,2024.0,,,,,,종근당,종근당,168,산업통상부,(주)종근당,2024,사업장,석유화학,19934.0,554.0,(주)한국경영인증원,,단일 사업장,(주)종근당,5,185750,2024.0,1559344112891.0,별도,2024-12-31,KRW,12.783579862332422
3398.0,종근당,185750.0,A,A,A+,B+,2025.0,,,,,,종근당,종근당,171,산업통상부,(주)종근당,2025,사업장,석유화학,20094.0,549.0,(주)한국경영인증원,,단일 사업장,(주)종근당,5,185750,2025.0,1681192200410.0,별도,2025-12-31,KRW,11.95223246640068
3389.0,종근당바이오,63160.0,C,B,C,C,2020.0,,,,,,종근당바이오,종근당바이오,159,환경부,(주)종근당바이오,2020,업체,석유화학,92454.0,1853.0,이큐에이㈜,,업체 우선,(주)종근당바이오,3,063160,2020.0,124318896193.0,별도,2020-12-31,KRW,743.6842091685639
3388.0,종근당바이오,63160.0,B+,B+,A,B+,2021.0,,,,,,종근당바이오,종근당바이오,162,환경부,(주)종근당바이오,2021,업체,산업,90364.0,1882.0,이큐에이㈜,,업체 우선,(주)종근당바이오,4,063160,2021.0,142042515446.0,별도,2021-12-31,KRW,636.1757232773978
3387.0,종근당바이오,63160.0,B+,B,A,B,2022.0,,,,,,종근당바이오,종근당바이오,162,환경부,(주)종근당바이오,2022,사업장,기초 의약 물질 및 생물학적 제제 제조업,88465.0,1843.0,(주)한국경영인증원,,단일 사업장,(주)종근당바이오,3,063160,2022.0,155948135864.0,별도,2022-12-31,KRW,567.2719299264274
3386.0,종근당바이오,63160.0,B+,A,A,B,2023.0,,,,,,종근당바이오,종근당바이오,244,환경부,(주)종근당바이오,2023,사업장,기초 의약 물질 및 생물학적 제제 제조업,90700.0,1900.0,(주)한국경영인증원,,단일 사업장,(주)종근당바이오,5,063160,2023.0,160352778354.0,별도,2023-12-31,KRW,565.6278670754787
3385.0,종근당바이오,63160.0,B+,B+,A,B+,2024.0,,,,,,종근당바이오,종근당바이오,169,기후에너지환경부,(주)종근당바이오,2024,사업장,기초 의약 물질 및 생물학적 제제 제조업,92309.0,1937.0,(주)한국경영인증원,,단일 사업장,(주)종근당바이오,4,063160,2024.0,171756008722.0,별도,2024-12-31,KRW,537.4426239108121
3384.0,종근당바이오,63160.0,A,A,A,B+,2025.0,,,,,,종근당바이오,종근당바이오,172,기후에너지환경부,(주)종근당바이오,2025,사업장,기초 의약 물질 및 생물학적 제제 제조업,89316.0,1884.0,(주)한국경영인증원,,단일 사업장,(주)종근당바이오,5,063160,2025.0,160070986863.0,별도,2025-12-31,KRW,557.9774433229609
3368.0,주성엔지니어링,36930.0,B,B,B+,B,2020.0,,,,,,주성엔지니어링,주성엔지니어링,740,산업통상자원부,주성엔지니어링(주),2020,사업장,기계,7670.0,157.0,(재)한국품질재단,,단일 사업장,주성엔지니어링(주),3,036930,2020.0,118525511570.0,별도,2020-12-31,KRW,64.71180675284555
3367.0,주성엔지니어링,36930.0,B+,B,A,B+,2021.0,,,,,,주성엔지니어링,주성엔지니어링,749,산업통상자원부,주성엔지니어링(주),2021,사업장,기계,3095.0,64.0,(재)한국품질재단,,단일 사업장,주성엔지니어링(주),3,036930,2021.0,377019960114.0,별도,2021-12-31,KRW,8.209114443341836
3366.0,주성엔지니어링,36930.0,C,C,B,C,2022.0,,,,,,주성엔지니어링,주성엔지니어링,758,산업통상자원부,주성엔지니어링(주),2022,사업장,기계,3936.0,82.0,(재)한국품질재단,,단일 사업장,주성엔지니어링(주),2,036930,2022.0,437759041680.0,별도,2022-12-31,KRW,8.991247753318136
3365.0,주성엔지니어링,36930.0,B,B+,B+,C,2023.0,,,,,,주성엔지니어링,주성엔지니어링,1079,산업통상자원부,주성엔지니어링(주),2023,사업장,기계,3987.0,83.0,(재)한국품질재단,,단일 사업장,주성엔지니어링(주),4,036930,2023.0,284689736836.0,별도,2023-12-31,KRW,14.00471981993778
3364.0,주성엔지니어링,36930.0,B+,B+,A,B+,2024.0,,,,,,주성엔지니어링,주성엔지니어링,812,산업통상부,주성엔지니어링(주),2024,사업장,기계,19662.0,406.0,㈜디엔브이비즈니스어슈어런스코리아,,단일 사업장,주성엔지니어링(주),4,036930,2024.0,409378252326.0,별도,2024-12-31,KRW,48.02893140582018
3363.0,주성엔지니어링,36930.0,B+,B+,A,B+,2025.0,,,,,,주성엔지니어링,주성엔지니어링,816,산업통상부,주성엔지니어링(주),2025,사업장,기계,21858.0,451.0,㈜디엔브이비즈니스어슈어런스코리아,,단일 사업장,주성엔지니어링(주),4,036930,2025.0,310692584812.0,별도,2025-12-31,KRW,70.35249976508538
3209.0,진에어,272450.0,B+,C,B+,A,2020.0,,,,,,진에어,진에어,809,환경부,주식회사 진에어,2020,업체,항공,195392.0,2795.0,한국표준협회,,업체 우선,주식회사 진에어,2,272450,2020.0,271769077630.0,별도,2020-12-31,KRW,718.9633261588958
3208.0,진에어,272450.0,B+,C,A,A,2021.0,,,,,,진에어,진에어,824,환경부,주식회사 진에어,2021,업체,수송,294326.0,4212.0,한국표준협회,,업체 우선,주식회사 진에어,2,272450,2021.0,247191153629.0,별도,2021-12-31,KRW,1190.681768659662
3207.0,진에어,272450.0,B+,B,B+,A,2022.0,,,,,,진에어,진에어,840,환경부,주식회사 진에어,2022,업체,항공 여객 운송업,288882.0,4138.0,한국표준협회,,업체 우선,주식회사 진에어,3,272450,2022.0,593428498296.0,별도,2022-12-31,KRW,486.801696968565
3206.0,진에어,272450.0,A,A,A,A,2023.0,,,,,,진에어,진에어,1202,환경부,주식회사 진에어,2023,업체,항공 여객 운송업,224824.0,3218.0,한국표준협회,,업체 우선,주식회사 진에어,5,272450,2023.0,1277221821965.0,별도,2023-12-31,KRW,176.02580548937797
3205.0,진에어,272450.0,A,A+,A,A,2024.0,,,,,,진에어,진에어,904,기후에너지환경부,주식회사 진에어,2024,업체,항공 여객 운송업,217123.0,3108.0,한국표준협회,,업체 우선,주식회사 진에어,6,272450,2024.0,1461262722147.0,별도,2024-12-31,KRW,148.58587488017633
3204.0,진에어,272450.0,A,A+,A,A,2025.0,,,,,,진에어,진에어,911,기후에너지환경부,주식회사 진에어,2025,업체,항공 여객 운송업,234976.0,3363.0,한국표준협회,,업체 우선,주식회사 진에어,6,272450,2025.0,1381080693148.0,별도,2025-12-31,KRW,170.13922587274877
3140.0,천일고속,650.0,B,C,B,B+,2020.0,,,,,,천일고속,천일고속,170,국토교통부,(주)천일고속,2020,사업장,교통(여객),19302.0,274.0,(주)한국경영인증원,,단일 사업장,(주)천일고속,2,000650,2020.0,31159428124.0,별도,2020-12-31,KRW,619.4593791383794
3139.0,천일고속,650.0,B,C,C,B+,2021.0,,,,,,천일고속,천일고속,173,환경부,(주)천일고속,2021,사업장,수송,18243.0,260.0,(주)한국경영인증원,,단일 사업장,(주)천일고속,2,000650,2021.0,29342954504.0,별도,2021-12-31,KRW,621.7165349696852
3138.0,천일고속,650.0,D,D,D,D,2022.0,,,,,,천일고속,천일고속,172,환경부,(주)천일고속,2022,사업장,육상 여객 운송업,19773.0,282.0,(주)한국경영인증원,,단일 사업장,(주)천일고속,1,000650,2022.0,37703179407.0,별도,2022-12-31,KRW,524.4385304102213
3137.0,천일고속,650.0,D,C,D,D,2023.0,,,,,,천일고속,천일고속,253,환경부,(주)천일고속,2023,사업장,육상 여객 운송업,21416.0,306.0,(주)한국경영인증원,,단일 사업장,(주)천일고속,2,000650,2023.0,43998455771.0,별도,2023-12-31,KRW,486.7443555624874
3136.0,천일고속,650.0,D,C,D,D,2024.0,,,,,,천일고속,천일고속,179,기후에너지환경부,(주)천일고속,2024,사업장,육상 여객 운송업,21368.0,305.0,(주)한국경영인증원,,단일 사업장,(주)천일고속,2,000650,2024.0,44716883420.0,별도,2024-12-31,KRW,477.8508331920776
3135.0,천일고속,650.0,C,C,D,C,2025.0,,,,,,천일고속,천일고속,181,기후에너지환경부,(주)천일고속,2025,사업장,육상 여객 운송업,21102.0,301.0,(주)한국경영인증원,,단일 사업장,(주)천일고속,2,000650,2025.0,45550266479.0,별도,2025-12-31,KRW,463.2684203884655
3098.0,카카오,35720.0,A,A,A+,A,2025.0,,,,,,카카오,카카오,912,산업통상부,주식회사 카카오,2025,사업장,통신,31955.0,670.0,(주)한국경영인증원,,단일 사업장,주식회사 카카오,5,035720,2025.0,2680861279732.0,별도,2025-12-31,KRW,11.919676799985142
3074.0,카프로,6380.0,B+,B+,B,B+,2020.0,,,,,,카프로,카프로,811,환경부,주식회사 카프로,2020,업체,산업,719679.0,6017.0,(재)한국품질재단,,업체 우선,주식회사 카프로,4,006380,2020.0,254722726347.0,별도,2020-12-31,KRW,2825.342718025113
3073.0,카프로,6380.0,B,B,C,B+,2021.0,,,,,,카프로,카프로,826,환경부,주식회사 카프로,2021,업체,산업,862826.0,7399.0,(재)한국품질재단,,업체 우선,주식회사 카프로,3,006380,2021.0,582429145651.0,별도,2021-12-31,KRW,1481.4265502382978
3072.0,카프로,6380.0,C,C,D,C,2022.0,,,,,,카프로,카프로,841,환경부,주식회사 카프로,2022,업체,기초 화학물질 제조업,576554.0,4931.0,(재)한국품질재단,,업체 우선,주식회사 카프로,2,006380,2022.0,427187321496.0,별도,2022-12-31,KRW,1349.651478374689
3071.0,카프로,6380.0,C,C,C,C,2023.0,,,,,,카프로,카프로,1203,환경부,주식회사 카프로,2023,업체,기초 화학물질 제조업,143088.0,875.0,(재)한국품질재단,,업체 우선,주식회사 카프로,2,006380,2023.0,75594416635.0,별도,2023-12-31,KRW,1892.8382064364084
3069.0,카프로,6380.0,C,C,C,C,2025.0,,,,,,카프로,카프로,913,기후에너지환경부,주식회사 카프로,2025,업체,기초 화학물질 제조업,36983.0,375.0,(재)한국품질재단,,업체 우선,주식회사 카프로,2,006380,2025.0,24637580909.0,별도,2025-12-31,KRW,1501.0808137616414
2994.0,케이씨,29460.0,B+,B,B,B+,2020.0,,,,,,케이씨,케이씨,866,환경부,케이씨주식회사,2020,업체,석유화학,142704.0,2069.0,한국표준협회,,업체 우선,케이씨주식회사,3,029460,2020.0,155806307379.0,별도,2020-12-31,KRW,915.9064379394569
2993.0,케이씨,29460.0,B,B,C,B+,2021.0,,,,,,케이씨,케이씨,883,환경부,케이씨주식회사,2021,업체,산업,170879.0,2477.0,한국표준협회,,업체 우선,케이씨주식회사,3,029460,2021.0,164497817269.0,별도,2021-12-31,KRW,1038.7918991080896
2992.0,케이씨,29460.0,C,D,B,C,2022.0,,,,,,케이씨,케이씨,902,환경부,케이씨주식회사,2022,업체,기초 화학물질 제조업,182989.0,2536.0,한국표준협회,,업체 우선,케이씨주식회사,1,029460,2022.0,211778910995.0,별도,2022-12-31,KRW,864.0567615550742
2991.0,케이씨,29460.0,C,C,A,D,2023.0,,,,,,케이씨,케이씨,1286,환경부,케이씨주식회사,2023,업체,기초 화학물질 제조업,181514.0,2528.0,한국표준협회,,업체 우선,케이씨주식회사,2,029460,2023.0,167533888795.0,별도,2023-12-31,KRW,1083.4464674911626
2990.0,케이씨,29460.0,B,C,B+,B,2024.0,,,,,,케이씨,케이씨,971,기후에너지환경부,케이씨주식회사,2024,업체,기초 화학물질 제조업,181558.0,2520.0,한국표준협회,,업체 우선,케이씨주식회사,2,029460,2024.0,149623462837.0,별도,2024-12-31,KRW,1213.4326833338266
2989.0,케이씨,29460.0,C,C,B+,C,2025.0,,,,,,케이씨,케이씨,979,기후에너지환경부,케이씨주식회사,2025,업체,기초 화학물질 제조업,166188.0,2333.0,한국표준협회,,업체 우선,케이씨주식회사,2,029460,2025.0,148530615265.0,별도,2025-12-31,KRW,1118.8804389148775
2980.0,케이씨씨,2380.0,B,B+,A,C,2020.0,통합 등급조정(2021.4),,,지배구조 등급조정(2021.4),,케이씨씨,케이씨씨,865,환경부,케이씨씨,2020,업체,유리,540411.0,10140.0,(재)한국품질재단,,업체 우선,케이씨씨,4,002380,2020.0,2071850765816.0,별도,2020-12-31,KRW,260.834906121802
2979.0,케이씨씨,2380.0,B+,B+,A+,B,2021.0,통합 등급조정(2021.10),,,지배구조 등급조정(2021.10),,케이씨씨,케이씨씨,882,환경부,케이씨씨,2021,업체,산업,577066.0,10727.0,(재)한국품질재단,,업체 우선,케이씨씨,4,002380,2021.0,2286587749601.0,별도,2021-12-31,KRW,252.3699342396528
2978.0,케이씨씨,2380.0,A,B+,A,A,2022.0,,,,,,케이씨씨,케이씨씨,901,환경부,케이씨씨,2022,업체,"시멘트, 석회, 플라스터 및 그 외 제품 제조업",603499.0,11223.0,(재)한국품질재단,,업체 우선,케이씨씨,4,002380,2022.0,2701705574558.0,별도,2022-12-31,KRW,223.37704214817435
2977.0,케이씨씨,2380.0,A,A,A,B+,2023.0,,,,,,케이씨씨,케이씨씨,1285,환경부,케이씨씨,2023,업체,"시멘트, 석회, 플라스터 및 그 외 제품 제조업",637871.0,11914.0,(재)한국품질재단,,업체 우선,케이씨씨,5,002380,2023.0,2999516590144.0,별도,2023-12-31,KRW,212.6579336470272
2976.0,케이씨씨,2380.0,B+,B+,A,B+,2024.0,,,,,,케이씨씨,케이씨씨,970,기후에너지환경부,케이씨씨,2024,업체,"시멘트, 석회, 플라스터 및 그 외 제품 제조업",611594.0,11491.0,(재)한국품질재단,,업체 우선,케이씨씨,4,002380,2024.0,3126930489610.0,별도,2024-12-31,KRW,195.5892534330943
2975.0,케이씨씨,2380.0,B,B+,A,C,2025.0,,,,,,케이씨씨,케이씨씨,978,기후에너지환경부,케이씨씨,2025,업체,"시멘트, 석회, 플라스터 및 그 외 제품 제조업",545209.0,10212.0,(재)한국품질재단,,업체 우선,케이씨씨,4,002380,2025.0,2935723859992.0,별도,2025-12-31,KRW,185.71535539500152
2974.0,케이씨씨글라스,344820.0,B+,B+,A,B+,2022.0,,,,,,케이씨씨글라스,케이씨씨글라스,842,환경부,주식회사 케이씨씨글라스,2022,업체,유리 및 유리제품 제조업,730232.0,9499.0,(재)한국품질재단,,업체 우선,주식회사 케이씨씨글라스,4,344820,2022.0,1435824596135.0,별도,2022-12-31,KRW,508.5802276724208
2973.0,케이씨씨글라스,344820.0,A,A,A+,A,2023.0,,,,,,케이씨씨글라스,케이씨씨글라스,1204,환경부,주식회사 케이씨씨글라스,2023,업체,유리 및 유리제품 제조업,730329.0,9673.0,(재)한국품질재단,,업체 우선,주식회사 케이씨씨글라스,5,344820,2023.0,1680055646591.0,별도,2023-12-31,KRW,434.7052441280205
2972.0,케이씨씨글라스,344820.0,A,A,A+,B+,2024.0,,,,,,케이씨씨글라스,케이씨씨글라스,906,기후에너지환경부,주식회사 케이씨씨글라스,2024,업체,유리 및 유리제품 제조업,718215.0,9619.0,(재)한국품질재단,,업체 우선,주식회사 케이씨씨글라스,5,344820,2024.0,1903321455409.0,별도,2024-12-31,KRW,377.3482392892296
2971.0,케이씨씨글라스,344820.0,A,A,A,A,2025.0,,,,,,케이씨씨글라스,케이씨씨글라스,914,기후에너지환경부,주식회사 케이씨씨글라스,2025,업체,유리 및 유리제품 제조업,735831.0,9898.0,(재)한국품질재단,,업체 우선,주식회사 케이씨씨글라스,5,344820,2025.0,1870911380060.0,별도,2025-12-31,KRW,393.30083073010223
2926.0,케이티,30200.0,A+,A,A,A+,2020.0,,,사회 등급조정(2020.10),,,케이티,케이티,814,환경부,주식회사 케이티,2020,업체,통신,1221706.0,24967.0,㈜한국품질보증원,,업체 우선,주식회사 케이티,5,030200,2020.0,17879281000000.0,별도,2020-12-31,KRW,68.33082381780342
2925.0,케이티,30200.0,A+,A+,B+,A+,2021.0,,,"사회 등급조정(2021.10, 2022.01)",,,케이티,케이티,829,환경부,주식회사 케이티,2021,업체,산업,1072375.0,22162.0,㈜한국품질보증원,,업체 우선,주식회사 케이티,6,030200,2021.0,18387434000000.0,별도,2021-12-31,KRW,58.321079493745565
2924.0,케이티,30200.0,A,A,B+,A,2022.0,,,사회 등급조정(2023.07),,,케이티,케이티,844,환경부,주식회사 케이티,2022,업체,전기 통신업,1108634.0,22938.0,㈜한국품질보증원,,업체 우선,주식회사 케이티,5,030200,2022.0,18289243000000.0,별도,2022-12-31,KRW,60.61672426792077
2923.0,케이티,30200.0,A,B+,A,A,2023.0,,,사회 등급조정(2023.10.),,,케이티,케이티,1206,환경부,주식회사 케이티,2023,업체,전기 통신업,1127466.0,23242.0,㈜한국품질보증원,,업체 우선,주식회사 케이티,4,030200,2023.0,18371437000000.0,별도,2023-12-31,KRW,61.370593927954566
2922.0,케이티,30200.0,A+,A,A+,A+,2024.0,,,,,,케이티,케이티,908,기후에너지환경부,주식회사 케이티,2024,업체,전기 통신업,1141171.0,23543.0,㈜한국품질보증원,,업체 우선,주식회사 케이티,5,030200,2024.0,18579678000000.0,별도,2024-12-31,KRW,61.42038629517691
2921.0,케이티,30200.0,A,A,A,A,2025.0,,,사회 등급조정(2026.01.),,,케이티,케이티,916,기후에너지환경부,주식회사 케이티,2025,업체,전기 통신업,1124625.0,23253.0,㈜한국품질보증원,,업체 우선,주식회사 케이티,5,030200,2025.0,19324024000000.0,별도,2025-12-31,KRW,58.19828209693799
2886.0,케이티앤지,33780.0,A,B+,A+,A,2020.0,통합 등급조정(2020.10),,,지배구조 등급조정(2020.10),,케이티앤지,케이티앤지,182,환경부,(주)케이티앤지,2020,업체,음식료품,113784.0,2206.0,(재)한국품질재단,,업체 우선,(주)케이티앤지,4,033780,2020.0,3435384229940.0,별도,2020-12-31,KRW,33.12118598215353
2885.0,케이티앤지,33780.0,A,A,A+,A,2021.0,,,,,,케이티앤지,케이티앤지,185,환경부,(주)케이티앤지,2021,업체,산업,109139.0,2184.0,(재)한국품질재단,,업체 우선,(주)케이티앤지,5,033780,2021.0,3490455807608.0,별도,2021-12-31,KRW,31.267836069465282
2884.0,케이티앤지,33780.0,A,A,A+,A,2022.0,,,,,,케이티앤지,케이티앤지,186,환경부,(주)케이티앤지,2022,사업장,담배 제조업,108541.0,2191.0,(재)한국품질재단,,단일 사업장,(주)케이티앤지,5,033780,2022.0,3694358039272.0,별도,2022-12-31,KRW,29.38020593731862
2883.0,케이티앤지,33780.0,A+,A+,A+,A+,2023.0,,,,,,케이티앤지,케이티앤지,276,환경부,(주)케이티앤지,2023,사업장,담배 제조업,108517.0,2206.0,(재)한국품질재단,,단일 사업장,(주)케이티앤지,6,033780,2023.0,3586696000000.0,별도,2023-12-31,KRW,30.255421702870834
2882.0,케이티앤지,33780.0,A,A,A+,A,2024.0,,,,,,케이티앤지,케이티앤지,193,기후에너지환경부,(주)케이티앤지,2024,사업장,담배 제조업,104110.0,2109.0,(재)한국품질재단,,단일 사업장,(주)케이티앤지,5,033780,2024.0,3704548000000.0,별도,2024-12-31,KRW,28.103293573197057
2881.0,케이티앤지,33780.0,A,A,A+,A,2025.0,,,,,,케이티앤지,케이티앤지,194,기후에너지환경부,(주)케이티앤지,2025,사업장,담배 제조업,101746.0,2063.0,(재)한국품질재단,,단일 사업장,(주)케이티앤지,5,033780,2025.0,4145475000000.0,별도,2025-12-31,KRW,24.543870123447853
2868.0,코리아써키트,7810.0,C,B+,B,C,2020.0,,,,,,코리아써키트,코리아써키트,185,환경부,(주)코리아써키트,2020,업체,전기전자,93862.0,1876.0,(주)비에스아이그룹코리아,,업체 우선,(주)코리아써키트,4,007810,2020.0,562976671840.0,별도,2020-12-31,KRW,166.724492674318
2867.0,코리아써키트,7810.0,B,B+,C,B+,2021.0,,,,,,코리아써키트,코리아써키트,188,환경부,(주)코리아써키트,2021,업체,산업,109491.0,2221.0,(주)비에스아이그룹코리아,,업체 우선,(주)코리아써키트,4,007810,2021.0,647066652558.0,별도,2021-12-31,KRW,169.21131627964053
2866.0,코리아써키트,7810.0,D,C,D,D,2022.0,,,,,,코리아써키트,코리아써키트,190,환경부,(주)코리아써키트,2022,사업장,전자 부품 제조업,121397.0,2432.0,(주)비에스아이그룹코리아,,단일 사업장,(주)코리아써키트,2,007810,2022.0,804572919619.0,별도,2022-12-31,KRW,150.88377577695098
2865.0,코리아써키트,7810.0,D,C,C,D,2023.0,,,,,,코리아써키트,코리아써키트,282,환경부,(주)코리아써키트,2023,사업장,전자 부품 제조업,121769.0,2433.0,(주)비에스아이그룹코리아,,단일 사업장,(주)코리아써키트,2,007810,2023.0,634387851488.0,별도,2023-12-31,KRW,191.94724444105051
2864.0,코리아써키트,7810.0,C,B,D,D,2024.0,,,,,,코리아써키트,코리아써키트,198,기후에너지환경부,(주)코리아써키트,2024,사업장,전자 부품 제조업,127197.0,2578.0,(주)비에스아이그룹코리아,,단일 사업장,(주)코리아써키트,3,007810,2024.0,720690160069.0,별도,2024-12-31,KRW,176.4933213294073
2863.0,코리아써키트,7810.0,C,B,B+,D,2025.0,,,,,,코리아써키트,코리아써키트,199,기후에너지환경부,(주)코리아써키트,2025,사업장,전자 부품 제조업,134543.0,2692.0,(주)비에스아이그룹코리아,,단일 사업장,(주)코리아써키트,3,007810,2025.0,862984261270.0,별도,2025-12-31,KRW,155.90434963669148
2795.0,코스모신소재,5070.0,B+,B+,B,B+,2020.0,,,,,,코스모신소재,코스모신소재,879,환경부,코스모신소재(주),2020,사업장,석유화학,36750.0,668.0,한국표준협회,,단일 사업장,코스모신소재(주),4,005070,2020.0,204252718287.0,별도,2020-12-31,KRW,179.92416604395817
2794.0,코스모신소재,5070.0,B,B,C,B,2021.0,,,,,,코스모신소재,코스모신소재,897,환경부,코스모신소재(주),2021,사업장,산업,48252.0,886.0,한국표준협회,,단일 사업장,코스모신소재(주),3,005070,2021.0,305893094697.0,별도,2021-12-31,KRW,157.74138362879896
2793.0,코스모신소재,5070.0,D,C,C,D,2022.0,,,,,,코스모신소재,코스모신소재,915,환경부,코스모신소재(주),2022,사업장,기타 화학제품 제조업,42571.0,775.0,한국표준협회,,단일 사업장,코스모신소재(주),2,005070,2022.0,485605243552.0,별도,2022-12-31,KRW,87.66585733014512
2792.0,코스모신소재,5070.0,C,C,C,C,2023.0,,,,,,코스모신소재,코스모신소재,1301,환경부,코스모신소재(주),2023,사업장,기타 화학제품 제조업,51887.0,915.0,한국표준협회,,단일 사업장,코스모신소재(주),2,005070,2023.0,629578773085.0,별도,2023-12-31,KRW,82.41542157742775
2791.0,코스모신소재,5070.0,C,C,D,C,2024.0,,,,,,코스모신소재,코스모신소재,983,기후에너지환경부,코스모신소재(주),2024,사업장,기타 화학제품 제조업,62428.0,1164.0,한국표준협회,,단일 사업장,코스모신소재(주),2,005070,2024.0,569728589077.0,별도,2024-12-31,KRW,109.57498218781281
2790.0,코스모신소재,5070.0,C,C,D,C,2025.0,,,,,,코스모신소재,코스모신소재,991,기후에너지환경부,코스모신소재(주),2025,사업장,기타 화학제품 제조업,33051.0,562.0,한국표준협회,,단일 사업장,코스모신소재(주),2,005070,2025.0,456295847107.0,별도,2025-12-31,KRW,72.43326935703985
2781.0,코스모화학,5420.0,C,B,C,D,2020.0,,,,,,코스모화학,코스모화학,880,환경부,코스모화학,2020,업체,석유화학,121370.0,2220.0,한국표준협회,,업체 우선,코스모화학,3,005420,2020.0,112794561500.0,별도,2020-12-31,KRW,1076.027056499528
2780.0,코스모화학,5420.0,B,B,C,B,2021.0,,,,,,코스모화학,코스모화학,898,환경부,코스모화학,2021,업체,산업,96411.0,1756.0,한국표준협회,,업체 우선,코스모화학,3,005420,2021.0,169478172745.0,별도,2021-12-31,KRW,568.8697160138832
2779.0,코스모화학,5420.0,D,C,D,D,2022.0,,,,,,코스모화학,코스모화학,916,환경부,코스모화학,2022,사업장,기초 화학물질 제조업,90160.0,1598.0,한국표준협회,,단일 사업장,코스모화학,2,005420,2022.0,220913554468.0,별도,2022-12-31,KRW,408.123440941058
2778.0,코스모화학,5420.0,D,C,C,D,2023.0,,,,,,코스모화학,코스모화학,1302,환경부,코스모화학,2023,사업장,기초 화학물질 제조업,80349.0,1409.0,한국표준협회,,단일 사업장,코스모화학,2,005420,2023.0,159799358115.0,별도,2023-12-31,KRW,502.81178189825175
2777.0,코스모화학,5420.0,D,C,D,D,2024.0,,,,,,코스모화학,코스모화학,984,기후에너지환경부,코스모화학,2024,사업장,기초 화학물질 제조업,94980.0,1720.0,한국표준협회,,단일 사업장,코스모화학,2,005420,2024.0,172455322716.0,별도,2024-12-31,KRW,550.7513395594833
2776.0,코스모화학,5420.0,C,C,C,C,2025.0,,,,,,코스모화학,코스모화학,992,기후에너지환경부,코스모화학,2025,사업장,기초 화학물질 제조업,96231.0,1673.0,한국표준협회,,단일 사업장,코스모화학,2,005420,2025.0,200539350166.0,별도,2025-12-31,KRW,479.86093462626206
2761.0,코엔텍,29960.0,C,B,D,B,2020.0,,,,,,코엔텍,코엔텍,817,환경부,주식회사 코엔텍,2020,업체,폐기물,411703.0,426.0,한국표준협회,,업체 우선,주식회사 코엔텍,3,029960,2020.0,70829816439.0,별도,2020-12-31,KRW,5812.566242559255
2760.0,코엔텍,29960.0,C,B,D,C,2021.0,,,,,,코엔텍,코엔텍,834,환경부,주식회사 코엔텍,2021,업체,폐기물,341979.0,268.0,한국표준협회,,업체 우선,주식회사 코엔텍,3,029960,2021.0,74094721440.0,별도,2021-12-31,KRW,4615.429997627102
2759.0,코엔텍,29960.0,D,C,D,D,2022.0,,,,,,코엔텍,코엔텍,849,환경부,주식회사 코엔텍,2022,업체,폐기물 처리업,311988.0,465.0,한국표준협회,,업체 우선,주식회사 코엔텍,2,029960,2022.0,90286420519.0,별도,2022-12-31,KRW,3455.536261229282
2758.0,코엔텍,29960.0,C,C,C,B,2023.0,,,,,,코엔텍,코엔텍,1214,환경부,주식회사 코엔텍,2023,업체,폐기물 처리업,325970.0,526.0,한국표준협회,,업체 우선,주식회사 코엔텍,2,029960,2023.0,78763725504.0,별도,2023-12-31,KRW,4138.5802653969895
2720.0,코오롱머티리얼,144620.0,B,C,B,B+,2020.0,,,,,,코오롱머티리얼,코오롱머티리얼,883,환경부,코오롱머티리얼(주),2020,업체,섬유,16943.0,330.0,한국표준협회,,업체 우선,코오롱머티리얼(주),2,144620,2020.0,68072744375.0,별도,2020-12-31,KRW,248.89550370797724
2688.0,코오롱플라스틱,138490.0,B+,B,B+,B+,2020.0,,,,,,코오롱플라스틱,코오롱플라스틱,886,환경부,코오롱플라스틱(주),2020,업체,석유화학,108625.0,1822.0,한국표준협회,,업체 우선,코오롱플라스틱(주),3,138490,2020.0,293645352205.0,별도,2020-12-31,KRW,369.9190168832184
2687.0,코오롱플라스틱,138490.0,B+,B,B+,B+,2021.0,,,,,,코오롱플라스틱,코오롱플라스틱,904,환경부,코오롱플라스틱(주),2021,업체,산업,176836.0,2191.0,한국표준협회,,업체 우선,코오롱플라스틱(주),3,138490,2021.0,405228680930.0,별도,2021-12-31,KRW,436.3856960819291
2686.0,코오롱플라스틱,138490.0,B,C,B,B+,2022.0,,,,,,코오롱플라스틱,코오롱플라스틱,922,환경부,코오롱플라스틱(주),2022,업체,합성고무 및 플라스틱 물질 제조업,130444.0,2124.0,한국표준협회,,업체 우선,코오롱플라스틱(주),2,138490,2022.0,512263348971.0,별도,2022-12-31,KRW,254.64246126924186
2540.0,태경비케이,14580.0,C,C,B,B,2021.0,,,,,,태경비케이,태경비케이,836,환경부,주식회사 태경비케이,2021,업체,산업,532541.0,2165.0,이큐에이㈜,,업체 우선,주식회사 태경비케이,2,014580,2021.0,141090924657.0,별도,2021-12-31,KRW,3774.4525474947254
2539.0,태경비케이,14580.0,D,C,C,D,2022.0,,,,,,태경비케이,태경비케이,851,환경부,주식회사 태경비케이,2022,업체,"시멘트, 석회, 플라스터 및 그 외 제품 제조업",557638.0,2313.0,(주)한국경영인증원,,업체 우선,주식회사 태경비케이,2,014580,2022.0,285439614334.0,별도,2022-12-31,KRW,1953.6111037043859
2538.0,태경비케이,14580.0,C,C,C,C,2023.0,,,,,,태경비케이,태경비케이,1215,환경부,주식회사 태경비케이,2023,업체,"시멘트, 석회, 플라스터 및 그 외 제품 제조업",618225.0,2547.0,(주)한국경영인증원,,업체 우선,주식회사 태경비케이,2,014580,2023.0,223415907213.0,별도,2023-12-31,KRW,2767.1485334775084
2537.0,태경비케이,14580.0,D,C,D,D,2024.0,,,,,,태경비케이,태경비케이,915,기후에너지환경부,주식회사 태경비케이,2024,업체,"시멘트, 석회, 플라스터 및 그 외 제품 제조업",611753.0,2532.0,(주)한국경영인증원,,업체 우선,주식회사 태경비케이,2,014580,2024.0,237479066763.0,별도,2024-12-31,KRW,2576.0291563319934
2536.0,태경비케이,14580.0,D,C,D,D,2025.0,,,,,,태경비케이,태경비케이,923,기후에너지환경부,주식회사 태경비케이,2025,업체,"시멘트, 석회, 플라스터 및 그 외 제품 제조업",644398.0,2595.0,(주)한국경영인증원,,업체 우선,주식회사 태경비케이,2,014580,2025.0,219451249151.0,별도,2025-12-31,KRW,2936.406160789737
2527.0,태경산업,15890.0,B,B,B,B,2020.0,,,,,,태경산업,태경산업,890,환경부,태경산업(주),2020,업체,철강,94571.0,1247.0,이큐에이㈜,,업체 우선,태경산업(주),3,015890,2020.0,104312781929.0,별도,2020-12-31,KRW,906.6098923942926
2526.0,태경산업,15890.0,B,C,B,B+,2021.0,,,,,,태경산업,태경산업,908,환경부,태경산업(주),2021,업체,산업,89966.0,1222.0,이큐에이㈜,,업체 우선,태경산업(주),2,015890,2021.0,132738446940.0,별도,2021-12-31,KRW,677.7689665200478
2525.0,태경산업,15890.0,C,C,C,C,2022.0,,,,,,태경산업,태경산업,926,환경부,태경산업(주),2022,업체,1차 철강 제조업,114229.0,1536.0,(주)한국경영인증원,,업체 우선,태경산업(주),2,015890,2022.0,157798814377.0,별도,2022-12-31,KRW,723.8901030466136
2524.0,태경산업,15890.0,C,C,C,C,2023.0,,,,,,태경산업,태경산업,1319,환경부,태경산업(주),2023,업체,1차 철강 제조업,109006.0,1472.0,(주)한국경영인증원,,업체 우선,태경산업(주),2,015890,2023.0,142463255613.0,별도,2023-12-31,KRW,765.1516844182875
2523.0,태경산업,15890.0,D,C,D,D,2024.0,,,,,,태경산업,태경산업,996,기후에너지환경부,태경산업(주),2024,업체,1차 철강 제조업,99941.0,1409.0,(주)한국경영인증원,,업체 우선,태경산업(주),2,015890,2024.0,142123472346.0,별도,2024-12-31,KRW,703.1984115663411
2522.0,태경산업,15890.0,C,C,B+,D,2025.0,,,,,,태경산업,태경산업,1003,기후에너지환경부,태경산업(주),2025,업체,1차 철강 제조업,65495.0,1017.0,(주)한국경영인증원,,업체 우선,태경산업(주),2,015890,2025.0,138071380178.0,별도,2025-12-31,KRW,474.3560896947986
2499.0,태광산업,3240.0,C,B,B+,D,2020.0,,,,,,태광산업,태광산업,891,환경부,태광산업 주식회사,2020,업체,산업,1064433.0,15924.0,한국표준협회,,업체 우선,태광산업 주식회사,3,003240,2020.0,1495625845032.0,별도,2020-12-31,KRW,711.697383095988
2498.0,태광산업,3240.0,B+,B,A,B+,2021.0,,,,,,태광산업,태광산업,909,환경부,태광산업 주식회사,2021,업체,산업,1097863.0,16296.0,한국표준협회,,업체 우선,태광산업 주식회사,3,003240,2021.0,2197778812075.0,별도,2021-12-31,KRW,499.53298028361144
2497.0,태광산업,3240.0,D,D,C,C,2022.0,,,,,,태광산업,태광산업,927,환경부,태광산업 주식회사,2022,업체,기초 화학물질 제조업,1029297.0,15717.0,한국표준협회,,업체 우선,태광산업 주식회사,1,003240,2022.0,2395951889445.0,별도,2022-12-31,KRW,429.5983590214857
2496.0,태광산업,3240.0,C,C,C,C,2023.0,,,,,,태광산업,태광산업,1320,환경부,태광산업 주식회사,2023,업체,기초 화학물질 제조업,955839.0,14525.0,한국표준협회,,업체 우선,태광산업 주식회사,2,003240,2023.0,2024741371712.0,별도,2023-12-31,KRW,472.07955216117296
2495.0,태광산업,3240.0,B,B+,A+,C,2024.0,,,,,,태광산업,태광산업,997,기후에너지환경부,태광산업 주식회사,2024,업체,기초 화학물질 제조업,895831.0,12933.0,한국표준협회,,업체 우선,태광산업 주식회사,4,003240,2024.0,1895202561226.0,별도,2024-12-31,KRW,472.6835106324941
2494.0,태광산업,3240.0,B,A,A+,C,2025.0,통합 등급조정(2026.07.),,,지배구조 등급조정(2026.07.),,태광산업,태광산업,1004,기후에너지환경부,태광산업 주식회사,2025,업체,기초 화학물질 제조업,658194.0,9876.0,한국표준협회,,업체 우선,태광산업 주식회사,5,003240,2025.0,1711255928719.0,별도,2025-12-31,KRW,384.62627883644865
2471.0,태양금속공업,4100.0,B,B+,B,B,2020.0,,,,,,태양금속공업,태양금속공업,895,산업통상자원부,태양금속공업(주),2020,사업장,기계,18198.0,366.0,(주)한국경영인증원,,단일 사업장,태양금속공업(주),4,004100,2020.0,271506884451.0,별도,2020-12-31,KRW,67.02592472672372
2470.0,태양금속공업,4100.0,B,B,C,B,2021.0,,,,,,태양금속공업,태양금속공업,913,산업통상자원부,태양금속공업(주),2021,사업장,기계,19999.0,413.0,(주)한국경영인증원,,단일 사업장,태양금속공업(주),3,004100,2021.0,297668558091.0,별도,2021-12-31,KRW,67.18546334976408
2469.0,태양금속공업,4100.0,D,D,D,D,2022.0,,,,,,태양금속공업,태양금속공업,931,산업통상자원부,태양금속공업(주),2022,사업장,기계,22240.0,421.0,(주)한국경영인증원,,단일 사업장,태양금속공업(주),1,004100,2022.0,341955370911.0,별도,2022-12-31,KRW,65.0377268260201
2468.0,태양금속공업,4100.0,D,C,C,D,2023.0,,,,,,태양금속공업,태양금속공업,1325,산업통상자원부,태양금속공업(주),2023,사업장,기계,21302.0,409.0,(주)한국경영인증원,,단일 사업장,태양금속공업(주),2,004100,2023.0,374482512374.0,별도,2023-12-31,KRW,56.88383114329634
2467.0,태양금속공업,4100.0,C,C,D,C,2024.0,,,,,,태양금속공업,태양금속공업,1000,산업통상부,태양금속공업(주),2024,사업장,기계,20806.0,399.0,(주)한국경영인증원,,단일 사업장,태양금속공업(주),2,004100,2024.0,372822821118.0,별도,2024-12-31,KRW,55.80666960678036
2466.0,태양금속공업,4100.0,D,C,C,D,2025.0,,,,,,태양금속공업,태양금속공업,1007,산업통상부,태양금속공업(주),2025,사업장,기계,21390.0,410.0,(주)한국경영인증원,,단일 사업장,태양금속공업(주),2,004100,2025.0,349105580671.0,별도,2025-12-31,KRW,61.2708624104125
2453.0,태영건설,9410.0,B,B+,B+,C,2024.0,,,사회 등급조정(2025.04.),,,태영건설,태영건설,201,국토교통부,(주)태영건설,2024,사업장,건설,19192.0,377.0,한국표준협회,,단일 사업장,(주)태영건설,4,009410,2024.0,2526997501384.0,별도,2024-12-31,KRW,7.594783924198112
2452.0,태영건설,9410.0,B+,B+,B,B+,2025.0,,,사회 등급조정(2025.11.),,,태영건설,태영건설,202,국토교통부,(주)태영건설,2025,사업장,건설,17456.0,345.0,한국표준협회,,단일 사업장,(주)태영건설,4,009410,2025.0,1901158979097.0,별도,2025-12-31,KRW,9.181767643803854
2354.0,티씨케이,64760.0,B,C,B+,B,2020.0,,,,,,티씨케이,티씨케이,196,산업통상자원부,(주)티씨케이,2020,사업장,전기전자,26302.0,536.0,(재)한국품질재단,,단일 사업장,(주)티씨케이,2,064760,2020.0,228209744995.0,별도,2020-12-31,KRW,115.25362337430538
2353.0,티씨케이,64760.0,B,B,B,B+,2021.0,,,,,,티씨케이,티씨케이,199,산업통상자원부,(주)티씨케이,2021,사업장,전기전자,33660.0,695.0,(재)한국품질재단,,단일 사업장,(주)티씨케이,3,064760,2021.0,270766567696.0,별도,2021-12-31,KRW,124.31372265202022
2352.0,티씨케이,64760.0,D,D,C,C,2022.0,,,,,,티씨케이,티씨케이,200,산업통상자원부,(주)티씨케이,2022,사업장,전기전자,35850.0,741.0,(재)한국품질재단,,단일 사업장,(주)티씨케이,1,064760,2022.0,319562836196.0,별도,2022-12-31,KRW,112.18450939649264
2351.0,티씨케이,64760.0,B,B,B+,B,2023.0,,,,,,티씨케이,티씨케이,292,환경부,(주)티씨케이,2023,사업장,기타 비금속 광물제품 제조업,32586.0,672.0,(재)한국품질재단,,단일 사업장,(주)티씨케이,3,064760,2023.0,226652881531.0,별도,2023-12-31,KRW,143.7705083645412
2350.0,티씨케이,64760.0,B+,B,A,B+,2024.0,,,,,,티씨케이,티씨케이,207,기후에너지환경부,(주)티씨케이,2024,사업장,기타 비금속 광물제품 제조업,34496.0,713.0,(재)한국품질재단,,단일 사업장,(주)티씨케이,3,064760,2024.0,275724843444.0,별도,2024-12-31,KRW,125.11023515008786
2349.0,티씨케이,64760.0,B+,B+,A,B+,2025.0,,,,,,티씨케이,티씨케이,207,기후에너지환경부,(주)티씨케이,2025,사업장,기타 비금속 광물제품 제조업,36433.0,754.0,(재)한국품질재단,,단일 사업장,(주)티씨케이,4,064760,2025.0,301334302844.0,별도,2025-12-31,KRW,120.90558444937905
2309.0,티케이지휴켐스,69260.0,B,B,B+,B,2022.0,,,,,,티케이지휴켐스,티케이지휴켐스,936,환경부,티케이지휴켐스 주식회사,2022,업체,기초 화학물질 제조업,52431.0,1262.0,(주)한국경영인증원,,업체 우선,티케이지휴켐스 주식회사,3,069260,2022.0,1235837871097.0,별도,2022-12-31,KRW,42.4254679567792
2308.0,티케이지휴켐스,69260.0,B+,B+,A,B,2023.0,,,,,,티케이지휴켐스,티케이지휴켐스,1331,환경부,티케이지휴켐스 주식회사,2023,업체,기초 화학물질 제조업,79477.0,1544.0,(재)한국화학융합시험연구원,,업체 우선,티케이지휴켐스 주식회사,4,069260,2023.0,1052689288463.0,별도,2023-12-31,KRW,75.49901083922113
2307.0,티케이지휴켐스,69260.0,B+,B+,A,B,2024.0,,,,,,티케이지휴켐스,티케이지휴켐스,1004,기후에너지환경부,티케이지휴켐스 주식회사,2024,업체,기초 화학물질 제조업,108678.0,1528.0,(재)한국화학융합시험연구원,,업체 우선,티케이지휴켐스 주식회사,4,069260,2024.0,1178503410670.0,별도,2024-12-31,KRW,92.21695840338268
2306.0,티케이지휴켐스,69260.0,B+,B,A,B,2025.0,,,,,,티케이지휴켐스,티케이지휴켐스,1010,기후에너지환경부,티케이지휴켐스 주식회사,2025,업체,기초 화학물질 제조업,121664.0,1405.0,(재)한국화학융합시험연구원,,업체 우선,티케이지휴켐스 주식회사,3,069260,2025.0,1082236125709.0,별도,2025-12-31,KRW,112.41908961438048
2304.0,티케이케미칼,104480.0,C,C,B,C,2020.0,,,,,,티케이케미칼,티케이케미칼,900,환경부,티케이케미칼,2020,업체,섬유,153988.0,3098.0,이큐에이㈜,,업체 우선,티케이케미칼,2,104480,2020.0,411027166127.0,별도,2020-12-31,KRW,374.6419037237565
2303.0,티케이케미칼,104480.0,C,C,B,B,2021.0,,,,,,티케이케미칼,티케이케미칼,920,환경부,티케이케미칼,2021,업체,산업,194332.0,3934.0,이큐에이㈜,,업체 우선,티케이케미칼,2,104480,2021.0,673593540716.0,별도,2021-12-31,KRW,288.5003911905594
2302.0,티케이케미칼,104480.0,D,C,C,D,2022.0,,,,,,티케이케미칼,티케이케미칼,937,환경부,티케이케미칼,2022,업체,화학섬유 제조업,175494.0,3556.0,(주)한국경영인증원,,업체 우선,티케이케미칼,2,104480,2022.0,753347492398.0,별도,2022-12-31,KRW,232.9522587795182
2301.0,티케이케미칼,104480.0,D,C,C,D,2023.0,,,,,,티케이케미칼,티케이케미칼,1332,환경부,티케이케미칼,2023,업체,화학섬유 제조업,101603.0,1989.0,(주)한국경영인증원,,업체 우선,티케이케미칼,2,104480,2023.0,416317359659.0,별도,2023-12-31,KRW,244.0517976075311
2300.0,티케이케미칼,104480.0,D,C,D,D,2024.0,,,,,,티케이케미칼,티케이케미칼,1005,기후에너지환경부,티케이케미칼,2024,업체,화학섬유 제조업,61590.0,1234.0,(주)한국경영인증원,,업체 우선,티케이케미칼,2,104480,2024.0,339574686712.0,별도,2024-12-31,KRW,181.37394337710364
2299.0,티케이케미칼,104480.0,D,C,C,D,2025.0,,,,,,티케이케미칼,티케이케미칼,1011,기후에너지환경부,티케이케미칼,2025,업체,화학섬유 제조업,61951.0,1245.0,(주)한국경영인증원,,업체 우선,티케이케미칼,2,104480,2025.0,345756223802.0,별도,2025-12-31,KRW,179.17537193915192
2177.0,페이퍼코리아,1020.0,C,C,B,C,2020.0,,,,,,페이퍼코리아,페이퍼코리아,907,환경부,페이퍼코리아,2020,업체,제지,87873.0,1370.0,한국표준협회,,업체 우선,페이퍼코리아,2,001020,2020.0,258411804609.0,별도,2020-12-31,KRW,340.05025479760747
2176.0,페이퍼코리아,1020.0,B,B,C,B,2021.0,,,,,,페이퍼코리아,페이퍼코리아,927,환경부,페이퍼코리아,2021,업체,산업,98319.0,1470.0,한국표준협회,,업체 우선,페이퍼코리아,3,001020,2021.0,231887513600.0,별도,2021-12-31,KRW,423.9943689663159
2175.0,페이퍼코리아,1020.0,D,C,D,D,2022.0,,,,,,페이퍼코리아,페이퍼코리아,945,환경부,페이퍼코리아,2022,사업장,"펄프, 종이 및 판지 제조업",93725.0,1534.0,한국표준협회,,단일 사업장,페이퍼코리아,2,001020,2022.0,258139159984.0,별도,2022-12-31,KRW,363.0793561341459
2174.0,페이퍼코리아,1020.0,D,C,C,D,2023.0,,,,,,페이퍼코리아,페이퍼코리아,1343,환경부,페이퍼코리아,2023,사업장,"펄프, 종이 및 판지 제조업",92403.0,1540.0,한국표준협회,,단일 사업장,페이퍼코리아,2,001020,2023.0,259155868767.0,별도,2023-12-31,KRW,356.55376218038504
2173.0,페이퍼코리아,1020.0,C,C,C,C,2024.0,,,,,,페이퍼코리아,페이퍼코리아,1013,기후에너지환경부,페이퍼코리아,2024,사업장,"펄프, 종이 및 판지 제조업",88730.0,1529.0,한국표준협회,,단일 사업장,페이퍼코리아,2,001020,2024.0,259435421547.0,별도,2024-12-31,KRW,342.01189440866483
2172.0,페이퍼코리아,1020.0,D,C,D,D,2025.0,,,,,,페이퍼코리아,페이퍼코리아,1020,기후에너지환경부,페이퍼코리아,2025,사업장,"펄프, 종이 및 판지 제조업",82690.0,1429.0,한국표준협회,,단일 사업장,페이퍼코리아,2,001020,2025.0,238650960108.0,별도,2025-12-31,KRW,346.48928276919213
2161.0,평화산업,90080.0,B,B,B,B,2020.0,,,,,,평화산업,평화산업,910,환경부,평화산업(주),2020,사업장,자동차,24540.0,495.0,한국생산성본부인증원(주),,단일 사업장,평화산업(주),3,090080,2020.0,338563070247.0,별도,2020-12-31,KRW,72.48280204363917
2160.0,평화산업,90080.0,B,B+,C,B+,2021.0,,,,,,평화산업,평화산업,930,환경부,평화산업(주),2021,사업장,산업,27993.0,570.0,한국생산성본부인증원(주),,단일 사업장,평화산업(주),4,090080,2021.0,422457123917.0,별도,2021-12-31,KRW,66.26234572742055
2159.0,평화산업,90080.0,C,D,C,B,2022.0,,,,,,평화산업,평화산업,948,환경부,평화산업(주),2022,사업장,고무제품 제조업,31260.0,637.0,지속가능인증원주식회사,,단일 사업장,평화산업(주),1,090080,2022.0,517363989150.0,별도,2022-12-31,KRW,60.42167730181304
2158.0,평화산업,90080.0,D,D,C,C,2023.0,,,,,,평화산업,평화산업,1346,환경부,평화산업(주),2023,사업장,고무제품 제조업,32191.0,656.0,지속가능인증원주식회사,,단일 사업장,평화산업(주),1,090080,2023.0,560456049696.0,별도,2023-12-31,KRW,57.43715322095442
2157.0,평화산업,90080.0,C,B,B,C,2024.0,,,,,,평화산업,평화산업,1016,기후에너지환경부,평화산업(주),2024,사업장,고무제품 제조업,31733.0,647.0,지속가능인증원주식회사,,단일 사업장,평화산업(주),3,090080,2024.0,582589217842.0,별도,2024-12-31,KRW,54.468910560246734
2156.0,평화산업,90080.0,B,B+,A+,C,2025.0,,,,,,평화산업,평화산업,1023,기후에너지환경부,평화산업(주),2025,사업장,고무제품 제조업,31923.0,653.0,(주)한국경영인증원,,단일 사업장,평화산업(주),4,090080,2025.0,618025594998.0,별도,2025-12-31,KRW,51.65320054439381
2133.0,포스코,5490.0,A,A,B,A+,2020.0,통합 등급조정(2020.10),,사회 등급조정(2021.1),,,포스코,포스코,825,환경부,주식회사 포스코,2020,업체,철강,75671169.0,382830.0,(재)한국품질재단,,업체 우선,주식회사 포스코,5,005490,2020.0,26509920446184.0,별도,2020-12-31,KRW,2854.447230560911
2117.0,포스코강판,58430.0,A,B+,A+,B+,2020.0,,,,,,포스코강판,포스코강판,911,환경부,포스코강판(주),2020,업체,철강,124169.0,2446.0,한국표준협회,,업체 우선,포스코강판(주),4,058430,2020.0,870211619996.0,별도,2020-12-31,KRW,142.688280812167
2108.0,포스코스틸리온,58430.0,A,B+,A+,B+,2022.0,,,,,,포스코스틸리온,포스코스틸리온,949,환경부,포스코스틸리온(주),2022,사업장,1차 철강 제조업,108431.0,2148.0,한국표준협회,,단일 사업장,포스코스틸리온(주),4,058430,2022.0,1181624866567.0,별도,2022-12-31,KRW,91.76431798953834
2107.0,포스코스틸리온,58430.0,A,A,A+,B+,2023.0,,,,,,포스코스틸리온,포스코스틸리온,1349,환경부,포스코스틸리온(주),2023,사업장,1차 철강 제조업,114417.0,2330.0,한국표준협회,,단일 사업장,포스코스틸리온(주),5,058430,2023.0,1132510179185.0,별도,2023-12-31,KRW,101.02955549798156
2106.0,포스코스틸리온,58430.0,A,A,A+,B+,2024.0,,,,,,포스코스틸리온,포스코스틸리온,1018,기후에너지환경부,포스코스틸리온(주),2024,사업장,1차 철강 제조업,120953.0,2368.0,한국표준협회,,단일 사업장,포스코스틸리온(주),5,058430,2024.0,1175768617047.0,별도,2024-12-31,KRW,102.87143086348004
2105.0,포스코스틸리온,58430.0,A,A,A+,B+,2025.0,,,,,,포스코스틸리온,포스코스틸리온,1025,기후에너지환경부,포스코스틸리온(주),2025,사업장,1차 철강 제조업,115823.0,2260.0,한국표준협회,,단일 사업장,포스코스틸리온(주),5,058430,2025.0,1093988999026.0,별도,2025-12-31,KRW,105.87217979624977
2094.0,포스코인터내셔널,47050.0,A,B+,A+,A,2022.0,,,,,,포스코인터내셔널,포스코인터내셔널,860,환경부,주식회사 포스코인터내셔널,2022,사업장,전기업,4189818.0,83222.0,(재)한국품질재단,,단일 사업장,주식회사 포스코인터내셔널,4,047050,2022.0,32566135142000.0,별도,2022-12-31,KRW,128.65567196509178
2093.0,포스코인터내셔널,47050.0,A,A,A+,A,2023.0,,,,,,포스코인터내셔널,포스코인터내셔널,1225,환경부,주식회사 포스코인터내셔널,2023,업체,전기업,4218056.0,83814.0,(재)한국품질재단,,업체 우선,주식회사 포스코인터내셔널,5,047050,2023.0,28536917267000.0,별도,2023-12-31,KRW,147.81049966030307
2092.0,포스코인터내셔널,47050.0,A,B+,A+,A,2024.0,,,,,,포스코인터내셔널,포스코인터내셔널,924,기후에너지환경부,주식회사 포스코인터내셔널,2024,업체,전기업,4831068.0,95999.0,(재)한국품질재단,,업체 우선,주식회사 포스코인터내셔널,4,047050,2024.0,27388738985000.0,별도,2024-12-31,KRW,176.38884370126834
2091.0,포스코인터내셔널,47050.0,A,B+,A+,A,2025.0,,,,,,포스코인터내셔널,포스코인터내셔널,932,기후에너지환경부,주식회사 포스코인터내셔널,2025,업체,전기업,4000620.0,79617.0,(재)한국품질재단,,업체 우선,주식회사 포스코인터내셔널,4,047050,2025.0,26956598311000.0,별도,2025-12-31,KRW,148.4096752062182
2089.0,포스코케미칼,3670.0,A,A,A+,B+,2020.0,,,,,,포스코케미칼,포스코케미칼,827,환경부,주식회사 포스코케미칼,2020,업체,요업,2271031.0,14291.0,(재)한국품질재단,,업체 우선,주식회사 포스코케미칼,5,003670,2020.0,1524145792626.0,별도,2020-12-31,KRW,1490.035278112842
2088.0,포스코케미칼,3670.0,A,A,A+,B+,2021.0,,,,,,포스코케미칼,포스코케미칼,843,환경부,주식회사 포스코케미칼,2021,업체,산업,2441598.0,15971.0,(재)한국품질재단,,업체 우선,주식회사 포스코케미칼,5,003670,2021.0,1939523998420.0,별도,2021-12-31,KRW,1258.8645471718864
2086.0,포스코퓨처엠,3670.0,A,A,A+,A,2023.0,,,,,,포스코퓨처엠,포스코퓨처엠,1226,환경부,주식회사 포스코퓨처엠,2023,업체,"시멘트, 석회, 플라스터 및 그 외 제품 제조업",2388829.0,17757.0,(재)한국품질재단,,업체 우선,주식회사 포스코퓨처엠,5,003670,2023.0,4457200823055.0,별도,2023-12-31,KRW,535.9482542594251
2085.0,포스코퓨처엠,3670.0,A+,A+,A+,A,2024.0,,,,,,포스코퓨처엠,포스코퓨처엠,925,기후에너지환경부,주식회사 포스코퓨처엠,2024,업체,"시멘트, 석회, 플라스터 및 그 외 제품 제조업",2298133.0,18214.0,(재)한국품질재단,,업체 우선,주식회사 포스코퓨처엠,6,003670,2024.0,3608988009617.0,별도,2024-12-31,KRW,636.7804475592832
2084.0,포스코퓨처엠,3670.0,A,A,A+,A,2025.0,,,,,,포스코퓨처엠,포스코퓨처엠,933,기후에너지환경부,주식회사 포스코퓨처엠,2025,업체,"시멘트, 석회, 플라스터 및 그 외 제품 제조업",2200344.0,16248.0,(재)한국품질재단,,업체 우선,주식회사 포스코퓨처엠,5,003670,2025.0,2676968855833.0,별도,2025-12-31,KRW,821.953529719087
2079.0,포스코홀딩스,5490.0,A,A,B+,A+,2021.0,,,"사회 등급조정(2022.04, 2022.07)",,,포스코홀딩스,포스코홀딩스,933,환경부,포스코홀딩스 주식회사,2021,업체,산업,6349.0,130.0,(재)한국품질재단,,업체 우선,포스코홀딩스 주식회사,5,005490,2021.0,39920200836624.0,별도,2021-12-31,KRW,0.15904228603417336
2035.0,풍산,103140.0,B+,B+,A,B+,2020.0,,,,,,풍산,풍산,829,환경부,주식회사 풍산,2020,업체,비철금속,218075.0,4450.0,한국표준협회,,업체 우선,주식회사 풍산,4,103140,2020.0,1944436891696.0,별도,2020-12-31,KRW,112.15329277659818
2034.0,풍산,103140.0,B+,B,A,A,2021.0,,,,,,풍산,풍산,845,환경부,주식회사 풍산,2021,업체,산업,230310.0,4756.0,한국표준협회,,업체 우선,주식회사 풍산,3,103140,2021.0,2556005344387.0,별도,2021-12-31,KRW,90.10544539969834
2033.0,풍산,103140.0,B,C,B+,B+,2022.0,,,,,,풍산,풍산,863,환경부,주식회사 풍산,2022,업체,1차 비철금속 제조업,228003.0,4689.0,한국표준협회,,업체 우선,주식회사 풍산,2,103140,2022.0,3257164379195.0,별도,2022-12-31,KRW,70.00045851427073
2032.0,풍산,103140.0,B+,B+,B+,B+,2023.0,,,,,,풍산,풍산,1227,환경부,주식회사 풍산,2023,업체,1차 비철금속 제조업,224240.0,4600.0,한국표준협회,,업체 우선,주식회사 풍산,4,103140,2023.0,3100554739784.0,별도,2023-12-31,KRW,72.32254187378794
2031.0,풍산,103140.0,B+,B,B+,B+,2024.0,,,,,,풍산,풍산,927,기후에너지환경부,주식회사 풍산,2024,업체,1차 비철금속 제조업,240625.0,4946.0,한국표준협회,,업체 우선,주식회사 풍산,3,103140,2024.0,3502597156849.0,별도,2024-12-31,KRW,68.69902224681488
2030.0,풍산,103140.0,B+,B,A,B+,2025.0,,,,,,풍산,풍산,935,기후에너지환경부,주식회사 풍산,2025,업체,1차 비철금속 제조업,246374.0,5057.0,한국표준협회,,업체 우선,주식회사 풍산,3,103140,2025.0,3849107225015.0,별도,2025-12-31,KRW,64.00808956394813
1963.0,하나마이크론,67310.0,C,C,B,C,2022.0,,,,,,하나마이크론,하나마이크론,958,환경부,하나마이크론,2022,사업장,반도체 제조업,39899.0,830.0,(주)한국경영인증원,,단일 사업장,하나마이크론,2,067310,2022.0,608136889156.0,별도,2022-12-31,KRW,65.60858371110103
1962.0,하나마이크론,67310.0,C,B+,A,D,2023.0,,,,,,하나마이크론,하나마이크론,1357,환경부,하나마이크론,2023,사업장,반도체 제조업,38134.0,794.0,(주)한국경영인증원,,단일 사업장,하나마이크론,4,067310,2023.0,581861178622.0,별도,2023-12-31,KRW,65.53796919449296
1961.0,하나마이크론,67310.0,C,B+,A,D,2024.0,,,,,,하나마이크론,하나마이크론,1028,기후에너지환경부,하나마이크론,2024,사업장,반도체 제조업,36237.0,754.0,(주)한국경영인증원,,단일 사업장,하나마이크론,4,067310,2024.0,797620419820.0,별도,2024-12-31,KRW,45.43138452771513
1960.0,하나마이크론,67310.0,C,B+,A,D,2025.0,,,,,,하나마이크론,하나마이크론,1035,기후에너지환경부,하나마이크론,2025,사업장,반도체 제조업,35284.0,734.0,(주)한국경영인증원,,단일 사업장,하나마이크론,4,067310,2025.0,1054998015465.0,별도,2025-12-31,KRW,33.444612674885704
1959.0,하나머티리얼즈,166090.0,D,D,C,C,2022.0,,,,,,하나머티리얼즈,하나머티리얼즈,959,산업통상자원부,하나머티리얼즈(주),2022,사업장,반도체,28623.0,596.0,한국표준협회,,단일 사업장,하나머티리얼즈(주),1,166090,2022.0,307324400689.0,별도,2022-12-31,KRW,93.1361126413302
1958.0,하나머티리얼즈,166090.0,B,B+,A,C,2023.0,,,,,,하나머티리얼즈,하나머티리얼즈,1358,산업통상자원부,하나머티리얼즈(주),2023,사업장,반도체,20428.0,425.0,한국표준협회,,단일 사업장,하나머티리얼즈(주),4,166090,2023.0,233214302815.0,별도,2023-12-31,KRW,87.59325544542074
1957.0,하나머티리얼즈,166090.0,B,B,A,C,2024.0,,,,,,하나머티리얼즈,하나머티리얼즈,1029,산업통상부,하나머티리얼즈(주),2024,사업장,반도체,25908.0,540.0,한국표준협회,,단일 사업장,하나머티리얼즈(주),3,166090,2024.0,250371382753.0,별도,2024-12-31,KRW,103.47827980627936
1956.0,하나머티리얼즈,166090.0,B,B+,A+,D,2025.0,,,,,,하나머티리얼즈,하나머티리얼즈,1036,산업통상부,하나머티리얼즈(주),2025,사업장,반도체,26349.0,549.0,한국표준협회,,단일 사업장,하나머티리얼즈(주),4,166090,2025.0,272870688285.0,별도,2025-12-31,KRW,96.56222207524087
1905.0,하림,136480.0,B,C,B+,B+,2020.0,,,,,,하림,하림,206,환경부,(주)하림,2020,업체,음식료품,102068.0,2374.0,(재)한국품질재단,,업체 우선,(주)하림,2,136480,2020.0,869657818687.0,별도,2020-12-31,KRW,117.365701551561
1904.0,하림,136480.0,B+,B,A,B+,2021.0,,,,,,하림,하림,208,환경부,(주)하림,2021,업체,산업,99442.0,2338.0,(재)한국품질재단,,업체 우선,(주)하림,3,136480,2021.0,1087191457434.0,별도,2021-12-31,KRW,91.46687027389268
1903.0,하림,136480.0,B,C,B,B,2022.0,,,,,,하림,하림,211,환경부,(주)하림,2022,사업장,"도축, 육류 가공 및 저장 처리업",98062.0,2351.0,(재)한국품질재단,,단일 사업장,(주)하림,2,136480,2022.0,1289857319178.0,별도,2022-12-31,KRW,76.02546308183369
1902.0,하림,136480.0,A,A,B+,A,2023.0,,,,,,하림,하림,312,환경부,(주)하림,2023,사업장,"도축, 육류 가공 및 저장 처리업",100371.0,2463.0,(재)한국품질재단,,단일 사업장,(주)하림,5,136480,2023.0,1358340380389.0,별도,2023-12-31,KRW,73.89237738132755
1901.0,하림,136480.0,A,A,A,A,2024.0,,,,,,하림,하림,221,기후에너지환경부,(주)하림,2024,사업장,"도축, 육류 가공 및 저장 처리업",102619.0,2514.0,(재)한국품질재단,,단일 사업장,(주)하림,5,136480,2024.0,1233745815000.0,별도,2024-12-31,KRW,83.17677657127453
1900.0,하림,136480.0,A,A,A+,A,2025.0,,,,,,하림,하림,222,기후에너지환경부,(주)하림,2025,사업장,"도축, 육류 가공 및 저장 처리업",103224.0,2509.0,(재)한국품질재단,,단일 사업장,(주)하림,5,136480,2025.0,1392608677000.0,별도,2025-12-31,KRW,74.1227609053595
1848.0,하이트진로,80.0,B,B,B,B,2020.0,,,,,,하이트진로,하이트진로,921,환경부,하이트진로(주),2020,업체,음식료품,143674.0,2703.0,(재)한국품질재단,,업체 우선,하이트진로(주),3,000080,2020.0,2049288473497.0,별도,2020-12-31,KRW,70.10921198167289
1847.0,하이트진로,80.0,B+,B+,A,B,2021.0,,,,지배구조 등급조정(2022.01),,하이트진로,하이트진로,944,환경부,하이트진로(주),2021,업체,산업,131208.0,2520.0,(재)한국품질재단,,업체 우선,하이트진로(주),4,000080,2021.0,1977099627259.0,별도,2021-12-31,KRW,66.36387878030375
1846.0,하이트진로,80.0,B,B,B+,B,2022.0,,,,,,하이트진로,하이트진로,961,환경부,하이트진로(주),2022,업체,알코올 음료 제조업,121167.0,2395.0,(재)한국품질재단,,업체 우선,하이트진로(주),3,000080,2022.0,2222161983585.0,별도,2022-12-31,KRW,54.52662807439538
1845.0,하이트진로,80.0,B,A,A,C,2023.0,,,,,,하이트진로,하이트진로,1361,환경부,하이트진로(주),2023,업체,알코올 음료 제조업,116077.0,2288.0,(재)한국품질재단,,업체 우선,하이트진로(주),5,000080,2023.0,2246749010909.0,별도,2023-12-31,KRW,51.66442688364066
1844.0,하이트진로,80.0,B+,A,A,B,2024.0,,,,,,하이트진로,하이트진로,1031,기후에너지환경부,하이트진로(주),2024,업체,알코올 음료 제조업,110066.0,2154.0,(재)한국품질재단,,업체 우선,하이트진로(주),5,000080,2024.0,2329034671293.0,별도,2024-12-31,KRW,47.258205881020714
1843.0,하이트진로,80.0,B,B+,A,C,2025.0,,,,,,하이트진로,하이트진로,1038,기후에너지환경부,하이트진로(주),2025,업체,알코올 음료 제조업,106460.0,2058.0,(재)한국품질재단,,업체 우선,하이트진로(주),4,000080,2025.0,2240431695323.0,별도,2025-12-31,KRW,47.517628063484345
1820.0,한국가스공사,36460.0,A,B+,A+,B+,2020.0,,,,,,한국가스공사,한국가스공사,933,환경부,한국가스공사,2020,업체,발전 · 에너지,595255.0,11376.0,대일이엔씨기술(주),,업체 우선,한국가스공사,4,036460,2020.0,20004187240730.0,별도,2020-12-31,KRW,29.75652011434971
1819.0,한국가스공사,36460.0,B+,B+,A,B+,2021.0,,,,,,한국가스공사,한국가스공사,956,환경부,한국가스공사,2021,업체,전환,687660.0,13254.0,(주)신화엔지니어링종합건축사사무소,,업체 우선,한국가스공사,4,036460,2021.0,26156771521218.0,별도,2021-12-31,KRW,26.289941762964897
1818.0,한국가스공사,36460.0,B+,B+,A,B+,2022.0,,,,,,한국가스공사,한국가스공사,976,환경부,한국가스공사,2022,업체,연료용 가스 제조 및 배관공급업,752027.0,14511.0,(주)신화엔지니어링종합건축사사무소,,업체 우선,한국가스공사,4,036460,2022.0,50301773605630.0,별도,2022-12-31,KRW,14.950307833993149
1817.0,한국가스공사,36460.0,A,A,A+,B+,2023.0,,,,,,한국가스공사,한국가스공사,1380,환경부,한국가스공사,2023,업체,연료용 가스 제조 및 배관공급업,654218.0,12626.0,(주)신화엔지니어링종합건축사사무소,,업체 우선,한국가스공사,5,036460,2023.0,42832510392571.0,별도,2023-12-31,KRW,15.27386543548168
1816.0,한국가스공사,36460.0,A,A,A+,A,2024.0,,,,,,한국가스공사,한국가스공사,1046,기후에너지환경부,한국가스공사,2024,업체,연료용 가스 제조 및 배관공급업,580251.0,11045.0,(주)신화엔지니어링종합건축사사무소,,업체 우선,한국가스공사,5,036460,2024.0,36551475000000.0,별도,2024-12-31,KRW,15.874899713349462
1815.0,한국가스공사,36460.0,A,A,A+,B+,2025.0,,,,,,한국가스공사,한국가스공사,1053,기후에너지환경부,한국가스공사,2025,업체,연료용 가스 제조 및 배관공급업,632733.0,11979.0,(주)신화엔지니어링종합건축사사무소,,업체 우선,한국가스공사,5,036460,2025.0,34018434000000.0,별도,2025-12-31,KRW,18.59970979263772
1756.0,한국무브넥스,10100.0,C,C,C,C,2023.0,,,,,,한국무브넥스,한국무브넥스,1396,산업통상자원부,한국무브넥스(주),2023,사업장,철강,17429.0,362.0,한국표준협회,,단일 사업장,한국무브넥스(주),2,010100,2023.0,872849779884.0,별도,2023-12-31,KRW,19.967926213278396
1755.0,한국무브넥스,10100.0,C,B,C,C,2024.0,,,,,,한국무브넥스,한국무브넥스,1059,산업통상부,한국무브넥스(주),2024,사업장,철강,17533.0,364.0,한국표준협회,,단일 사업장,한국무브넥스(주),3,010100,2024.0,928563552592.0,별도,2024-12-31,KRW,18.88185246024167
1754.0,한국무브넥스,10100.0,C,B,B,D,2025.0,,,,,,한국무브넥스,한국무브넥스,1066,산업통상부,한국무브넥스(주),2025,사업장,철강,18095.0,376.0,한국표준협회,,단일 사업장,한국무브넥스(주),3,010100,2025.0,932889057319.0,별도,2025-12-31,KRW,19.396733039191865
1729.0,한국수출포장공업,2200.0,B,B,C,B,2020.0,,,,,,한국수출포장공업,한국수출포장공업,955,환경부,한국수출포장공업(주),2020,업체,제지,136650.0,2051.0,㈜디엔브이비즈니스어슈어런스코리아,,업체 우선,한국수출포장공업(주),3,002200,2020.0,260487524806.0,별도,2020-12-31,KRW,524.5932606629476
1728.0,한국수출포장공업,2200.0,B,B,C,B+,2021.0,,,,,,한국수출포장공업,한국수출포장공업,978,환경부,한국수출포장공업(주),2021,업체,산업,130890.0,2003.0,㈜디엔브이비즈니스어슈어런스코리아,,업체 우선,한국수출포장공업(주),3,002200,2021.0,314181149505.0,별도,2021-12-31,KRW,416.60678944685367
1727.0,한국수출포장공업,2200.0,D,C,D,D,2022.0,,,,,,한국수출포장공업,한국수출포장공업,998,환경부,한국수출포장공업(주),2022,업체,"펄프, 종이 및 판지 제조업",128391.0,1935.0,㈜디엔브이비즈니스어슈어런스코리아,,업체 우선,한국수출포장공업(주),2,002200,2022.0,336657526694.0,별도,2022-12-31,KRW,381.3697595322119
1726.0,한국수출포장공업,2200.0,D,C,D,D,2023.0,,,,,,한국수출포장공업,한국수출포장공업,1408,환경부,한국수출포장공업(주),2023,업체,"펄프, 종이 및 판지 제조업",124898.0,1861.0,㈜디엔브이비즈니스어슈어런스코리아,,업체 우선,한국수출포장공업(주),2,002200,2023.0,307895843936.0,별도,2023-12-31,KRW,405.6501653395543
1725.0,한국수출포장공업,2200.0,C,C,D,C,2024.0,,,,,,한국수출포장공업,한국수출포장공업,1067,기후에너지환경부,한국수출포장공업(주),2024,업체,"펄프, 종이 및 판지 제조업",127017.0,1890.0,㈜디엔브이비즈니스어슈어런스코리아,,업체 우선,한국수출포장공업(주),2,002200,2024.0,297918622504.0,별도,2024-12-31,KRW,426.347970235713
1724.0,한국수출포장공업,2200.0,C,C,C,B,2025.0,,,,,,한국수출포장공업,한국수출포장공업,1074,기후에너지환경부,한국수출포장공업(주),2025,업체,"펄프, 종이 및 판지 제조업",131061.0,1885.0,㈜디엔브이비즈니스어슈어런스코리아,,업체 우선,한국수출포장공업(주),2,002200,2025.0,285483163835.0,별도,2025-12-31,KRW,459.08486594939444
1695.0,한국앤컴퍼니,240.0,A,B+,A+,B+,2021.0,,,,,,한국앤컴퍼니,한국앤컴퍼니,982,환경부,한국앤컴퍼니 주식회사,2021,업체,산업,73078.0,1510.0,(재)한국화학융합시험연구원,,업체 우선,한국앤컴퍼니 주식회사,4,000240,2021.0,604888693377.0,별도,2021-12-31,KRW,120.81230943831473
1694.0,한국앤컴퍼니,240.0,B,C,B,B+,2022.0,,,,,,한국앤컴퍼니,한국앤컴퍼니,1002,환경부,한국앤컴퍼니 주식회사,2022,업체,일차전지 및 축전지 제조업,70535.0,1460.0,(재)한국화학융합시험연구원,,업체 우선,한국앤컴퍼니 주식회사,2,000240,2022.0,829262236010.0,별도,2022-12-31,KRW,85.05753299388087
1693.0,한국앤컴퍼니,240.0,B+,B+,A,B+,2023.0,,,,,,한국앤컴퍼니,한국앤컴퍼니,1413,환경부,한국앤컴퍼니 주식회사,2023,업체,일차전지 및 축전지 제조업,76233.0,1574.0,(재)한국화학융합시험연구원,,업체 우선,한국앤컴퍼니 주식회사,4,000240,2023.0,828617972523.0,별도,2023-12-31,KRW,92.00017683406449
1692.0,한국앤컴퍼니,240.0,B,B+,A,C,2024.0,통합 등급조정(2025.07.),,,지배구조 등급조정(2025.07.),,한국앤컴퍼니,한국앤컴퍼니,1072,기후에너지환경부,한국앤컴퍼니 주식회사,2024,업체,일차전지 및 축전지 제조업,83256.0,1718.0,(재)한국화학융합시험연구원,,업체 우선,한국앤컴퍼니 주식회사,4,000240,2024.0,998718006829.0,별도,2024-12-31,KRW,83.36287063086372
1691.0,한국앤컴퍼니,240.0,B,B+,A+,C,2025.0,통합 등급조정(2025.11.),,,지배구조 등급조정(2025.11.),,한국앤컴퍼니,한국앤컴퍼니,1079,기후에너지환경부,한국앤컴퍼니 주식회사,2025,업체,일차전지 및 축전지 제조업,86377.0,1782.0,(재)한국화학융합시험연구원,,업체 우선,한국앤컴퍼니 주식회사,4,000240,2025.0,1100783620887.0,별도,2025-12-31,KRW,78.46864575473816
1667.0,한국전력공사,15760.0,A,B+,A,A,2020.0,,,,,,한국전력공사,한국전력공사,969,환경부,한국전력공사,2020,업체,전환,1043431.0,6988.0,(주)한국경영인증원,,업체 우선,한국전력공사,4,015760,2020.0,57989410000000.0,별도,2020-12-31,KRW,17.993475015524385
1666.0,한국전력공사,15760.0,B+,B+,B+,B+,2021.0,,,,지배구조 등급조정(2022.07),,한국전력공사,한국전력공사,990,환경부,한국전력공사,2021,업체,전환,1009744.0,7481.0,지속가능인증원주식회사,,업체 우선,한국전력공사,4,015760,2021.0,59660600000000.0,별도,2021-12-31,KRW,16.924804644941553
1665.0,한국전력공사,15760.0,B,B,B,B+,2022.0,,,사회 등급조정(2022.11),,,한국전력공사,한국전력공사,1011,환경부,한국전력공사,2022,업체,전기업,927766.0,7938.0,지속가능인증원주식회사,,업체 우선,한국전력공사,3,015760,2022.0,68951546000000.0,별도,2022-12-31,KRW,13.455332821689016
1664.0,한국전력공사,15760.0,B+,B,A,A,2023.0,,,,,,한국전력공사,한국전력공사,1424,환경부,한국전력공사,2023,업체,전기업,870499.0,7868.0,지속가능인증원주식회사,,업체 우선,한국전력공사,3,015760,2023.0,85825593000000.0,별도,2023-12-31,KRW,10.142650572772624
1663.0,한국전력공사,15760.0,B,C,D,A,2024.0,,,,,,한국전력공사,한국전력공사,1081,기후에너지환경부,한국전력공사,2024,업체,전기업,873710.0,8238.0,로이드인증원㈜,,업체 우선,한국전력공사,2,015760,2024.0,91646582000000.0,별도,2024-12-31,KRW,9.533470653602771
1662.0,한국전력공사,15760.0,C,C,D,B+,2025.0,,,,,,한국전력공사,한국전력공사,1088,기후에너지환경부,한국전력공사,2025,업체,전기업,871887.0,8450.0,로이드인증원㈜,,업체 우선,한국전력공사,2,015760,2025.0,95536164000000.0,별도,2025-12-31,KRW,9.126250871868793
1631.0,한국제지,27970.0,C,C,C,C,2023.0,,,,,,한국제지,한국제지,1428,환경부,한국제지 주식회사,2023,업체,"펄프, 종이 및 판지 제조업",310138.0,6436.0,(재)한국품질재단,,업체 우선,한국제지 주식회사,2,027970,2023.0,712020528340.0,별도,2023-12-31,KRW,435.57452019403667
1630.0,한국제지,27970.0,C,C,C,C,2024.0,,,,,,한국제지,한국제지,1084,기후에너지환경부,한국제지 주식회사,2024,업체,"펄프, 종이 및 판지 제조업",311690.0,6433.0,(재)한국품질재단,,업체 우선,한국제지 주식회사,2,027970,2024.0,792088806468.0,별도,2024-12-31,KRW,393.50385645500484
1629.0,한국제지,27970.0,D,C,D,D,2025.0,,,사회 등급조정(2026.07.),,,한국제지,한국제지,1091,기후에너지환경부,한국제지 주식회사,2025,업체,"펄프, 종이 및 판지 제조업",312352.0,5802.0,(재)한국품질재단,,업체 우선,한국제지 주식회사,2,027970,2025.0,753679418454.0,별도,2025-12-31,KRW,414.4361546195839
1628.0,한국조선해양,9540.0,B+,B+,C,A,2020.0,통합 등급조정(2020.10),,"사회 등급조정(2020.10, 2021.4, 2021.7)",,,한국조선해양,한국조선해양,974,환경부,한국조선해양(주),2020,업체,산업,6963.0,136.0,한국표준협회,,업체 우선,한국조선해양(주),4,009540,2020.0,172383351000.0,별도,2020-12-31,KRW,40.39253187507649
1590.0,한국주철관공업,970.0,C,C,C,B,2020.0,,,,,,한국주철관공업,한국주철관공업,975,환경부,한국주철관공업(주),2020,업체,철강,60578.0,816.0,한국표준협회,,업체 우선,한국주철관공업(주),2,000970,2020.0,90151766151.0,별도,2020-12-31,KRW,671.9557762022619
1589.0,한국주철관공업,970.0,C,C,C,B,2021.0,,,,,,한국주철관공업,한국주철관공업,995,환경부,한국주철관공업(주),2021,업체,산업,62273.0,792.0,한국표준협회,,업체 우선,한국주철관공업(주),2,000970,2021.0,119746809492.0,별도,2021-12-31,KRW,520.0389076266814
1588.0,한국주철관공업,970.0,D,C,C,D,2022.0,,,,,,한국주철관공업,한국주철관공업,1015,환경부,한국주철관공업(주),2022,사업장,1차 철강 제조업,49409.0,695.0,한국표준협회,,단일 사업장,한국주철관공업(주),2,000970,2022.0,118960265141.0,별도,2022-12-31,KRW,415.34036546940285
1587.0,한국주철관공업,970.0,D,C,D,D,2023.0,,,,,,한국주철관공업,한국주철관공업,1429,환경부,한국주철관공업(주),2023,사업장,1차 철강 제조업,60392.0,800.0,한국표준협회,,단일 사업장,한국주철관공업(주),2,000970,2023.0,140306926718.0,별도,2023-12-31,KRW,430.427787228072
1586.0,한국주철관공업,970.0,D,C,D,D,2024.0,,,,,,한국주철관공업,한국주철관공업,1085,기후에너지환경부,한국주철관공업(주),2024,사업장,1차 철강 제조업,57389.0,759.0,한국표준협회,,단일 사업장,한국주철관공업(주),2,000970,2024.0,120927947827.0,별도,2024-12-31,KRW,474.57185068666615
1585.0,한국주철관공업,970.0,D,C,D,D,2025.0,,,,,,한국주철관공업,한국주철관공업,1092,기후에너지환경부,한국주철관공업(주),2025,사업장,1차 철강 제조업,53883.0,710.0,한국표준협회,,단일 사업장,한국주철관공업(주),2,000970,2025.0,119570203864.0,별도,2025-12-31,KRW,450.6390242613194
1576.0,한국철강,104700.0,C,B+,B,C,2020.0,,,,,,한국철강,한국철강,979,환경부,한국철강,2020,업체,철강,382797.0,7101.0,㈜한국품질보증원,,업체 우선,한국철강,4,104700,2020.0,633382163909.0,별도,2020-12-31,KRW,604.3697183348497
1575.0,한국철강,104700.0,B,B,B,B+,2021.0,,,,,,한국철강,한국철강,999,환경부,한국철강,2021,업체,산업,392071.0,7277.0,㈜한국품질보증원,,업체 우선,한국철강,3,104700,2021.0,886650133446.0,별도,2021-12-31,KRW,442.1935837038685
1574.0,한국철강,104700.0,C,C,D,B,2022.0,,,,,,한국철강,한국철강,1019,환경부,한국철강,2022,업체,1차 철강 제조업,395747.0,7302.0,㈜한국품질보증원,,업체 우선,한국철강,2,104700,2022.0,1064176509409.0,별도,2022-12-31,KRW,371.8809769817055
1573.0,한국철강,104700.0,C,C,D,B,2023.0,,,,,,한국철강,한국철강,1433,환경부,한국철강,2023,업체,1차 철강 제조업,374042.0,6713.0,㈜한국품질보증원,,업체 우선,한국철강,2,104700,2023.0,905095863024.0,별도,2023-12-31,KRW,413.2623021281909
1572.0,한국철강,104700.0,C,C,D,C,2024.0,,,,,,한국철강,한국철강,1089,기후에너지환경부,한국철강,2024,업체,1차 철강 제조업,305515.0,5516.0,(주)한국경영인증원,,업체 우선,한국철강,2,104700,2024.0,600003866825.0,별도,2024-12-31,KRW,509.18838509603796
1571.0,한국철강,104700.0,C,C,B,C,2025.0,,,,,,한국철강,한국철강,1096,기후에너지환경부,한국철강,2025,업체,1차 철강 제조업,280244.0,4927.0,(주)한국경영인증원,,업체 우선,한국철강,2,104700,2025.0,486605490510.0,별도,2025-12-31,KRW,575.9162308388316
1517.0,한국타이어앤테크놀로지,161390.0,B+,A,A,B,2020.0,통합 등급조정(2020.10),,사회 등급조정(2021.4),지배구조 등급조정(2020.10),,한국타이어앤테크놀로지,한국타이어앤테크놀로지,981,환경부,한국타이어앤테크놀로지(주),2020,업체,석유화학,463244.0,9457.0,(재)한국품질재단,,업체 우선,한국타이어앤테크놀로지(주),5,161390,2020.0,2862380051947.0,별도,2020-12-31,KRW,161.83874663495504
1516.0,한국타이어앤테크놀로지,161390.0,B+,B+,A,B,2021.0,,,사회 등급조정(2021.10),,,한국타이어앤테크놀로지,한국타이어앤테크놀로지,1001,환경부,한국타이어앤테크놀로지(주),2021,업체,산업,436988.0,9223.0,(재)한국품질재단,,업체 우선,한국타이어앤테크놀로지(주),4,161390,2021.0,2915221705245.0,별도,2021-12-31,KRW,149.89871926851436
1515.0,한국타이어앤테크놀로지,161390.0,B,B,A,C,2022.0,통합 등급조정(2023.),환경 등급조정(2023.),,지배구조 등급조정(2023.),,한국타이어앤테크놀로지,한국타이어앤테크놀로지,1021,환경부,한국타이어앤테크놀로지(주),2022,업체,고무제품 제조업,462752.0,9786.0,(재)한국품질재단,,업체 우선,한국타이어앤테크놀로지(주),3,161390,2022.0,3471707381551.0,별도,2022-12-31,KRW,133.29233980349565
1514.0,한국타이어앤테크놀로지,161390.0,B,B+,A+,D,2023.0,,환경 등급조정(2023.10.),,,,한국타이어앤테크놀로지,한국타이어앤테크놀로지,1435,환경부,한국타이어앤테크놀로지(주),2023,업체,고무제품 제조업,408777.0,8445.0,(재)한국품질재단,,업체 우선,한국타이어앤테크놀로지(주),4,161390,2023.0,3024973769258.0,별도,2023-12-31,KRW,135.1340643526537
1513.0,한국타이어앤테크놀로지,161390.0,C,B+,A,D,2024.0,,,,,,한국타이어앤테크놀로지,한국타이어앤테크놀로지,1091,기후에너지환경부,한국타이어앤테크놀로지(주),2024,업체,고무제품 제조업,396117.0,8173.0,(재)한국품질재단,,업체 우선,한국타이어앤테크놀로지(주),4,161390,2024.0,3298568729593.0,별도,2024-12-31,KRW,120.08753870921332
1512.0,한국타이어앤테크놀로지,161390.0,A,B+,A+,B+,2025.0,,,,지배구조 등급조정(2025.11.),,한국타이어앤테크놀로지,한국타이어앤테크놀로지,1098,기후에너지환경부,한국타이어앤테크놀로지(주),2025,업체,고무제품 제조업,365965.0,8140.0,(재)한국품질재단,,업체 우선,한국타이어앤테크놀로지(주),4,161390,2025.0,3648437885609.0,별도,2025-12-31,KRW,100.30731273883612
1484.0,한국특강,7280.0,B,B,B,B,2020.0,,,,,,한국특강,한국특강,210,환경부,(주)한국특강,2020,업체,산업,243916.0,4374.0,이큐에이㈜,,업체 우선,(주)한국특강,3,007280,2020.0,415313516853.0,별도,2020-12-31,KRW,587.3057102698007
1483.0,한국특강,7280.0,C,C,B,B,2021.0,통합 등급조정(2022.01),,,지배구조 등급조정(2022.01),,한국특강,한국특강,212,환경부,(주)한국특강,2021,업체,산업,298973.0,5357.0,이큐에이㈜,,업체 우선,(주)한국특강,2,007280,2021.0,691525199712.0,별도,2021-12-31,KRW,432.33854691703715
1482.0,한국특강,7280.0,D,C,C,D,2022.0,,,,,,한국특강,한국특강,213,환경부,(주)한국특강,2022,업체,1차 철강 제조업,306638.0,5497.0,(주)한국경영인증원,,업체 우선,(주)한국특강,2,007280,2022.0,795939630828.0,별도,2022-12-31,KRW,385.25283592300923
1481.0,한국특강,7280.0,C,C,C,C,2023.0,,,,,,한국특강,한국특강,315,환경부,(주)한국특강,2023,업체,1차 철강 제조업,352508.0,6306.0,(주)한국경영인증원,,업체 우선,(주)한국특강,2,007280,2023.0,830391818276.0,별도,2023-12-31,KRW,424.5080361363047
1480.0,한국특강,7280.0,C,C,C,C,2024.0,,,,,,한국특강,한국특강,223,기후에너지환경부,(주)한국특강,2024,업체,1차 철강 제조업,349281.0,6239.0,(주)한국경영인증원,,업체 우선,(주)한국특강,2,007280,2024.0,768777778364.0,별도,2024-12-31,KRW,454.3328512216996
1479.0,한국특강,7280.0,D,C,C,D,2025.0,,,,,,한국특강,한국특강,225,기후에너지환경부,(주)한국특강,2025,업체,1차 철강 제조업,347035.0,6195.0,(주)한국경영인증원,,업체 우선,(주)한국특강,2,007280,2025.0,767140668215.0,별도,2025-12-31,KRW,452.37466136098453
1404.0,한농화성,11500.0,D,C,C,D,2025.0,,,,,,한농화성,한농화성,227,산업통상부,(주)한농화성,2025,사업장,석유화학,18040.0,348.0,한국표준협회,,단일 사업장,(주)한농화성,2,011500,2025.0,214492954042.0,별도,2025-12-31,KRW,84.1053268186496
1318.0,한미약품,128940.0,A,B+,A+,B+,2020.0,,,,,,한미약품,한미약품,990,산업통상자원부,한미약품(주),2020,업체,석유화학,70441.0,1389.0,이큐에이㈜,,업체 우선,한미약품(주),4,128940,2020.0,872404730947.0,별도,2020-12-31,KRW,80.74348694044325
1317.0,한미약품,128940.0,A,B+,A+,A,2021.0,,,,,,한미약품,한미약품,1011,환경부,한미약품(주),2021,업체,산업,59541.0,1185.0,이큐에이㈜,,업체 우선,한미약품(주),4,128940,2021.0,917017927212.0,별도,2021-12-31,KRW,64.92893784641907
1316.0,한미약품,128940.0,B+,B,A+,B,2022.0,,,,,,한미약품,한미약품,1032,환경부,한미약품(주),2022,사업장,의약품 제조업,60118.0,1200.0,(주)한국경영인증원,,단일 사업장,한미약품(주),3,128940,2022.0,982048865567.0,별도,2022-12-31,KRW,61.21691303547305
1315.0,한미약품,128940.0,B+,A,A,B,2023.0,,,,,,한미약품,한미약품,1451,환경부,한미약품(주),2023,사업장,의약품 제조업,61238.0,1223.0,(주)한국경영인증원,,단일 사업장,한미약품(주),5,128940,2023.0,1096946397948.0,별도,2023-12-31,KRW,55.825881843046034
1314.0,한미약품,128940.0,B,A,A+,C,2024.0,,,,,,한미약품,한미약품,1102,기후에너지환경부,한미약품(주),2024,사업장,의약품 제조업,71770.0,1429.0,(주)한국경영인증원,,단일 사업장,한미약품(주),5,128940,2024.0,1114122996196.0,별도,2024-12-31,KRW,64.41838131431406
1313.0,한미약품,128940.0,B,A,A+,C,2025.0,,,,,,한미약품,한미약품,1109,기후에너지환경부,한미약품(주),2025,사업장,의약품 제조업,68426.0,1366.0,(주)한국경영인증원,,단일 사업장,한미약품(주),5,128940,2025.0,1146621703290.0,별도,2025-12-31,KRW,59.67617724631008
1199.0,한솔제지,213500.0,A,A,A,A,2020.0,,,,,,한솔제지,한솔제지,993,환경부,한솔제지,2020,업체,제지,928544.0,15753.0,(주)한국경영인증원,,업체 우선,한솔제지,5,213500,2020.0,1482853493524.0,별도,2020-12-31,KRW,626.1872828672481
1198.0,한솔제지,213500.0,A,A,A,A,2021.0,,,,,,한솔제지,한솔제지,1014,환경부,한솔제지,2021,업체,산업,923192.0,16488.0,(주)한국경영인증원,,업체 우선,한솔제지,5,213500,2021.0,1627788934272.0,별도,2021-12-31,KRW,567.1447818343116
1197.0,한솔제지,213500.0,B+,B+,A,B+,2022.0,,,,,,한솔제지,한솔제지,1036,환경부,한솔제지,2022,업체,"펄프, 종이 및 판지 제조업",959037.0,16969.0,(주)한국경영인증원,,업체 우선,한솔제지,4,213500,2022.0,2213547008012.0,별도,2022-12-31,KRW,433.2580227701227
1196.0,한솔제지,213500.0,A,A,A,A,2023.0,,,,,,한솔제지,한솔제지,1458,환경부,한솔제지,2023,업체,"펄프, 종이 및 판지 제조업",910726.0,14976.0,(주)한국경영인증원,,업체 우선,한솔제지,5,213500,2023.0,2072862048914.0,별도,2023-12-31,KRW,439.3567823180233
1195.0,한솔제지,213500.0,A,A,A+,A,2024.0,,,,,,한솔제지,한솔제지,1107,기후에너지환경부,한솔제지,2024,업체,"펄프, 종이 및 판지 제조업",923577.0,16580.0,(주)한국경영인증원,,업체 우선,한솔제지,5,213500,2024.0,2120454644329.0,별도,2024-12-31,KRW,435.55612116959855
1194.0,한솔제지,213500.0,A,A,A,A,2025.0,,,사회 등급조정(2026.07.),,,한솔제지,한솔제지,1114,기후에너지환경부,한솔제지,2025,업체,"펄프, 종이 및 판지 제조업",891798.0,16614.0,(주)한국경영인증원,,업체 우선,한솔제지,5,213500,2025.0,2169056497597.0,별도,2025-12-31,KRW,411.14558380013744
1185.0,한솔케미칼,14680.0,B+,B,B+,B+,2020.0,,,,,,한솔케미칼,한솔케미칼,212,환경부,(주)한솔케미칼,2020,업체,석유화학,137675.0,2631.0,대일이엔씨기술(주),,업체 우선,(주)한솔케미칼,3,014680,2020.0,457470878571.0,별도,2020-12-31,KRW,300.948118118589
1184.0,한솔케미칼,14680.0,A,A,A,A,2021.0,,,,,,한솔케미칼,한솔케미칼,214,환경부,(주)한솔케미칼,2021,업체,산업,161618.0,3121.0,대일이엔씨기술(주),,업체 우선,(주)한솔케미칼,5,014680,2021.0,570246565474.0,별도,2021-12-31,KRW,283.41775257455515
1183.0,한솔케미칼,14680.0,B,C,B+,B+,2022.0,,,,,,한솔케미칼,한솔케미칼,215,환경부,(주)한솔케미칼,2022,사업장,기초 화학물질 제조업,154515.0,3400.0,대일이엔씨기술(주),,단일 사업장,(주)한솔케미칼,2,014680,2022.0,637646663969.0,별도,2022-12-31,KRW,242.32072200963
1182.0,한솔케미칼,14680.0,B+,B+,B+,B+,2023.0,,,,,,한솔케미칼,한솔케미칼,318,환경부,(주)한솔케미칼,2023,사업장,기초 화학물질 제조업,121374.0,2879.0,대일이엔씨기술(주),,단일 사업장,(주)한솔케미칼,4,014680,2023.0,565897023944.0,별도,2023-12-31,KRW,214.4807179830847
1181.0,한솔케미칼,14680.0,A,B+,A,A,2024.0,,,,,,한솔케미칼,한솔케미칼,225,기후에너지환경부,(주)한솔케미칼,2024,사업장,기초 화학물질 제조업,133544.0,2813.0,대일이엔씨기술(주),,단일 사업장,(주)한솔케미칼,4,014680,2024.0,584851047907.0,별도,2024-12-31,KRW,228.33848118749628
1180.0,한솔케미칼,14680.0,B+,B+,A,B+,2025.0,,,,,,한솔케미칼,한솔케미칼,228,기후에너지환경부,(주)한솔케미칼,2025,사업장,기초 화학물질 제조업,143357.0,3030.0,대일이엔씨기술(주),,단일 사업장,(주)한솔케미칼,4,014680,2025.0,683182182594.0,별도,2025-12-31,KRW,209.83714688764636
1171.0,한솔테크닉스,4710.0,B+,B+,B+,A,2020.0,,,,,,한솔테크닉스,한솔테크닉스,994,산업통상자원부,한솔테크닉스(주),2020,사업장,전기전자,8665.0,178.0,한국표준협회,,단일 사업장,한솔테크닉스(주),4,004710,2020.0,674089199314.0,별도,2020-12-31,KRW,12.854381896072665
1170.0,한솔테크닉스,4710.0,A,B+,A,A,2021.0,,,,,,한솔테크닉스,한솔테크닉스,1015,산업통상자원부,한솔테크닉스(주),2021,사업장,전기전자,8899.0,185.0,한국표준협회,,단일 사업장,한솔테크닉스(주),4,004710,2021.0,615653509766.0,별도,2021-12-31,KRW,14.45455903172284
1169.0,한솔테크닉스,4710.0,B+,B,A,B+,2022.0,,,,,,한솔테크닉스,한솔테크닉스,1037,산업통상자원부,한솔테크닉스(주),2022,사업장,전기전자,8378.0,174.0,한국표준협회,,단일 사업장,한솔테크닉스(주),3,004710,2022.0,744606263570.0,별도,2022-12-31,KRW,11.251584105446339
1168.0,한솔테크닉스,4710.0,B+,B+,A,B+,2023.0,,,,,,한솔테크닉스,한솔테크닉스,1459,산업통상자원부,한솔테크닉스(주),2023,사업장,전기전자,6950.0,144.0,한국표준협회,,단일 사업장,한솔테크닉스(주),4,004710,2023.0,717109627869.0,별도,2023-12-31,KRW,9.691684130155915
1129.0,한솔홈데코,25750.0,B+,B,B+,A,2020.0,,,,,,한솔홈데코,한솔홈데코,213,환경부,(주)한솔홈데코,2020,업체,목재,61799.0,2862.0,(주)한국경영인증원,,업체 우선,(주)한솔홈데코,3,025750,2020.0,248115961496.0,별도,2020-12-31,KRW,249.07305288779776
1128.0,한솔홈데코,25750.0,A,B+,A,A,2021.0,,,,,,한솔홈데코,한솔홈데코,215,환경부,(주)한솔홈데코,2021,업체,산업,61769.0,2974.0,(주)한국경영인증원,,업체 우선,(주)한솔홈데코,4,025750,2021.0,257504995720.0,별도,2021-12-31,KRW,239.874957871361
1127.0,한솔홈데코,25750.0,B,C,B,B+,2022.0,,,,,,한솔홈데코,한솔홈데코,216,환경부,(주)한솔홈데코,2022,사업장,나무제품 제조업,55402.0,1988.0,(주)한국경영인증원,,단일 사업장,(주)한솔홈데코,2,025750,2022.0,281940170955.0,별도,2022-12-31,KRW,196.50268286473667
1126.0,한솔홈데코,25750.0,B+,B+,B+,B+,2023.0,,,,,,한솔홈데코,한솔홈데코,319,환경부,(주)한솔홈데코,2023,사업장,나무제품 제조업,55705.0,2011.0,(주)한국경영인증원,,단일 사업장,(주)한솔홈데코,4,025750,2023.0,295540383196.0,별도,2023-12-31,KRW,188.48523980919688
1125.0,한솔홈데코,25750.0,B+,B+,B,B+,2024.0,,,,,,한솔홈데코,한솔홈데코,226,기후에너지환경부,(주)한솔홈데코,2024,사업장,나무제품 제조업,63294.0,1804.0,(주)한국경영인증원,,단일 사업장,(주)한솔홈데코,4,025750,2024.0,327367631616.0,별도,2024-12-31,KRW,193.34226688068975
1124.0,한솔홈데코,25750.0,B+,B+,B+,B+,2025.0,,,,,,한솔홈데코,한솔홈데코,229,기후에너지환경부,(주)한솔홈데코,2025,사업장,나무제품 제조업,62149.0,1759.0,(주)한국경영인증원,,단일 사업장,(주)한솔홈데코,4,025750,2025.0,278809179911.0,별도,2025-12-31,KRW,222.90872926005835
1073.0,한온시스템,18880.0,B,B,B,B+,2020.0,통합 등급조정(2021.1),,사회 등급조정(2021.1),,,한온시스템,한온시스템,996,환경부,한온시스템 주식회사,2020,업체,자동차,59979.0,1241.0,(재)한국품질재단,,업체 우선,한온시스템 주식회사,3,018880,2020.0,2680084687965.0,별도,2020-12-31,KRW,22.37951668816194
1072.0,한온시스템,18880.0,B+,B+,B+,B+,2021.0,,,,,,한온시스템,한온시스템,1017,환경부,한온시스템 주식회사,2021,업체,산업,59679.0,1249.0,㈜디엔브이비즈니스어슈어런스코리아,,업체 우선,한온시스템 주식회사,4,018880,2021.0,2860878991599.0,별도,2021-12-31,KRW,20.86037199589636
1071.0,한온시스템,18880.0,B,B+,A,C,2022.0,,,,,,한온시스템,한온시스템,1039,환경부,한온시스템 주식회사,2022,사업장,자동차 신품 부품 제조업,61601.0,1298.0,㈜디엔브이비즈니스어슈어런스코리아,,단일 사업장,한온시스템 주식회사,4,018880,2022.0,3202875799921.0,별도,2022-12-31,KRW,19.233028018607342
1070.0,한온시스템,18880.0,B+,B+,A+,B,2023.0,,,,,,한온시스템,한온시스템,1462,환경부,한온시스템 주식회사,2023,사업장,자동차 신품 부품 제조업,62802.0,1321.0,㈜디엔브이비즈니스어슈어런스코리아,,단일 사업장,한온시스템 주식회사,4,018880,2023.0,3531567612865.0,별도,2023-12-31,KRW,17.783037700091377
1069.0,한온시스템,18880.0,B+,A,A+,B,2024.0,,,,,,한온시스템,한온시스템,1109,기후에너지환경부,한온시스템 주식회사,2024,사업장,자동차 신품 부품 제조업,61700.0,1303.0,㈜디엔브이비즈니스어슈어런스코리아,,단일 사업장,한온시스템 주식회사,5,018880,2024.0,3625271424615.0,별도,2024-12-31,KRW,17.019415313586478
1068.0,한온시스템,18880.0,A,A,A,B+,2025.0,,,,,,한온시스템,한온시스템,1116,기후에너지환경부,한온시스템 주식회사,2025,사업장,자동차 신품 부품 제조업,62409.0,1310.0,㈜디엔브이비즈니스어슈어런스코리아,,단일 사업장,한온시스템 주식회사,5,018880,2025.0,3930039896659.0,별도,2025-12-31,KRW,15.879991460914951
1045.0,한익스프레스,14130.0,C,B,C,D,2020.0,,,사회 등급조정(2020.10),지배구조 등급조정(2021.1),,한익스프레스,한익스프레스,216,국토교통부,(주)한익스프레스,2020,사업장,교통(화물),25961.0,408.0,한국표준협회,,단일 사업장,(주)한익스프레스,3,014130,2020.0,585162276598.0,별도,2020-12-31,KRW,44.36547097829227
1044.0,한익스프레스,14130.0,C,B,B,C,2021.0,,,,,,한익스프레스,한익스프레스,218,국토교통부,(주)한익스프레스,2021,사업장,교통(화물),26090.0,412.0,한국표준협회,,단일 사업장,(주)한익스프레스,3,014130,2021.0,688990229245.0,별도,2021-12-31,KRW,37.867010144091
1043.0,한익스프레스,14130.0,D,D,C,D,2022.0,,,,,,한익스프레스,한익스프레스,219,국토교통부,(주)한익스프레스,2022,사업장,교통(화물),27424.0,447.0,한국표준협회,,단일 사업장,(주)한익스프레스,1,014130,2022.0,774802972074.0,별도,2022-12-31,KRW,35.394804858054655
1042.0,한익스프레스,14130.0,C,C,C,C,2023.0,,,,,,한익스프레스,한익스프레스,322,환경부,(주)한익스프레스,2023,사업장,도로 화물 운송업,25195.0,417.0,한국표준협회,,단일 사업장,(주)한익스프레스,2,014130,2023.0,622412427774.0,별도,2023-12-31,KRW,40.47959018123653
1041.0,한익스프레스,14130.0,D,C,D,D,2024.0,,,,,,한익스프레스,한익스프레스,228,기후에너지환경부,(주)한익스프레스,2024,사업장,도로 화물 운송업,23918.0,400.0,한국표준협회,,단일 사업장,(주)한익스프레스,2,014130,2024.0,643315527568.0,별도,2024-12-31,KRW,37.17926736576681
1040.0,한익스프레스,14130.0,D,C,C,D,2025.0,,,,,,한익스프레스,한익스프레스,231,기후에너지환경부,(주)한익스프레스,2025,사업장,도로 화물 운송업,23847.0,400.0,한국표준협회,,단일 사업장,(주)한익스프레스,2,014130,2025.0,582739477960.0,별도,2025-12-31,KRW,40.9222318067095
1032.0,한일시멘트,300720.0,B,C,B+,B,2020.0,,,,,,한일시멘트,한일시멘트,998,환경부,한일시멘트 주식회사,2020,업체,산업,4191068.0,26152.0,한국표준협회,,업체 우선,한일시멘트 주식회사,2,300720,2020.0,841302505964.0,별도,2020-12-31,KRW,4981.642120746683
1031.0,한일시멘트,300720.0,B+,B+,B+,B,2021.0,,,,지배구조 등급조정(2022.04),,한일시멘트,한일시멘트,1019,환경부,한일시멘트 주식회사,2021,업체,산업,4277252.0,27837.0,한국표준협회,,업체 우선,한일시멘트 주식회사,4,300720,2021.0,907533243847.0,별도,2021-12-31,KRW,4713.052694211935
1030.0,한일시멘트,300720.0,C,B+,A,D,2022.0,통합 등급조정(2022.11),,,지배구조 등급조정(2022.11),,한일시멘트,한일시멘트,1041,환경부,한일시멘트 주식회사,2022,업체,"시멘트, 석회, 플라스터 및 그 외 제품 제조업",4359627.0,29006.0,한국표준협회,,업체 우선,한일시멘트 주식회사,4,300720,2022.0,1059617234342.0,별도,2022-12-31,KRW,4114.34134771056
1029.0,한일시멘트,300720.0,A,A,A+,B+,2023.0,,,,,,한일시멘트,한일시멘트,1465,환경부,한일시멘트 주식회사,2023,업체,"시멘트, 석회, 플라스터 및 그 외 제품 제조업",4370690.0,27990.0,한국표준협회,,업체 우선,한일시멘트 주식회사,5,300720,2023.0,1263711804102.0,별도,2023-12-31,KRW,3458.6129415051514
1028.0,한일시멘트,300720.0,A,A,A+,B+,2024.0,,,,,,한일시멘트,한일시멘트,1111,기후에너지환경부,한일시멘트 주식회사,2024,업체,"시멘트, 석회, 플라스터 및 그 외 제품 제조업",3668271.0,24489.0,한국표준협회,,업체 우선,한일시멘트 주식회사,5,300720,2024.0,1150103612981.0,별도,2024-12-31,KRW,3189.513499998544
1027.0,한일시멘트,300720.0,B+,A,A+,B,2025.0,,,,,,한일시멘트,한일시멘트,1118,기후에너지환경부,한일시멘트 주식회사,2025,업체,"시멘트, 석회, 플라스터 및 그 외 제품 제조업",6178096.0,41976.0,한국표준협회,,업체 우선,한일시멘트 주식회사,5,300720,2025.0,1011095773805.0,별도,2025-12-31,KRW,6110.297520827644
1010.0,한일현대시멘트,6390.0,B+,B,B+,B+,2020.0,,,,,,한일현대시멘트,한일현대시멘트,1001,환경부,한일현대시멘트 주식회사,2020,업체,산업,3326925.0,20077.0,한국표준협회,,업체 우선,한일현대시멘트 주식회사,3,006390,2020.0,334267703511.0,별도,2020-12-31,KRW,9952.875988483042
1009.0,한일현대시멘트,6390.0,B+,B+,B+,B+,2021.0,,,,,,한일현대시멘트,한일현대시멘트,1022,환경부,한일현대시멘트 주식회사,2021,업체,시멘트,3820963.0,23411.0,한국표준협회,,업체 우선,한일현대시멘트 주식회사,4,006390,2021.0,396983547194.0,별도,2021-12-31,KRW,9624.99082646554
1008.0,한일현대시멘트,6390.0,B+,B+,B+,B,2022.0,,,,,,한일현대시멘트,한일현대시멘트,1044,환경부,한일현대시멘트 주식회사,2022,업체,"시멘트, 석회, 플라스터 및 그 외 제품 제조업",3688223.0,23322.0,한국표준협회,,업체 우선,한일현대시멘트 주식회사,4,006390,2022.0,471150173575.0,별도,2022-12-31,KRW,7828.126162014224
1007.0,한일현대시멘트,6390.0,B+,A,A+,B,2023.0,,,,,,한일현대시멘트,한일현대시멘트,1469,환경부,한일현대시멘트 주식회사,2023,업체,"시멘트, 석회, 플라스터 및 그 외 제품 제조업",2903539.0,19507.0,한국표준협회,,업체 우선,한일현대시멘트 주식회사,5,006390,2023.0,504671276477.0,별도,2023-12-31,KRW,5753.327235639349
1006.0,한일현대시멘트,6390.0,A,A,A,B+,2024.0,,,사회 등급조정(2025.04.),,,한일현대시멘트,한일현대시멘트,1114,기후에너지환경부,한일현대시멘트 주식회사,2024,업체,"시멘트, 석회, 플라스터 및 그 외 제품 제조업",3124044.0,21319.0,한국표준협회,,업체 우선,한일현대시멘트 주식회사,5,006390,2024.0,513367579551.0,별도,2024-12-31,KRW,6085.394022607236
947.0,한진,2320.0,B,B,C,B+,2020.0,통합 등급조정(2020.10),,사회 등급조정(2020.10),,,한진,한진,219,국토교통부,(주)한진,2020,업체,수송,108104.0,1642.0,한국표준협회,,업체 우선,(주)한진,3,002320,2020.0,1928149579763.0,별도,2020-12-31,KRW,56.0661896434859
946.0,한진,2320.0,A,A,B+,A,2021.0,,,,,,한진,한진,221,환경부,(주)한진,2021,업체,수송,108796.0,1683.0,한국표준협회,,업체 우선,(주)한진,5,002320,2021.0,2155710481939.0,별도,2021-12-31,KRW,50.46874379074369
945.0,한진,2320.0,B+,B+,A,B+,2022.0,,,,,,한진,한진,222,환경부,(주)한진,2022,업체,도로 화물 운송업,104185.0,1630.0,한국표준협회,,업체 우선,(주)한진,4,002320,2022.0,2424482979823.0,별도,2022-12-31,KRW,42.97204841900192
944.0,한진,2320.0,A,A,A,A,2023.0,,,,,,한진,한진,325,환경부,(주)한진,2023,업체,도로 화물 운송업,104499.0,1651.0,한국표준협회,,업체 우선,(주)한진,5,002320,2023.0,2399737431829.0,별도,2023-12-31,KRW,43.54601408219663
943.0,한진,2320.0,A,A,A,A,2024.0,,,,,,한진,한진,231,기후에너지환경부,(주)한진,2024,업체,도로 화물 운송업,102568.0,1644.0,한국표준협회,,업체 우선,(주)한진,5,002320,2024.0,2437470221431.0,별도,2024-12-31,KRW,42.07969356843422
942.0,한진,2320.0,A,A,A,B+,2025.0,,,,,,한진,한진,234,기후에너지환경부,(주)한진,2025,업체,도로 화물 운송업,98362.0,1596.0,한국표준협회,,업체 우선,(주)한진,5,002320,2025.0,2389581460829.0,별도,2025-12-31,KRW,41.1628570159211
933.0,한진중공업,97230.0,B,B,B,B+,2020.0,,,,,,한진중공업,한진중공업,1005,산업통상자원부,한진중공업(주),2020,사업장,조선,10754.0,208.0,한국표준협회,,단일 사업장,한진중공업(주),3,097230,2020.0,1694634000000.0,별도,2020-12-31,KRW,6.345913040809992
932.0,한진중공업,97230.0,B,C,B,B+,2021.0,,,,,,한진중공업,한진중공업,1025,산업통상자원부,한진중공업(주),2021,사업장,조선,18700.0,340.0,한국표준협회,,단일 사업장,한진중공업(주),2,097230,2021.0,1705790000000.0,별도,2021-12-31,KRW,10.96266246138153
879.0,한창제지,9460.0,B,B,C,B,2020.0,,,,,,한창제지,한창제지,220,환경부,(주)한창제지,2020,업체,제지,122294.0,1622.0,한국표준협회,,업체 우선,(주)한창제지,3,009460,2020.0,171478302287.0,별도,2020-12-31,KRW,713.1747770357491
878.0,한창제지,9460.0,C,C,C,B,2021.0,,,,,,한창제지,한창제지,222,환경부,(주)한창제지,2021,업체,산업,123139.0,1644.0,한국표준협회,,업체 우선,(주)한창제지,2,009460,2021.0,182209638870.0,별도,2021-12-31,KRW,675.8094728888368
877.0,한창제지,9460.0,C,C,C,B,2022.0,,,,,,한창제지,한창제지,223,환경부,(주)한창제지,2022,업체,"펄프, 종이 및 판지 제조업",142810.0,1888.0,한국표준협회,,업체 우선,(주)한창제지,2,009460,2022.0,214923504794.0,별도,2022-12-31,KRW,664.4689706548412
876.0,한창제지,9460.0,C,C,C,C,2023.0,,,,,,한창제지,한창제지,326,환경부,(주)한창제지,2023,업체,"펄프, 종이 및 판지 제조업",192244.0,2397.0,한국표준협회,,업체 우선,(주)한창제지,2,009460,2023.0,276033575626.0,별도,2023-12-31,KRW,696.4515079878284
875.0,한창제지,9460.0,C,C,D,C,2024.0,,,,,,한창제지,한창제지,232,기후에너지환경부,(주)한창제지,2024,업체,"펄프, 종이 및 판지 제조업",193116.0,2442.0,한국표준협회,,업체 우선,(주)한창제지,2,009460,2024.0,294257732833.0,별도,2024-12-31,KRW,656.2818184615019
874.0,한창제지,9460.0,D,C,D,D,2025.0,,,,,,한창제지,한창제지,235,기후에너지환경부,(주)한창제지,2025,업체,"펄프, 종이 및 판지 제조업",186009.0,2368.0,한국표준협회,,업체 우선,(주)한창제지,2,009460,2025.0,266951905121.0,별도,2025-12-31,KRW,696.7884342900217
862.0,한화,880.0,A,B+,A,A,2020.0,,,,,,한화,한화,221,환경부,(주)한화,2020,업체,산업,95602.0,1781.0,㈜디엔브이비즈니스어슈어런스코리아,,업체 우선,(주)한화,4,000880,2020.0,4000775000000.0,별도,2020-12-31,KRW,23.895870175153565
861.0,한화,880.0,A,A,A+,A,2021.0,,,,,,한화,한화,223,환경부,(주)한화,2021,업체,산업,99766.0,1721.0,㈜디엔브이비즈니스어슈어런스코리아,,업체 우선,(주)한화,5,000880,2021.0,3935569000000.0,별도,2021-12-31,KRW,25.349828703295508
860.0,한화,880.0,A,A,A+,A,2022.0,,,,,,한화,한화,224,환경부,(주)한화,2022,업체,기타 화학제품 제조업,57635.0,1119.0,㈜디엔브이비즈니스어슈어런스코리아,,업체 우선,(주)한화,5,000880,2022.0,3879925000000.0,별도,2022-12-31,KRW,14.854668582511259
859.0,한화,880.0,B+,B+,B+,B+,2023.0,통합 등급조정(2024.01.),,사회 등급조정(2024.01.),,,한화,한화,327,환경부,(주)한화,2023,업체,기타 화학제품 제조업,60576.0,1177.0,㈜디엔브이비즈니스어슈어런스코리아,,업체 우선,(주)한화,4,000880,2023.0,7186351000000.0,별도,2023-12-31,KRW,8.429312734654903
858.0,한화,880.0,B+,A,B+,B+,2024.0,,,,,,한화,한화,233,기후에너지환경부,(주)한화,2024,업체,기타 화학제품 제조업,64772.0,1213.0,㈜디엔브이비즈니스어슈어런스코리아,,업체 우선,(주)한화,5,000880,2024.0,5882542000000.0,별도,2024-12-31,KRW,11.01088611012042
857.0,한화,880.0,A,A,A,B+,2025.0,,,,,,한화,한화,236,기후에너지환경부,(주)한화,2025,업체,기타 화학제품 제조업,76442.0,1277.0,㈜디엔브이비즈니스어슈어런스코리아,,업체 우선,(주)한화,5,000880,2025.0,4315204000000.0,별도,2025-12-31,KRW,17.714573864874062
819.0,한화솔루션,9830.0,B+,A,A,B,2020.0,통합 등급조정(2021.1),,,지배구조 등급조정(2021.1),,한화솔루션,한화솔루션,1006,환경부,한화솔루션 주식회사,2020,업체,산업,2477598.0,46949.0,㈜디엔브이비즈니스어슈어런스코리아,,업체 우선,한화솔루션 주식회사,5,009830,2020.0,5717317071646.0,별도,2020-12-31,KRW,433.3497633509254
818.0,한화솔루션,9830.0,A,A,A+,B+,2021.0,,,,,,한화솔루션,한화솔루션,1026,환경부,한화솔루션 주식회사,2021,업체,산업,2690533.0,49970.0,㈜디엔브이비즈니스어슈어런스코리아,,업체 우선,한화솔루션 주식회사,5,009830,2021.0,7395684853708.0,별도,2021-12-31,KRW,363.7976811100919
817.0,한화솔루션,9830.0,B,A,A,C,2022.0,,,,,,한화솔루션,한화솔루션,1046,환경부,한화솔루션 주식회사,2022,업체,기초 화학물질 제조업,2523378.0,48752.0,㈜디엔브이비즈니스어슈어런스코리아,,업체 우선,한화솔루션 주식회사,5,009830,2022.0,9686399464742.0,별도,2022-12-31,KRW,260.50732361234606
816.0,한화솔루션,9830.0,B+,A,A+,B,2023.0,,,,,,한화솔루션,한화솔루션,1476,환경부,한화솔루션 주식회사,2023,업체,기초 화학물질 제조업,2481024.0,48414.0,㈜디엔브이비즈니스어슈어런스코리아,,업체 우선,한화솔루션 주식회사,5,009830,2023.0,7305296189362.0,별도,2023-12-31,KRW,339.61990529732066
815.0,한화솔루션,9830.0,B+,A,A+,B,2024.0,,,,,,한화솔루션,한화솔루션,1118,기후에너지환경부,한화솔루션 주식회사,2024,업체,기초 화학물질 제조업,2501207.0,48748.0,㈜디엔브이비즈니스어슈어런스코리아,,업체 우선,한화솔루션 주식회사,5,009830,2024.0,6134940101954.0,별도,2024-12-31,KRW,407.69868302436345
814.0,한화솔루션,9830.0,A,A,A+,B+,2025.0,,,,,,한화솔루션,한화솔루션,1124,기후에너지환경부,한화솔루션 주식회사,2025,업체,기초 화학물질 제조업,2602004.0,50343.0,㈜디엔브이비즈니스어슈어런스코리아,,업체 우선,한화솔루션 주식회사,5,009830,2025.0,5739541000000.0,별도,2025-12-31,KRW,453.3470533619326
806.0,한화에어로스페이스,12450.0,A,A,A,A,2020.0,,,,,,한화에어로스페이스,한화에어로스페이스,1008,산업통상자원부,한화에어로스페이스(주),2020,사업장,기계,24091.0,486.0,(주)비에스아이그룹코리아,,단일 사업장,한화에어로스페이스(주),5,012450,2020.0,1059925450827.0,별도,2020-12-31,KRW,22.72895700466778
805.0,한화에어로스페이스,12450.0,A,A,A,A,2021.0,,,,,,한화에어로스페이스,한화에어로스페이스,1028,산업통상자원부,한화에어로스페이스(주),2021,사업장,기계,24253.0,495.0,(주)비에스아이그룹코리아,,단일 사업장,한화에어로스페이스(주),5,012450,2021.0,1224759749996.0,별도,2021-12-31,KRW,19.802251012967407
804.0,한화에어로스페이스,12450.0,B+,B+,A,B,2022.0,,,,,,한화에어로스페이스,한화에어로스페이스,1048,환경부,한화에어로스페이스 주식회사,2022,사업장,무기 및 총포탄 제조업,75014.0,1446.0,㈜디엔브이비즈니스어슈어런스코리아,,단일 사업장,한화에어로스페이스 주식회사,4,012450,2022.0,1956745411297.0,별도,2022-12-31,KRW,38.33610625425107
803.0,한화에어로스페이스,12450.0,A,A,A,A,2023.0,,,,,,한화에어로스페이스,한화에어로스페이스,1478,환경부,한화에어로스페이스 주식회사,2023,사업장,무기 및 총포탄 제조업,102289.0,1996.0,㈜디엔브이비즈니스어슈어런스코리아,,단일 사업장,한화에어로스페이스 주식회사,5,012450,2023.0,4978992849820.0,별도,2023-12-31,KRW,20.544114660397224
802.0,한화에어로스페이스,12450.0,A,A,A+,B+,2024.0,,,,,,한화에어로스페이스,한화에어로스페이스,1120,기후에너지환경부,한화에어로스페이스 주식회사,2024,사업장,무기 및 총포탄 제조업,114383.0,2230.0,㈜디엔브이비즈니스어슈어런스코리아,,단일 사업장,한화에어로스페이스 주식회사,5,012450,2024.0,7935101827678.0,별도,2024-12-31,KRW,14.414811868075446
801.0,한화에어로스페이스,12450.0,B+,A,B+,B+,2025.0,통합 등급조정(2026.07.),,사회 등급조정(2026.07.),,,한화에어로스페이스,한화에어로스페이스,1126,기후에너지환경부,한화에어로스페이스 주식회사,2025,사업장,무기 및 총포탄 제조업,121740.0,2366.0,㈜디엔브이비즈니스어슈어런스코리아,,단일 사업장,한화에어로스페이스 주식회사,5,012450,2025.0,9525137891000.0,별도,2025-12-31,KRW,12.780917336118383
800.0,한화엔진,82740.0,B+,B,A,B+,2023.0,,,,,,한화엔진,한화엔진,1479,환경부,한화엔진 주식회사,2023,사업장,일반 목적용 기계 제조업,37488.0,670.0,㈜디엔브이비즈니스어슈어런스코리아,"""HSD엔진㈜"" 업체명 변경",단일 사업장,한화엔진 주식회사,3,082740,2023.0,854384414147.0,별도,2023-12-31,KRW,43.87720489661232
799.0,한화엔진,82740.0,B+,B+,A,B+,2024.0,,,,,,한화엔진,한화엔진,1121,기후에너지환경부,한화엔진 주식회사,2024,사업장,일반 목적용 기계 제조업,42358.0,762.0,㈜디엔브이비즈니스어슈어런스코리아,,단일 사업장,한화엔진 주식회사,4,082740,2024.0,1202204707511.0,별도,2024-12-31,KRW,35.23360018086806
798.0,한화엔진,82740.0,B+,B+,A,B+,2025.0,,,,,,한화엔진,한화엔진,1127,기후에너지환경부,한화엔진 주식회사,2025,사업장,일반 목적용 기계 제조업,44982.0,760.0,㈜디엔브이비즈니스어슈어런스코리아,,단일 사업장,한화엔진 주식회사,4,082740,2025.0,1371057336146.0,별도,2025-12-31,KRW,32.80825594532977
797.0,한화오션,42660.0,B+,B+,B+,B+,2023.0,,,사회 등급조정(2024.04.),,,한화오션,한화오션,1480,환경부,한화오션(주),2023,업체,선박 및 보트 건조업,416679.0,7394.0,㈜디엔브이비즈니스어슈어런스코리아,,업체 우선,한화오션(주),4,042660,2023.0,7425978807573.0,별도,2023-12-31,KRW,56.11098695502221
796.0,한화오션,42660.0,B+,A,B,B,2024.0,,,사회 등급조정(2024.10.),,,한화오션,한화오션,1122,기후에너지환경부,한화오션(주),2024,업체,선박 및 보트 건조업,455320.0,8160.0,㈜디엔브이비즈니스어슈어런스코리아,,업체 우선,한화오션(주),5,042660,2024.0,10764756994564.0,별도,2024-12-31,KRW,42.297285505834274
795.0,한화오션,42660.0,C,A,D,D,2025.0,,,사회 등급조정(2025.11.),,,한화오션,한화오션,1128,기후에너지환경부,한화오션(주),2025,업체,선박 및 보트 건조업,437734.0,7953.0,㈜디엔브이비즈니스어슈어런스코리아,,업체 우선,한화오션(주),5,042660,2025.0,12903594354486.0,별도,2025-12-31,KRW,33.92341606335599
759.0,해성디에스,195870.0,A,A,A,A,2020.0,,,,,,해성디에스,해성디에스,1013,환경부,해성디에스 주식회사,2020,사업장,반도체,54637.0,1225.0,(주)비에스아이그룹코리아,,단일 사업장,해성디에스 주식회사,5,195870,2020.0,458746167572.0,별도,2020-12-31,KRW,119.10072249579011
758.0,해성디에스,195870.0,A,A,A+,A,2021.0,,,,,,해성디에스,해성디에스,1033,환경부,해성디에스 주식회사,2021,사업장,산업,62321.0,1380.0,(주)비에스아이그룹코리아,,단일 사업장,해성디에스 주식회사,5,195870,2021.0,655373012865.0,별도,2021-12-31,KRW,95.09241115614488
757.0,해성디에스,195870.0,B+,B+,A,B+,2022.0,,,,,,해성디에스,해성디에스,1055,환경부,해성디에스 주식회사,2022,사업장,반도체 제조업,66854.0,1495.0,(주)비에스아이그룹코리아,,단일 사업장,해성디에스 주식회사,4,195870,2022.0,839357973218.0,별도,2022-12-31,KRW,79.64897234929408
756.0,해성디에스,195870.0,A,A,A+,B+,2023.0,,,,,,해성디에스,해성디에스,1490,환경부,해성디에스 주식회사,2023,사업장,반도체 제조업,65732.0,1470.0,(주)비에스아이그룹코리아,,단일 사업장,해성디에스 주식회사,5,195870,2023.0,661771352875.0,별도,2023-12-31,KRW,99.32735787736027
755.0,해성디에스,195870.0,A,A,A+,B+,2024.0,,,,,,해성디에스,해성디에스,1129,기후에너지환경부,해성디에스 주식회사,2024,사업장,반도체 제조업,66233.0,1450.0,(주)비에스아이그룹코리아,,단일 사업장,해성디에스 주식회사,5,195870,2024.0,594589313583.0,별도,2024-12-31,KRW,111.3928529944129
754.0,해성디에스,195870.0,A,A,A,B+,2025.0,,,,,,해성디에스,해성디에스,1135,기후에너지환경부,해성디에스 주식회사,2025,사업장,반도체 제조업,66734.0,1487.0,(주)비에스아이그룹코리아,,단일 사업장,해성디에스 주식회사,5,195870,2025.0,644987651316.0,별도,2025-12-31,KRW,103.46554676487115
741.0,핸즈코퍼레이션,143210.0,B,B,B,B+,2020.0,,,,,,핸즈코퍼레이션,핸즈코퍼레이션,1016,환경부,핸즈코퍼레이션주식회사,2020,업체,자동차,87011.0,1750.0,(재)한국품질재단,,업체 우선,핸즈코퍼레이션주식회사,3,143210,2020.0,494631810111.0,별도,2020-12-31,KRW,175.91064347534365
740.0,핸즈코퍼레이션,143210.0,B,B,B,B+,2021.0,,,,,,핸즈코퍼레이션,핸즈코퍼레이션,1036,환경부,핸즈코퍼레이션주식회사,2021,업체,산업,63161.0,1281.0,(재)한국품질재단,,업체 우선,핸즈코퍼레이션주식회사,3,143210,2021.0,435819456346.0,별도,2021-12-31,KRW,144.92469090195013
739.0,핸즈코퍼레이션,143210.0,C,C,B,D,2022.0,,,,,,핸즈코퍼레이션,핸즈코퍼레이션,1058,환경부,핸즈코퍼레이션주식회사,2022,사업장,자동차 신품 부품 제조업,50631.0,1030.0,(재)한국품질재단,,단일 사업장,핸즈코퍼레이션주식회사,2,143210,2022.0,523431906660.0,별도,2022-12-31,KRW,96.7289142212873
738.0,핸즈코퍼레이션,143210.0,C,C,B,D,2023.0,,,,,,핸즈코퍼레이션,핸즈코퍼레이션,1494,환경부,핸즈코퍼레이션주식회사,2023,사업장,자동차 신품 부품 제조업,58536.0,1190.0,(재)한국품질재단,,단일 사업장,핸즈코퍼레이션주식회사,2,143210,2023.0,492889560894.0,별도,2023-12-31,KRW,118.7608840686903
737.0,핸즈코퍼레이션,143210.0,D,C,D,D,2024.0,,,,,,핸즈코퍼레이션,핸즈코퍼레이션,1132,기후에너지환경부,핸즈코퍼레이션주식회사,2024,사업장,자동차 신품 부품 제조업,59826.0,1214.0,(재)한국품질재단,,단일 사업장,핸즈코퍼레이션주식회사,2,143210,2024.0,527401408227.0,별도,2024-12-31,KRW,113.43541952442068
736.0,핸즈코퍼레이션,143210.0,D,C,C,D,2025.0,,,,,,핸즈코퍼레이션,핸즈코퍼레이션,1138,기후에너지환경부,핸즈코퍼레이션주식회사,2025,사업장,자동차 신품 부품 제조업,63390.0,1290.0,(재)한국품질재단,,단일 사업장,핸즈코퍼레이션주식회사,2,143210,2025.0,587425484622.0,별도,2025-12-31,KRW,107.91155926915661
715.0,현대건설,720.0,A,A+,A,A,2020.0,통합 등급조정(2020.10),,사회 등급조정(2020.10),,,현대건설,현대건설,1017,국토교통부,현대건설(주),2020,업체,건설,75647.0,1496.0,로이드인증원㈜,,업체 우선,현대건설(주),6,000720,2020.0,9320113000000.0,별도,2020-12-31,KRW,8.116532492685444
714.0,현대건설,720.0,A,A,A,A,2021.0,,,사회 등급조정(2021.10),,,현대건설,현대건설,1037,국토교통부,현대건설(주),2021,업체,건설,78177.0,1560.0,로이드인증원㈜,,업체 우선,현대건설(주),5,000720,2021.0,10246315000000.0,별도,2021-12-31,KRW,7.629767384664633
713.0,현대건설,720.0,A,A,A,B+,2022.0,,,,,,현대건설,현대건설,1059,국토교통부,현대건설(주),2022,업체,건설,79964.0,1539.0,로이드인증원㈜,,업체 우선,현대건설(주),5,000720,2022.0,11978479000000.0,별도,2022-12-31,KRW,6.675638868674396
712.0,현대건설,720.0,A,A,A,A,2023.0,,,사회 등급조정(2024.04.),,,현대건설,현대건설,1495,국토교통부,현대건설(주),2023,업체,건설,87852.0,1722.0,로이드인증원㈜,,업체 우선,현대건설(주),5,000720,2023.0,15778844000000.0,별도,2023-12-31,KRW,5.5677082554336685
711.0,현대건설,720.0,A,A,A,B+,2024.0,,,사회 등급조정(2024.10.),,,현대건설,현대건설,1133,국토교통부,현대건설(주),2024,업체,건설,86306.0,1701.0,로이드인증원㈜,,업체 우선,현대건설(주),5,000720,2024.0,16730103000000.0,별도,2024-12-31,KRW,5.158724964215701
710.0,현대건설,720.0,A,A,A+,A,2025.0,,,,,,현대건설,현대건설,1140,국토교통부,현대건설(주),2025,업체,건설,88670.0,1757.0,로이드인증원㈜,,업체 우선,현대건설(주),5,000720,2025.0,16512462000000.0,별도,2025-12-31,KRW,5.369883667256888
685.0,현대글로비스,86280.0,A,A,A+,A,2020.0,,,,,,현대글로비스,현대글로비스,1020,국토교통부,현대글로비스(주),2020,업체,교통(화물),79348.0,1191.0,한국표준협회,,업체 우선,현대글로비스(주),5,086280,2020.0,12909957670070.0,별도,2020-12-31,KRW,6.146263374972767
684.0,현대글로비스,86280.0,A,A,A+,A,2021.0,,,,,,현대글로비스,현대글로비스,1039,환경부,현대글로비스(주),2021,업체,수송,79854.0,1218.0,한국표준협회,,업체 우선,현대글로비스(주),5,086280,2021.0,17572701950001.0,별도,2021-12-31,KRW,4.544207272575716
683.0,현대글로비스,86280.0,A,A,A+,A,2022.0,,,,,,현대글로비스,현대글로비스,1061,환경부,현대글로비스(주),2022,사업장,도로 화물 운송업,79781.0,1220.0,한국표준협회,,단일 사업장,현대글로비스(주),5,086280,2022.0,21528979385563.0,별도,2022-12-31,KRW,3.70574928663362
682.0,현대글로비스,86280.0,A+,A+,A+,A,2023.0,,,,,,현대글로비스,현대글로비스,1497,환경부,현대글로비스(주),2023,사업장,도로 화물 운송업,79275.0,1207.0,한국표준협회,,단일 사업장,현대글로비스(주),6,086280,2023.0,19499950871973.0,별도,2023-12-31,KRW,4.065394857683504
680.0,현대글로비스,86280.0,A,A,A+,A,2025.0,,,,,,현대글로비스,현대글로비스,1141,기후에너지환경부,현대글로비스(주),2025,사업장,도로 화물 운송업,79280.0,1196.0,한국표준협회,,단일 사업장,현대글로비스(주),5,086280,2025.0,22531796309981.0,별도,2025-12-31,KRW,3.518583201681129
679.0,현대두산인프라코어,42670.0,A,A,A+,A,2021.0,,,,,,현대두산인프라코어,현대두산인프라코어,1040,환경부,현대두산인프라코어(주),2021,업체,산업,105125.0,2038.0,지속가능인증원주식회사,,업체 우선,현대두산인프라코어(주),5,042670,2021.0,3618065170104.0,별도,2021-12-31,KRW,29.055584976369627
678.0,현대두산인프라코어,42670.0,B+,B+,A,B+,2022.0,,,,,,현대두산인프라코어,현대두산인프라코어,1062,환경부,현대두산인프라코어(주),2022,사업장,특수 목적용 기계 제조업,104220.0,2041.0,지속가능인증원주식회사,,단일 사업장,현대두산인프라코어(주),4,042670,2022.0,4204907645849.0,별도,2022-12-31,KRW,24.78532438230454
670.0,현대로템,64350.0,A,A,A+,A,2022.0,,,,,,현대로템,현대로템,1063,산업통상자원부,현대로템 주식회사,2022,사업장,기계,20361.0,411.0,(주)한국경영인증원,,단일 사업장,현대로템 주식회사,5,064350,2022.0,3106010725000.0,별도,2022-12-31,KRW,6.555354054677323
669.0,현대로템,64350.0,A,A,A+,A,2023.0,,,,,,현대로템,현대로템,1498,산업통상자원부,현대로템 주식회사,2023,사업장,기계,18055.0,364.0,(주)한국경영인증원,,단일 사업장,현대로템 주식회사,5,064350,2023.0,3498942898000.0,별도,2023-12-31,KRW,5.160129938193693
668.0,현대로템,64350.0,A+,A+,A+,A,2024.0,,,,,,현대로템,현대로템,1135,산업통상부,현대로템 주식회사,2024,사업장,기계,18977.0,382.0,(주)한국경영인증원,,단일 사업장,현대로템 주식회사,6,064350,2024.0,4323302753000.0,별도,2024-12-31,KRW,4.3894682108098015
667.0,현대로템,64350.0,A+,A+,A+,A,2025.0,,,,,,현대로템,현대로템,1142,산업통상부,현대로템 주식회사,2025,사업장,기계,20818.0,429.0,(주)한국경영인증원,,단일 사업장,현대로템 주식회사,6,064350,2025.0,5694994720000.0,별도,2025-12-31,KRW,3.6554906586463
644.0,현대모비스,12330.0,A,B+,A+,A,2020.0,,,,,,현대모비스,현대모비스,1023,환경부,현대모비스(주),2020,업체,산업,163165.0,3308.0,로이드인증원㈜,,업체 우선,현대모비스(주),4,012330,2020.0,22954483000000.0,별도,2020-12-31,KRW,7.108197557749395
643.0,현대모비스,12330.0,A,A,A+,A,2021.0,,,,,,현대모비스,현대모비스,1042,환경부,현대모비스(주),2021,업체,산업,173416.0,3563.0,(재)한국품질재단,,업체 우선,현대모비스(주),5,012330,2021.0,27328555000000.0,별도,2021-12-31,KRW,6.345597123594716
642.0,현대모비스,12330.0,A,A,A+,B+,2022.0,,,,,,현대모비스,현대모비스,1064,환경부,현대모비스(주),2022,업체,자동차 신품 부품 제조업,107204.0,2217.0,(재)한국품질재단,,업체 우선,현대모비스(주),5,012330,2022.0,34052113000000.0,별도,2022-12-31,KRW,3.148233415060029
641.0,현대모비스,12330.0,A,A+,A+,B+,2023.0,,,,,,현대모비스,현대모비스,1500,환경부,현대모비스(주),2023,업체,자동차 신품 부품 제조업,100704.0,2074.0,(재)한국품질재단,,업체 우선,현대모비스(주),6,012330,2023.0,38970304000000.0,별도,2023-12-31,KRW,2.584121489018921
640.0,현대모비스,12330.0,A,A+,A+,B+,2024.0,,,,,,현대모비스,현대모비스,1136,기후에너지환경부,현대모비스(주),2024,업체,자동차 신품 부품 제조업,105334.0,2172.0,(재)한국품질재단,,업체 우선,현대모비스(주),6,012330,2024.0,36604026000000.0,별도,2024-12-31,KRW,2.8776615993005796
639.0,현대모비스,12330.0,B+,B+,A+,B,2025.0,,,,,,현대모비스,현대모비스,1143,기후에너지환경부,현대모비스(주),2025,업체,자동차 신품 부품 제조업,101238.0,2089.0,(주)한국경영인증원,,업체 우선,현대모비스(주),4,012330,2025.0,36256823000000.0,별도,2025-12-31,KRW,2.792246855164337
630.0,현대미포조선,10620.0,A,A,A+,A,2020.0,,,,,,현대미포조선,현대미포조선,1024,환경부,현대미포조선,2020,업체,조선,148352.0,2686.0,한국표준협회,,업체 우선,현대미포조선,5,010620,2020.0,2780781151000.0,별도,2020-12-31,KRW,53.34903825374786
629.0,현대미포조선,10620.0,A,A,A+,A,2021.0,,,,,,현대미포조선,현대미포조선,1043,환경부,현대미포조선,2021,업체,산업,155876.0,2860.0,한국표준협회,,업체 우선,현대미포조선,5,010620,2021.0,2857835280000.0,별도,2021-12-31,KRW,54.54338152057525
628.0,현대미포조선,10620.0,B+,B+,A,B+,2022.0,,,,,,현대미포조선,현대미포조선,1065,환경부,현대미포조선,2022,업체,선박 및 보트 건조업,160950.0,2902.0,한국표준협회,,업체 우선,현대미포조선,4,010620,2022.0,3695797868000.0,별도,2022-12-31,KRW,43.54945961563069
609.0,현대백화점,69960.0,A,B+,A,A,2020.0,,,,,,현대백화점,현대백화점,222,환경부,(주)현대백화점,2020,업체,건물,144529.0,2987.0,한국표준협회,,업체 우선,(주)현대백화점,4,069960,2020.0,1245062784000.0,별도,2020-12-31,KRW,116.08169632672917
608.0,현대백화점,69960.0,A,A,A+,A,2021.0,,,,,,현대백화점,현대백화점,224,환경부,(주)현대백화점,2021,업체,건물,166188.0,3467.0,한국표준협회,,업체 우선,(주)현대백화점,5,069960,2021.0,1512060769000.0,별도,2021-12-31,KRW,109.90828107385413
607.0,현대백화점,69960.0,A,A,A,A,2022.0,,,사회 등급조정(2022.11),,,현대백화점,현대백화점,225,환경부,(주)현대백화점,2022,업체,종합 소매업,168609.0,3528.0,한국표준협회,,업체 우선,(주)현대백화점,5,069960,2022.0,1655713149000.0,별도,2022-12-31,KRW,101.83466870564789
606.0,현대백화점,69960.0,A+,A+,A+,A,2023.0,,,,,,현대백화점,현대백화점,328,환경부,(주)현대백화점,2023,업체,종합 소매업,165600.0,3460.0,한국표준협회,,업체 우선,(주)현대백화점,6,069960,2023.0,1739691390000.0,별도,2023-12-31,KRW,95.18929676372083
605.0,현대백화점,69960.0,A+,A+,A+,A,2024.0,,,,,,현대백화점,현대백화점,234,기후에너지환경부,(주)현대백화점,2024,업체,종합 소매업,162990.0,3416.0,한국표준협회,,업체 우선,(주)현대백화점,6,069960,2024.0,1778477570000.0,별도,2024-12-31,KRW,91.64580017728309
604.0,현대백화점,69960.0,A+,A+,A+,A,2025.0,,,,,,현대백화점,현대백화점,237,기후에너지환경부,(주)현대백화점,2025,업체,종합 소매업,161447.0,3390.0,한국표준협회,,업체 우선,(주)현대백화점,6,069960,2025.0,1795544840000.0,별도,2025-12-31,KRW,89.91532620260266
595.0,현대비앤지스틸,4560.0,B+,B+,A,B+,2020.0,,,,,,현대비앤지스틸,현대비앤지스틸,1025,환경부,현대비앤지스틸(주),2020,업체,철강,78295.0,1591.0,㈜디엔브이비즈니스어슈어런스코리아,,업체 우선,현대비앤지스틸(주),4,004560,2020.0,679980856007.0,별도,2020-12-31,KRW,115.14294749379532
594.0,현대비앤지스틸,4560.0,A,B+,A+,B+,2021.0,,,,,,현대비앤지스틸,현대비앤지스틸,1044,환경부,현대비앤지스틸(주),2021,업체,산업,80708.0,1659.0,㈜디엔브이비즈니스어슈어런스코리아,,업체 우선,현대비앤지스틸(주),4,004560,2021.0,854952259979.0,별도,2021-12-31,KRW,94.400592615525
593.0,현대비앤지스틸,4560.0,C,B+,B+,D,2022.0,,,사회 등급조정(2022.11),,,현대비앤지스틸,현대비앤지스틸,1066,환경부,현대비앤지스틸(주),2022,사업장,1차 철강 제조업,86228.0,1771.0,㈜디엔브이비즈니스어슈어런스코리아,,단일 사업장,현대비앤지스틸(주),4,004560,2022.0,1280201849593.0,별도,2022-12-31,KRW,67.35500345309882
592.0,현대비앤지스틸,4560.0,B,A,B+,C,2023.0,,,,,,현대비앤지스틸,현대비앤지스틸,1502,환경부,현대비앤지스틸(주),2023,사업장,1차 철강 제조업,82355.0,1686.0,㈜디엔브이비즈니스어슈어런스코리아,,단일 사업장,현대비앤지스틸(주),5,004560,2023.0,1044395496494.0,별도,2023-12-31,KRW,78.85422742290915
591.0,현대비앤지스틸,4560.0,B+,B+,A,B,2024.0,,,,,,현대비앤지스틸,현대비앤지스틸,1137,기후에너지환경부,현대비앤지스틸(주),2024,사업장,1차 철강 제조업,72957.0,1494.0,㈜디엔브이비즈니스어슈어런스코리아,,단일 사업장,현대비앤지스틸(주),4,004560,2024.0,793495304287.0,별도,2024-12-31,KRW,91.94383332306668
590.0,현대비앤지스틸,4560.0,B+,B+,A,B,2025.0,,,,,,현대비앤지스틸,현대비앤지스틸,1144,기후에너지환경부,현대비앤지스틸(주),2025,사업장,1차 철강 제조업,64871.0,1420.0,㈜디엔브이비즈니스어슈어런스코리아,,단일 사업장,현대비앤지스틸(주),4,004560,2025.0,739197686220.0,별도,2025-12-31,KRW,87.75866214047251
556.0,현대에너지솔루션,322000.0,A,A,A+,B+,2021.0,,,,,,현대에너지솔루션,현대에너지솔루션,1050,환경부,현대에너지솔루션(주),2021,사업장,산업,27366.0,538.0,한국표준협회,,단일 사업장,현대에너지솔루션(주),5,322000,2021.0,559506939428.0,별도,2021-12-31,KRW,48.91092151238919
527.0,현대오토에버,307950.0,A,A,A+,A,2021.0,,,,,,현대오토에버,현대오토에버,1053,산업통상자원부,현대오토에버 주식회사,2021,사업장,통신,21650.0,452.0,대일이엔씨기술(주),,단일 사업장,현대오토에버 주식회사,5,307950,2021.0,1684953149776.0,별도,2021-12-31,KRW,12.849021946324253
526.0,현대오토에버,307950.0,B+,B+,A,B+,2022.0,,,,,,현대오토에버,현대오토에버,1073,산업통상자원부,현대오토에버 주식회사,2022,사업장,통신,21789.0,455.0,(주)한국경영인증원,,단일 사업장,현대오토에버 주식회사,4,307950,2022.0,2240816395439.0,별도,2022-12-31,KRW,9.723688225572491
525.0,현대오토에버,307950.0,A,A+,A+,B+,2023.0,,,,,,현대오토에버,현대오토에버,1510,산업통상자원부,현대오토에버 주식회사,2023,사업장,통신,21379.0,446.0,대일이엔씨기술(주),,단일 사업장,현대오토에버 주식회사,6,307950,2023.0,2458959381000.0,별도,2023-12-31,KRW,8.694328245188691
524.0,현대오토에버,307950.0,A,A,A+,A,2024.0,,,,,,현대오토에버,현대오토에버,1144,산업통상부,현대오토에버 주식회사,2024,사업장,통신,20562.0,429.0,대일이엔씨기술(주),,단일 사업장,현대오토에버 주식회사,5,307950,2024.0,2943444209000.0,별도,2024-12-31,KRW,6.985693813094455
523.0,현대오토에버,307950.0,A,A,A+,B+,2025.0,,,,,,현대오토에버,현대오토에버,1151,산업통상부,현대오토에버 주식회사,2025,사업장,통신,19837.0,414.0,(주)한국경영인증원,,단일 사업장,현대오토에버 주식회사,5,307950,2025.0,3250040613000.0,별도,2025-12-31,KRW,6.103616035028298
514.0,현대위아,11210.0,A,A,A+,A,2020.0,,,,,,현대위아,현대위아,1035,환경부,현대위아 주식회사,2020,업체,자동차,170173.0,3387.0,㈜디엔브이비즈니스어슈어런스코리아,,업체 우선,현대위아 주식회사,5,011210,2020.0,5585482000000.0,별도,2020-12-31,KRW,30.467021467440052
513.0,현대위아,11210.0,A,A,A+,A,2021.0,,,,,,현대위아,현대위아,1054,환경부,현대위아 주식회사,2021,업체,산업,181938.0,3665.0,㈜디엔브이비즈니스어슈어런스코리아,,업체 우선,현대위아 주식회사,5,011210,2021.0,6385921000000.0,별도,2021-12-31,KRW,28.490487120025442
512.0,현대위아,11210.0,A,A,A,B+,2022.0,,,,,,현대위아,현대위아,1074,환경부,현대위아 주식회사,2022,업체,자동차 신품 부품 제조업,155623.0,3216.0,㈜디엔브이비즈니스어슈어런스코리아,,업체 우선,현대위아 주식회사,5,011210,2022.0,6681103000000.0,별도,2022-12-31,KRW,23.293010151168154
511.0,현대위아,11210.0,A+,A+,A+,A,2023.0,,,,,,현대위아,현대위아,1512,환경부,현대위아 주식회사,2023,업체,자동차 신품 부품 제조업,138476.0,2876.0,㈜디엔브이비즈니스어슈어런스코리아,,업체 우선,현대위아 주식회사,6,011210,2023.0,7235272000000.0,별도,2023-12-31,KRW,19.13901785585946
510.0,현대위아,11210.0,A+,A+,A+,A,2024.0,,,,,,현대위아,현대위아,1145,기후에너지환경부,현대위아 주식회사,2024,업체,자동차 신품 부품 제조업,98202.0,2036.0,㈜디엔브이비즈니스어슈어런스코리아,,업체 우선,현대위아 주식회사,6,011210,2024.0,6938051000000.0,별도,2024-12-31,KRW,14.15411907465079
509.0,현대위아,11210.0,A+,A+,A+,A,2025.0,,,,,,현대위아,현대위아,1152,기후에너지환경부,현대위아 주식회사,2025,업체,자동차 신품 부품 제조업,90046.0,1874.0,(주)한국경영인증원,,업체 우선,현대위아 주식회사,6,011210,2025.0,7278797000000.0,별도,2025-12-31,KRW,12.371000317772292
492.0,현대자동차,5380.0,A,A,A+,A,2020.0,,,,,,현대자동차,현대자동차,1037,환경부,현대자동차 주식회사,2020,업체,자동차,1522472.0,30955.0,로이드인증원㈜,,업체 우선,현대자동차 주식회사,5,005380,2020.0,50661002000000.0,별도,2020-12-31,KRW,30.052149383069843
491.0,현대자동차,5380.0,A,A,A,A,2021.0,,,사회 등급조정(2022.04),,,현대자동차,현대자동차,1056,환경부,현대자동차 주식회사,2021,업체,산업,1508866.0,31043.0,로이드인증원㈜,,업체 우선,현대자동차 주식회사,5,005380,2021.0,55605120000000.0,별도,2021-12-31,KRW,27.135378900360255
490.0,현대자동차,5380.0,B+,A,B+,B,2022.0,,,사회 등급조정(2022.11),,,현대자동차,현대자동차,1075,환경부,현대자동차 주식회사,2022,업체,자동차용 엔진 및 자동차 제조업,1540499.0,31730.0,로이드인증원㈜,,업체 우선,현대자동차 주식회사,5,005380,2022.0,65308350000000.0,별도,2022-12-31,KRW,23.588086362616725
489.0,현대자동차,5380.0,A,A,A,B+,2023.0,,,,,,현대자동차,현대자동차,1513,환경부,현대자동차 주식회사,2023,업체,자동차용 엔진 및 자동차 제조업,1569435.0,32336.0,로이드인증원㈜,,업체 우선,현대자동차 주식회사,5,005380,2023.0,78033758000000.0,별도,2023-12-31,KRW,20.112257056747158
488.0,현대자동차,5380.0,A,A+,B+,A,2024.0,,,사회 등급조정(2025.01.),,,현대자동차,현대자동차,1146,기후에너지환경부,현대자동차 주식회사,2024,업체,자동차용 엔진 및 자동차 제조업,1526375.0,31463.0,로이드인증원㈜,,업체 우선,현대자동차 주식회사,6,005380,2024.0,79060777000000.0,별도,2024-12-31,KRW,19.30634959481868
487.0,현대자동차,5380.0,A,A+,B+,B+,2025.0,,,사회 등급조정(2026.04.),,,현대자동차,현대자동차,1153,기후에너지환경부,현대자동차 주식회사,2025,업체,자동차용 엔진 및 자동차 제조업,1564214.0,32367.0,㈜디엔브이비즈니스어슈어런스코리아,,업체 우선,현대자동차 주식회사,6,005380,2025.0,78766791000000.0,별도,2025-12-31,KRW,19.858800646074307
478.0,현대제철,4020.0,B+,B+,B,B+,2020.0,통합 등급조정(2020.4),,"사회 등급조정(2020.10, 2021.4, 2021.7)",,,현대제철,현대제철,1038,환경부,현대제철 주식회사,2020,업체,철강,28623930.0,122210.0,로이드인증원㈜,,업체 우선,현대제철 주식회사,4,004020,2020.0,15568026955252.0,별도,2020-12-31,KRW,1838.6356911042915
477.0,현대제철,4020.0,B+,B+,B+,A,2021.0,,,"사회 등급조정(2021.10, 2022.04)",,,현대제철,현대제철,1057,환경부,현대제철 주식회사,2021,업체,산업,28489305.0,168099.0,로이드인증원㈜,,업체 우선,현대제철 주식회사,4,004020,2021.0,19991486622646.0,별도,2021-12-31,KRW,1425.0718587244944
476.0,현대제철,4020.0,A,A,A,B+,2022.0,,,사회 등급조정(2022.11),,,현대제철,현대제철,1076,환경부,현대제철 주식회사,2022,업체,1차 철강 제조업,28500741.0,164476.0,로이드인증원㈜,,업체 우선,현대제철 주식회사,5,004020,2022.0,23666889994897.0,별도,2022-12-31,KRW,1204.2452982265631
475.0,현대제철,4020.0,A,A+,A,B+,2023.0,,,사회 등급조정(2024.04.),,,현대제철,현대제철,1514,환경부,현대제철 주식회사,2023,업체,1차 철강 제조업,29269107.0,167110.0,로이드인증원㈜,,업체 우선,현대제철 주식회사,6,004020,2023.0,21609416275152.0,별도,2023-12-31,KRW,1354.4607881729614
474.0,현대제철,4020.0,A,A,A,B+,2024.0,,,사회 등급조정(2024.10.),,,현대제철,현대제철,1147,기후에너지환경부,현대제철 주식회사,2024,업체,1차 철강 제조업,28817883.0,159662.0,로이드인증원㈜,,업체 우선,현대제철 주식회사,5,004020,2024.0,18617621568224.0,별도,2024-12-31,KRW,1547.8820908673695
473.0,현대제철,4020.0,B+,B+,A+,B,2025.0,,,,,,현대제철,현대제철,1154,기후에너지환경부,현대제철 주식회사,2025,업체,1차 철강 제조업,28011895.0,153016.0,㈜디엔브이비즈니스어슈어런스코리아,,업체 우선,현대제철 주식회사,4,004020,2025.0,17800125991157.0,별도,2025-12-31,KRW,1573.6908274647126
318.0,호텔신라,8770.0,A,A,A,A,2020.0,,,,,,호텔신라,호텔신라,225,국토교통부,(주)호텔신라,2020,사업장,건물,19762.0,399.0,한국표준협회,,단일 사업장,(주)호텔신라,5,008770,2020.0,2814422845627.0,별도,2020-12-31,KRW,7.021688311941414
317.0,호텔신라,8770.0,A,B+,A+,A,2021.0,,,,,,호텔신라,호텔신라,227,국토교통부,(주)호텔신라,2021,사업장,건물,19300.0,393.0,한국표준협회,,단일 사업장,(주)호텔신라,4,008770,2021.0,3379077455347.0,별도,2021-12-31,KRW,5.711618113239748
316.0,호텔신라,8770.0,A,B+,A,A,2022.0,,,,,,호텔신라,호텔신라,870,국토교통부,주식회사 호텔신라,2022,사업장,건물,20631.0,421.0,한국표준협회,,단일 사업장,주식회사 호텔신라,4,008770,2022.0,4265984365299.0,별도,2022-12-31,KRW,4.836163997181923
315.0,호텔신라,8770.0,A,A,A,A,2023.0,,,,,,호텔신라,호텔신라,1239,국토교통부,주식회사 호텔신라,2023,사업장,건물,21390.0,436.0,한국표준협회,,단일 사업장,주식회사 호텔신라,5,008770,2023.0,2152766301744.0,별도,2023-12-31,KRW,9.936052967138851
314.0,호텔신라,8770.0,A,B+,A,A,2024.0,,,,,,호텔신라,호텔신라,937,국토교통부,주식회사 호텔신라,2024,사업장,건물,21716.0,443.0,한국표준협회,,단일 사업장,주식회사 호텔신라,4,008770,2024.0,2542823766448.0,별도,2024-12-31,KRW,8.540112093703796
313.0,호텔신라,8770.0,A,A,A,A,2025.0,,,,,,호텔신라,호텔신라,944,국토교통부,주식회사 호텔신라,2025,사업장,건물,22153.0,452.0,한국표준협회,,단일 사업장,주식회사 호텔신라,5,008770,2025.0,2623491366883.0,별도,2025-12-31,KRW,8.444091061111527
292.0,화승알앤에이,13520.0,B+,B+,B,B+,2020.0,,,사회 등급조정(2021.4),,,화승알앤에이,화승알앤에이,226,산업통상자원부,(주)화승알앤에이,2020,사업장,석유화학,19814.0,401.0,한국표준협회,,단일 사업장,(주)화승알앤에이,4,013520,2020.0,627827269644.0,별도,2020-12-31,KRW,31.559635839384978
291.0,화승알앤에이,378850.0,B,B,B+,B,2023.0,,,,,,화승알앤에이,화승알앤에이,333,산업통상자원부,(주)화승알앤에이,2023,사업장,석유화학,20559.0,422.0,한국표준협회,,단일 사업장,(주)화승알앤에이,3,378850,2023.0,677371568619.0,별도,2023-12-31,KRW,30.351141016908823
290.0,화승알앤에이,378850.0,B+,B+,B+,B+,2024.0,,,,,,화승알앤에이,화승알앤에이,238,산업통상부,(주)화승알앤에이,2024,사업장,석유화학,20734.0,426.0,한국표준협회,,단일 사업장,(주)화승알앤에이,4,378850,2024.0,702562099018.0,별도,2024-12-31,KRW,29.511981971388387
289.0,화승알앤에이,378850.0,B+,B+,A,B,2025.0,,,,,,화승알앤에이,화승알앤에이,241,산업통상부,(주)화승알앤에이,2025,사업장,석유화학,20131.0,413.0,한국표준협회,,단일 사업장,(주)화승알앤에이,4,378850,2025.0,709609401842.0,별도,2025-12-31,KRW,28.369128069250586
241.0,화인베스틸,133820.0,B,B,C,B,2020.0,,,,,,화인베스틸,화인베스틸,1052,산업통상자원부,화인베스틸,2020,사업장,철강,19640.0,357.0,한국표준협회,,단일 사업장,화인베스틸,3,133820,2020.0,98647266991.0,별도,2020-12-31,KRW,199.09319942732768
240.0,화인베스틸,133820.0,B,B,C,B,2021.0,,,,,,화인베스틸,화인베스틸,1071,산업통상자원부,화인베스틸,2021,사업장,철강,19091.0,349.0,(주)한국경영인증원,,단일 사업장,화인베스틸,3,133820,2021.0,124076835252.0,별도,2021-12-31,KRW,153.86433705555262
239.0,화인베스틸,133820.0,D,C,D,D,2022.0,,,,,,화인베스틸,화인베스틸,231,산업통상자원부,(주)화인베스틸,2022,사업장,철강,20509.0,375.0,(주)한국경영인증원,,단일 사업장,(주)화인베스틸,2,133820,2022.0,139604226438.0,별도,2022-12-31,KRW,146.90815975480731
238.0,화인베스틸,133820.0,D,C,C,D,2023.0,,,,,,화인베스틸,화인베스틸,336,산업통상자원부,(주)화인베스틸,2023,사업장,철강,20309.0,371.0,(주)한국경영인증원,,단일 사업장,(주)화인베스틸,2,133820,2023.0,129727545224.0,별도,2023-12-31,KRW,156.55117781603386
237.0,화인베스틸,133820.0,D,C,D,D,2024.0,,,,,,화인베스틸,화인베스틸,240,산업통상부,(주)화인베스틸,2024,사업장,철강,18934.0,346.0,(주)한국경영인증원,,단일 사업장,(주)화인베스틸,2,133820,2024.0,114498270230.0,별도,2024-12-31,KRW,165.36494360976863
236.0,화인베스틸,133820.0,C,C,D,C,2025.0,,,,,,화인베스틸,화인베스틸,243,산업통상부,(주)화인베스틸,2025,사업장,철강,27364.0,499.0,(주)한국경영인증원,,단일 사업장,(주)화인베스틸,2,133820,2025.0,180562458971.0,별도,2025-12-31,KRW,151.54866718111603
171.0,효성,4800.0,B+,A,A+,B,2020.0,통합 등급조정(2021.1),,,지배구조 등급조정(2021.1),,효성,효성,835,환경부,주식회사 효성,2020,업체,석유화학,32127.0,650.0,㈜디엔브이비즈니스어슈어런스코리아,,업체 우선,주식회사 효성,5,004800,2020.0,295491356740.0,별도,2020-12-31,KRW,108.72399231720418
170.0,효성,4800.0,A,A,A+,B+,2021.0,,,,,,효성,효성,851,환경부,주식회사 효성,2021,업체,산업,33364.0,683.0,㈜디엔브이비즈니스어슈어런스코리아,,업체 우선,주식회사 효성,5,004800,2021.0,1053086491340.0,별도,2021-12-31,KRW,31.682108045604092
169.0,효성,4800.0,B+,A,A+,B,2022.0,,,,,,효성,효성,871,환경부,주식회사 효성,2022,사업장,기타 섬유제품 제조업,31850.0,654.0,㈜디엔브이비즈니스어슈어런스코리아,,단일 사업장,주식회사 효성,5,004800,2022.0,749995533888.0,별도,2022-12-31,KRW,42.46691954935867
168.0,효성,4800.0,A,A,A+,B+,2023.0,,,,,,효성,효성,1241,환경부,주식회사 효성,2023,사업장,기타 섬유제품 제조업,29804.0,611.0,㈜디엔브이비즈니스어슈어런스코리아,,단일 사업장,주식회사 효성,5,004800,2023.0,533219577706.0,별도,2023-12-31,KRW,55.89442182191022
167.0,효성,4800.0,A,A,A+,B+,2024.0,,,,,,효성,효성,938,기후에너지환경부,주식회사 효성,2024,사업장,기타 섬유제품 제조업,29477.0,602.0,㈜디엔브이비즈니스어슈어런스코리아,,단일 사업장,주식회사 효성,5,004800,2024.0,418129220101.0,별도,2024-12-31,KRW,70.49734527732782
166.0,효성,4800.0,A,A,A+,B+,2025.0,,,,,,효성,효성,945,기후에너지환경부,주식회사 효성,2025,사업장,기타 섬유제품 제조업,28882.0,591.0,㈜디엔브이비즈니스어슈어런스코리아,,단일 사업장,주식회사 효성,5,004800,2025.0,552307945185.0,별도,2025-12-31,KRW,52.2932908204421
151.0,효성중공업,298040.0,A,A,A+,A,2020.0,,,,,,효성중공업,효성중공업,1054,환경부,효성중공업 주식회사,2020,업체,산업,57395.0,1191.0,㈜디엔브이비즈니스어슈어런스코리아,,업체 우선,효성중공업 주식회사,5,298040,2020.0,2504698941969.0,별도,2020-12-31,KRW,22.91492963017763
150.0,효성중공업,298040.0,A,A,A+,A,2021.0,,,,,,효성중공업,효성중공업,1073,환경부,효성중공업 주식회사,2021,업체,산업,54101.0,1132.0,㈜디엔브이비즈니스어슈어런스코리아,,업체 우선,효성중공업 주식회사,5,298040,2021.0,2355525301101.0,별도,2021-12-31,KRW,22.967700654589684
149.0,효성중공업,298040.0,A,A,A+,B+,2022.0,,,,,,효성중공업,효성중공업,1090,환경부,효성중공업 주식회사,2022,사업장,"전동기, 발전기 및 전기 변환ㆍ공급ㆍ제어 장치 제조업",51832.0,1090.0,㈜디엔브이비즈니스어슈어런스코리아,,단일 사업장,효성중공업 주식회사,5,298040,2022.0,2589772103578.0,별도,2022-12-31,KRW,20.014116272389177
148.0,효성중공업,298040.0,A,A,A+,B+,2023.0,,,,,,효성중공업,효성중공업,1532,환경부,효성중공업 주식회사,2023,사업장,"전동기, 발전기 및 전기 변환ㆍ공급ㆍ제어 장치 제조업",47870.0,1009.0,㈜디엔브이비즈니스어슈어런스코리아,,단일 사업장,효성중공업 주식회사,5,298040,2023.0,3096375811355.0,별도,2023-12-31,KRW,15.46000967468212
147.0,효성중공업,298040.0,B+,A,A+,B,2024.0,,,,,,효성중공업,효성중공업,1162,기후에너지환경부,효성중공업 주식회사,2024,사업장,"전동기, 발전기 및 전기 변환ㆍ공급ㆍ제어 장치 제조업",52593.0,1093.0,㈜디엔브이비즈니스어슈어런스코리아,,단일 사업장,효성중공업 주식회사,5,298040,2024.0,3360318545384.0,별도,2024-12-31,KRW,15.65119475718929
146.0,효성중공업,298040.0,B,A,A+,D,2025.0,,,,,,효성중공업,효성중공업,1168,기후에너지환경부,효성중공업 주식회사,2025,사업장,"전동기, 발전기 및 전기 변환ㆍ공급ㆍ제어 장치 제조업",56969.0,1193.0,㈜디엔브이비즈니스어슈어런스코리아,,단일 사업장,효성중공업 주식회사,5,298040,2025.0,4097813940685.0,별도,2025-12-31,KRW,13.90229054432787
145.0,효성첨단소재,298050.0,A+,A+,A+,A,2020.0,,,,,,효성첨단소재,효성첨단소재,1055,환경부,효성첨단소재 주식회사,2020,업체,산업,191050.0,3883.0,(재)한국품질재단,,업체 우선,효성첨단소재 주식회사,6,298050,2020.0,722533748065.0,별도,2020-12-31,KRW,264.4167148062583
144.0,효성첨단소재,298050.0,A,A,A+,A,2021.0,,,,,,효성첨단소재,효성첨단소재,1074,환경부,효성첨단소재 주식회사,2021,업체,산업,202512.0,4210.0,㈜디엔브이비즈니스어슈어런스코리아,,업체 우선,효성첨단소재 주식회사,5,298050,2021.0,963266179554.0,별도,2021-12-31,KRW,210.2347246259229
143.0,효성첨단소재,298050.0,A,B+,A+,A,2022.0,,,,,,효성첨단소재,효성첨단소재,1091,환경부,효성첨단소재 주식회사,2022,업체,화학섬유 제조업,178541.0,,㈜디엔브이비즈니스어슈어런스코리아,,업체 중복값 확인,효성첨단소재 주식회사,4,298050,2022.0,858081180640.0,별도,2022-12-31,KRW,208.0700568060882
142.0,효성첨단소재,298050.0,A,A,A+,A,2023.0,,,,,,효성첨단소재,효성첨단소재,1533,환경부,효성첨단소재 주식회사,2023,업체,화학섬유 제조업,168272.0,3759.0,㈜디엔브이비즈니스어슈어런스코리아,,업체 우선,효성첨단소재 주식회사,5,298050,2023.0,662027641519.0,별도,2023-12-31,KRW,254.17669814194707
141.0,효성티앤씨,298020.0,A+,A+,A+,A,2020.0,,,,,,효성티앤씨,효성티앤씨,1056,환경부,효성티앤씨 주식회사,2020,업체,산업,323958.0,7485.0,(재)한국품질재단,,업체 우선,효성티앤씨 주식회사,6,298020,2020.0,3143280085567.0,별도,2020-12-31,KRW,103.06367589942687
140.0,효성티앤씨,298020.0,A,A,A+,A,2021.0,,,,,,효성티앤씨,효성티앤씨,1075,환경부,효성티앤씨 주식회사,2021,업체,산업,365131.0,8403.0,㈜디엔브이비즈니스어슈어런스코리아,,업체 우선,효성티앤씨 주식회사,5,298020,2021.0,4560798807184.0,별도,2021-12-31,KRW,80.05856329923155
139.0,효성티앤씨,298020.0,A,A,A+,B+,2022.0,,,,,,효성티앤씨,효성티앤씨,1093,환경부,효성티앤씨 주식회사,2022,업체,산업,297685.0,,㈜디엔브이비즈니스어슈어런스코리아,,업체 중복값 확인,효성티앤씨 주식회사,5,298020,2022.0,5364505669881.0,별도,2022-12-31,KRW,55.49159947231512
138.0,효성티앤씨,298020.0,A,A+,A+,B+,2023.0,,,,,,효성티앤씨,효성티앤씨,1534,환경부,효성티앤씨 주식회사,2023,업체,화학섬유 제조업,259764.0,5961.0,㈜디엔브이비즈니스어슈어런스코리아,,업체 우선,효성티앤씨 주식회사,6,298020,2023.0,4453044534376.0,별도,2023-12-31,KRW,58.334022486123736
137.0,효성티앤씨,298020.0,B+,A,A+,B,2024.0,,,,,,효성티앤씨,효성티앤씨,1163,기후에너지환경부,효성티앤씨 주식회사,2024,업체,화학섬유 제조업,244092.0,5436.0,㈜디엔브이비즈니스어슈어런스코리아,,업체 우선,효성티앤씨 주식회사,5,298020,2024.0,4663802301345.0,별도,2024-12-31,KRW,52.337552972519006
136.0,효성티앤씨,298020.0,A,A,A+,B+,2025.0,,,,,,효성티앤씨,효성티앤씨,1169,기후에너지환경부,효성티앤씨 주식회사,2025,업체,화학섬유 제조업,241823.0,5352.0,㈜디엔브이비즈니스어슈어런스코리아,,업체 우선,효성티앤씨 주식회사,5,298020,2025.0,4325171696629.0,별도,2025-12-31,KRW,55.91061279451049
135.0,효성화학,298000.0,A+,A+,A+,A,2020.0,,,,,,효성화학,효성화학,1057,환경부,효성화학 주식회사,2020,업체,산업,881820.0,18213.0,(재)한국품질재단,,업체 우선,효성화학 주식회사,6,298000,2020.0,1643261559101.0,별도,2020-12-31,KRW,536.6279002366662
134.0,효성화학,298000.0,A,A,A+,A,2021.0,,,,,,효성화학,효성화학,1076,환경부,효성화학 주식회사,2021,업체,산업,887229.0,18850.0,㈜디엔브이비즈니스어슈어런스코리아,,업체 우선,효성화학 주식회사,5,298000,2021.0,2108872039217.0,별도,2021-12-31,KRW,420.7125816554607
133.0,효성화학,298000.0,A,A,A+,B+,2022.0,,,,,,효성화학,효성화학,1095,환경부,효성화학 주식회사,2022,업체,산업,862233.0,,㈜디엔브이비즈니스어슈어런스코리아,,업체 중복값 확인,효성화학 주식회사,5,298000,2022.0,2287412310278.0,별도,2022-12-31,KRW,376.9469090140591
132.0,효성화학,298000.0,A,A,A+,B+,2023.0,,,,,,효성화학,효성화학,1535,환경부,효성화학 주식회사,2023,업체,기초 화학물질 제조업,839757.0,18333.0,㈜디엔브이비즈니스어슈어런스코리아,,업체 우선,효성화학 주식회사,5,298000,2023.0,2011883834521.0,별도,2023-12-31,KRW,417.39835351872284
131.0,효성화학,298000.0,A,A,A+,B+,2024.0,,,,,,효성화학,효성화학,1164,기후에너지환경부,효성화학 주식회사,2024,업체,기초 화학물질 제조업,675406.0,14550.0,㈜디엔브이비즈니스어슈어런스코리아,,업체 우선,효성화학 주식회사,5,298000,2024.0,1751631796150.0,별도,2024-12-31,KRW,385.5867434494561
130.0,효성화학,298000.0,A,A,A+,B+,2025.0,,,,,,효성화학,효성화학,1170,기후에너지환경부,효성화학 주식회사,2025,업체,기초 화학물질 제조업,478993.0,10672.0,㈜디엔브이비즈니스어슈어런스코리아,,업체 우선,효성화학 주식회사,5,298000,2025.0,1271649340387.0,별도,2025-12-31,KRW,376.6706628843361
121.0,후성,93370.0,C,B,C,C,2020.0,,,,,,후성,후성,836,환경부,주식회사 후성,2020,업체,산업,282712.0,812.0,한국가스안전공사,,업체 우선,주식회사 후성,3,093370,2020.0,237239900296.0,별도,2020-12-31,KRW,1191.6713826268906
120.0,후성,93370.0,B+,A,B,B,2021.0,,,,,,후성,후성,852,환경부,주식회사 후성,2021,업체,산업,215324.0,882.0,한국가스안전공사,,업체 우선,주식회사 후성,5,093370,2021.0,305250826372.0,별도,2021-12-31,KRW,705.4002197445033
119.0,후성,93370.0,B,B,B+,B,2022.0,,,,,,후성,후성,872,환경부,주식회사 후성,2022,업체,기초 화학물질 제조업,221064.0,953.0,한국가스안전공사,,업체 우선,주식회사 후성,3,093370,2022.0,413339538418.0,별도,2022-12-31,KRW,534.8242291218786
118.0,후성,93370.0,B+,A,A,B,2023.0,,,,,,후성,후성,1242,환경부,주식회사 후성,2023,업체,기초 화학물질 제조업,219379.0,854.0,한국가스안전공사,,업체 우선,주식회사 후성,5,093370,2023.0,280669702152.0,별도,2023-12-31,KRW,781.6269384188561
117.0,후성,93370.0,B,B+,A,C,2024.0,,,,,,후성,후성,939,기후에너지환경부,주식회사 후성,2024,업체,기초 화학물질 제조업,218395.0,775.0,한국가스안전공사,,업체 우선,주식회사 후성,4,093370,2024.0,253172924876.0,별도,2024-12-31,KRW,862.6317372087333
116.0,후성,93370.0,B+,B+,A,B,2025.0,,,,,,후성,후성,946,기후에너지환경부,주식회사 후성,2025,업체,기초 화학물질 제조업,210225.0,762.0,한국가스안전공사,,업체 우선,주식회사 후성,4,093370,2025.0,272340048398.0,별도,2025-12-31,KRW,771.9209908223833
82.0,휴비스,79980.0,B+,B+,B+,B+,2020.0,,,,,,휴비스,휴비스,1059,환경부,휴비스,2020,업체,섬유,465138.0,6985.0,한국표준협회,,업체 우선,휴비스,4,079980,2020.0,733457960859.0,별도,2020-12-31,KRW,634.1713156337506
81.0,휴비스,79980.0,A,B+,A+,A,2021.0,,,,,,휴비스,휴비스,1078,환경부,휴비스,2021,업체,산업,465851.0,7089.0,한국표준협회,,업체 우선,휴비스,4,079980,2021.0,884891965120.0,별도,2021-12-31,KRW,526.4495761771619
80.0,휴비스,79980.0,B+,B+,A,B+,2022.0,,,,,,휴비스,휴비스,1099,환경부,휴비스,2022,업체,산업,384776.0,,한국표준협회,,업체 중복값 확인,휴비스,4,079980,2022.0,829337950974.0,별도,2022-12-31,KRW,463.95561610089976
79.0,휴비스,79980.0,A,B+,A+,B+,2023.0,,,,,,휴비스,휴비스,1538,환경부,휴비스,2023,업체,화학섬유 제조업,393137.0,5860.0,한국표준협회,,업체 우선,휴비스,4,079980,2023.0,721225371642.0,별도,2023-12-31,KRW,545.095909625243
78.0,휴비스,79980.0,B+,B+,A,B+,2024.0,,,,,,휴비스,휴비스,1166,기후에너지환경부,휴비스,2024,업체,화학섬유 제조업,398301.0,5846.0,한국표준협회,,업체 우선,휴비스,4,079980,2024.0,725112102656.0,별도,2024-12-31,KRW,549.2957551543692
77.0,휴비스,79980.0,B+,B+,A,B+,2025.0,,,,,,휴비스,휴비스,1172,기후에너지환경부,휴비스,2025,업체,화학섬유 제조업,404326.0,5816.0,한국표준협회,,업체 우선,휴비스,4,079980,2025.0,691404856665.0,별도,2025-12-31,KRW,584.7890654836756
68.0,휴스틸,5010.0,C,B,B,C,2020.0,,,,,,휴스틸,휴스틸,837,환경부,주식회사 휴스틸,2020,사업장,철강,23243.0,471.0,(주)신화엔지니어링종합건축사사무소,,단일 사업장,주식회사 휴스틸,3,005010,2020.0,343239292041.0,별도,2020-12-31,KRW,67.7166062830115
67.0,휴스틸,5010.0,C,C,C,B,2021.0,,,,,,휴스틸,휴스틸,853,환경부,주식회사 휴스틸,2021,사업장,산업,31119.0,635.0,(주)신화엔지니어링종합건축사사무소,,단일 사업장,주식회사 휴스틸,2,005010,2021.0,562774606114.0,별도,2021-12-31,KRW,55.295671947387575
66.0,휴스틸,5010.0,D,D,D,C,2022.0,,,,,,휴스틸,휴스틸,873,환경부,주식회사 휴스틸,2022,사업장,1차 철강 제조업,30943.0,637.0,(주)신화엔지니어링종합건축사사무소,,단일 사업장,주식회사 휴스틸,1,005010,2022.0,764918712974.0,별도,2022-12-31,KRW,40.45266441409673
65.0,휴스틸,5010.0,C,C,C,C,2023.0,,,,,,휴스틸,휴스틸,1243,환경부,주식회사 휴스틸,2023,사업장,1차 철강 제조업,30462.0,623.0,(주)신화엔지니어링종합건축사사무소,,단일 사업장,주식회사 휴스틸,2,005010,2023.0,617683732125.0,별도,2023-12-31,KRW,49.316500363709494
64.0,휴스틸,5010.0,C,C,C,C,2024.0,,,,,,휴스틸,휴스틸,940,기후에너지환경부,주식회사 휴스틸,2024,사업장,1차 철강 제조업,30450.0,620.0,(주)신화엔지니어링종합건축사사무소,,단일 사업장,주식회사 휴스틸,2,005010,2024.0,535716704893.0,별도,2024-12-31,KRW,56.83974332307194
63.0,휴스틸,5010.0,C,C,C,C,2025.0,,,,,,휴스틸,휴스틸,947,기후에너지환경부,주식회사 휴스틸,2025,사업장,1차 철강 제조업,29390.0,596.0,(주)신화엔지니어링종합건축사사무소,,단일 사업장,주식회사 휴스틸,2,005010,2025.0,461857122739.0,별도,2025-12-31,KRW,63.63439807034995
37.0,휴켐스,69260.0,C,B,B+,C,2020.0,,,,,,휴켐스,휴켐스,1060,환경부,휴켐스 주식회사,2020,업체,석유화학,132580.0,1194.0,㈜한국품질보증원,,업체 우선,휴켐스 주식회사,3,069260,2020.0,593511362369.0,별도,2020-12-31,KRW,223.3824125469259
