번호,관장기관,법인명,대상년도,지정구분,지정업종(목표)/<br />계획업종(할당),온실가스 배출량(tCO₂eq),에너지 사용량(TJ),검증수행기관,비고,집계방식
1,환경부,(유)에스케이씨에보닉페록사이드코리아,2020,업체,석유화학,57056.0,1118.0,(재)한국품질재단,,업체 우선
2,국토교통부,(유)호남고속,2020,사업장,교통(여객),21850.0,341.0,(주)한국경영인증원,,단일 사업장
3,환경부,(주)HJ매그놀리아용평호텔앤리조트,2020,사업장,건물,32772.0,649.0,(재)한국품질재단,,단일 사업장
4,환경부,(주)HM금속,2020,사업장,산업,28355.0,536.0,한국표준협회,,단일 사업장
5,농림축산식품부,(주)MH에탄올,2020,사업장,음료제조업,10345.0,306.0,(재)한국화학융합시험연구원,,단일 사업장
6,환경부,(주)MSC,2020,사업장,음식료품,28476.0,568.0,한국가스안전공사,,단일 사업장
7,환경부,(주)SIMPAC,2020,업체,산업,408138.0,4761.0,한국표준협회,,업체 우선
8,환경부,(주)SUN&L,2020,업체,산업,47062.0,2003.0,한국표준협회,,업체 우선
9,환경부,(주)강원랜드,2020,업체,건물,58273.0,1177.0,한국표준협회,,업체 우선
10,환경부,(주)건화,2020,사업장,조선,22139.0,399.0,한국표준협회,,단일 사업장
11,국토교통부,(주)경기고속,2020,업체,교통(여객),109380.0,1727.0,산림조합중앙회,,업체 우선
12,국토교통부,(주)경남고속,2020,사업장,교통(여객),14747.0,208.0,(주)한국경영인증원,,단일 사업장
13,환경부,(주)경동,2020,업체,광업,226979.0,407.0,(재)한국품질재단,,업체 우선
14,산업통상자원부,(주)경동원,2020,사업장,기계,16844.0,333.0,한국표준협회,,단일 사업장
15,국토교통부,(주)경방,2020,사업장,건물,17866.0,364.0,한국생산성본부인증원(주),,단일 사업장
16,산업통상자원부,(주)경보제약,2020,사업장,석유화학,18313.0,302.0,한국표준협회,,단일 사업장
17,산업통상자원부,(주)경신전선,2020,사업장,전기전자,15281.0,312.0,한국표준협회,,단일 사업장
18,국토교통부,(주)공항리무진,2020,사업장,교통(여객),6755.0,96.0,(주)한국경영인증원,,단일 사업장
19,국토교통부,(주)국민은행,2020,업체,건물,111658.0,1697.0,한국표준협회,,업체 우선
20,산업통상자원부,(주)국일방적 정읍공장,2020,사업장,섬유,12725.0,261.0,대일이엔씨기술(주),,단일 사업장
21,환경부,(주)그린스코,2020,사업장,폐기물,55543.0,119.0,(주)한국경영인증원,,단일 사업장
22,국토교통부,(주)금남고속,2020,사업장,교통(여객),19848.0,282.0,(주)한국경영인증원,,단일 사업장
23,환경부,(주)금비,2020,업체,유리,77829.0,1137.0,한국표준협회,,업체 우선
24,해양수산부,(주)남해고속,2020,사업장,교통(해운),21911.0,311.0,㈜한국품질보증원,,단일 사업장
25,산업통상자원부,(주)네오오토 예산공장,2020,사업장,자동차,16275.0,332.0,(주)한국경영인증원,,단일 사업장
26,산업통상자원부,(주)넥센,2020,사업장,석유화학,17210.0,310.0,한국표준협회,,단일 사업장
27,국토교통부,(주)농협물류,2020,사업장,교통(화물),30429.0,437.0,한국표준협회,,단일 사업장
28,농림축산식품부,(주)농협사료,2020,업체,식료품 제조업,84755.0,1703.0,(재)한국품질재단,,업체 우선
29,환경부,(주)단석산업,2020,사업장,비철금속,38773.0,660.0,한국표준협회,,단일 사업장
30,산업통상자원부,(주)대농청원공장,2020,사업장,섬유,14852.0,305.0,지속가능인증원주식회사,,단일 사업장
31,산업통상자원부,(주)대동세라믹,2020,사업장,요업,32276.0,638.0,이큐에이㈜,,단일 사업장
32,환경부,(주)대림제지,2020,업체,제지,105598.0,1699.0,이큐에이㈜,,업체 우선
33,산업통상자원부,(주)대승프론티어,2020,사업장,유리,23957.0,447.0,이큐에이㈜,,단일 사업장
34,국토교통부,(주)대우건설,2020,업체,건설,58980.0,1174.0,(주)비에스아이그룹코리아,,업체 우선
35,산업통상자원부,(주)대욱케스트,2020,사업장,철강,21036.0,380.0,이큐에이㈜,,단일 사업장
36,국토교통부,(주)대원고속,2020,업체,교통(여객),115574.0,1822.0,산림조합중앙회,,업체 우선
37,국토교통부,(주)대원버스,2020,사업장,교통(여객),28153.0,477.0,산림조합중앙회,,단일 사업장
38,국토교통부,(주)대원여객,2020,사업장,교통(여객),21099.0,399.0,산림조합중앙회,,단일 사업장
39,국토교통부,(주)대원운수,2020,사업장,교통(여객),35681.0,595.0,산림조합중앙회,,단일 사업장
40,환경부,(주)대유코아,2020,사업장,시멘트,66206.0,654.0,한국표준협회,,단일 사업장
41,해양수산부,(주)대저해운,2020,사업장,교통(해운),6574.0,94.0,한국표준협회,,단일 사업장
42,산업통상자원부,(주)대천텍스타일,2020,사업장,섬유,14578.0,289.0,한국표준협회,,단일 사업장
43,산업통상자원부,(주)대호특수강 포항공장,2020,사업장,철강,18654.0,354.0,한국표준협회,,단일 사업장
44,환경부,(주)대화제지,2020,사업장,산업,28972.0,581.0,㈜한국품질보증원,,단일 사업장
45,산업통상자원부,(주)동남 울산공장,2020,사업장,비철금속,50354.0,732.0,한국표준협회,,단일 사업장
46,국토교통부,(주)동방,2020,업체,교통(화물),43317.0,625.0,대일이엔씨기술(주),,업체 우선
47,산업통상자원부,(주)동서기공 당진지점,2020,사업장,자동차,30575.0,624.0,(주)한국경영인증원,,단일 사업장
48,환경부,(주)동신포리마,2020,사업장,산업,28532.0,582.0,(주)한국경영인증원,,단일 사업장
49,국토교통부,(주)동양고속,2020,업체,수송,51363.0,731.0,(주)한국경영인증원,,업체 우선
50,환경부,(주)동양환경,2020,사업장,폐기물,191241.0,593.0,(재)한국품질재단,,단일 사업장
51,농림축산식품부,(주)동원F&B,2020,업체,식료품 제조업,79289.0,1706.0,(주)한국경영인증원,,업체 우선
52,산업통상자원부,(주)동진쎄미켐,2020,사업장,석유화학,21070.0,400.0,한국가스안전공사,,단일 사업장
53,산업통상자원부,(주)두산,2020,업체,전기전자,72274.0,1453.0,(재)한국품질재단,,업체 우선
54,산업통상자원부,(주)디알액시온 원산공장,2020,사업장,비철금속,17658.0,356.0,(재)한국품질재단,,단일 사업장
55,환경부,(주)디에이피,2020,사업장,전기전자,43031.0,879.0,한국가스안전공사,,단일 사업장
56,산업통상자원부,(주)디케이씨,2020,사업장,철강,18811.0,375.0,한국표준협회,,단일 사업장
57,산업통상자원부,(주)로옴코리아,2020,사업장,반도체,15846.0,326.0,㈜한국품질보증원,,단일 사업장
58,환경부,(주)만도,2020,업체,자동차,78569.0,1620.0,(주)비에스아이그룹코리아,,업체 우선
59,농림축산식품부,(주)면사랑,2020,사업장,식료품 제조업,18249.0,413.0,한국표준협회,,단일 사업장
60,환경부,(주)모나리자,2020,사업장,제지,42046.0,734.0,(주)한국경영인증원,,단일 사업장
61,국토교통부,(주)무주덕유산리조트,2020,사업장,건물,18237.0,328.0,(주)한국경영인증원,,단일 사업장
62,환경부,(주)미래엔인천에너지,2020,업체,집단에너지,11331.0,224.0,(재)한국품질재단,,업체 우선
63,환경부,(주)미래페이퍼,2020,업체,제지,62425.0,807.0,한국표준협회,,업체 우선
64,산업통상자원부,(주)방림,2020,사업장,섬유,19625.0,384.0,한국표준협회,,단일 사업장
65,환경부,(주)베르상스퍼시픽,2020,사업장,산업,30313.0,513.0,한국표준협회,,단일 사업장
66,환경부,(주)벽산,2020,업체,유리,85481.0,1557.0,한국표준협회,,업체 우선
67,산업통상자원부,(주)부산도시가스,2020,사업장,집단에너지,31252.0,616.0,(주)한국경영인증원,,단일 사업장
68,국토교통부,(주)부산롯데호텔,2020,사업장,건물,10010.0,203.0,(주)한국경영인증원,,단일 사업장
69,산업통상자원부,(주)브이샘 인천공장,2020,사업장,시멘트,10641.0,214.0,한국표준협회,,단일 사업장
70,산업통상자원부,(주)비에이치 제2공장,2020,사업장,전기전자,16603.0,341.0,한국표준협회,,단일 사업장
71,산업통상자원부,(주)비엠금속,2020,사업장,철강,16015.0,292.0,이큐에이㈜,,단일 사업장
72,농림축산식품부,(주)빙그레,2020,업체,식료품 제조업,59763.0,1187.0,(주)한국경영인증원,,업체 우선
73,환경부,(주)삼동 문경공장,2020,사업장,전기전자,40910.0,835.0,한국표준협회,,단일 사업장
74,국토교통부,(주)삼우에프앤지,2020,사업장,교통(화물),19103.0,307.0,한국표준협회,,단일 사업장
75,환경부,(주)삼원강재,2020,사업장,자동차,26718.0,536.0,(재)한국품질재단,,단일 사업장
76,환경부,(주)삼천리,2020,업체,집단에너지,58269.0,948.0,한국가스안전공사,,업체 우선
77,환경부,(주)삼표산업,2020,업체,산업,124401.0,2083.0,(재)한국품질재단,,업체 우선
78,산업통상자원부,(주)삼한씨원,2020,사업장,유리 · 요업,12765.0,246.0,한국생산성본부인증원(주),,단일 사업장
79,환경부,(주)삼현,2020,사업장,요업,21761.0,384.0,한국표준협회,,단일 사업장
80,국토교통부,(주)삼화고속,2020,사업장,교통(여객),12121.0,172.0,(주)한국경영인증원,,단일 사업장
81,환경부,(주)상공에너지,2020,업체,산업단지,4506.0,1420.0,이큐에이㈜,,업체 우선
82,농림축산식품부,(주)샤니 대구공장,2020,사업장,식료품 제조업,16324.0,329.0,(주)비에스아이그룹코리아,,단일 사업장
83,농림축산식품부,(주)샤니 성남공장,2020,사업장,식료품 제조업,19175.0,387.0,(주)비에스아이그룹코리아,,단일 사업장
84,산업통상자원부,(주)서원,2020,사업장,비철금속,14899.0,303.0,한국가스안전공사,,단일 사업장
85,산업통상자원부,(주)서진캠 아산공장,2020,사업장,자동차,13891.0,285.0,(주)한국경영인증원,,단일 사업장
86,산업통상자원부,(주)서진캠 평택공장,2020,사업장,자동차,13860.0,285.0,㈜한국품질보증원,,단일 사업장
87,환경부,(주)서흥,2020,사업장,석유화학,35082.0,715.0,한국표준협회,,단일 사업장
88,산업통상자원부,(주)선일다이파스,2020,사업장,기계,17217.0,350.0,(주)한국경영인증원,,단일 사업장
89,국토교통부,(주)선진운수,2020,사업장,교통(여객),27228.0,509.0,(재)한국품질재단,,단일 사업장
90,산업통상자원부,(주)성신미네필드,2020,사업장,시멘트,18280.0,354.0,한국표준협회,,단일 사업장
91,환경부,(주)성호금속 경주2공장,2020,사업장,산업,26975.0,484.0,이큐에이㈜,,단일 사업장
92,산업통상자원부,(주)성호금속 영천공장,2020,사업장,철강,15485.0,281.0,이큐에이㈜,,단일 사업장
93,산업통상자원부,(주)성호기업,2020,사업장,철강,14086.0,264.0,이큐에이㈜,,단일 사업장
94,환경부,(주)세아베스틸,2020,업체,철강,1038986.0,16303.0,한국표준협회,,업체 우선
95,환경부,(주)세아씨엠,2020,사업장,철강,61028.0,1227.0,한국표준협회,,단일 사업장
96,국토교통부,(주)세아엘앤에스,2020,사업장,교통(화물),15637.0,228.0,한국표준협회,,단일 사업장
97,환경부,(주)세아제강,2020,사업장,산업,57273.0,1159.0,한국표준협회,,단일 사업장
98,환경부,(주)세아특수강,2020,사업장,철강,24445.0,468.0,한국표준협회,,단일 사업장
99,농림축산식품부,(주)세우,2020,사업장,식료품 제조업,17774.0,357.0,(재)한국품질재단,,단일 사업장
100,해양수산부,(주)세주,2020,사업장,교통(해운),28280.0,385.0,㈜디엔브이비즈니스어슈어런스코리아,,단일 사업장
101,산업통상자원부,(주)스타플렉스,2020,사업장,석유화학,9624.0,195.0,이큐에이㈜,,단일 사업장
102,국토교통부,(주)시흥교통,2020,사업장,교통(여객),25508.0,455.0,한국표준협회,,단일 사업장
103,환경부,(주)신동,2020,업체,시멘트,84380.0,285.0,한국표준협회,,업체 우선
104,산업통상자원부,(주)신성이엔지,2020,사업장,반도체,10657.0,157.0,로이드인증원㈜,,단일 사업장
105,환경부,(주)신세계,2020,업체,건물,122985.0,2510.0,(주)한국경영인증원,,업체 우선
106,환경부,(주)신승에너지,2020,업체,지정외 폐기물처리업,95448.0,410.0,(재)한국품질재단,,업체 우선
107,산업통상자원부,(주)신안주철,2020,사업장,철강,20010.0,368.0,한국표준협회,,단일 사업장
108,산업통상자원부,(주)신우금속,2020,사업장,철강,15157.0,257.0,(재)한국품질재단,,단일 사업장
109,국토교통부,(주)신한은행,2020,업체,건물,71819.0,1109.0,㈜디엔브이비즈니스어슈어런스코리아,,업체 우선
110,환경부,(주)쌍용씨앤비,2020,업체,제지,65467.0,1155.0,(주)한국경영인증원,,업체 우선
111,환경부,(주)씨텍,2020,업체,산업단지,438380.0,6111.0,㈜한국품질보증원,,업체 우선
112,국토교통부,(주)아라리오,2020,사업장,건물,12193.0,248.0,(주)한국경영인증원,,단일 사업장
113,환경부,(주)아진피앤피,2020,업체,제지,131948.0,1939.0,한국산업기술시험원,,업체 우선
114,국토교통부,(주)에스앤아이코퍼레이션,2020,사업장,건물,14399.0,290.0,(재)한국품질재단,,단일 사업장
115,산업통상자원부,(주)에스에이씨,2020,사업장,유리,11064.0,224.0,(주)한국경영인증원,,단일 사업장
116,산업통상자원부,(주)에스에이치에너지화학,2020,사업장,석유화학,13354.0,225.0,㈜한국품질보증원,,단일 사업장
117,산업통상자원부,(주)에스제이금속,2020,사업장,철강,18113.0,313.0,(재)한국품질재단,,단일 사업장
118,환경부,(주)에스파워,2020,업체,발전 · 에너지,1561951.0,30835.0,(재)한국품질재단,,업체 우선
119,산업통상자원부,(주)에이에스에이 김제공장,2020,사업장,자동차,15289.0,293.0,지속가능인증원주식회사,,단일 사업장
120,환경부,(주)에이에스에이 전주공장,2020,사업장,자동차,27922.0,531.0,지속가능인증원주식회사,,단일 사업장
121,해양수산부,(주)에이치해운,2020,사업장,교통(해운),18092.0,257.0,한국표준협회,,단일 사업장
122,산업통상자원부,(주)에코프로비엠 1공장,2020,사업장,산업,17258.0,354.0,(재)한국품질재단,,단일 사업장
123,환경부,(주)엔아이티,2020,업체,폐기물,194658.0,564.0,㈜한국품질보증원,,업체 우선
124,환경부,(주)엔이티,2020,사업장,전환,54331.0,632.0,한국표준협회,,단일 사업장
125,산업통상자원부,(주)엘지생활건강 울산공장,2020,사업장,석유화학,18806.0,378.0,(재)한국품질재단,,단일 사업장
126,환경부,(주)엘지씨엔에스,2020,사업장,통신,27655.0,612.0,대일이엔씨기술(주),,단일 사업장
127,환경부,(주)영신물산,2020,사업장,섬유,31505.0,220.0,한국표준협회,,단일 사업장
128,환경부,(주)오뚜기,2020,사업장,산업,58050.0,1167.0,한국표준협회,,단일 사업장
129,환경부,(주)오리온,2020,업체,음식료품,67947.0,1335.0,한국표준협회,,업체 우선
130,환경부,(주)오미아코리아,2020,업체,석유화학,61218.0,1237.0,㈜디엔브이비즈니스어슈어런스코리아,,업체 우선
131,산업통상자원부,(주)오영,2020,사업장,석유화학,16497.0,356.0,(재)한국품질재단,,단일 사업장
132,환경부,(주)온셀텍,2020,사업장,산업,33087.0,680.0,한국표준협회,,단일 사업장
133,농림축산식품부,(주)올품,2020,사업장,식료품 제조업,22084.0,445.0,한국표준협회,,단일 사업장
134,환경부,(주)우룡,2020,업체,시멘트,153572.0,616.0,(주)한국경영인증원,,업체 우선
135,국토교통부,(주)우리은행,2020,업체,건물,78551.0,1147.0,㈜디엔브이비즈니스어슈어런스코리아,,업체 우선
136,산업통상자원부,(주)우신금속,2020,사업장,비철금속,20953.0,326.0,(재)한국품질재단,,단일 사업장
137,환경부,(주)유니온,2020,업체,산업,170797.0,1399.0,한국표준협회,,업체 우선
138,국토교통부,(주)유성티엔에스,2020,사업장,교통(화물),36018.0,518.0,(주)한국경영인증원,,단일 사업장
139,국토교통부,(주)유진로지스틱스,2020,사업장,교통(화물),28979.0,412.0,(재)한국품질재단,,단일 사업장
140,산업통상자원부,(주)유한화학,2020,사업장,석유화학,17465.0,355.0,(주)한국경영인증원,,단일 사업장
141,산업통상자원부,(주)이녹스첨단소재,2020,사업장,전기전자,24193.0,470.0,(재)한국품질재단,,단일 사업장
142,환경부,(주)이마트,2020,업체,건물,520557.0,10650.0,한국표준협회,,업체 우선
143,환경부,(주)이수페타시스,2020,사업장,전기전자,52566.0,712.0,이큐에이㈜,,단일 사업장
144,환경부,(주)이수화학,2020,업체,석유화학,299652.0,5136.0,한국표준협회,,업체 우선
145,환경부,(주)이알지서비스,2020,사업장,폐기물,76844.0,59.0,(재)한국화학융합시험연구원,,단일 사업장
146,환경부,(주)이에스지세종,2020,사업장,폐기물,54289.0,486.0,한국표준협회,,단일 사업장
147,산업통상자원부,(주)인지디스플레이,2020,사업장,자동차,17914.0,365.0,(주)한국경영인증원,,단일 사업장
148,환경부,(주)인터플렉스,2020,사업장,전기전자,47926.0,980.0,한국표준협회,,단일 사업장
149,환경부,(주)일진글로벌,2020,사업장,산업,38377.0,789.0,이큐에이㈜,,단일 사업장
150,국토교통부,(주)전북고속,2020,사업장,교통(여객),15540.0,220.0,(주)한국경영인증원,,단일 사업장
151,농림축산식품부,(주)정·식품,2020,사업장,음료제조업,20214.0,403.0,한국표준협회,,단일 사업장
152,국토교통부,(주)제때,2020,사업장,교통(화물),17499.0,276.0,한국표준협회,,단일 사업장
153,해양수산부,(주)제양항공해운,2020,사업장,교통(해운),34847.0,477.0,한국표준협회,,단일 사업장
154,산업통상자원부,(주)제이앤티씨,2020,사업장,반도체.디스플레이.전기전자,8692.0,177.0,한국표준협회,,단일 사업장
155,환경부,(주)제이엠씨,2020,사업장,석유화학,36590.0,845.0,이큐에이㈜,,단일 사업장
156,해양수산부,(주)제주케이라인,2020,사업장,교통(해운),15825.0,216.0,㈜디엔브이비즈니스어슈어런스코리아,,단일 사업장
157,산업통상자원부,(주)젤텍,2020,사업장,석유화학,14714.0,514.0,한국표준협회,,단일 사업장
158,산업통상자원부,(주)종근당 천안공장,2020,사업장,석유화학,15180.0,414.0,(재)한국품질재단,,단일 사업장
159,환경부,(주)종근당바이오,2020,업체,석유화학,92454.0,1853.0,이큐에이㈜,,업체 우선
160,국토교통부,(주)중부고속,2020,사업장,교통(여객),7604.0,112.0,㈜한국품질보증원,,단일 사업장
161,국토교통부,(주)중앙고속,2020,업체,교통(여객),40450.0,569.0,(주)한국경영인증원,,업체 우선
162,산업통상자원부,(주)중일,2020,사업장,비철금속,24715.0,260.0,한국표준협회,,단일 사업장
163,환경부,(주)지에스동해전력,2020,업체,전환,6797741.0,76329.0,대일이엔씨기술(주),,업체 우선
164,산업통상자원부,(주)지엠씨,2020,사업장,광업,13707.0,279.0,(주)한국경영인증원,,단일 사업장
165,환경부,(주)진합,2020,사업장,자동차,25730.0,525.0,한국표준협회,,단일 사업장
166,산업통상자원부,(주)진흥주물 군산공장,2020,사업장,철강,19950.0,348.0,한국표준협회,,단일 사업장
167,산업통상자원부,(주)진흥주물 인천공장,2020,사업장,철강,14997.0,258.0,한국표준협회,,단일 사업장
168,환경부,(주)참프레,2020,사업장,음식료품,30094.0,602.0,한국표준협회,,단일 사업장
169,환경부,(주)창원에너텍,2020,사업장,지정외 폐기물처리업 등,82146.0,769.0,(재)한국품질재단,,단일 사업장
170,국토교통부,(주)천일고속,2020,사업장,교통(여객),19302.0,274.0,(주)한국경영인증원,,단일 사업장
171,농림축산식품부,(주)체리부로,2020,사업장,식료품 제조업,15462.0,313.0,(주)한국경영인증원,,단일 사업장
172,국토교통부,(주)충남고속,2020,사업장,교통(여객),20425.0,291.0,(주)한국경영인증원,,단일 사업장
173,환경부,(주)충무화학정선,2020,업체,시멘트,106207.0,454.0,(재)한국품질재단,,업체 우선
174,농림축산식품부,(주)카길애그리퓨리나 평택공장,2020,사업장,식료품 제조업,20251.0,409.0,(재)한국품질재단,,단일 사업장
175,산업통상자원부,(주)카펙 발레오,2020,사업장,자동차,18802.0,373.0,한국표준협회,,단일 사업장
176,환경부,(주)칼링크,2020,사업장,자동차,19025.0,382.0,지속가능인증원주식회사,,단일 사업장
177,환경부,(주)캐스텍코리아,2020,업체,자동차,30657.0,548.0,한국표준협회,,업체 우선
178,산업통상자원부,(주)케이에프엔티,2020,사업장,석유화학,19650.0,423.0,한국표준협회,,단일 사업장
179,산업통상자원부,(주)케이원전자,2020,사업장,전기전자,20229.0,416.0,한국표준협회,,단일 사업장
180,환경부,(주)케이이씨,2020,사업장,반도체,41922.0,534.0,(주)신화엔지니어링종합건축사사무소,,단일 사업장
181,환경부,(주)케이조선,2020,업체,산업,36153.0,654.0,(재)한국품질재단,,업체 우선
182,환경부,(주)케이티앤지,2020,업체,음식료품,113784.0,2206.0,(재)한국품질재단,,업체 우선
183,환경부,(주)케이피켐텍,2020,사업장,섬유,23774.0,679.0,(재)한국품질재단,,단일 사업장
184,환경부,(주)코다코,2020,사업장,자동차,20813.0,420.0,(재)한국품질재단,,단일 사업장
185,환경부,(주)코리아써키트,2020,업체,전기전자,93862.0,1876.0,(주)비에스아이그룹코리아,,업체 우선
186,국토교통부,(주)코리아와이드경북고속,2020,업체,교통(여객),18640.0,262.0,(주)한국경영인증원,,업체 우선
187,국토교통부,(주)코리아와이드포항,2020,사업장,교통(여객),22909.0,430.0,(주)한국경영인증원,,단일 사업장
188,환경부,(주)코스틸,2020,업체,철강,50147.0,997.0,이큐에이㈜,,업체 우선
189,환경부,(주)클렌코,2020,사업장,폐기물,190062.0,177.0,한국표준협회,,단일 사업장
190,산업통상자원부,(주)태상,2020,업체,기계,58847.0,1147.0,(주)한국경영인증원,,업체 우선
191,산업통상자원부,(주)태영열처리,2020,사업장,기계,12911.0,262.0,한국표준협회,,단일 사업장
192,산업통상자원부,(주)태우,2020,사업장,비철금속,16658.0,323.0,한국가스안전공사,,단일 사업장
193,환경부,(주)태웅,2020,업체,산업,168023.0,3104.0,(재)한국품질재단,,업체 우선
194,환경부,(주)태평양금속,2020,사업장,요업,44227.0,885.0,이큐에이㈜,,단일 사업장
195,환경부,(주)티씨씨스틸,2020,사업장,철강,29387.0,563.0,이큐에이㈜,,단일 사업장
196,산업통상자원부,(주)티씨케이,2020,사업장,전기전자,26302.0,536.0,(재)한국품질재단,,단일 사업장
197,농림축산식품부,(주)파리크라상 성남공장,2020,사업장,식료품 제조업,23342.0,464.0,한국표준협회,,단일 사업장
198,국토교통부,(주)판토스,2020,사업장,교통(화물),43993.0,676.0,㈜디엔브이비즈니스어슈어런스코리아,,단일 사업장
199,국토교통부,(주)평안운수,2020,사업장,교통(여객),14542.0,245.0,산림조합중앙회,,단일 사업장
200,환경부,(주)포레스코,2020,사업장,목재,32598.0,772.0,한국표준협회,,단일 사업장
201,산업통상자원부,(주)풍농장항공장,2020,사업장,석유화학,18855.0,367.0,이큐에이㈜,,단일 사업장
202,환경부,(주)풍정주공,2020,사업장,철강,18766.0,346.0,한국표준협회,,단일 사업장
203,산업통상자원부,(주)피엔디티,2020,사업장,자동차,17366.0,337.0,지속가능인증원주식회사,,단일 사업장
204,산업통상자원부,(주)피제이메탈,2020,사업장,비철금속,18188.0,323.0,(재)한국품질재단,,단일 사업장
205,환경부,(주)필맥스,2020,사업장,석유화학,25951.0,524.0,㈜한국품질보증원,,단일 사업장
206,환경부,(주)하림,2020,업체,음식료품,102068.0,2374.0,(재)한국품질재단,,업체 우선
207,환경부,(주)한국알스트롬,2020,사업장,제지,45433.0,607.0,(재)한국품질재단,,단일 사업장
208,농림축산식품부,(주)한국인삼공사 고려인삼창(부여공장),2020,사업장,식료품 제조업,18324.0,368.0,(주)한국경영인증원,,단일 사업장
209,농림축산식품부,(주)한국인삼공사 고려인삼창(원주공장),2020,사업장,식료품 제조업,20501.0,413.0,(주)한국경영인증원,,단일 사업장
210,환경부,(주)한국특강,2020,업체,산업,243916.0,4374.0,이큐에이㈜,,업체 우선
211,산업통상자원부,(주)한금포항공장,2020,사업장,철강,15927.0,345.0,한국표준협회,,단일 사업장
212,환경부,(주)한솔케미칼,2020,업체,석유화학,137675.0,2631.0,대일이엔씨기술(주),,업체 우선
213,환경부,(주)한솔홈데코,2020,업체,목재,61799.0,2862.0,(주)한국경영인증원,,업체 우선
214,산업통상자원부,(주)한양에스앤씨 함안지점,2020,사업장,자동차,15725.0,297.0,지속가능인증원주식회사,,단일 사업장
215,산업통상자원부,(주)한영특수강,2020,사업장,철강,15784.0,315.0,한국표준협회,,단일 사업장
216,국토교통부,(주)한익스프레스,2020,사업장,교통(화물),25961.0,408.0,한국표준협회,,단일 사업장
217,해양수산부,(주)한일고속,2020,업체,교통(해운),87442.0,1207.0,(주)한국경영인증원,,업체 우선
218,환경부,(주)한주,2020,업체,산업단지,1187315.0,14821.0,㈜디엔브이비즈니스어슈어런스코리아,,업체 우선
219,국토교통부,(주)한진,2020,업체,수송,108104.0,1642.0,한국표준협회,,업체 우선
220,환경부,(주)한창제지,2020,업체,제지,122294.0,1622.0,한국표준협회,,업체 우선
221,환경부,(주)한화,2020,업체,산업,95602.0,1781.0,㈜디엔브이비즈니스어슈어런스코리아,,업체 우선
222,환경부,(주)현대백화점,2020,업체,건물,144529.0,2987.0,한국표준협회,,업체 우선
223,환경부,(주)현대엘앤씨,2020,사업장,석유화학,28957.0,586.0,한국표준협회,,단일 사업장
224,환경부,(주)현대케피코,2020,사업장,자동차,25684.0,523.0,한국생산성본부인증원(주),,단일 사업장
225,국토교통부,(주)호텔신라,2020,사업장,건물,19762.0,399.0,한국표준협회,,단일 사업장
226,산업통상자원부,(주)화승알앤에이,2020,사업장,석유화학,19814.0,401.0,한국표준협회,,단일 사업장
227,환경부,(주)화승케미칼,2020,사업장,산업,28320.0,576.0,이큐에이㈜,,단일 사업장
228,국토교통부,(합)경남여객,2020,업체,교통(여객),42977.0,683.0,한국표준협회,,업체 우선
229,국토교통부,CJ대한통운(주),2020,업체,교통(화물),227703.0,3891.0,(주)한국경영인증원,,업체 우선
230,환경부,CJ제일제당(주),2020,업체,산업,405352.0,9241.0,(재)한국화학융합시험연구원,,업체 우선
231,국토교통부,GS건설(주),2020,업체,건설,108677.0,2023.0,한국표준협회,,업체 우선
232,환경부,GS파워,2020,업체,집단에너지,1953049.0,37296.0,(재)한국품질재단,,업체 우선
233,환경부,HSD엔진(주),2020,사업장,기계,26438.0,476.0,㈜디엔브이비즈니스어슈어런스코리아,,단일 사업장
234,산업통상자원부,JW 생명과학(주),2020,사업장,석유화학,28205.0,570.0,한국표준협회,,단일 사업장
235,산업통상자원부,KPX 케미칼(주),2020,사업장,석유화학,20679.0,644.0,(주)한국경영인증원,,단일 사업장
236,산업통상자원부,LB세미콘(주),2020,사업장,반도체,25689.0,526.0,한국표준협회,,단일 사업장
237,환경부,LX엠엠에이,2020,업체,산업,325107.0,2857.0,(주)한국경영인증원,,업체 우선
238,환경부,OCI SE 주식회사,2020,업체,산업,1267292.0,22512.0,㈜디엔브이비즈니스어슈어런스코리아,,업체 우선
239,산업통상자원부,S&T모티브(주),2020,사업장,자동차,18812.0,385.0,한국표준협회,,단일 사업장
240,환경부,S-Oil(주),2020,업체,정유,9579378.0,125785.0,한국표준협회,,업체 우선
241,산업통상자원부,SK(주) 대덕 데이터센터,2020,사업장,통신,19012.0,391.0,대일이엔씨기술(주),,단일 사업장
242,환경부,SKbroadband(주),2020,업체,통신,337966.0,6921.0,㈜디엔브이비즈니스어슈어런스코리아,,업체 우선
243,환경부,SK네트웍스(주) 워커힐,2020,사업장,건물,21002.0,423.0,(주)비에스아이그룹코리아,,단일 사업장
244,환경부,SK이노베이션(주),2020,업체,전기전자,20133.0,406.0,한국표준협회,,업체 우선
245,환경부,SK인천석유화학(주),2020,업체,산업,1584513.0,44618.0,한국표준협회,,업체 우선
246,산업통상자원부,Y&T파워텍(주),2020,사업장,자동차,15583.0,319.0,(주)비에스아이그룹코리아,,단일 사업장
247,환경부,㈜토탈,2020,사업장,지정외 폐기물처리업 등,93651.0,101.0,(재)한국품질재단,,단일 사업장
248,산업통상자원부,가온전선주식회사,2020,사업장,전기전자,15924.0,319.0,(주)비에스아이그룹코리아,,단일 사업장
249,국토교통부,강남금융센터(주),2020,사업장,건물,16755.0,341.0,한국표준협회,,단일 사업장
250,산업통상자원부,강남화성(주),2020,사업장,석유화학,18372.0,361.0,한국표준협회,,단일 사업장
251,환경부,강릉시,2020,사업장,폐기물,21093.0,103.0,(주)비에스아이그룹코리아,,단일 사업장
252,국토교통부,강변테크노마트 주식회사,2020,사업장,건물,15192.0,311.0,대일이엔씨기술(주),,단일 사업장
253,국토교통부,강원고속,2020,사업장,교통(여객),19009.0,270.0,한국표준협회,,단일 사업장
254,국토교통부,강원대학교 춘천캠퍼스,2020,사업장,건물,16452.0,335.0,한국표준협회,,단일 사업장
255,국토교통부,강원여객자동차,2020,사업장,교통(여객),12444.0,181.0,한국표준협회,,단일 사업장
256,환경부,거제시,2020,업체,폐기물,59991.0,434.0,(재)한국품질재단,,업체 우선
257,환경부,건국대학교,2020,사업장,건물,23765.0,482.0,이큐에이㈜,,단일 사업장
258,환경부,경북대학교,2020,업체,건물,30125.0,615.0,㈜한국품질보증원,,업체 우선
259,환경부,경산제지 주식회사,2020,업체,산업,100089.0,881.0,한국표준협회,,업체 우선
260,국토교통부,경원여객자동차(주),2020,사업장,교통(여객),53127.0,886.0,(주)한국경영인증원,,사업장 2개 합산
262,환경부,경인환경에너지 주식회사,2020,사업장,폐기물,67678.0,175.0,이큐에이㈜,,단일 사업장
263,국토교통부,경전여객자동차(주),2020,사업장,교통(여객),10073.0,143.0,한국표준협회,,단일 사업장
264,환경부,경주시,2020,업체,폐기물,77733.0,571.0,㈜한국품질보증원,,업체 우선
265,국토교통부,경진여객운수(주),2020,사업장,교통(여객),22942.0,377.0,(주)한국경영인증원,,단일 사업장
266,산업통상자원부,경창산업(주) 본사,2020,사업장,자동차,15284.0,314.0,한국생산성본부인증원(주),,단일 사업장
267,환경부,고려강선(주),2020,업체,철강,76651.0,1593.0,한국생산성본부인증원(주),,업체 우선
268,환경부,고려기초소재,2020,사업장,시멘트,20488.0,362.0,한국표준협회,,단일 사업장
269,환경부,고려아연 주식회사,2020,업체,산업,3534549.0,50347.0,(재)한국품질재단,,업체 우선
270,산업통상자원부,고려용접봉(주),2020,사업장,기계,17751.0,361.0,㈜한국품질보증원,,단일 사업장
271,환경부,고려제강(주),2020,업체,철강,101547.0,2053.0,한국생산성본부인증원(주),,업체 우선
272,산업통상자원부,고려특수선재(주),2020,사업장,철강,23295.0,479.0,한국생산성본부인증원(주),,단일 사업장
273,환경부,고양시,2020,업체,폐기물,164832.0,1139.0,㈜한국품질보증원,,업체 우선
274,국토교통부,공항철도(주),2020,업체,교통(철도),51935.0,1066.0,대일이엔씨기술(주),,업체 우선
275,환경부,광명시,2020,업체,폐기물,72337.0,322.0,㈜한국품질보증원,,업체 우선
276,국토교통부,광주과학기술원,2020,사업장,건물,21883.0,446.0,한국표준협회,,단일 사업장
277,환경부,광주광역시,2020,업체,폐기물,173567.0,1475.0,(재)한국품질재단,,업체 우선
278,국토교통부,광주광역시도시철도공사,2020,사업장,교통(철도),18376.0,377.0,한국표준협회,,단일 사업장
279,환경부,광진산업(주),2020,업체,시멘트,79968.0,237.0,한국생산성본부인증원(주),,업체 우선
280,환경부,구리시,2020,업체,폐기물,62661.0,620.0,㈜한국품질보증원,,업체 우선
281,환경부,구미시,2020,업체,폐기물,137340.0,980.0,㈜한국품질보증원,,업체 우선
282,환경부,국도화학(주),2020,업체,석유화학,36266.0,1552.0,로이드인증원㈜,,업체 우선
283,환경부,국립대학법인 서울대학교,2020,업체,건물,136345.0,2768.0,(재)한국품질재단,,업체 우선
284,국토교통부,국립암센터,2020,사업장,건물,18270.0,383.0,이큐에이㈜,,단일 사업장
285,국토교통부,국방과학연구소,2020,사업장,건물,20439.0,414.0,(재)한국품질재단,,단일 사업장
286,환경부,국일제지(주),2020,사업장,산업,44363.0,1127.0,이큐에이㈜,,단일 사업장
287,국토교통부,국회사무처,2020,사업장,건물,21203.0,441.0,한국표준협회,,단일 사업장
288,환경부,군산시,2020,업체,폐기물,91676.0,423.0,㈜한국품질보증원,,업체 우선
289,환경부,군포시,2020,사업장,폐기물,47369.0,85.0,한국표준협회,,단일 사업장
290,환경부,그린케미칼 주식회사,2020,사업장,석유화학,55537.0,1245.0,한국가스안전공사,,단일 사업장
291,산업통상자원부,금강공업(주) 음성 제2공장,2020,사업장,비철금속,14638.0,252.0,(주)한국경영인증원,,단일 사업장
292,해양수산부,금진해운(주),2020,사업장,교통(해운),17474.0,242.0,㈜디엔브이비즈니스어슈어런스코리아,,단일 사업장
293,국토교통부,금호고속(주),2020,업체,수송,1502.0,30.0,(주)한국경영인증원,,업체 우선
294,환경부,금호미쓰이화학 주식회사,2020,업체,석유화학,101643.0,1881.0,(재)한국품질재단,,업체 우선
295,환경부,금호석유화학 주식회사,2020,업체,산업,3556650.0,43210.0,한국표준협회,,업체 우선
296,국토교통부,금호익스프레스 주식회사,2020,사업장,교통(여객),104884.0,1496.0,(주)한국경영인증원,,단일 사업장
297,환경부,금호타이어(주),2020,업체,산업,242244.0,4890.0,지속가능인증원주식회사,,업체 우선
298,환경부,금호폴리켐주식회사,2020,업체,석유화학,222933.0,3648.0,(재)한국품질재단,,업체 우선
299,환경부,금호피앤비화학 주식회사,2020,업체,석유화학,893634.0,11788.0,한국표준협회,,업체 우선
300,환경부,기아(주),2020,업체,산업,697887.0,14066.0,로이드인증원㈜,,업체 우선
301,환경부,김천시,2020,업체,폐기물,49776.0,295.0,㈜한국품질보증원,,업체 우선
302,환경부,김천에너지서비스주식회사,2020,업체,산업단지,681254.0,8079.0,한국표준협회,,업체 우선
303,환경부,김포시,2020,사업장,지정외 폐기물처리업,28046.0,226.0,한국표준협회,,단일 사업장
304,국토교통부,김포운수(주),2020,사업장,교통(여객),17490.0,324.0,(주)한국경영인증원,,단일 사업장
305,환경부,김해시,2020,업체,폐기물,121159.0,1321.0,(재)한국품질재단,,업체 우선
306,환경부,깨끗한나라 주식회사,2020,업체,제지,383458.0,4843.0,(재)한국품질재단,,업체 우선
307,환경부,나래에너지서비스 주식회사,2020,업체,전환,1799605.0,35781.0,(주)한국경영인증원,,업체 우선
308,환경부,나투라페이퍼 주식회사,2020,업체,제지,155850.0,1200.0,한국표준협회,,업체 우선
309,환경부,남양금속주식회사,2020,업체,기계,64300.0,1185.0,(주)한국경영인증원,,업체 우선
310,환경부,남양유업(주),2020,업체,음식료품,88784.0,2038.0,한국표준협회,,업체 우선
311,환경부,남양주시,2020,업체,지정외 폐기물처리업,72082.0,1075.0,(재)한국품질재단,,업체 우선
312,환경부,남해화학(주),2020,업체,석유화학,67525.0,958.0,대일이엔씨기술(주),,업체 우선
313,산업통상자원부,내포그린에너지(주),2020,사업장,집단에너지,25391.0,500.0,대일이엔씨기술(주),,단일 사업장
314,환경부,네이버 주식회사,2020,사업장,산업,73176.0,1506.0,한국표준협회,,단일 사업장
315,환경부,네이처이앤티(주),2020,업체,폐기물,232429.0,357.0,한국표준협회,,업체 우선
316,산업통상자원부,네패스,2020,사업장,반도체,13193.0,268.0,(주)비에스아이그룹코리아,,단일 사업장
317,환경부,넥센타이어(주),2020,업체,석유화학,177538.0,3524.0,(주)한국경영인증원,,업체 우선
318,환경부,노벨리스코리아 주식회사,2020,업체,비철금속,284589.0,5628.0,(주)한국경영인증원,,업체 우선
319,환경부,녹십자,2020,사업장,석유화학,41824.0,1036.0,(재)한국품질재단,,단일 사업장
320,국토교통부,농협은행(주),2020,업체,건물,94128.0,1373.0,한국표준협회,,업체 우선
321,환경부,능원금속공업 주식회사,2020,사업장,비철금속,26864.0,547.0,산림조합중앙회,,단일 사업장
322,환경부,담우물산(주),2020,업체,시멘트,56374.0,181.0,(주)한국경영인증원,,업체 우선
323,환경부,당진시 자원순환센터,2020,업체,지정외 폐기물처리업 등,35802.0,242.0,한국표준협회,,업체 우선
324,환경부,대구광역시,2020,업체,폐기물,586705.0,4741.0,㈜한국품질보증원,,업체 우선
325,환경부,대구그린파워(주),2020,업체,집단에너지,829427.0,16510.0,이큐에이㈜,,업체 우선
326,국토교통부,대구도시철도공사,2020,업체,교통(철도),98774.0,2030.0,(주)한국경영인증원,,업체 우선
327,환경부,대구염색산업단지관리공단,2020,업체,산업단지,656181.0,7367.0,이큐에이㈜,,업체 우선
328,환경부,대구텍 유한책임회사,2020,사업장,비철금속,,,한국표준협회,,단일 사업장
329,환경부,대덕전자 주식회사,2020,업체,전기전자,125142.0,2541.0,한국표준협회,,업체 우선
330,환경부,대동금속(주),2020,사업장,철강,36877.0,699.0,(주)한국경영인증원,,단일 사업장
331,환경부,대동산업주식회사,2020,업체,요업,22919.0,373.0,이큐에이㈜,,업체 우선
332,환경부,대상 주식회사,2020,업체,음식료품,508708.0,10902.0,(주)한국경영인증원,,업체 우선
333,환경부,대성목재공업(주),2020,사업장,목재,29595.0,579.0,한국표준협회,,단일 사업장
334,산업통상자원부,대성엠디아이(주),2020,업체,시멘트,172714.0,798.0,(주)한국경영인증원,,업체 우선
335,환경부,대성지엠텍(주),2020,업체,광업,118906.0,318.0,(주)한국경영인증원,,업체 우선
336,산업통상자원부,대신염직공업(주),2020,사업장,섬유,14611.0,290.0,이큐에이㈜,,단일 사업장
337,국토교통부,대신정기화물자동차(주),2020,업체,교통(화물),53953.0,764.0,(주)한국경영인증원,,업체 우선
338,산업통상자원부,대양금속(주),2020,사업장,기계,20080.0,394.0,(재)한국품질재단,,단일 사업장
339,환경부,대양제지공업(주),2020,업체,제지,138767.0,1536.0,한국표준협회,,업체 우선
340,산업통상자원부,대용산업 시흥 제2공장,2020,사업장,기계,14479.0,294.0,한국표준협회,,단일 사업장
341,환경부,대우조선해양(주),2020,업체,조선,360403.0,6434.0,(재)한국품질재단,,업체 우선
342,환경부,대원강업(주),2020,사업장,자동차,21896.0,440.0,로이드인증원㈜,,단일 사업장
343,환경부,대원그린에너지(주),2020,사업장,폐기물,55748.0,404.0,한국표준협회,,단일 사업장
344,산업통상자원부,대원화성(주),2020,사업장,석유화학,17724.0,319.0,한국표준협회,,단일 사업장
345,환경부,대일개발 주식회사,2020,사업장,폐기물,51461.0,189.0,로이드인증원㈜,,단일 사업장
346,환경부,대전광역시,2020,업체,폐기물,305276.0,2687.0,한국산업기술시험원,,업체 우선
347,국토교통부,대전광역시도시철도공사,2020,사업장,교통(철도),17398.0,357.0,(주)신화엔지니어링종합건축사사무소,,단일 사업장
348,환경부,대전열병합발전주식회사,2020,업체,산업단지,121671.0,2641.0,한국표준협회,,업체 우선
349,산업통상자원부,대창단조(주),2020,사업장,기계,14212.0,290.0,이큐에이㈜,,단일 사업장
350,국토교통부,대창운수(주),2020,사업장,교통(여객),21620.0,404.0,한국표준협회,,단일 사업장
351,산업통상자원부,대한광통신 주식회사,2020,사업장,전기전자,20671.0,425.0,(주)한국경영인증원,,단일 사업장
352,환경부,대한방직(주),2020,사업장,산업,34789.0,511.0,한국표준협회,,단일 사업장
353,농림축산식품부,대한사료(주),2020,사업장,식료품 제조업,16614.0,334.0,대일이엔씨기술(주),,단일 사업장
354,환경부,대한석탄공사,2020,사업장,광업,237994.0,911.0,한국생산성본부인증원(주),,단일 사업장
355,산업통상자원부,대한소결금속(주),2020,사업장,자동차,21043.0,424.0,한국표준협회,,단일 사업장
356,환경부,대한슬래그 주식회사,2020,사업장,산업,29115.0,529.0,한국표준협회,,단일 사업장
357,환경부,대한시멘트주식회사,2020,사업장,시멘트,74094.0,1335.0,한국표준협회,,단일 사업장
358,산업통상자원부,대한약품공업(주),2020,사업장,석유화학,17113.0,346.0,(주)한국경영인증원,,단일 사업장
359,환경부,대한유화 주식회사,2020,업체,석유화학,1680813.0,33987.0,한국가스안전공사,,업체 우선
360,환경부,대한전선 주식회사,2020,사업장,전기전자,34901.0,699.0,이큐에이㈜,,단일 사업장
361,환경부,대한제강(주),2020,업체,철강,356509.0,6152.0,한국표준협회,,업체 우선
362,환경부,대한제당 주식회사,2020,업체,음식료품,74673.0,1487.0,(재)한국품질재단,,업체 우선
363,농림축산식품부,대한제분(주),2020,사업장,식료품 제조업,20932.0,430.0,대일이엔씨기술(주),,단일 사업장
364,환경부,대한제지주식회사,2020,업체,제지,184222.0,2279.0,한국표준협회,,업체 우선
365,산업통상자원부,대한조선주식회사,2020,사업장,조선,25780.0,409.0,한국표준협회,,단일 사업장
366,산업통상자원부,대한특수금속(주),2020,사업장,철강,11429.0,207.0,이큐에이㈜,,단일 사업장
367,환경부,대한항공,2020,업체,항공,366820.0,5592.0,㈜디엔브이비즈니스어슈어런스코리아,,업체 우선
368,환경부,대한화섬(주),2020,업체,섬유,39543.0,863.0,한국표준협회,,업체 우선
369,산업통상자원부,더블유스코프코리아(주) 1공장,2020,사업장,석유화학,15469.0,586.0,㈜한국품질보증원,,단일 사업장
370,산업통상자원부,더블유씨피 주식회사,2020,사업장,전기전자,,,한국표준협회,,단일 사업장
371,환경부,데이원에너지 주식회사,2020,업체,산업단지,1078306.0,11750.0,한국표준협회,,업체 우선
372,산업통상자원부,덴소코리아 주식회사,2020,사업장,자동차,11072.0,221.0,이큐에이㈜,,단일 사업장
373,환경부,도레이배터리세퍼레이터필름 한국유한회사,2020,사업장,전기전자,118364.0,2391.0,한국표준협회,,단일 사업장
374,산업통상자원부,도레이비에스에프코팅한국 유한회사,2020,업체,전기전자,119416.0,488.0,㈜디엔브이비즈니스어슈어런스코리아,,업체 우선
375,환경부,도레이첨단소재 주식회사,2020,업체,섬유,627335.0,12488.0,(주)비에스아이그룹코리아,,업체 우선
376,국토교통부,도명특송(주),2020,사업장,교통(화물),25931.0,367.0,한국표준협회,,단일 사업장
377,환경부,동국산업(주),2020,사업장,철강,31246.0,614.0,한국표준협회,,단일 사업장
378,환경부,동국제강 주식회사,2020,업체,철강,1830697.0,31355.0,(재)한국품질재단,,업체 우선
379,산업통상자원부,동남정밀 주식회사,2020,사업장,자동차,8903.0,181.0,한국표준협회,,단일 사업장
380,환경부,동두천드림파워,2020,업체,전환,1928364.0,38371.0,(주)신화엔지니어링종합건축사사무소,,업체 우선
381,환경부,동두천시공공하수처리장,2020,사업장,폐기물,7417.0,115.0,(재)한국품질재단,,단일 사업장
382,환경부,동서석유화학 주식회사,2020,업체,석유화학,391471.0,2055.0,로이드인증원㈜,,업체 우선
383,환경부,동서식품(주),2020,업체,음식료품,123249.0,2657.0,(재)한국품질재단,,업체 우선
384,산업통상자원부,동서페더럴모굴(주),2020,사업장,자동차,20019.0,408.0,(주)비에스아이그룹코리아,,단일 사업장
385,국토교통부,동성교통(주),2020,사업장,교통(여객),15820.0,298.0,(주)한국경영인증원,,단일 사업장
386,국토교통부,동아운수(주),2020,사업장,교통(여객),17824.0,334.0,산림조합중앙회,,단일 사업장
387,산업통상자원부,동아타이어공업(주),2020,사업장,석유화학,11361.0,229.0,한국표준협회,,단일 사업장
388,산업통상자원부,동양산업(주) 성산지점,2020,사업장,자동차,12857.0,264.0,(주)한국경영인증원,,단일 사업장
389,산업통상자원부,동양주공(주),2020,사업장,철강,14482.0,273.0,이큐에이㈜,,단일 사업장
390,환경부,동양피스톤(주),2020,사업장,자동차,25793.0,524.0,이큐에이㈜,,단일 사업장
391,환경부,동우화인켐주식회사,2020,업체,석유화학,405552.0,6814.0,(재)한국품질재단,,업체 우선
392,국토교통부,동원로엑스(주),2020,사업장,교통(화물),56509.0,885.0,한국표준협회,,단일 사업장
393,산업통상자원부,동원시스템즈(주),2020,사업장,비철금속,229767.0,3928.0,(재)한국품질재단,,단일 사업장
394,환경부,동원페이퍼(주),2020,업체,제지,105506.0,1622.0,(재)한국화학융합시험연구원,,업체 우선
395,산업통상자원부,동은단조(주) 밀양공장,2020,사업장,자동차,17356.0,355.0,㈜한국품질보증원,,단일 사업장
396,산업통상자원부,동은단조(주) 부산공장,2020,사업장,기계,15295.0,312.0,㈜한국품질보증원,,단일 사업장
397,환경부,동일산업주식회사,2020,업체,철강,286433.0,3327.0,한국표준협회,,업체 우선
398,산업통상자원부,동일알루미늄(주),2020,사업장,비철금속,19723.0,403.0,한국표준협회,,단일 사업장
399,산업통상자원부,동일제강(주),2020,사업장,철강,20830.0,408.0,한국표준협회,,단일 사업장
400,산업통상자원부,동일팩키지(주)진주공장,2020,사업장,제지,48676.0,372.0,(재)한국품질재단,,단일 사업장
401,환경부,동화기업(주),2020,업체,목재,115303.0,2236.0,한국표준협회,,업체 우선
402,산업통상자원부,동화지앤피 주식회사,2020,사업장,유리,22941.0,352.0,(주)한국경영인증원,,단일 사업장
403,환경부,동희오토(주),2020,사업장,자동차,30052.0,604.0,(주)한국경영인증원,,단일 사업장
404,산업통상자원부,두산메카텍 주식회사,2020,사업장,기계,14495.0,256.0,(주)한국경영인증원,,단일 사업장
405,환경부,두산중공업 주식회사,2020,업체,기계,229499.0,4375.0,(재)한국품질재단,,업체 우선
406,환경부,두원중공업(주),2020,사업장,산업,26943.0,549.0,(주)신화엔지니어링종합건축사사무소,,단일 사업장
407,환경부,디아이지에어가스 주식회사,2020,업체,산업,809729.0,16612.0,㈜한국품질보증원,,업체 우선
408,환경부,디에스파워 주식회사,2020,업체,집단에너지,1132208.0,22564.0,한국표준협회,,업체 우선
409,환경부,디엘 주식회사,2020,업체,석유화학,3260.0,65.0,한국가스안전공사,,업체 우선
410,환경부,디엘모터스(주),2020,사업장,자동차,39822.0,802.0,(주)한국경영인증원,,단일 사업장
411,환경부,디엘에프엔씨 주식회사,2020,사업장,산업,24842.0,508.0,한국가스안전공사,,단일 사업장
412,산업통상자원부,디엘케미칼 주식회사,2020,업체,산업,163650.0,3093.0,한국가스안전공사,,업체 우선
413,산업통상자원부,디케이동신(주),2020,사업장,철강,19054.0,350.0,한국표준협회,,단일 사업장
414,국토교통부,람정제주개발 주식회사,2020,사업장,건물,31886.0,621.0,(주)한국경영인증원,,단일 사업장
415,국토교통부,롯데글로벌로지스(주),2020,사업장,교통(화물),48249.0,910.0,한국표준협회,,단일 사업장
416,환경부,롯데네슬레코리아(주),2020,사업장,음식료품,35870.0,699.0,(재)한국품질재단,,단일 사업장
417,환경부,롯데물산(주),2020,사업장,건물,35464.0,721.0,(주)한국경영인증원,,단일 사업장
418,산업통상자원부,롯데베르살리스엘라스토머스(주),2020,업체,석유화학,85905.0,1810.0,한국표준협회,,업체 우선
419,환경부,롯데쇼핑 주식회사,2020,업체,건물,672445.0,13265.0,한국표준협회,,업체 우선
420,환경부,롯데알미늄 주식회사,2020,업체,산업,71423.0,1321.0,(재)한국품질재단,,업체 우선
421,환경부,롯데엠시시 주식회사,2020,업체,석유화학,321775.0,2648.0,한국표준협회,,업체 우선
422,환경부,롯데이네오스화학 주식회사,2020,업체,산업,213079.0,3063.0,한국표준협회,,업체 우선
423,환경부,롯데정밀화학 주식회사,2020,업체,석유화학,627987.0,14495.0,로이드인증원㈜,,업체 우선
424,환경부,롯데정보통신(주),2020,사업장,산업,77266.0,1589.0,한국표준협회,,단일 사업장
425,환경부,롯데제과 주식회사,2020,업체,음식료품,122723.0,2496.0,(재)한국품질재단,,업체 우선
426,환경부,롯데칠성음료 주식회사,2020,업체,산업,161274.0,2975.0,(주)한국경영인증원,,업체 우선
427,국토교통부,롯데컬처웍스(주),2020,업체,건물,48200.0,939.0,한국표준협회,,업체 우선
428,환경부,롯데케미칼 주식회사,2020,업체,석유화학,5574267.0,95478.0,(재)한국품질재단,,업체 우선
429,환경부,롯데푸드(주),2020,업체,음식료품,112779.0,2252.0,(주)한국경영인증원,,업체 우선
430,환경부,르노삼성자동차(주),2020,업체,자동차,79194.0,1630.0,(주)한국경영인증원,,업체 우선
431,환경부,린데코리아 주식회사,2020,업체,석유화학,726481.0,14469.0,(재)한국품질재단,,업체 우선
432,환경부,만호제강(주),2020,사업장,철강,28907.0,587.0,한국표준협회,,단일 사업장
433,환경부,매그나칩반도체(유),2020,업체,산업,160747.0,1256.0,(주)비에스아이그룹코리아,,업체 우선
434,환경부,매일유업(주),2020,업체,음식료품,121163.0,2314.0,(주)한국경영인증원,,업체 우선
435,국토교통부,명성운수(주),2020,사업장,교통(여객),23413.0,372.0,이큐에이㈜,,단일 사업장
436,산업통상자원부,명화공업(주) 아산공장,2020,사업장,자동차,26175.0,526.0,한국표준협회,,단일 사업장
437,환경부,목포시,2020,사업장,지정외 폐기물처리업,59763.0,146.0,(재)한국품질재단,,단일 사업장
438,환경부,무림에스피(주),2020,업체,제지,47804.0,959.0,한국표준협회,,업체 우선
439,환경부,무림파워텍 주식회사,2020,업체,산업단지,180614.0,2817.0,한국표준협회,,업체 우선
440,환경부,무림페이퍼(주),2020,업체,제지,200121.0,4109.0,한국표준협회,,업체 우선
441,환경부,무림피앤피(주),2020,업체,산업,235768.0,13015.0,한국표준협회,,업체 우선
442,환경부,문경시 하수도사업소,2020,사업장,폐기물,7812.0,130.0,(재)한국화학융합시험연구원,,단일 사업장
443,국토교통부,문화방송,2020,사업장,건물,16391.0,350.0,(주)한국경영인증원,,단일 사업장
444,산업통상자원부,미래나노텍(주),2020,사업장,전기전자,23570.0,454.0,(주)한국경영인증원,,단일 사업장
445,산업통상자원부,미쓰이케미칼앤드에스케이씨폴리우레탄 주식회사,2020,사업장,석유화학,21242.0,449.0,한국표준협회,,단일 사업장
446,산업통상자원부,미원상사(주) 전주2공장,2020,사업장,석유화학,21412.0,427.0,대일이엔씨기술(주),,단일 사업장
447,산업통상자원부,미원스페셜티케미칼(주)충주공장,2020,사업장,석유화학,32270.0,645.0,이큐에이㈜,,단일 사업장
448,산업통상자원부,바스프컬러스앤이펙츠코리아(주),2020,사업장,석유화학,19029.0,554.0,(재)한국품질재단,,단일 사업장
449,환경부,바스프퍼포먼스폴리아마이드코리아 주식회사,2020,업체,산업,76057.0,1633.0,한국표준협회,,업체 우선
450,환경부,백광산업 주식회사,2020,업체,석유화학,209613.0,4171.0,한국표준협회,,업체 우선
451,환경부,버슘머트리얼즈피엠코리아,2020,사업장,산업,27763.0,571.0,로이드인증원㈜,,단일 사업장
452,국토교통부,범일운수,2020,사업장,교통(여객),18029.0,337.0,(주)한국경영인증원,,단일 사업장
453,환경부,베올리아워터코리아대산(주),2020,업체,수도,88535.0,1817.0,(주)한국경영인증원,,업체 우선
454,환경부,별내에너지 주식회사,2020,업체,집단에너지,148820.0,2978.0,한국표준협회,,업체 우선
455,환경부,보령시 생활폐기물처리장,2020,사업장,지정외 폐기물처리업 등,42351.0,135.0,한국표준협회,,단일 사업장
456,산업통상자원부,보령엘엔지터미널 주식회사,2020,사업장,발전에너지,43461.0,865.0,㈜한국품질보증원,,단일 사업장
457,국토교통부,보영운수(주),2020,사업장,교통(여객),15507.0,257.0,한국표준협회,,단일 사업장
458,산업통상자원부,볼보그룹코리아(주),2020,사업장,기계,20606.0,399.0,한국표준협회,,단일 사업장
459,환경부,부산광역시,2020,업체,폐기물,878152.0,7683.0,(주)신화엔지니어링종합건축사사무소,,업체 우선
460,국토교통부,부산교통(주),2020,사업장,교통(여객),13843.0,199.0,한국표준협회,,단일 사업장
461,국토교통부,부산교통공사,2020,업체,교통(철도),166412.0,3421.0,한국표준협회,,업체 우선
462,국토교통부,부산대학교,2020,사업장,건물,23120.0,474.0,㈜한국품질보증원,,단일 사업장
463,국토교통부,부산대학교병원,2020,사업장,건물,18392.0,375.0,한국표준협회,,단일 사업장
464,환경부,부산정관에너지(주),2020,사업장,집단에너지,75920.0,1505.0,(주)신화엔지니어링종합건축사사무소,,단일 사업장
465,환경부,부산주공(주),2020,업체,자동차,82405.0,1526.0,㈜한국품질보증원,,업체 우선
466,환경부,부산패션칼라산업협동조합,2020,업체,산업단지,141363.0,1999.0,이큐에이㈜,,업체 우선
467,환경부,부천시,2020,업체,폐기물,151996.0,1586.0,㈜한국품질보증원,,업체 우선
468,환경부,부흥석회,2020,사업장,시멘트,47.0,0.0,한국생산성본부인증원(주),,단일 사업장
469,국토교통부,북부운수(주),2020,사업장,교통(여객),14868.0,279.0,산림조합중앙회,,단일 사업장
470,농림축산식품부,브리티쉬아메리칸토바코코리아제조(주),2020,사업장,담배제조업,22156.0,451.0,한국표준협회,,단일 사업장
471,환경부,브이피에이치메탈 유한회사,2020,사업장,산업,28571.0,524.0,㈜한국품질보증원,,단일 사업장
472,환경부,비노텍 주식회사,2020,사업장,폐기물,95956.0,68.0,이큐에이㈜,,단일 사업장
473,환경부,비를라카본코리아(주),2020,업체,석유화학,117002.0,433.0,㈜디엔브이비즈니스어슈어런스코리아,,업체 우선
474,산업통상자원부,비테스코테크놀로지스코리아 주식회사,2020,사업장,자동차,15229.0,307.0,(주)한국경영인증원,,단일 사업장
475,환경부,사회복지법인 삼성생명공익재단,2020,업체,건물,87889.0,1782.0,(재)한국품질재단,,업체 우선
476,산업통상자원부,삼강에스앤씨(주),2020,사업장,조선,26659.0,420.0,(재)한국품질재단,,단일 사업장
477,산업통상자원부,삼강엠앤티,2020,사업장,조선,22592.0,385.0,한국표준협회,,단일 사업장
478,환경부,삼남석유화학주식회사,2020,업체,석유화학,190860.0,2512.0,한국표준협회,,업체 우선
479,산업통상자원부,삼목에스폼(주),2020,사업장,비철금속,35461.0,633.0,한국표준협회,,단일 사업장
480,산업통상자원부,삼미금속(주),2020,사업장,철강,16014.0,322.0,한국표준협회,,단일 사업장
481,환경부,삼보산업 주식회사,2020,사업장,비철금속,19881.0,295.0,한국표준협회,,단일 사업장
482,환경부,삼성디스플레이 주식회사,2020,업체,산업,4632185.0,77508.0,(주)비에스아이그룹코리아,,업체 우선
483,국토교통부,삼성물산 주식회사,2020,업체,산업,85212.0,1805.0,(주)한국경영인증원,,업체 우선
484,환경부,삼성바이오로직스 주식회사,2020,사업장,석유화학,124807.0,2529.0,이큐에이㈜,,단일 사업장
485,환경부,삼성생명보험 주식회사,2020,업체,건물,66825.0,911.0,(재)한국품질재단,,업체 우선
486,환경부,삼성에스디아이 주식회사,2020,업체,전기전자,561574.0,11601.0,(재)한국품질재단,,업체 우선
487,환경부,삼성에스디에스(주),2020,업체,산업,95277.0,1949.0,(주)한국경영인증원,,업체 우선
488,환경부,삼성전기 주식회사,2020,업체,전기전자,444101.0,9166.0,(주)비에스아이그룹코리아,,업체 우선
489,환경부,삼성전자 주식회사,2020,업체,반도체,12532779.0,177112.0,(재)한국품질재단,,업체 우선
490,환경부,삼성중공업 주식회사,2020,업체,조선,383168.0,6234.0,한국표준협회,,업체 우선
491,환경부,삼성코닝어드밴스드글라스 유한회사,2020,사업장,산업,44449.0,898.0,로이드인증원㈜,,단일 사업장
492,산업통상자원부,삼신정밀(주),2020,사업장,자동차,18075.0,367.0,한국표준협회,,단일 사업장
493,산업통상자원부,삼아알미늄주식회사,2020,사업장,비철금속,18763.0,379.0,한국표준협회,,단일 사업장
494,환경부,삼양식품(주) 원주공장,2020,사업장,산업,40014.0,791.0,(주)비에스아이그룹코리아,,단일 사업장
495,환경부,삼양이노켐 주식회사,2020,업체,석유화학,81196.0,1603.0,한국표준협회,,업체 우선
496,산업통상자원부,삼양통상(주),2020,사업장,섬유,14387.0,289.0,이큐에이㈜,,단일 사업장
497,환경부,삼양화성주식회사,2020,업체,석유화학,102078.0,2394.0,한국표준협회,,업체 우선
498,산업통상자원부,삼영산업,2020,사업장,요업,27431.0,488.0,이큐에이㈜,,단일 사업장
499,국토교통부,삼영운수(주),2020,사업장,교통(여객),28976.0,492.0,한국표준협회,,단일 사업장
500,환경부,삼영전자공업(주),2020,업체,전기전자,104324.0,2136.0,한국산업기술시험원,,업체 우선
501,환경부,삼영화학공업(주),2020,사업장,석유화학,29296.0,596.0,한국표준협회,,단일 사업장
502,산업통상자원부,삼우중공업 주식회사,2020,사업장,조선,20281.0,321.0,(주)한국경영인증원,,단일 사업장
503,환경부,삼정펄프(주),2020,업체,제지,158698.0,1472.0,(주)비에스아이그룹코리아,,업체 우선
504,환경부,삼표시멘트,2020,업체,산업,5986309.0,34526.0,(재)한국품질재단,,업체 우선
505,산업통상자원부,삼표자원개발주식회사,2020,사업장,광업,35191.0,628.0,(재)한국품질재단,,단일 사업장
506,산업통상자원부,삼호제강주식회사,2020,사업장,철강,18718.0,373.0,이큐에이㈜,,단일 사업장
507,산업통상자원부,삼화왕관(주),2020,사업장,기계,18064.0,350.0,한국표준협회,,단일 사업장
508,환경부,삼화제지(주),2020,사업장,제지,19882.0,692.0,한국표준협회,,단일 사업장
509,산업통상자원부,삼화콘덴서공업(주),2020,사업장,전기전자,21190.0,435.0,한국표준협회,,단일 사업장
510,환경부,삼흥열처리,2020,사업장,기계,24610.0,499.0,이큐에이㈜,,단일 사업장
511,해양수산부,상지해운(주),2020,사업장,교통(해운),20916.0,286.0,㈜디엔브이비즈니스어슈어런스코리아,,단일 사업장
512,산업통상자원부,새론오토모티브(주),2020,사업장,자동차,21581.0,335.0,이큐에이㈜,,단일 사업장
513,국토교통부,새한특수(주),2020,사업장,교통(화물),17538.0,248.0,한국표준협회,,단일 사업장
514,환경부,생고뱅이소바코리아 주식회사,2020,사업장,유리,35398.0,694.0,이큐에이㈜,,단일 사업장
515,환경부,생고뱅코리아홀딩스 주식회사,2020,업체,유리,37.0,0.0,이큐에이㈜,,업체 우선
516,환경부,서산시 공공하수처리장,2020,사업장,하수처리업,18553.0,112.0,한국표준협회,,단일 사업장
517,농림축산식품부,서안주정(주),2020,사업장,음료제조업,9897.0,307.0,한국표준협회,,단일 사업장
518,농림축산식품부,서영주정(주),2020,사업장,음료제조업,23302.0,469.0,(재)한국품질재단,,단일 사업장
519,국토교통부,서울교통공사,2020,업체,수송,645484.0,13278.0,한국생산성본부인증원(주),,업체 우선
520,국토교통부,서울교통네트웍(주),2020,사업장,교통(여객),15223.0,286.0,(주)한국경영인증원,,단일 사업장
521,환경부,서울대학교병원,2020,업체,건물,83569.0,1721.0,한국표준협회,,업체 우선
522,환경부,서울바이오시스(주),2020,사업장,반도체,78109.0,1482.0,로이드인증원㈜,,단일 사업장
523,산업통상자원부,서울반도체,2020,사업장,반도체,12341.0,253.0,로이드인증원㈜,,단일 사업장
524,국토교통부,서울시메트로 9호선(주),2020,사업장,교통(철도),41674.0,857.0,이큐에이㈜,,단일 사업장
525,환경부,서울에너지공사,2020,업체,집단에너지,259685.0,5319.0,한국표준협회,,업체 우선
526,농림축산식품부,서울우유협동조합,2020,업체,식료품 제조업,67780.0,1354.0,한국표준협회,,업체 우선
527,환경부,서울특별시,2020,업체,폐기물,1443583.0,12695.0,(주)신화엔지니어링종합건축사사무소,,업체 우선
528,환경부,서울특별시농수산식품공사,2020,사업장,건물,55833.0,1145.0,(주)한국경영인증원,,단일 사업장
529,국토교통부,서울파이낸스센터(주),2020,사업장,건물,11435.0,233.0,한국생산성본부인증원(주),,단일 사업장
530,산업통상자원부,서진산업(주) 경주공장,2020,사업장,자동차,17088.0,330.0,한국표준협회,,단일 사업장
531,환경부,서한이앤피주식회사,2020,업체,기계,65815.0,1321.0,이큐에이㈜,,업체 우선
532,환경부,서해그린환경(주),2020,사업장,폐기물,31024.0,143.0,(재)한국품질재단,,단일 사업장
533,산업통상자원부,선도화학(주),2020,사업장,석유화학,22211.0,457.0,한국가스안전공사,,단일 사업장
534,국토교통부,선진버스(주),2020,사업장,교통(여객),21475.0,396.0,(주)한국경영인증원,,단일 사업장
535,환경부,성남시,2020,업체,폐기물,266581.0,2187.0,㈜한국품질보증원,,업체 우선
536,국토교통부,성남시내버스(주),2020,사업장,교통(여객),31011.0,545.0,㈜한국품질보증원,,단일 사업장
537,환경부,성림유화 주식회사,2020,업체,폐기물,228585.0,153.0,로이드인증원㈜,,업체 우선
538,산업통상자원부,성보공업(주),2020,사업장,철강,17990.0,342.0,한국표준협회,,단일 사업장
539,환경부,성신씨엠 주식회사,2020,사업장,산업,23283.0,470.0,한국표준협회,,단일 사업장
540,환경부,성신양회(주),2020,업체,시멘트,4794801.0,25976.0,한국표준협회,,업체 우선
541,환경부,성안합섬(주),2020,업체,섬유,60174.0,1205.0,이큐에이㈜,,업체 우선
542,산업통상자원부,성일요업주식회사,2020,사업장,요업,19393.0,365.0,한국표준협회,,단일 사업장
543,환경부,성창보드(주),2020,사업장,목재,30409.0,613.0,㈜한국품질보증원,,단일 사업장
544,환경부,성훈엔지니어링주식회사,2020,사업장,비철금속,38024.0,753.0,한국가스안전공사,,단일 사업장
545,산업통상자원부,세메스(주),2020,사업장,기계,29618.0,541.0,한국표준협회,,단일 사업장
546,국토교통부,세방(주),2020,사업장,교통(화물),28371.0,440.0,(주)한국경영인증원,,단일 사업장
547,환경부,세방전지(주),2020,업체,전기전자,125935.0,2568.0,이큐에이㈜,,업체 우선
548,환경부,세하(주),2020,업체,제지,158282.0,1839.0,이큐에이㈜,,업체 우선
549,산업통상자원부,세화금속공업(주) 다산공장,2020,사업장,철강,11937.0,220.0,이큐에이㈜,,단일 사업장
550,환경부,셀트리온,2020,사업장,석유화학,52602.0,1066.0,산림조합중앙회,,단일 사업장
551,환경부,셰플러코리아 유한책임회사,2020,업체,산업,92092.0,1884.0,로이드인증원㈜,,업체 우선
552,국토교통부,소신여객자동차(주),2020,사업장,교통(여객),23340.0,424.0,한국표준협회,,단일 사업장
553,환경부,속초시 환경자원사업소,2020,사업장,지정외 폐기물처리업,19538.0,328.0,(주)한국경영인증원,,단일 사업장
554,산업통상자원부,솔베이실리카코리아(주),2020,업체,석유화학,34536.0,749.0,이큐에이㈜,,업체 우선
555,환경부,솔브레인에스엘디 주식회사,2020,사업장,디스플레이,46162.0,946.0,㈜한국품질보증원,,단일 사업장
556,환경부,송원산업(주),2020,업체,석유화학,151611.0,2965.0,한국표준협회,,업체 우선
557,환경부,송학제지(주),2020,사업장,제지,33594.0,426.0,이큐에이㈜,,단일 사업장
558,환경부,수도권매립지관리공사,2020,업체,폐기물,1689252.0,4739.0,한국산업기술시험원,,업체 우선
559,환경부,수완에너지 주식회사,2020,업체,집단에너지,168417.0,3338.0,대일이엔씨기술(주),,업체 우선
560,환경부,수원시,2020,업체,폐기물,157542.0,1622.0,㈜한국품질보증원,,업체 우선
561,국토교통부,수원애경역사(주),2020,사업장,건물,14844.0,302.0,한국표준협회,,단일 사업장
562,국토교통부,수원여객운수(주),2020,사업장,교통(여객),37095.0,691.0,한국표준협회,,단일 사업장
563,국토교통부,수협노량진수산(주),2020,사업장,건물,15878.0,327.0,(주)한국경영인증원,,단일 사업장
564,환경부,순천시,2020,업체,폐기물,67864.0,506.0,한국산업기술시험원,,업체 우선
565,산업통상자원부,스미토모세이카폴리머스코리아(주),2020,사업장,석유화학,38235.0,1522.0,한국표준협회,,단일 사업장
566,환경부,스테코(주),2020,사업장,전기전자,39940.0,819.0,한국표준협회,,단일 사업장
567,환경부,스템코(주),2020,사업장,반도체,56249.0,1232.0,(주)한국경영인증원,,단일 사업장
568,환경부,시그네틱스(주),2020,사업장,반도체,40981.0,837.0,(주)한국경영인증원,,단일 사업장
569,환경부,시흥시,2020,업체,폐기물,114874.0,1225.0,(재)한국품질재단,,업체 우선
570,환경부,신대양제지(주),2020,업체,제지,212716.0,1768.0,한국표준협회,,업체 우선
571,환경부,신대양제지반월(주),2020,업체,산업,101668.0,788.0,한국표준협회,,업체 우선
572,환경부,신대일제지공업(주),2020,업체,제지,88182.0,361.0,이큐에이㈜,,업체 우선
573,환경부,신대한정유산업 주식회사,2020,사업장,폐기물,93941.0,184.0,(주)한국경영인증원,,단일 사업장
574,국토교통부,신도림테크노마트 주식회사,2020,사업장,건물,14640.0,299.0,(주)한국경영인증원,,단일 사업장
575,국토교통부,신분당선(주),2020,사업장,교통(철도),25127.0,517.0,(주)한국경영인증원,,단일 사업장
576,국토교통부,신성교통(주),2020,사업장,교통(여객),25003.0,443.0,대일이엔씨기술(주),,단일 사업장
577,국토교통부,신안종합리조트(주),2020,사업장,건물,14956.0,296.0,(주)한국경영인증원,,단일 사업장
578,산업통상자원부,신양금속공업(주) 제1공장,2020,사업장,비철금속,14931.0,318.0,한국표준협회,,단일 사업장
579,환경부,신창제지공업주식회사,2020,사업장,제지,30422.0,614.0,한국표준협회,,단일 사업장
580,산업통상자원부,신평택발전(주),2020,업체,발전에너지,2105680.0,41809.0,한국표준협회,,업체 우선
581,환경부,신풍제지(주),2020,업체,제지,1078.0,20.0,(재)한국품질재단,,업체 우선
582,산업통상자원부,신한방직 주식회사,2020,사업장,섬유,7854.0,161.0,이큐에이㈜,,단일 사업장
583,산업통상자원부,신한중공업(주),2020,사업장,조선,15785.0,267.0,㈜한국품질보증원,,단일 사업장
584,산업통상자원부,신화인터텍(주),2020,사업장,전기전자,17822.0,360.0,한국표준협회,,단일 사업장
585,산업통상자원부,쌍용기초소재(주),2020,사업장,시멘트,16333.0,300.0,한국표준협회,,단일 사업장
586,환경부,쌍용머티리얼(주),2020,사업장,자동차,34322.0,687.0,(재)한국품질재단,,단일 사업장
587,환경부,쌍용씨앤이(주),2020,업체,산업,9872029.0,56497.0,한국표준협회,,업체 우선
588,환경부,쌍용자동차(주),2020,업체,자동차,111052.0,2207.0,㈜한국품질보증원,,업체 우선
589,환경부,씨엔씨티에너지 주식회사,2020,사업장,집단에너지,46775.0,937.0,로이드인증원㈜,,단일 사업장
590,해양수산부,씨월드고속훼리(주),2020,업체,교통(해운),87350.0,1195.0,(주)한국경영인증원,,업체 우선
591,국토교통부,씨제이씨지브이(주),2020,업체,건물,58769.0,1147.0,(재)한국품질재단,,업체 우선
592,환경부,씨지앤율촌전력 주식회사,2020,업체,전환,2443630.0,47221.0,㈜한국품질보증원,,업체 우선
593,산업통상자원부,아름일렉트로닉스 주식회사,2020,사업장,반도체.디스플레이.전기전자,14403.0,295.0,(주)한국경영인증원,,단일 사업장
594,환경부,아반스트레이트코리아 주식회사,2020,업체,산업,24424.0,485.0,㈜한국품질보증원,,업체 우선
595,산업통상자원부,아비코테크 주식회사,2020,사업장,전기전자,11110.0,227.0,(주)한국경영인증원,,단일 사업장
596,환경부,아사히피디글라스한국(주),2020,업체,유리,57.0,1.0,㈜디엔브이비즈니스어슈어런스코리아,,업체 우선
597,환경부,아산시,2020,사업장,폐기물,39171.0,460.0,㈜한국품질보증원,,단일 사업장
598,환경부,아세아시멘트 주식회사,2020,업체,시멘트,2460584.0,14139.0,한국표준협회,,업체 우선
599,환경부,아세아제지(주),2020,업체,제지,494588.0,4335.0,한국표준협회,,업체 우선
600,환경부,아시아나항공,2020,업체,수송,309897.0,4542.0,로이드인증원㈜,,업체 우선
601,환경부,아주대학교의료원,2020,사업장,건물,27944.0,566.0,한국생산성본부인증원(주),,단일 사업장
602,환경부,안동시,2020,업체,폐기물,42221.0,396.0,(재)한국품질재단,,업체 우선
603,산업통상자원부,안산도시개발(주),2020,사업장,집단에너지,23395.0,584.0,(재)한국품질재단,,단일 사업장
604,환경부,안산시,2020,업체,폐기물,132917.0,1461.0,㈜한국품질보증원,,업체 우선
605,환경부,안양시,2020,업체,폐기물,122396.0,1014.0,㈜한국품질보증원,,업체 우선
606,환경부,애경케미칼(주),2020,업체,산업,144939.0,1479.0,한국표준협회,,업체 우선
607,환경부,앰코테크놀로지코리아(주),2020,업체,반도체,240607.0,4880.0,(주)비에스아이그룹코리아,,업체 우선
608,국토교통부,양산부산대학교병원,2020,사업장,건물,21874.0,446.0,한국산업기술시험원,,단일 사업장
609,환경부,양산시,2020,업체,폐기물,95425.0,800.0,㈜한국품질보증원,,업체 우선
610,환경부,양주시,2020,업체,폐기물,69654.0,835.0,㈜한국품질보증원,,업체 우선
611,환경부,에너원(주),2020,업체,산업단지,38570.0,445.0,(주)한국경영인증원,,업체 우선
612,산업통상자원부,에스앤티중공업 주식회사,2020,사업장,자동차,13353.0,252.0,한국표준협회,,단일 사업장
613,산업통상자원부,에스에스엘엠 주식회사,2020,사업장,반도체,21145.0,428.0,한국표준협회,,단일 사업장
614,환경부,에스엔에프코리아(주) 울산공장,2020,사업장,석유화학,34927.0,703.0,이큐에이㈜,,단일 사업장
615,산업통상자원부,에스엘 주식회사,2020,업체,전기전자,50354.0,1030.0,(재)한국품질재단,,업체 우선
616,환경부,에스지씨솔루션 주식회사,2020,업체,유리,161141.0,2664.0,(재)한국품질재단,,업체 우선
617,환경부,에스지씨에너지 주식회사,2020,업체,유리,2192881.0,40414.0,㈜디엔브이비즈니스어슈어런스코리아,,업체 우선
618,산업통상자원부,에스케이가스(주),2020,사업장,발전에너지,22513.0,403.0,(재)한국품질재단,,단일 사업장
619,환경부,에스케이넥실리스  주식회사,2020,사업장,비철금속,145952.0,2995.0,(주)한국경영인증원,,단일 사업장
620,환경부,에스케이루브리컨츠 주식회사,2020,업체,정유,147072.0,4623.0,한국표준협회,,업체 우선
621,환경부,에스케이머티리얼즈 주식회사,2020,업체,석유화학,229031.0,4683.0,한국가스안전공사,,업체 우선
622,환경부,에스케이머티리얼즈에어플러스 주식회사,2020,업체,석유화학,277755.0,5724.0,한국표준협회,,업체 우선
623,환경부,에스케이실트론 주식회사,2020,업체,산업,372389.0,7678.0,로이드인증원㈜,,업체 우선
624,환경부,에스케이씨 주식회사,2020,업체,석유화학,187338.0,3801.0,한국표준협회,,업체 우선
625,산업통상자원부,에스케이씨솔믹스주식회사,2020,사업장,반도체.디스플레이.전기전자,11704.0,239.0,한국표준협회,,단일 사업장
626,환경부,에스케이씨하이테크앤마케팅(주),2020,사업장,산업,31031.0,566.0,(재)한국품질재단,,단일 사업장
627,환경부,에스케이아이이테크놀로지주식회사,2020,업체,산업,129486.0,2625.0,한국표준협회,,업체 우선
628,환경부,에스케이어드밴스드주식회사,2020,업체,산업,623597.0,11654.0,한국표준협회,,업체 우선
629,환경부,에스케이에너지 주식회사,2020,업체,정유,6921203.0,80050.0,한국표준협회,,업체 우선
630,환경부,에스케이에코프라임 주식회사,2020,사업장,석유화학,40460.0,683.0,(주)비에스아이그룹코리아,,단일 사업장
631,산업통상자원부,에스케이온 주식회사,2020,업체,전기전자,174019.0,3554.0,한국표준협회,,업체 우선
632,환경부,에스케이이엔에스 주식회사,2020,업체,발전 · 에너지,2690710.0,53822.0,(주)한국경영인증원,,업체 우선
633,환경부,에스케이지오센트릭 주식회사,2020,업체,산업,3118645.0,67349.0,한국표준협회,,업체 우선
634,환경부,에스케이케미칼(주),2020,업체,석유화학,497520.0,7405.0,(주)비에스아이그룹코리아,,업체 우선
635,환경부,에스케이텔레콤 주식회사,2020,업체,통신,1039418.0,21360.0,㈜디엔브이비즈니스어슈어런스코리아,,업체 우선
636,환경부,에스케이피아이씨글로벌 주식회사,2020,업체,석유화학,613683.0,9519.0,한국표준협회,,업체 우선
637,환경부,에스케이하이닉스 시스템아이씨(주),2020,업체,반도체,282908.0,4408.0,(주)비에스아이그룹코리아,,업체 우선
638,환경부,에스케이하이닉스 주식회사,2020,업체,반도체,4691884.0,80758.0,(주)비에스아이그룹코리아,,업체 우선
639,환경부,에스폼(주),2020,사업장,산업,0.0,0.0,한국표준협회,,단일 사업장
640,환경부,에스피엘(주),2020,사업장,음식료품,26656.0,610.0,(주)비에스아이그룹코리아,,단일 사업장
641,환경부,에어리퀴드코리아 주식회사,2020,업체,석유화학,252398.0,3062.0,로이드인증원㈜,,업체 우선
642,환경부,에어부산(주),2020,업체,수송,177298.0,2543.0,한국표준협회,,업체 우선
643,환경부,에어프로덕츠코리아 주식회사,2020,업체,석유화학,816561.0,16697.0,로이드인증원㈜,,업체 우선
644,환경부,에이에스이코리아주식회사,2020,업체,산업,91339.0,1857.0,(재)한국품질재단,,업체 우선
645,산업통상자원부,에이지씨디스플레이글라스오창주식회사,2020,사업장,유리,17951.0,369.0,㈜디엔브이비즈니스어슈어런스코리아,,단일 사업장
646,환경부,에이지씨화인테크노한국주식회사,2020,업체,유리,196174.0,3898.0,㈜디엔브이비즈니스어슈어런스코리아,,업체 우선
647,국토교통부,에이치디씨리조트(주),2020,사업장,건물,13633.0,273.0,한국표준협회,,단일 사업장
648,국토교통부,에이치디씨아이파크몰 주식회사,2020,사업장,건물,17435.0,357.0,(재)한국화학융합시험연구원,,단일 사업장
649,산업통상자원부,에이치디씨현대이피 주식회사,2020,사업장,석유화학,24054.0,457.0,한국표준협회,,단일 사업장
650,환경부,에이치에스지성동조선주식회사,2020,업체,산업,13666.0,269.0,한국표준협회,,업체 우선
651,산업통상자원부,에코플라스틱(주)1공장,2020,사업장,자동차,17102.0,348.0,(재)한국품질재단,,단일 사업장
652,산업통상자원부,엘앤에프,2020,사업장,전기전자,32719.0,632.0,(재)한국품질재단,,단일 사업장
653,환경부,엘에스니꼬 동제련 주식회사,2020,업체,비철금속,544767.0,8774.0,한국표준협회,,업체 우선
654,산업통상자원부,엘에스메탈 주식회사,2020,사업장,비철금속,23296.0,476.0,(주)한국경영인증원,,단일 사업장
655,산업통상자원부,엘에스일렉트릭(주) 청주사업장,2020,사업장,전기전자,22494.0,460.0,(주)한국경영인증원,,단일 사업장
656,환경부,엘에스전선 주식회사,2020,업체,전기전자,121902.0,2412.0,㈜한국품질보증원,,업체 우선
657,환경부,엘지디스플레이(주),2020,업체,디스플레이,4748207.0,56668.0,(재)한국품질재단,,업체 우선
658,환경부,엘지유플러스(주),2020,업체,통신,1292761.0,26610.0,한국표준협회,,업체 우선
659,환경부,엘지이노텍 주식회사,2020,업체,전기전자,288487.0,6031.0,(주)비에스아이그룹코리아,,업체 우선
660,환경부,엘지전자 주식회사,2020,업체,전기전자,615601.0,65985.0,㈜디엔브이비즈니스어슈어런스코리아,,업체 우선
661,환경부,엠이엠씨코리아주식회사,2020,업체,반도체,102644.0,2111.0,(주)신화엔지니어링종합건축사사무소,,업체 우선
662,환경부,여수시,2020,업체,지정외 폐기물처리업 등,81663.0,718.0,한국산업기술시험원,,업체 우선
663,환경부,여천엔씨씨 주식회사,2020,업체,석유화학,3567082.0,70949.0,(재)한국품질재단,,업체 우선
664,국토교통부,영남대학교,2020,사업장,건물,13595.0,275.0,㈜한국품질보증원,,단일 사업장
665,산업통상자원부,영보화학(주),2020,사업장,석유화학,14402.0,272.0,(주)한국경영인증원,,단일 사업장
666,산업통상자원부,영신금속공업(주),2020,사업장,기계,16710.0,339.0,(재)한국품질재단,,단일 사업장
667,국토교통부,영특수츄레라(주),2020,사업장,교통(화물),11049.0,156.0,대일이엔씨기술(주),,단일 사업장
668,환경부,영풍전자(주),2020,사업장,전기전자,107921.0,2067.0,이큐에이㈜,,단일 사업장
669,환경부,영풍제지(주),2020,업체,제지,116866.0,1077.0,한국표준협회,,업체 우선
670,환경부,영화금속(주),2020,업체,철강,86925.0,1275.0,한국표준협회,,업체 우선
671,농림축산식품부,오뚜기라면 주식회사,2020,사업장,식료품 제조업,46072.0,920.0,(주)비에스아이그룹코리아,,단일 사업장
672,환경부,오리온엔지니어드카본즈코리아 주식회사,2020,업체,산업,521614.0,124807.0,㈜디엔브이비즈니스어슈어런스코리아,,업체 우선
673,환경부,오비맥주(주),2020,업체,음식료품,91829.0,1843.0,이큐에이㈜,,업체 우선
674,환경부,오산시 환경사업소,2020,사업장,하수처리업,21678.0,303.0,㈜한국품질보증원,,단일 사업장
675,환경부,오씨아이 주식회사,2020,업체,석유화학,1329011.0,19599.0,㈜디엔브이비즈니스어슈어런스코리아,,업체 우선
676,농림축산식품부,오케이에프음료(주),2020,사업장,음료제조업,17392.0,320.0,한국표준협회,,단일 사업장
677,환경부,온세미컨덕터코리아(주),2020,업체,반도체,147135.0,2032.0,(주)비에스아이그룹코리아,,업체 우선
678,환경부,와이케이스틸 주식회사,2020,업체,산업,346185.0,6440.0,한국표준협회,,업체 우선
679,국토교통부,용남고속(주),2020,사업장,교통(여객),21290.0,380.0,(주)한국경영인증원,,단일 사업장
680,환경부,용산화학(주),2020,업체,석유화학,111259.0,926.0,한국가스안전공사,,업체 우선
681,환경부,용인시,2020,업체,폐기물,179253.0,1837.0,㈜한국품질보증원,,업체 우선
682,산업통상자원부,우지막코리아(주),2020,사업장,요업,14611.0,293.0,한국표준협회,,단일 사업장
683,환경부,우진환경개발(주),2020,사업장,지정외 폐기물처리업,52260.0,761.0,㈜한국품질보증원,,단일 사업장
684,환경부,울산과학기술원,2020,사업장,건물,31671.0,650.0,(주)비에스아이그룹코리아,,단일 사업장
685,환경부,울산광역시,2020,업체,폐기물,302478.0,2883.0,㈜한국품질보증원,,업체 우선
686,환경부,울산아로마틱스(주),2020,업체,석유화학,425879.0,9712.0,㈜디엔브이비즈니스어슈어런스코리아,,업체 우선
687,환경부,울산알루미늄 주식회사,2020,업체,비철금속,156110.0,3128.0,(주)한국경영인증원,,업체 우선
688,환경부,웅진에너지 주식회사,2020,업체,반도체,25115.0,517.0,한국표준협회,,업체 우선
689,환경부,원주시,2020,업체,폐기물,69846.0,656.0,(재)한국화학융합시험연구원,,업체 우선
690,환경부,유니드,2020,업체,석유화학,385154.0,9795.0,로이드인증원㈜,,업체 우선
691,산업통상자원부,유성기업(주) 영동공장,2020,사업장,자동차,16340.0,331.0,(주)비에스아이그룹코리아,,단일 사업장
692,환경부,유한킴벌리 주식회사,2020,업체,제지,201903.0,4113.0,(재)한국품질재단,,업체 우선
693,환경부,유한회사 스태츠칩팩코리아,2020,업체,반도체,71293.0,1463.0,(주)신화엔지니어링종합건축사사무소,,업체 우선
694,산업통상자원부,유한회사클라리오스델코제1공장,2020,사업장,전기전자,23091.0,470.0,(주)한국경영인증원,,단일 사업장
695,산업통상자원부,유한회사클라리오스델코제2공장,2020,사업장,전기전자,23324.0,479.0,(주)한국경영인증원,,단일 사업장
696,환경부,율촌화학(주),2020,사업장,석유화학,51626.0,890.0,한국가스안전공사,,단일 사업장
697,국토교통부,의료법인 길의료재단,2020,사업장,건물,22197.0,450.0,(재)한국화학융합시험연구원,,단일 사업장
698,환경부,의정부시,2020,업체,폐기물,87719.0,766.0,㈜한국품질보증원,,업체 우선
699,산업통상자원부,이건에너지(주),2020,사업장,산업단지,15606.0,2469.0,㈜한국품질보증원,,단일 사업장
700,환경부,이구산업(주),2020,사업장,비철금속,29971.0,614.0,한국생산성본부인증원(주),,단일 사업장
701,환경부,이누스 주식회사,2020,사업장,산업,60322.0,1089.0,한국표준협회,,단일 사업장
702,산업통상자원부,이래에이엠에스 주식회사,2020,사업장,자동차,19132.0,389.0,㈜한국품질보증원,,단일 사업장
703,환경부,이스트만화이버코리아 주식회사,2020,업체,섬유,51011.0,850.0,(주)한국경영인증원,,업체 우선
704,환경부,이천시,2020,업체,폐기물,131866.0,619.0,이큐에이㈜,,업체 우선
705,환경부,익산시,2020,업체,폐기물,90176.0,664.0,㈜한국품질보증원,,업체 우선
706,환경부,인그리디언코리아 유한회사,2020,업체,음식료품,137672.0,2553.0,(재)한국품질재단,,업체 우선
707,환경부,인천공항에너지,2020,업체,집단에너지,223897.0,4439.0,㈜한국품질보증원,,업체 우선
708,환경부,인천광역시,2020,업체,폐기물,411266.0,4539.0,(재)한국품질재단,,업체 우선
709,국토교통부,인천교통공사,2020,업체,교통(철도),82842.0,1681.0,한국표준협회,,업체 우선
710,환경부,인천국제공항공사,2020,업체,건물,209452.0,4116.0,한국표준협회,,업체 우선
711,환경부,인천종합에너지(주),2020,업체,집단에너지,323596.0,6415.0,㈜디엔브이비즈니스어슈어런스코리아,,업체 우선
712,국토교통부,인터지스(주),2020,사업장,교통(화물),33532.0,491.0,(주)한국경영인증원,,단일 사업장
713,산업통상자원부,일본전기초자한국주식회사,2020,사업장,유리 · 요업,8325.0,170.0,이큐에이㈜,,단일 사업장
714,농림축산식품부,일산실업(주) 칠서에탄올공장,2020,사업장,음료제조업,17165.0,380.0,한국표준협회,,단일 사업장
715,환경부,일신방직(주),2020,업체,섬유,60771.0,1237.0,한국표준협회,,업체 우선
716,환경부,일진디스플레이(주),2020,사업장,산업,24291.0,499.0,한국표준협회,,단일 사업장
717,환경부,일진머티리얼즈 주식회사,2020,업체,비철금속,111175.0,2368.0,한국생산성본부인증원(주),,업체 우선
718,환경부,일진제강(주),2020,사업장,철강,38899.0,782.0,한국표준협회,,단일 사업장
719,환경부,재단법인 대구경북과학기술원,2020,사업장,건물,27562.0,563.0,한국표준협회,,단일 사업장
720,환경부,재단법인 아산사회복지재단,2020,업체,건물,92253.0,1860.0,한국표준협회,,업체 우선
721,환경부,재원산업,2020,사업장,석유화학,31843.0,609.0,(재)한국품질재단,,단일 사업장
722,환경부,전기초자코리아(주),2020,업체,유리,146032.0,2927.0,한국표준협회,,업체 우선
723,환경부,전남대학교,2020,업체,건물,33816.0,679.0,한국표준협회,,업체 우선
724,산업통상자원부,전방(주),2020,업체,섬유,44092.0,948.0,이큐에이㈜,,업체 우선
725,환경부,전북대학교,2020,사업장,건물,26069.0,540.0,이큐에이㈜,,단일 사업장
726,국토교통부,전북대학교병원,2020,사업장,건물,21724.0,455.0,(재)한국화학융합시험연구원,,단일 사업장
727,환경부,전북집단에너지 주식회사,2020,업체,산업단지,197543.0,2276.0,한국표준협회,,업체 우선
728,환경부,전주시,2020,업체,폐기물,216064.0,1735.0,㈜한국품질보증원,,업체 우선
729,국토교통부,전차연물류(주),2020,사업장,교통(화물),21979.0,310.0,㈜한국품질보증원,,단일 사업장
730,환경부,제이비 주식회사 청수에너지,2020,사업장,전환,14319.0,289.0,(재)한국품질재단,,단일 사업장
731,산업통상자원부,제이셋스태츠칩팩코리아(유),2020,사업장,반도체,51308.0,1053.0,(주)신화엔지니어링종합건축사사무소,,단일 사업장
732,환경부,제주특별자치도,2020,업체,폐기물,414902.0,3266.0,한국표준협회,,업체 우선
733,환경부,제주특별자치도개발공사,2020,사업장,음식료품,26864.0,550.0,한국표준협회,,단일 사업장
734,환경부,제주항공(주),2020,업체,항공,216608.0,3104.0,(재)한국화학융합시험연구원,,업체 우선
735,환경부,제천시,2020,업체,폐기물,47761.0,306.0,한국표준협회,,업체 우선
736,산업통상자원부,조광피혁(주),2020,사업장,섬유,9904.0,262.0,한국표준협회,,단일 사업장
737,산업통상자원부,조선내화(주),2020,사업장,요업,19451.0,381.0,(재)한국품질재단,,단일 사업장
738,국토교통부,조선대학교,2020,사업장,건물,13507.0,274.0,한국생산성본부인증원(주),,단일 사업장
739,환경부,조일알미늄 주식회사,2020,업체,비철금속,87236.0,1751.0,(재)한국품질재단,,업체 우선
740,산업통상자원부,주성엔지니어링(주),2020,사업장,기계,7670.0,157.0,(재)한국품질재단,,단일 사업장
741,환경부,주식회사 고려시멘트,2020,업체,산업,623426.0,3776.0,한국표준협회,,업체 우선
742,환경부,주식회사 고려제지,2020,업체,제지,142765.0,2279.0,(주)한국경영인증원,,업체 우선
743,국토교통부,주식회사 남성버스,2020,사업장,교통(여객),17284.0,324.0,(주)한국경영인증원,,단일 사업장
744,산업통상자원부,주식회사 녹수 고덕공장,2020,사업장,석유화학,19312.0,381.0,한국표준협회,,단일 사업장
745,산업통상자원부,주식회사 녹수 봉산공장,2020,사업장,석유화학,15252.0,309.0,한국표준협회,,단일 사업장
746,환경부,주식회사 농심,2020,업체,음식료품,185370.0,3645.0,한국표준협회,,업체 우선
747,환경부,주식회사 뉴그린,2020,사업장,폐기물,147183.0,237.0,이큐에이㈜,,단일 사업장
748,환경부,주식회사 대륜발전,2020,업체,집단에너지,333576.0,6742.0,한국표준협회,,업체 우선
749,산업통상자원부,주식회사 대보세라믹스,2020,사업장,요업,18661.0,318.0,한국표준협회,,단일 사업장
750,환경부,주식회사 대유글로벌,2020,사업장,자동차,33924.0,687.0,(재)한국품질재단,,단일 사업장
751,환경부,주식회사 대창,2020,사업장,비철금속,34107.0,693.0,한국가스안전공사,,단일 사업장
752,환경부,주식회사 대한세라믹스,2020,사업장,요업,40536.0,738.0,이큐에이㈜,,단일 사업장
753,환경부,주식회사 대호에이엘,2020,사업장,비철금속,31148.0,625.0,(주)한국경영인증원,,단일 사업장
754,환경부,주식회사 더블유티씨서울,2020,업체,건물,55979.0,1141.0,(주)한국경영인증원,,업체 우선
755,환경부,주식회사 덕양,2020,업체,석유화학,184683.0,1574.0,(재)한국품질재단,,업체 우선
756,환경부,주식회사 덕양에너젠,2020,사업장,산업,29535.0,602.0,(재)한국품질재단,,단일 사업장
757,산업통상자원부,주식회사 덕양케미칼,2020,업체,석유화학,222084.0,1568.0,(재)한국품질재단,,업체 우선
758,산업통상자원부,주식회사 동성케미컬,2020,사업장,산업,21992.0,393.0,한국생산성본부인증원(주),,단일 사업장
759,산업통상자원부,주식회사 동아,2020,사업장,기계,17354.0,354.0,한국표준협회,,단일 사업장
760,환경부,주식회사 디비메탈,2020,업체,철강,720074.0,8123.0,(재)한국품질재단,,업체 우선
761,환경부,주식회사 디비하이텍,2020,업체,반도체,296532.0,3697.0,(주)비에스아이그룹코리아,,업체 우선
762,산업통상자원부,주식회사 디티알 오토모티브,2020,사업장,전기전자,18545.0,378.0,한국표준협회,,단일 사업장
763,산업통상자원부,주식회사 메타즈,2020,사업장,기계,14986.0,305.0,㈜한국품질보증원,,단일 사업장
764,환경부,주식회사 명성환경,2020,업체,폐기물,46301.0,371.0,이큐에이㈜,,업체 우선
765,산업통상자원부,주식회사 명신 군산공장,2020,업체,자동차,7218.0,147.0,(재)한국화학융합시험연구원,,업체 우선
766,환경부,주식회사 범우,2020,업체,폐기물,59280.0,68.0,한국표준협회,,업체 우선
767,환경부,주식회사 베어링아트,2020,사업장,산업,45254.0,922.0,한국표준협회,,단일 사업장
768,환경부,주식회사 삼기,2020,사업장,산업,58975.0,1107.0,이큐에이㈜,,단일 사업장
769,환경부,주식회사 삼보광업,2020,업체,광업,148236.0,380.0,한국생산성본부인증원(주),,업체 우선
770,환경부,주식회사 삼양사,2020,업체,산업,304634.0,6015.0,한국표준협회,,업체 우선
771,환경부,주식회사 삼양패키징,2020,업체,석유화학,140745.0,2872.0,한국표준협회,,업체 우선
772,환경부,주식회사 세아창원특수강,2020,업체,철강,492279.0,8625.0,한국표준협회,,업체 우선
773,환경부,주식회사 세진메탈,2020,사업장,비철금속,35483.0,569.0,산림조합중앙회,,단일 사업장
774,환경부,주식회사 소노인터내셔널,2020,사업장,건물,38169.0,765.0,(주)한국경영인증원,,단일 사업장
775,환경부,주식회사 수석,2020,사업장,유리,34399.0,539.0,(주)한국경영인증원,,단일 사업장
776,국토교통부,주식회사 스타필드고양,2020,사업장,건물,24980.0,546.0,㈜한국품질보증원,,단일 사업장
777,환경부,주식회사 스타필드하남,2020,사업장,건물,23916.0,490.0,㈜한국품질보증원,,단일 사업장
778,환경부,주식회사 심텍,2020,업체,전기전자,101928.0,2040.0,(주)신화엔지니어링종합건축사사무소,,업체 우선
779,환경부,주식회사 심팩인더스트리,2020,업체,산업,120459.0,1968.0,(재)한국품질재단,,업체 우선
780,산업통상자원부,주식회사 아이유제지,2020,사업장,제지,18288.0,336.0,(주)한국경영인증원,,단일 사업장
781,환경부,주식회사 알테크노메탈,2020,사업장,비철금속,34243.0,575.0,이큐에이㈜,,단일 사업장
782,환경부,주식회사 에너지네트웍,2020,업체,폐기물,149558.0,568.0,이큐에이㈜,,업체 우선
783,국토교통부,주식회사 에스알,2020,업체,교통(철도),159883.0,3292.0,(주)비에스아이그룹코리아,,업체 우선
784,환경부,주식회사 에스에프에이반도체,2020,사업장,반도체,25411.0,521.0,대일이엔씨기술(주),,단일 사업장
785,환경부,주식회사 에스엔엔씨,2020,업체,비철금속,1569295.0,16780.0,(재)한국품질재단,,업체 우선
786,환경부,주식회사 에스피씨삼립,2020,사업장,음식료품,39644.0,847.0,(주)비에스아이그룹코리아,,단일 사업장
787,환경부,주식회사 에스피에스엔에이,2020,사업장,산업,26727.0,542.0,한국표준협회,,단일 사업장
788,환경부,주식회사 에쓰큐씨,2020,업체,산업,126335.0,737.0,(주)신화엔지니어링종합건축사사무소,,업체 우선
789,환경부,주식회사 에어퍼스트,2020,업체,석유화학,542482.0,10962.0,한국가스안전공사,,업체 우선
790,산업통상자원부,주식회사 에이팩트,2020,사업장,전기전자,21858.0,449.0,한국표준협회,,단일 사업장
791,산업통상자원부,주식회사 엘비루셈,2020,사업장,반도체,19794.0,406.0,(재)한국품질재단,,단일 사업장
792,환경부,주식회사 엘엑스하우시스,2020,업체,산업,132505.0,2476.0,㈜디엔브이비즈니스어슈어런스코리아,,업체 우선
793,환경부,주식회사 엘지에너지솔루션,2020,업체,전기전자,285920.0,6139.0,한국표준협회,,업체 우선
794,환경부,주식회사 엘지화학,2020,업체,석유화학,8174698.0,149989.0,한국표준협회,,업체 우선
795,환경부,주식회사 영풍,2020,업체,비철금속,1147625.0,18681.0,(재)한국품질재단,,업체 우선
796,환경부,주식회사 영흥산업환경,2020,사업장,폐기물,81200.0,241.0,㈜한국품질보증원,,단일 사업장
797,산업통상자원부,주식회사 윈팩,2020,사업장,반도체,26853.0,549.0,한국표준협회,,단일 사업장
798,환경부,주식회사 유니큰,2020,업체,폐기물,124104.0,365.0,한국산업기술시험원,,업체 우선
799,환경부,주식회사 이랜드리테일,2020,업체,건물,164498.0,3353.0,한국산업기술시험원,,업체 우선
800,환경부,주식회사 이엠케이승경,2020,사업장,폐기물,64834.0,164.0,(주)한국경영인증원,,단일 사업장
801,환경부,주식회사 전주원파워,2020,업체,전환,43924.0,5894.0,한국표준협회,,업체 우선
802,환경부,주식회사 전주페이퍼,2020,업체,산업,505861.0,9258.0,한국표준협회,,업체 우선
803,산업통상자원부,주식회사 정산인터내셔널,2020,사업장,섬유,15876.0,369.0,(재)한국품질재단,,단일 사업장
804,환경부,주식회사 정선라임,2020,업체,시멘트,84646.0,291.0,한국표준협회,,업체 우선
805,환경부,주식회사 지알엠,2020,업체,비철금속,90537.0,1073.0,한국표준협회,,업체 우선
806,환경부,주식회사 지에스이앤알,2020,업체,산업단지,2057228.0,23702.0,(재)한국품질재단,,업체 우선
807,산업통상자원부,주식회사 지에스포천그린에너지,2020,업체,산업단지,1151371.0,12827.0,㈜디엔브이비즈니스어슈어런스코리아,,업체 우선
808,환경부,주식회사 진로발효,2020,사업장,음식료품,35409.0,832.0,(재)한국품질재단,,단일 사업장
809,환경부,주식회사 진에어,2020,업체,항공,195392.0,2795.0,한국표준협회,,업체 우선
810,환경부,주식회사 징크옥사이드코퍼레이션,2020,업체,산업,76911.0,782.0,한국표준협회,,업체 우선
811,환경부,주식회사 카프로,2020,업체,산업,719679.0,6017.0,(재)한국품질재단,,업체 우선
812,환경부,주식회사 케이씨씨글라스,2020,업체,유리,766902.0,9755.0,(재)한국품질재단,,업체 우선
813,환경부,주식회사 케이씨씨실리콘,2020,사업장,산업,102243.0,1583.0,(재)한국품질재단,,단일 사업장
814,환경부,주식회사 케이티,2020,업체,통신,1221706.0,24967.0,㈜한국품질보증원,,업체 우선
815,환경부,주식회사 케이피에프,2020,사업장,기계,48158.0,981.0,한국표준협회,,단일 사업장
816,환경부,주식회사 코리아에어텍,2020,사업장,석유화학,35119.0,722.0,이큐에이㈜,,단일 사업장
817,환경부,주식회사 코엔텍,2020,업체,폐기물,411703.0,426.0,한국표준협회,,업체 우선
818,환경부,주식회사 키파운드리,2020,업체,산업,418229.0,3668.0,(주)비에스아이그룹코리아,,업체 우선
819,환경부,주식회사 태경비케이,2020,업체,시멘트,483348.0,1999.0,이큐에이㈜,,업체 우선
820,환경부,주식회사 태영이엠씨,2020,업체,광업,137978.0,791.0,한국표준협회,,업체 우선
821,환경부,주식회사 티에스케이이앤피,2020,업체,전환,74313.0,885.0,한국표준협회,,업체 우선
822,환경부,주식회사 티웨이항공,2020,업체,수송,188826.0,2705.0,(재)한국품질재단,,업체 우선
823,국토교통부,주식회사 파라다이스세가사미,2020,사업장,건물,26231.0,542.0,한국표준협회,,단일 사업장
824,환경부,주식회사 팜한농,2020,업체,석유화학,311487.0,1420.0,한국표준협회,,업체 우선
825,환경부,주식회사 포스코,2020,업체,철강,75671169.0,382830.0,(재)한국품질재단,,업체 우선
826,환경부,주식회사 포스코에스피에스,2020,사업장,철강,50215.0,1004.0,㈜디엔브이비즈니스어슈어런스코리아,,단일 사업장
827,환경부,주식회사 포스코케미칼,2020,업체,요업,2271031.0,14291.0,(재)한국품질재단,,업체 우선
828,산업통상자원부,주식회사 포트로닉스천안,2020,사업장,전기전자,16207.0,328.0,이큐에이㈜,,단일 사업장
829,환경부,주식회사 풍산,2020,업체,비철금속,218075.0,4450.0,한국표준협회,,업체 우선
830,산업통상자원부,주식회사 피에스엠,2020,사업장,기계,27690.0,510.0,한국표준협회,,단일 사업장
831,환경부,주식회사 피엔알,2020,업체,폐기물,150060.0,1785.0,(재)한국품질재단,,업체 우선
832,환경부,주식회사 피엠씨텍,2020,업체,산업,105318.0,1539.0,(재)한국품질재단,,업체 우선
833,국토교통부,주식회사 하나은행,2020,업체,건물,63546.0,898.0,한국표준협회,,업체 우선
834,환경부,주식회사 호텔롯데,2020,업체,건물,136843.0,2757.0,(주)한국경영인증원,,업체 우선
835,환경부,주식회사 효성,2020,업체,석유화학,32127.0,650.0,㈜디엔브이비즈니스어슈어런스코리아,,업체 우선
836,환경부,주식회사 후성,2020,업체,산업,282712.0,812.0,한국가스안전공사,,업체 우선
837,환경부,주식회사 휴스틸,2020,사업장,철강,23243.0,471.0,(주)신화엔지니어링종합건축사사무소,,단일 사업장
838,국토교통부,주식회사경기상운,2020,사업장,교통(여객),16992.0,297.0,산림조합중앙회,,단일 사업장
839,국토교통부,주식회사금강고속,2020,사업장,교통(여객),22943.0,330.0,한국표준협회,,단일 사업장
840,국토교통부,주식회사한양고속,2020,사업장,교통(여객),10159.0,144.0,㈜한국품질보증원,,단일 사업장
841,국토교통부,중소기업은행,2020,업체,건물,59556.0,850.0,한국표준협회,,업체 우선
842,국토교통부,중앙대학교,2020,사업장,건물,17307.0,352.0,한국표준협회,,단일 사업장
843,산업통상자원부,지에스에코메탈 주식회사,2020,사업장,비철금속,19716.0,233.0,이큐에이㈜,,단일 사업장
844,환경부,지에스이피에스,2020,업체,발전 · 에너지,2541330.0,58180.0,한국표준협회,,업체 우선
845,환경부,지에스칼텍스 주식회사,2020,업체,산업,7788771.0,101519.0,(재)한국품질재단,,업체 우선
846,국토교통부,지엠테크니컬센터코리아,2020,사업장,건물,17709.0,356.0,한국표준협회,,단일 사업장
847,환경부,진양특수강(주),2020,사업장,철강,21688.0,431.0,한국표준협회,,단일 사업장
848,산업통상자원부,진영산업(주),2020,사업장,기계,8835.0,181.0,한국표준협회,,단일 사업장
849,환경부,진영제지공업(주),2020,업체,제지,88251.0,843.0,이큐에이㈜,,업체 우선
850,환경부,진주시,2020,업체,폐기물,116028.0,560.0,한국산업기술시험원,,업체 우선
851,환경부,진천음성광역폐기물처리장,2020,사업장,지정외 폐기물처리업,20881.0,166.0,한국표준협회,,단일 사업장
852,환경부,창원시,2020,업체,폐기물,261552.0,2514.0,㈜한국품질보증원,,업체 우선
853,환경부,천안시,2020,업체,폐기물,156711.0,1512.0,㈜한국품질보증원,,업체 우선
854,국토교통부,천일정기화물자동차(주),2020,사업장,교통(화물),22938.0,333.0,한국표준협회,,단일 사업장
855,환경부,천일제지(주),2020,업체,제지,60148.0,1171.0,이큐에이㈜,,업체 우선
856,환경부,청주시,2020,업체,폐기물,216244.0,1726.0,(재)한국화학융합시험연구원,,업체 우선
857,환경부,초당환경(유),2020,사업장,폐기물,32512.0,385.0,(재)한국품질재단,,단일 사업장
858,환경부,춘천시,2020,업체,폐기물,144031.0,592.0,(재)한국화학융합시험연구원,,업체 우선
859,산업통상자원부,춘천에너지 주식회사,2020,업체,집단에너지,864674.0,17203.0,한국표준협회,,업체 우선
860,환경부,충남대학교,2020,사업장,건물,25144.0,510.0,로이드인증원㈜,,단일 사업장
861,국토교통부,충남대학교병원,2020,사업장,건물,21019.0,432.0,한국표준협회,,단일 사업장
862,국토교통부,충북대학교,2020,사업장,건물,16425.0,323.0,한국표준협회,,단일 사업장
863,환경부,충주시,2020,업체,폐기물,86330.0,675.0,(재)한국품질재단,,업체 우선
864,환경부,케이씨글라스(주),2020,사업장,유리,31791.0,540.0,(주)신화엔지니어링종합건축사사무소,,단일 사업장
865,환경부,케이씨씨,2020,업체,유리,540411.0,10140.0,(재)한국품질재단,,업체 우선
866,환경부,케이씨주식회사,2020,업체,석유화학,142704.0,2069.0,한국표준협회,,업체 우선
867,환경부,케이씨환경서비스 주식회사,2020,업체,폐기물,250420.0,1225.0,(재)한국품질재단,,업체 우선
868,산업통상자원부,케이알에너지(주),2020,업체,산업단지,52153.0,625.0,한국표준협회,,업체 우선
869,환경부,케이알코폴리머 유한회사,2020,사업장,석유화학,28135.0,390.0,(주)한국경영인증원,,단일 사업장
870,해양수산부,케이엠씨해운 주식회사,2020,업체,수송,51432.0,705.0,㈜디엔브이비즈니스어슈어런스코리아,,업체 우선
871,환경부,케이오씨(주),2020,업체,석유화학,47094.0,1125.0,이큐에이㈜,,업체 우선
872,환경부,케이지동부제철 주식회사,2020,업체,산업,386822.0,8272.0,(재)한국품질재단,,업체 우선
873,환경부,케이지이티에스 주식회사,2020,업체,폐기물,304624.0,1318.0,로이드인증원㈜,,업체 우선
874,산업통상자원부,케이지케미칼 주식회사,2020,사업장,석유화학,25367.0,426.0,이큐에이㈜,,단일 사업장
875,산업통상자원부,코넥,2020,사업장,자동차,22176.0,436.0,(주)한국경영인증원,,단일 사업장
876,환경부,코닝정밀소재 주식회사,2020,업체,유리,530555.0,10553.0,로이드인증원㈜,,업체 우선
877,환경부,코리아PTG(주),2020,업체,석유화학,104978.0,870.0,(재)한국품질재단,,업체 우선
878,산업통상자원부,코리아니켈(주),2020,사업장,비철금속,14093.0,225.0,한국표준협회,,단일 사업장
879,환경부,코스모신소재(주),2020,사업장,석유화학,36750.0,668.0,한국표준협회,,단일 사업장
880,환경부,코스모화학,2020,업체,석유화학,121370.0,2220.0,한국표준협회,,업체 우선
881,산업통상자원부,코스포영남파워 주식회사,2020,업체,발전에너지,972756.0,19353.0,(주)신화엔지니어링종합건축사사무소,,업체 우선
882,산업통상자원부,코오롱글로텍(주) 구미공장,2020,사업장,섬유,13803.0,271.0,한국표준협회,,단일 사업장
883,환경부,코오롱머티리얼(주),2020,업체,섬유,16943.0,330.0,한국표준협회,,업체 우선
884,산업통상자원부,코오롱바스프이노폼 주식회사,2020,업체,석유화학,81923.0,1299.0,한국표준협회,,업체 우선
885,환경부,코오롱인더스트리 주식회사,2020,업체,석유화학,613096.0,11275.0,한국표준협회,,업체 우선
886,환경부,코오롱플라스틱(주),2020,업체,석유화학,108625.0,1822.0,한국표준협회,,업체 우선
887,산업통상자원부,코오롱화이버 주식회사,2020,사업장,섬유,16762.0,336.0,한국표준협회,,단일 사업장
888,농림축산식품부,코카콜라음료(주) 여주공장,2020,사업장,음료제조업,20219.0,410.0,(재)한국품질재단,,단일 사업장
889,산업통상자원부,타타대우상용차 주식회사,2020,사업장,자동차,13830.0,262.0,한국생산성본부인증원(주),,단일 사업장
890,환경부,태경산업(주),2020,업체,철강,94571.0,1247.0,이큐에이㈜,,업체 우선
891,환경부,태광산업 주식회사,2020,업체,산업,1064433.0,15924.0,한국표준협회,,업체 우선
892,환경부,태림페이퍼주식회사,2020,업체,제지,385457.0,5849.0,(재)한국화학융합시험연구원,,업체 우선
893,환경부,태백시 환경자원센터,2020,사업장,지정외 폐기물처리업 등,14002.0,152.0,한국표준협회,,단일 사업장
894,환경부,태봉광업 주식회사,2020,업체,시멘트,254801.0,657.0,(주)비에스아이그룹코리아,,업체 우선
895,산업통상자원부,태양금속공업(주),2020,사업장,기계,18198.0,366.0,(주)한국경영인증원,,단일 사업장
896,환경부,태영세라믹(주),2020,사업장,산업,27373.0,509.0,한국표준협회,,단일 사업장
897,산업통상자원부,태원물산(주) 울산공장,2020,사업장,시멘트,13969.0,206.0,한국표준협회,,단일 사업장
898,국토교통부,태화상운(주),2020,사업장,교통(여객),9646.0,162.0,한국표준협회,,단일 사업장
899,환경부,통영시 환경자원화센터,2020,사업장,폐기물,31334.0,176.0,(재)한국품질재단,,단일 사업장
900,환경부,티케이케미칼,2020,업체,섬유,153988.0,3098.0,이큐에이㈜,,업체 우선
901,국토교통부,파르나스호텔(주),2020,사업장,건물,15399.0,315.0,한국표준협회,,단일 사업장
902,환경부,파인트리포스마그네슘 주식회사,2020,업체,산업,28796.0,73.0,(재)한국품질재단,,업체 우선
903,환경부,파주시,2020,업체,폐기물,153482.0,1272.0,㈜한국품질보증원,,업체 우선
904,산업통상자원부,파주에너지서비스,2020,업체,발전에너지,3945395.0,77853.0,한국생산성본부인증원(주),,업체 우선
905,환경부,파주전기초자 주식회사,2020,사업장,산업,42409.0,506.0,㈜디엔브이비즈니스어슈어런스코리아,,단일 사업장
906,산업통상자원부,팔미금속공업(주),2020,사업장,철강,16464.0,302.0,한국표준협회,,단일 사업장
907,환경부,페이퍼코리아,2020,업체,제지,87873.0,1370.0,한국표준협회,,업체 우선
908,환경부,평택시,2020,업체,폐기물,134732.0,1677.0,(재)한국품질재단,,업체 우선
909,환경부,평택에너지서비스(주),2020,업체,집단에너지,1135421.0,22174.0,㈜디엔브이비즈니스어슈어런스코리아,,업체 우선
910,환경부,평화산업(주),2020,사업장,자동차,24540.0,495.0,한국생산성본부인증원(주),,단일 사업장
911,환경부,포스코강판(주),2020,업체,철강,124169.0,2446.0,한국표준협회,,업체 우선
912,환경부,포스코에너지(주),2020,업체,발전 · 에너지,5364944.0,106469.0,(재)한국품질재단,,업체 우선
913,환경부,포천민자발전 주식회사,2020,업체,전환,1300078.0,25858.0,㈜디엔브이비즈니스어슈어런스코리아,,업체 우선
914,환경부,포천파워(주),2020,업체,발전 · 에너지,1175173.0,23377.0,(재)한국품질재단,,업체 우선
915,환경부,포항시,2020,업체,지정외 폐기물처리업,206499.0,2117.0,㈜한국품질보증원,,업체 우선
916,환경부,폴리미래(주),2020,업체,석유화학,120807.0,2219.0,이큐에이㈜,,업체 우선
917,농림축산식품부,풍국주정공업(주),2020,사업장,음식료품,7876.0,481.0,한국표준협회,,단일 사업장
918,환경부,피아이첨단소재 주식회사,2020,사업장,석유화학,86055.0,1415.0,(재)한국품질재단,,단일 사업장
919,환경부,하나마이크론,2020,사업장,반도체,30249.0,619.0,(주)한국경영인증원,,단일 사업장
920,환경부,하남시 환경기초시설,2020,사업장,폐기물,30149.0,420.0,(재)한국품질재단,,단일 사업장
921,환경부,하이트진로(주),2020,업체,음식료품,143674.0,2703.0,(재)한국품질재단,,업체 우선
922,환경부,하이트진로산업(주),2020,사업장,유리,21642.0,331.0,이큐에이㈜,,단일 사업장
923,환경부,하이호경금속 주식회사,2020,사업장,산업,29863.0,492.0,㈜한국품질보증원,,단일 사업장
924,환경부,학교법인 가톨릭학원,2020,사업장,건물,39617.0,802.0,한국표준협회,,단일 사업장
925,국토교통부,학교법인 경희학원,2020,업체,건물,54711.0,1111.0,한국표준협회,,업체 우선
926,환경부,학교법인 고려중앙학원,2020,업체,건물,95474.0,1937.0,㈜한국품질보증원,,업체 우선
927,환경부,학교법인 성균관대학,2020,사업장,건물,37864.0,756.0,이큐에이㈜,,단일 사업장
928,환경부,학교법인 연세대학교,2020,업체,건물,177144.0,3606.0,(재)한국품질재단,,업체 우선
929,환경부,학교법인 이화학당,2020,사업장,건물,29617.0,604.0,이큐에이㈜,,단일 사업장
930,환경부,학교법인 포항공과대학교,2020,사업장,건물,74026.0,1640.0,㈜한국품질보증원,,단일 사업장
931,환경부,학교법인 한양학원,2020,업체,건물,71536.0,1447.0,이큐에이㈜,,업체 우선
932,산업통상자원부,한국NSK(주),2020,사업장,기계,19392.0,398.0,한국표준협회,,단일 사업장
933,환경부,한국가스공사,2020,업체,발전 · 에너지,595255.0,11376.0,대일이엔씨기술(주),,업체 우선
934,환경부,한국경남태양유전(주),2020,업체,전기전자,77272.0,1493.0,이큐에이㈜,,업체 우선
935,환경부,한국공항공사,2020,사업장,건물,34285.0,696.0,(주)신화엔지니어링종합건축사사무소,,단일 사업장
936,국토교통부,한국과학기술연구원,2020,사업장,건물,17947.0,366.0,㈜한국품질보증원,,단일 사업장
937,환경부,한국과학기술원,2020,업체,건물,73587.0,1483.0,이큐에이㈜,,업체 우선
938,국토교통부,한국과학기술정보연구원,2020,사업장,건물,20339.0,418.0,(주)신화엔지니어링종합건축사사무소,,단일 사업장
939,산업통상자원부,한국기초소재(주),2020,사업장,시멘트,20443.0,413.0,한국표준협회,,단일 사업장
940,환경부,한국남동발전,2020,업체,발전 · 에너지,42521216.0,483781.0,대일이엔씨기술(주),,업체 우선
941,환경부,한국남부발전 주식회사,2020,업체,전환,29007394.0,370693.0,한국표준협회,,업체 우선
942,환경부,한국넥슬렌유한회사,2020,업체,산업,130902.0,2623.0,한국표준협회,,업체 우선
943,환경부,한국니토옵티칼(주),2020,사업장,석유화학,33092.0,620.0,㈜디엔브이비즈니스어슈어런스코리아,,단일 사업장
944,환경부,한국도로공사,2020,업체,건물,270591.0,5368.0,한국표준협회,,업체 우선
945,환경부,한국동서발전 주식회사,2020,업체,발전 · 에너지,34905756.0,420898.0,이큐에이㈜,,업체 우선
946,국토교통부,한국마사회,2020,사업장,건물,10563.0,209.0,한국표준협회,,단일 사업장
947,환경부,한국바스프 주식회사,2020,업체,석유화학,620794.0,8979.0,(재)한국품질재단,,업체 우선
948,국토교통부,한국방송공사,2020,사업장,건물,17155.0,353.0,(주)한국경영인증원,,단일 사업장
949,국토교통부,한국보훈복지의료공단 중앙보훈병원,2020,사업장,건물,15571.0,315.0,한국표준협회,,단일 사업장
950,환경부,한국서부발전,2020,업체,발전 · 에너지,30422589.0,359490.0,(주)신화엔지니어링종합건축사사무소,,업체 우선
951,산업통상자원부,한국세큐리트(주) 군산공장,2020,사업장,유리,19525.0,400.0,이큐에이㈜,,단일 사업장
952,산업통상자원부,한국세큐리트(주) 익산공장,2020,사업장,유리,19158.0,393.0,이큐에이㈜,,단일 사업장
953,환경부,한국수력원자력,2020,업체,발전 · 에너지,2918097.0,58892.0,한국표준협회,,업체 우선
954,환경부,한국수자원공사,2020,업체,수도,732766.0,15036.0,지속가능인증원주식회사,,업체 우선
955,환경부,한국수출포장공업(주),2020,업체,제지,136650.0,2051.0,㈜디엔브이비즈니스어슈어런스코리아,,업체 우선
956,환경부,한국실리콘 주식회사,2020,업체,석유화학,1919.0,38.0,한국표준협회,,업체 우선
957,산업통상자원부,한국쓰리엠(주),2020,사업장,석유화학,29714.0,598.0,한국표준협회,,단일 사업장
958,환경부,한국씨엔티(주),2020,업체,시멘트,47460.0,902.0,이큐에이㈜,,업체 우선
959,산업통상자원부,한국알콜산업(주),2020,사업장,석유화학,25945.0,1604.0,한국생산성본부인증원(주),,단일 사업장
960,산업통상자원부,한국앤컴퍼니 주식회사,2020,업체,반도체.디스플레이.전기전자,70397.0,1438.0,(재)한국화학융합시험연구원,,업체 우선
961,환경부,한국엔지니어링플라스틱,2020,업체,석유화학,155419.0,2727.0,한국표준협회,,업체 우선
962,환경부,한국오웬스코닝(주),2020,업체,유리,79200.0,1524.0,대일이엔씨기술(주),,업체 우선
963,국토교통부,한국원자력연구원,2020,사업장,건물,18706.0,381.0,한국표준협회,,단일 사업장
964,국토교통부,한국원자력의학원,2020,사업장,건물,16562.0,336.0,한국표준협회,,단일 사업장
965,환경부,한국유리공업 주식회사,2020,업체,유리,284408.0,3806.0,이큐에이㈜,,업체 우선
966,환경부,한국유미코아 유한책임회사,2020,사업장,전기전자,115808.0,2274.0,(재)한국품질재단,,단일 사업장
967,환경부,한국유에스지보랄 주식회사,2020,업체,시멘트,105604.0,2095.0,(재)한국품질재단,,업체 우선
968,환경부,한국이네오스스티롤루션 주식회사,2020,업체,석유화학,98485.0,1812.0,(재)한국품질재단,,업체 우선
969,환경부,한국전력공사,2020,업체,전환,1043431.0,6988.0,(주)한국경영인증원,,업체 우선
970,국토교통부,한국전자통신연구원,2020,사업장,건물,17961.0,367.0,(주)신화엔지니어링종합건축사사무소,,단일 사업장
971,환경부,한국제강 주식회사,2020,업체,철강,251775.0,4366.0,한국표준협회,,업체 우선
972,산업통상자원부,한국제이씨씨(주),2020,사업장,반도체.디스플레이.전기전자,10439.0,214.0,한국표준협회,,단일 사업장
973,환경부,한국제지 주식회사,2020,업체,제지,168030.0,4669.0,(재)한국품질재단,,업체 우선
974,환경부,한국조선해양(주),2020,업체,산업,6963.0,136.0,한국표준협회,,업체 우선
975,환경부,한국주철관공업(주),2020,업체,철강,60578.0,816.0,한국표준협회,,업체 우선
976,환경부,한국중부발전,2020,업체,발전 · 에너지,34774881.0,427317.0,로이드인증원㈜,,업체 우선
977,환경부,한국지엠 주식회사,2020,업체,자동차,228060.0,4595.0,한국표준협회,,업체 우선
978,환경부,한국지역난방공사,2020,업체,집단에너지,5214184.0,103844.0,대일이엔씨기술(주),,업체 우선
979,환경부,한국철강,2020,업체,철강,382797.0,7101.0,㈜한국품질보증원,,업체 우선
980,국토교통부,한국철도공사,2020,업체,교통(철도),1546924.0,29667.0,한국표준협회,,업체 우선
981,환경부,한국타이어앤테크놀로지(주),2020,업체,석유화학,463244.0,9457.0,(재)한국품질재단,,업체 우선
982,환경부,한국토지주택공사,2020,업체,집단에너지,209076.0,4130.0,㈜디엔브이비즈니스어슈어런스코리아,,업체 우선
983,국토교통부,한국표준과학연구원,2020,사업장,건물,21684.0,441.0,(주)신화엔지니어링종합건축사사무소,,단일 사업장
984,산업통상자원부,한국프랜지공업(주) 제2공장,2020,사업장,철강,17552.0,359.0,한국표준협회,,단일 사업장
985,환경부,한국항공우주산업(주),2020,사업장,기계,49141.0,980.0,(주)신화엔지니어링종합건축사사무소,,단일 사업장
986,국토교통부,한국핵융합에너지연구원,2020,사업장,건물,25668.0,528.0,(주)신화엔지니어링종합건축사사무소,,단일 사업장
987,산업통상자원부,한라스택폴(주),2020,사업장,자동차,16188.0,315.0,한국표준협회,,단일 사업장
988,환경부,한라시멘트주식회사,2020,업체,산업,4711413.0,25189.0,한국표준협회,,업체 우선
989,국토교통부,한무쇼핑(주),2020,업체,건물,59014.0,1222.0,한국표준협회,,업체 우선
990,산업통상자원부,한미약품(주),2020,업체,석유화학,70441.0,1389.0,이큐에이㈜,,업체 우선
991,산업통상자원부,한미정밀화학(주),2020,사업장,석유화학,17543.0,399.0,이큐에이㈜,,단일 사업장
992,국토교통부,한성운수(주),2020,사업장,교통(여객),16376.0,309.0,산림조합중앙회,,단일 사업장
993,환경부,한솔제지,2020,업체,제지,928544.0,15753.0,(주)한국경영인증원,,업체 우선
994,산업통상자원부,한솔테크닉스(주),2020,사업장,전기전자,8665.0,178.0,한국표준협회,,단일 사업장
995,환경부,한솔페이퍼텍주식회사,2020,업체,산업,107224.0,1168.0,(주)한국경영인증원,,업체 우선
996,환경부,한온시스템 주식회사,2020,업체,자동차,59979.0,1241.0,(재)한국품질재단,,업체 우선
997,산업통상자원부,한융금속(주),2020,사업장,비철금속,20419.0,324.0,산림조합중앙회,,단일 사업장
998,환경부,한일시멘트 주식회사,2020,업체,산업,4191068.0,26152.0,한국표준협회,,업체 우선
999,환경부,한일제관(주),2020,업체,기계,70776.0,1425.0,이큐에이㈜,,업체 우선
1000,산업통상자원부,한일캔 주식회사,2020,사업장,기계,17069.0,347.0,이큐에이㈜,,단일 사업장
1001,환경부,한일현대시멘트 주식회사,2020,업체,산업,3326925.0,20077.0,한국표준협회,,업체 우선
1002,산업통상자원부,한일화학공업(주),2020,사업장,석유화학,14037.0,273.0,(재)한국화학융합시험연구원,,단일 사업장
1003,산업통상자원부,한주금속(주) 본사,2020,사업장,비철금속,12961.0,261.0,(재)한국품질재단,,단일 사업장
1004,산업통상자원부,한주금속(주) 엔진공장,2020,사업장,비철금속,17217.0,347.0,(재)한국품질재단,,단일 사업장
1005,산업통상자원부,한진중공업(주),2020,사업장,조선,10754.0,208.0,한국표준협회,,단일 사업장
1006,환경부,한화솔루션 주식회사,2020,업체,산업,2477598.0,46949.0,㈜디엔브이비즈니스어슈어런스코리아,,업체 우선
1007,환경부,한화에너지주식회사,2020,업체,산업단지,4453995.0,52610.0,한국표준협회,,업체 우선
1008,산업통상자원부,한화에어로스페이스(주),2020,사업장,기계,24091.0,486.0,(주)비에스아이그룹코리아,,단일 사업장
1009,환경부,한화임팩트 주식회사,2020,업체,산업,473004.0,8106.0,㈜디엔브이비즈니스어슈어런스코리아,,업체 우선
1010,환경부,한화토탈 주식회사,2020,업체,산업,4792184.0,106355.0,한국가스안전공사,,업체 우선
1011,국토교통부,한화호텔앤드리조트(주),2020,업체,건물,55014.0,1076.0,한국표준협회,,업체 우선
1012,환경부,한황산업주식회사,2020,사업장,자동차,24893.0,463.0,㈜한국품질보증원,,단일 사업장
1013,환경부,해성디에스 주식회사,2020,사업장,반도체,54637.0,1225.0,(주)비에스아이그룹코리아,,단일 사업장
1014,농림축산식품부,해태에이치티비(주) 천안공장,2020,사업장,음료제조업,24795.0,448.0,(재)한국품질재단,,단일 사업장
1015,환경부,핸즈식스주식회사,2020,업체,자동차,73989.0,1497.0,이큐에이㈜,,업체 우선
1016,환경부,핸즈코퍼레이션주식회사,2020,업체,자동차,87011.0,1750.0,(재)한국품질재단,,업체 우선
1017,국토교통부,현대건설(주),2020,업체,건설,75647.0,1496.0,로이드인증원㈜,,업체 우선
1018,산업통상자원부,현대건설기계(주) 울산공장,2020,사업장,산업,12409.0,223.0,㈜디엔브이비즈니스어슈어런스코리아,,단일 사업장
1019,환경부,현대그린파워 주식회사,2020,업체,발전 · 에너지,17.0,0.0,(주)한국경영인증원,,업체 우선
1020,국토교통부,현대글로비스(주),2020,업체,교통(화물),79348.0,1191.0,한국표준협회,,업체 우선
1021,환경부,현대두산인프라코어(주),2020,업체,기계,90295.0,1727.0,(재)한국품질재단,,업체 우선
1022,산업통상자원부,현대로템 주식회사 창원공장,2020,사업장,기계,21788.0,435.0,(주)한국경영인증원,,단일 사업장
1023,환경부,현대모비스(주),2020,업체,산업,163165.0,3308.0,로이드인증원㈜,,업체 우선
1024,환경부,현대미포조선,2020,업체,조선,148352.0,2686.0,한국표준협회,,업체 우선
1025,환경부,현대비앤지스틸(주),2020,업체,철강,78295.0,1591.0,㈜디엔브이비즈니스어슈어런스코리아,,업체 우선
1026,환경부,현대삼호중공업 주식회사,2020,업체,조선,253439.0,4347.0,㈜디엔브이비즈니스어슈어런스코리아,,업체 우선
1027,환경부,현대석회(주),2020,업체,시멘트,88867.0,254.0,한국생산성본부인증원(주),,업체 우선
1028,환경부,현대성우쏠라이트 주식회사,2020,업체,전기전자,37602.0,766.0,한국표준협회,,업체 우선
1029,환경부,현대성우캐스팅 주식회사,2020,업체,철강,176332.0,3402.0,(재)한국품질재단,,업체 우선
1030,환경부,현대아이에프씨 주식회사,2020,업체,기계,194436.0,3581.0,로이드인증원㈜,,업체 우선
1031,환경부,현대에너지솔루션(주),2020,사업장,산업,26397.0,529.0,한국표준협회,,단일 사업장
1032,산업통상자원부,현대오씨아이 주식회사,2020,업체,석유화학,331635.0,3723.0,(재)한국품질재단,,업체 우선
1033,환경부,현대오일뱅크,2020,업체,정유,6841011.0,70956.0,(재)한국품질재단,,업체 우선
1034,산업통상자원부,현대오토에버 주식회사,2020,사업장,통신,23302.0,479.0,대일이엔씨기술(주),,단일 사업장
1035,환경부,현대위아 주식회사,2020,업체,자동차,170173.0,3387.0,㈜디엔브이비즈니스어슈어런스코리아,,업체 우선
1036,환경부,현대일렉트릭앤에너지시스템(주),2020,사업장,산업,32880.0,667.0,㈜디엔브이비즈니스어슈어런스코리아,,단일 사업장
1037,환경부,현대자동차 주식회사,2020,업체,자동차,1522472.0,30955.0,로이드인증원㈜,,업체 우선
1038,환경부,현대제철 주식회사,2020,업체,철강,28623930.0,122210.0,로이드인증원㈜,,업체 우선
1039,산업통상자원부,현대종합금속(주),2020,사업장,기계,20557.0,408.0,로이드인증원㈜,,단일 사업장
1040,환경부,현대종합특수강 주식회사,2020,사업장,철강,34626.0,664.0,한국표준협회,,단일 사업장
1041,환경부,현대중공업주식회사,2020,업체,산업,523352.0,8986.0,한국표준협회,,업체 우선
1042,환경부,현대케미칼주식회사,2020,업체,산업,970080.0,17060.0,(재)한국품질재단,,업체 우선
1043,환경부,현대트랜시스 주식회사,2020,업체,자동차,176754.0,3609.0,㈜디엔브이비즈니스어슈어런스코리아,,업체 우선
1044,산업통상자원부,현우산업,2020,사업장,전기전자,19181.0,394.0,한국표준협회,,단일 사업장
1045,환경부,현진소재(주),2020,업체,기계,5685.0,111.0,(주)한국경영인증원,,업체 우선
1046,산업통상자원부,호스트웨이아이디씨(주),2020,사업장,통신,15555.0,320.0,한국표준협회,,단일 사업장
1047,환경부,홈플러스 주식회사,2020,업체,건물,424924.0,8537.0,로이드인증원㈜,,업체 우선
1048,환경부,홍덕산업(주),2020,업체,철강,83762.0,1783.0,한국생산성본부인증원(주),,업체 우선
1049,환경부,홍원제지(주),2020,업체,제지,111844.0,1655.0,한국표준협회,,업체 우선
1050,환경부,화성시,2020,업체,폐기물,133346.0,1122.0,㈜한국품질보증원,,업체 우선
1051,국토교통부,화영운수(주),2020,사업장,교통(여객),21462.0,306.0,한국표준협회,,단일 사업장
1052,산업통상자원부,화인베스틸,2020,사업장,철강,19640.0,357.0,한국표준협회,,단일 사업장
1053,환경부,환영철강공업,2020,업체,철강,269075.0,4949.0,㈜한국품질보증원,,업체 우선
1054,환경부,효성중공업 주식회사,2020,업체,산업,57395.0,1191.0,㈜디엔브이비즈니스어슈어런스코리아,,업체 우선
1055,환경부,효성첨단소재 주식회사,2020,업체,산업,191050.0,3883.0,(재)한국품질재단,,업체 우선
1056,환경부,효성티앤씨 주식회사,2020,업체,산업,323958.0,7485.0,(재)한국품질재단,,업체 우선
1057,환경부,효성화학 주식회사,2020,업체,산업,881820.0,18213.0,(재)한국품질재단,,업체 우선
1058,국토교통부,휘닉스중앙평창(주),2020,사업장,건물,19993.0,391.0,(주)한국경영인증원,,단일 사업장
1059,환경부,휴비스,2020,업체,섬유,465138.0,6985.0,한국표준협회,,업체 우선
1060,환경부,휴켐스 주식회사,2020,업체,석유화학,132580.0,1194.0,㈜한국품질보증원,,업체 우선
1061,산업통상자원부,희성촉매(주),2020,사업장,석유화학,20033.0,397.0,한국표준협회,,단일 사업장
1,환경부,(유)에스케이씨에보닉페록사이드코리아,2021,업체,산업,57349.0,1147.0,(재)한국품질재단,,업체 우선
2,국토교통부,(유)호남고속,2021,사업장,교통(여객),19358.0,304.0,(주)한국경영인증원,,단일 사업장
3,환경부,(주)HJ매그놀리아용평호텔앤리조트,2021,사업장,건물,33424.0,661.0,(재)한국품질재단,,단일 사업장
4,농림축산식품부,(주)MH에탄올,2021,사업장,음료제조업,9451.0,304.0,(재)한국화학융합시험연구원,,단일 사업장
5,환경부,(주)MSC,2021,사업장,산업,29558.0,594.0,한국가스안전공사,,단일 사업장
6,환경부,(주)SIMPAC,2021,업체,산업,545704.0,5679.0,한국표준협회,,업체 우선
7,환경부,(주)SUN&L,2021,업체,산업,59370.0,2046.0,한국표준협회,,업체 우선
8,환경부,(주)강원랜드,2021,업체,건물,65276.0,1330.0,이큐에이㈜,,업체 우선
9,환경부,(주)건화,2021,사업장,산업,34052.0,612.0,한국표준협회,,단일 사업장
10,환경부,(주)경기고속,2021,업체,수송,100992.0,1614.0,(주)한국경영인증원,,업체 우선
11,환경부,(주)경남고속,2021,사업장,수송,4332.0,61.0,(주)한국경영인증원,,단일 사업장
12,환경부,(주)경동,2021,업체,산업,209932.0,405.0,(재)한국품질재단,,업체 우선
13,산업통상자원부,(주)경동원,2021,사업장,기계,13190.0,265.0,한국표준협회,,단일 사업장
14,국토교통부,(주)경방,2021,사업장,건물,17081.0,353.0,한국생산성본부인증원(주),,단일 사업장
15,산업통상자원부,(주)경보제약,2021,사업장,석유화학,14648.0,276.0,한국표준협회,,단일 사업장
16,산업통상자원부,(주)경신전선,2021,사업장,전기전자,15512.0,321.0,한국표준협회,,단일 사업장
17,환경부,(주)공항리무진,2021,사업장,수송,234.0,4.0,(주)한국경영인증원,,단일 사업장
18,국토교통부,(주)국민은행,2021,업체,건물,100491.0,1549.0,한국표준협회,,업체 우선
19,산업통상자원부,(주)국일방적 정읍공장,2021,사업장,섬유,13510.0,282.0,대일이엔씨기술(주),,단일 사업장
20,환경부,(주)그린스코,2021,사업장,폐기물,44243.0,119.0,(주)한국경영인증원,,단일 사업장
21,환경부,(주)금남고속,2021,사업장,수송,17758.0,253.0,(주)한국경영인증원,,단일 사업장
22,환경부,(주)금비,2021,업체,산업,82933.0,1184.0,한국표준협회,,업체 우선
23,해양수산부,(주)남해고속,2021,사업장,교통(해운),22768.0,324.0,㈜한국품질보증원,,단일 사업장
24,산업통상자원부,(주)네오오토 예산공장,2021,사업장,자동차,16887.0,349.0,(주)한국경영인증원,,단일 사업장
25,산업통상자원부,(주)넥센,2021,사업장,석유화학,19568.0,376.0,한국표준협회,,단일 사업장
26,환경부,(주)농협물류,2021,사업장,수송,30584.0,441.0,한국표준협회,,단일 사업장
27,농림축산식품부,(주)농협사료,2021,업체,식료품 제조업,85204.0,1754.0,(재)한국품질재단,,업체 우선
28,환경부,(주)다나에너지솔루션,2021,사업장,폐기물,75268.0,213.0,한국표준협회,,단일 사업장
29,환경부,(주)단석산업,2021,사업장,산업,81591.0,1666.0,한국표준협회,,단일 사업장
30,산업통상자원부,(주)대농청원공장,2021,사업장,섬유,16211.0,338.0,지속가능인증원주식회사,,단일 사업장
31,산업통상자원부,(주)대동세라믹,2021,사업장,요업,26866.0,510.0,이큐에이㈜,,단일 사업장
32,환경부,(주)대림제지,2021,업체,산업,108829.0,1790.0,이큐에이㈜,,업체 우선
33,국토교통부,(주)대우건설,2021,업체,건설,60416.0,1230.0,한국표준협회,,업체 우선
34,산업통상자원부,(주)대욱케스트,2021,사업장,철강,21622.0,410.0,이큐에이㈜,,단일 사업장
35,환경부,(주)대원고속,2021,업체,수송,104748.0,1675.0,(주)한국경영인증원,,업체 우선
36,환경부,(주)대원버스,2021,사업장,수송,31566.0,541.0,(주)한국경영인증원,,단일 사업장
37,국토교통부,(주)대원여객,2021,사업장,교통(여객),19187.0,364.0,(주)한국경영인증원,,단일 사업장
38,환경부,(주)대원운수,2021,사업장,수송,36006.0,601.0,(주)한국경영인증원,,단일 사업장
39,환경부,(주)대유코아,2021,사업장,산업,116601.0,794.0,한국표준협회,,단일 사업장
40,해양수산부,(주)대저해운,2021,사업장,교통(해운),6598.0,95.0,한국표준협회,,단일 사업장
41,산업통상자원부,(주)대천텍스타일,2021,사업장,섬유,12998.0,280.0,한국표준협회,,단일 사업장
42,산업통상자원부,(주)대호특수강 포항공장,2021,사업장,철강,23425.0,446.0,한국표준협회,,단일 사업장
43,환경부,(주)대화제지,2021,사업장,산업,28552.0,577.0,㈜한국품질보증원,,단일 사업장
44,산업통상자원부,(주)동남 울산공장,2021,사업장,비철금속,55575.0,826.0,한국표준협회,,단일 사업장
45,환경부,(주)동방,2021,업체,수송,55300.0,804.0,대일이엔씨기술(주),,업체 우선
46,환경부,(주)동서기공 당진지점,2021,사업장,산업,37146.0,764.0,(주)한국경영인증원,,단일 사업장
47,환경부,(주)동신포리마,2021,사업장,산업,35253.0,728.0,(주)한국경영인증원,,단일 사업장
48,환경부,(주)동양고속,2021,업체,수송,49096.0,702.0,(주)한국경영인증원,,업체 우선
49,환경부,(주)동양환경,2021,사업장,폐기물,171588.0,424.0,(재)한국품질재단,,단일 사업장
50,농림축산식품부,(주)동우팜투테이블,2021,사업장,식료품 제조업,16159.0,325.0,(재)한국화학융합시험연구원,,단일 사업장
51,농림축산식품부,(주)동원F&B,2021,업체,식료품 제조업,82004.0,1781.0,(주)한국경영인증원,,업체 우선
52,산업통상자원부,(주)동진쎄미켐,2021,사업장,석유화학,21702.0,438.0,한국가스안전공사,,단일 사업장
53,산업통상자원부,(주)두산,2021,업체,전기전자,63425.0,1270.0,(재)한국품질재단,,업체 우선
54,산업통상자원부,(주)디알액시온 원산공장,2021,사업장,비철금속,15035.0,307.0,(재)한국품질재단,,단일 사업장
55,환경부,(주)디에이피,2021,사업장,산업,79586.0,1649.0,한국가스안전공사,,단일 사업장
56,산업통상자원부,(주)디케이씨,2021,사업장,철강,18535.0,372.0,한국표준협회,,단일 사업장
57,산업통상자원부,(주)로옴코리아,2021,사업장,반도체,17368.0,362.0,㈜한국품질보증원,,단일 사업장
58,환경부,(주)만도,2021,업체,산업,70744.0,1477.0,(주)비에스아이그룹코리아,,업체 우선
59,농림축산식품부,(주)면사랑,2021,사업장,식료품 제조업,20461.0,459.0,한국표준협회,,단일 사업장
60,환경부,(주)모나리자,2021,사업장,산업,40006.0,728.0,(주)한국경영인증원,,단일 사업장
61,국토교통부,(주)무주덕유산리조트,2021,사업장,건물,14234.0,263.0,(주)한국경영인증원,,단일 사업장
62,환경부,(주)미래엔인천에너지,2021,업체,전환,17091.0,339.0,(재)한국품질재단,,업체 우선
63,환경부,(주)미래페이퍼,2021,업체,산업,60913.0,763.0,한국표준협회,,업체 우선
64,산업통상자원부,(주)방림,2021,사업장,섬유,19015.0,406.0,한국표준협회,,단일 사업장
65,환경부,(주)베르상스퍼시픽,2021,사업장,산업,33066.0,560.0,한국표준협회,,단일 사업장
66,환경부,(주)벽산,2021,업체,산업,88096.0,1601.0,한국표준협회,,업체 우선
67,산업통상자원부,(주)부산도시가스,2021,사업장,집단에너지,55041.0,421.0,(주)한국경영인증원,,단일 사업장
68,국토교통부,(주)부산롯데호텔,2021,사업장,건물,10589.0,216.0,(주)한국경영인증원,,단일 사업장
69,산업통상자원부,(주)브이샘 인천공장,2021,사업장,시멘트,14441.0,293.0,한국표준협회,,단일 사업장
70,산업통상자원부,(주)비에이치 제2공장,2021,사업장,전기전자,17511.0,365.0,한국표준협회,,단일 사업장
71,산업통상자원부,(주)비엠금속,2021,사업장,철강,18397.0,340.0,이큐에이㈜,,단일 사업장
72,농림축산식품부,(주)빙그레,2021,업체,식료품 제조업,60993.0,1227.0,(주)한국경영인증원,,업체 우선
73,환경부,(주)삼동 문경공장,2021,사업장,산업,40641.0,840.0,한국표준협회,,단일 사업장
74,국토교통부,(주)삼우에프앤지,2021,사업장,교통(화물),20955.0,343.0,한국표준협회,,단일 사업장
75,환경부,(주)삼원강재,2021,사업장,산업,34034.0,690.0,(재)한국품질재단,,단일 사업장
76,환경부,(주)삼천리,2021,업체,전환,73196.0,1250.0,한국가스안전공사,,업체 우선
77,환경부,(주)삼표산업,2021,업체,산업,125680.0,2121.0,(재)한국품질재단,,업체 우선
78,산업통상자원부,(주)삼한씨원,2021,사업장,요업,9614.0,190.0,한국생산성본부인증원(주),,단일 사업장
79,환경부,(주)삼현,2021,사업장,산업,24069.0,425.0,한국표준협회,,단일 사업장
80,국토교통부,(주)삼화고속,2021,사업장,교통(여객),11137.0,159.0,(주)한국경영인증원,,단일 사업장
81,환경부,(주)상공에너지,2021,업체,전환,6108.0,1535.0,이큐에이㈜,,업체 우선
82,농림축산식품부,(주)샤니 대구공장,2021,사업장,식료품 제조업,16485.0,335.0,(주)비에스아이그룹코리아,,단일 사업장
83,농림축산식품부,(주)샤니 성남공장,2021,사업장,식료품 제조업,18826.0,383.0,(주)비에스아이그룹코리아,,단일 사업장
84,국토교통부,(주)서부티엔디,2021,사업장,건물,14854.0,306.0,한국표준협회,,단일 사업장
85,산업통상자원부,(주)서원,2021,사업장,비철금속,15384.0,317.0,한국가스안전공사,,단일 사업장
86,산업통상자원부,(주)서진캠 아산공장,2021,사업장,자동차,13707.0,286.0,(주)한국경영인증원,,단일 사업장
87,산업통상자원부,(주)서진캠 평택공장,2021,사업장,자동차,13780.0,287.0,㈜한국품질보증원,,단일 사업장
88,환경부,(주)서흥,2021,사업장,산업,43537.0,893.0,한국표준협회,,단일 사업장
89,산업통상자원부,(주)선일다이파스,2021,사업장,기계,18372.0,379.0,(주)한국경영인증원,,단일 사업장
90,환경부,(주)선진운수,2021,사업장,수송,26998.0,506.0,(재)한국품질재단,,단일 사업장
91,산업통상자원부,(주)성신미네필드,2021,사업장,시멘트,18994.0,373.0,한국표준협회,,단일 사업장
92,환경부,(주)성호금속 경주2공장,2021,사업장,산업,28551.0,517.0,이큐에이㈜,,단일 사업장
93,산업통상자원부,(주)성호금속 영천공장,2021,사업장,철강,18827.0,347.0,이큐에이㈜,,단일 사업장
94,산업통상자원부,(주)성호기업,2021,사업장,철강,16586.0,317.0,이큐에이㈜,,단일 사업장
95,환경부,(주)세아씨엠,2021,사업장,산업,62245.0,1261.0,한국표준협회,,단일 사업장
96,국토교통부,(주)세아엘앤에스,2021,사업장,교통(화물),16516.0,242.0,한국표준협회,,단일 사업장
97,환경부,(주)세아제강,2021,사업장,산업,58932.0,1165.0,한국표준협회,,단일 사업장
98,환경부,(주)세아특수강,2021,사업장,산업,54939.0,1080.0,한국표준협회,,단일 사업장
99,농림축산식품부,(주)세우,2021,사업장,식료품 제조업,17593.0,356.0,(재)한국품질재단,,단일 사업장
100,환경부,(주)세주,2021,사업장,수송,28716.0,392.0,㈜디엔브이비즈니스어슈어런스코리아,,단일 사업장
101,산업통상자원부,(주)스타플렉스,2021,사업장,석유화학,9543.0,196.0,이큐에이㈜,,단일 사업장
102,국토교통부,(주)시흥교통,2021,사업장,교통(여객),26166.0,470.0,한국표준협회,,단일 사업장
103,환경부,(주)신동,2021,업체,산업,95134.0,311.0,한국표준협회,,업체 우선
104,환경부,(주)신세계,2021,업체,건물,118980.0,2463.0,(주)한국경영인증원,,업체 우선
105,환경부,(주)신승에너지,2021,업체,지정외 폐기물처리업,77990.0,318.0,(재)한국품질재단,,업체 우선
106,산업통상자원부,(주)신안주철,2021,사업장,철강,19021.0,359.0,한국표준협회,,단일 사업장
107,산업통상자원부,(주)신우금속,2021,사업장,철강,16845.0,292.0,(재)한국품질재단,,단일 사업장
108,국토교통부,(주)신한은행,2021,업체,건물,73782.0,1171.0,㈜디엔브이비즈니스어슈어런스코리아,,업체 우선
109,환경부,(주)쌍용씨앤비,2021,업체,산업,70917.0,1233.0,(주)한국경영인증원,,업체 우선
110,환경부,(주)씨텍,2021,업체,전환,644876.0,8772.0,(주)비에스아이그룹코리아,,업체 우선
111,국토교통부,(주)아라리오,2021,사업장,건물,12045.0,248.0,(주)한국경영인증원,,단일 사업장
112,환경부,(주)아진피앤피,2021,업체,산업,138183.0,2135.0,한국산업기술시험원,,업체 우선
113,국토교통부,(주)에스앤아이코퍼레이션,2021,사업장,건물,14640.0,299.0,(재)한국품질재단,,단일 사업장
114,산업통상자원부,(주)에스에이씨,2021,사업장,유리,11916.0,244.0,(주)한국경영인증원,,단일 사업장
115,산업통상자원부,(주)에스에이치에너지화학,2021,사업장,석유화학,14524.0,245.0,㈜한국품질보증원,,단일 사업장
116,산업통상자원부,(주)에스제이금속,2021,사업장,철강,19960.0,350.0,(재)한국품질재단,,단일 사업장
117,환경부,(주)에스파워,2021,업체,전환,1930850.0,38311.0,(재)한국품질재단,,업체 우선
118,해양수산부,(주)에이치해운,2021,사업장,교통(해운),26521.0,378.0,한국표준협회,,단일 사업장
119,산업통상자원부,(주)에이티세미콘,2021,사업장,반도체,17628.0,366.0,한국표준협회,,단일 사업장
120,산업통상자원부,(주)에이프로젠바이오로직스,2021,사업장,석유화학,27471.0,564.0,한국표준협회,,단일 사업장
121,환경부,(주)에코비트에너지세종,2021,사업장,폐기물,49770.0,452.0,한국표준협회,,단일 사업장
122,산업통상자원부,(주)에코프로비엠,2021,사업장,전기전자,79997.0,1668.0,(주)한국경영인증원,,단일 사업장
123,산업통상자원부,(주)에코프로비엠 1공장,2021,사업장,전기전자,19750.0,411.0,(주)한국경영인증원,,단일 사업장
124,환경부,(주)엔아이티,2021,업체,폐기물,144933.0,314.0,㈜한국품질보증원,,업체 우선
125,환경부,(주)엔이티,2021,사업장,전환,49401.0,580.0,한국표준협회,,단일 사업장
126,환경부,(주)엘엑스판토스,2021,사업장,수송,44289.0,687.0,㈜디엔브이비즈니스어슈어런스코리아,,단일 사업장
127,산업통상자원부,(주)엘지생활건강 울산공장,2021,사업장,석유화학,17679.0,365.0,(재)한국품질재단,,단일 사업장
128,환경부,(주)엘지씨엔에스,2021,사업장,산업,123812.0,2631.0,대일이엔씨기술(주),,단일 사업장
129,환경부,(주)영신물산,2021,사업장,산업,36024.0,262.0,한국표준협회,,단일 사업장
130,환경부,(주)오뚜기,2021,사업장,산업,94342.0,1901.0,한국표준협회,,단일 사업장
131,환경부,(주)오리온,2021,업체,산업,65129.0,1295.0,한국표준협회,,업체 우선
132,환경부,(주)오미아코리아,2021,업체,산업,59633.0,1220.0,㈜디엔브이비즈니스어슈어런스코리아,,업체 우선
133,산업통상자원부,(주)오영,2021,사업장,석유화학,17149.0,368.0,(재)한국품질재단,,단일 사업장
134,환경부,(주)온셀텍,2021,사업장,산업,34120.0,711.0,한국표준협회,,단일 사업장
135,농림축산식품부,(주)올품,2021,사업장,식료품 제조업,22443.0,457.0,한국표준협회,,단일 사업장
136,환경부,(주)우룡,2021,업체,산업,159767.0,624.0,(주)한국경영인증원,,업체 우선
137,국토교통부,(주)우리은행,2021,업체,건물,74425.0,1094.0,㈜디엔브이비즈니스어슈어런스코리아,,업체 우선
138,산업통상자원부,(주)우신금속,2021,사업장,비철금속,19844.0,311.0,(재)한국품질재단,,단일 사업장
139,산업통상자원부,(주)원익아이피에스,2021,사업장,기계,25375.0,502.0,한국표준협회,,단일 사업장
140,환경부,(주)유니온,2021,업체,산업,160634.0,1301.0,한국표준협회,,업체 우선
141,국토교통부,(주)유성티엔에스,2021,사업장,교통(화물),33424.0,484.0,(주)한국경영인증원,,단일 사업장
142,환경부,(주)유진로지스틱스,2021,사업장,수송,28716.0,411.0,(재)한국품질재단,,단일 사업장
143,산업통상자원부,(주)유한화학,2021,사업장,석유화학,17103.0,362.0,(주)한국경영인증원,,단일 사업장
144,산업통상자원부,(주)이녹스첨단소재,2021,사업장,전기전자,25783.0,526.0,(재)한국품질재단,,단일 사업장
145,환경부,(주)이마트,2021,업체,건물,527716.0,10958.0,한국표준협회,,업체 우선
146,환경부,(주)이수페타시스,2021,사업장,산업,51187.0,696.0,이큐에이㈜,,단일 사업장
147,환경부,(주)이수화학,2021,업체,산업,340851.0,5369.0,한국표준협회,,업체 우선
148,환경부,(주)이스타항공,2021,업체,수송,38.0,0.0,(주)한국경영인증원,,업체 우선
149,환경부,(주)이알지서비스,2021,사업장,폐기물,75225.0,81.0,(재)한국화학융합시험연구원,,단일 사업장
150,산업통상자원부,(주)인지디스플레이,2021,사업장,자동차,16329.0,337.0,(주)한국경영인증원,,단일 사업장
151,환경부,(주)인터플렉스,2021,사업장,산업,37985.0,797.0,한국표준협회,,단일 사업장
152,환경부,(주)일진글로벌,2021,사업장,산업,120370.0,2508.0,이큐에이㈜,,단일 사업장
153,환경부,(주)전북고속,2021,사업장,수송,12736.0,181.0,(주)한국경영인증원,,단일 사업장
154,농림축산식품부,(주)정·식품,2021,사업장,음료제조업,20053.0,403.0,한국표준협회,,단일 사업장
155,국토교통부,(주)제때,2021,사업장,교통(화물),18080.0,293.0,한국표준협회,,단일 사업장
156,환경부,(주)제양항공해운,2021,사업장,수송,27940.0,382.0,한국표준협회,,단일 사업장
157,산업통상자원부,(주)제이앤티씨,2021,사업장,전기전자,8066.0,167.0,한국표준협회,,단일 사업장
158,환경부,(주)제이엠씨,2021,사업장,산업,38412.0,891.0,이큐에이㈜,,단일 사업장
159,해양수산부,(주)제주케이라인,2021,사업장,교통(해운),15304.0,208.0,㈜디엔브이비즈니스어슈어런스코리아,,단일 사업장
160,산업통상자원부,(주)젤텍,2021,사업장,석유화학,15403.0,527.0,한국표준협회,,단일 사업장
161,산업통상자원부,(주)종근당 천안공장,2021,사업장,석유화학,16551.0,450.0,(재)한국품질재단,,단일 사업장
162,환경부,(주)종근당바이오,2021,업체,산업,90364.0,1882.0,이큐에이㈜,,업체 우선
163,국토교통부,(주)중부고속,2021,사업장,교통(여객),6959.0,103.0,㈜한국품질보증원,,단일 사업장
164,환경부,(주)중앙고속,2021,업체,수송,40001.0,571.0,(주)한국경영인증원,,업체 우선
165,환경부,(주)중일,2021,사업장,산업,29171.0,301.0,한국표준협회,,단일 사업장
166,환경부,(주)지에스동해전력,2021,업체,전환,6394070.0,71324.0,대일이엔씨기술(주),,업체 우선
167,산업통상자원부,(주)지엠씨,2021,사업장,광업,15927.0,330.0,(주)한국경영인증원,,단일 사업장
168,환경부,(주)진합,2021,사업장,산업,27907.0,575.0,한국표준협회,,단일 사업장
169,산업통상자원부,(주)진흥주물 군산공장,2021,사업장,철강,21915.0,387.0,한국표준협회,,단일 사업장
170,산업통상자원부,(주)진흥주물 인천공장,2021,사업장,철강,17403.0,304.0,한국표준협회,,단일 사업장
171,환경부,(주)참프레,2021,사업장,산업,43237.0,862.0,한국표준협회,,단일 사업장
172,환경부,(주)창원에너텍,2021,업체,폐기물,89517.0,1021.0,(재)한국품질재단,,업체 우선
173,환경부,(주)천일고속,2021,사업장,수송,18243.0,260.0,(주)한국경영인증원,,단일 사업장
174,농림축산식품부,(주)체리부로,2021,사업장,식료품 제조업,15174.0,310.0,(주)한국경영인증원,,단일 사업장
175,환경부,(주)충남고속,2021,사업장,수송,19409.0,278.0,(주)한국경영인증원,,단일 사업장
176,환경부,(주)충무화학정선,2021,업체,산업,149214.0,595.0,이큐에이㈜,,업체 우선
177,농림축산식품부,(주)카길애그리퓨리나 평택공장,2021,사업장,식료품 제조업,21326.0,434.0,(재)한국품질재단,,단일 사업장
178,산업통상자원부,(주)카펙발레오,2021,사업장,자동차,20345.0,409.0,한국표준협회,,단일 사업장
179,환경부,(주)칼링크,2021,사업장,산업,23694.0,480.0,지속가능인증원주식회사,,단일 사업장
180,환경부,(주)캐스텍코리아,2021,업체,산업,30596.0,553.0,한국표준협회,,업체 우선
181,산업통상자원부,(주)케이에프엔티,2021,사업장,석유화학,19711.0,421.0,한국표준협회,,단일 사업장
182,산업통상자원부,(주)케이원전자,2021,사업장,전기전자,22306.0,465.0,한국표준협회,,단일 사업장
183,환경부,(주)케이이씨,2021,사업장,산업,53209.0,618.0,㈜디엔브이비즈니스어슈어런스코리아,,단일 사업장
184,환경부,(주)케이조선,2021,업체,산업,29489.0,543.0,(재)한국품질재단,,업체 우선
185,환경부,(주)케이티앤지,2021,업체,산업,109139.0,2184.0,(재)한국품질재단,,업체 우선
186,환경부,(주)케이피켐텍,2021,사업장,산업,32188.0,719.0,(재)한국품질재단,,단일 사업장
187,환경부,(주)코다코,2021,사업장,산업,40677.0,831.0,(재)한국품질재단,,단일 사업장
188,환경부,(주)코리아써키트,2021,업체,산업,109491.0,2221.0,(주)비에스아이그룹코리아,,업체 우선
189,환경부,(주)코리아와이드경북고속,2021,업체,수송,19869.0,281.0,(주)한국경영인증원,,업체 우선
190,국토교통부,(주)코리아와이드포항,2021,사업장,교통(여객),22266.0,421.0,(주)한국경영인증원,,단일 사업장
191,환경부,(주)코스틸,2021,업체,산업,46801.0,939.0,이큐에이㈜,,업체 우선
192,환경부,(주)클렌코,2021,사업장,폐기물,190007.0,169.0,한국표준협회,,단일 사업장
193,산업통상자원부,(주)태상,2021,업체,기계,61401.0,1203.0,(주)한국경영인증원,,업체 우선
194,산업통상자원부,(주)태영열처리,2021,사업장,기계,15060.0,310.0,한국표준협회,,단일 사업장
195,산업통상자원부,(주)태우,2021,사업장,비철금속,17064.0,331.0,한국가스안전공사,,단일 사업장
196,환경부,(주)태웅,2021,업체,산업,155237.0,2866.0,(재)한국품질재단,,업체 우선
197,환경부,(주)태평양금속,2021,사업장,산업,47651.0,963.0,이큐에이㈜,,단일 사업장
198,환경부,(주)티씨씨스틸,2021,사업장,산업,34007.0,660.0,이큐에이㈜,,단일 사업장
199,산업통상자원부,(주)티씨케이,2021,사업장,전기전자,33660.0,695.0,(재)한국품질재단,,단일 사업장
200,농림축산식품부,(주)파리크라상 성남공장,2021,사업장,식료품 제조업,21942.0,453.0,한국표준협회,,단일 사업장
201,국토교통부,(주)평안운수,2021,사업장,교통(여객),15505.0,265.0,(주)한국경영인증원,,단일 사업장
202,환경부,(주)포레스코,2021,사업장,산업,32494.0,778.0,한국표준협회,,단일 사업장
203,산업통상자원부,(주)풍농장항공장,2021,사업장,석유화학,18060.0,351.0,이큐에이㈜,,단일 사업장
204,환경부,(주)풍정주공,2021,사업장,산업,20524.0,385.0,한국표준협회,,단일 사업장
205,산업통상자원부,(주)피엔디티,2021,사업장,자동차,17262.0,339.0,지속가능인증원주식회사,,단일 사업장
206,산업통상자원부,(주)피제이메탈,2021,사업장,비철금속,23792.0,422.0,(재)한국품질재단,,단일 사업장
207,환경부,(주)필맥스,2021,사업장,산업,24921.0,510.0,㈜한국품질보증원,,단일 사업장
208,환경부,(주)하림,2021,업체,산업,99442.0,2338.0,(재)한국품질재단,,업체 우선
209,환경부,(주)한국알스트롬,2021,사업장,산업,49649.0,663.0,(재)한국품질재단,,단일 사업장
210,농림축산식품부,(주)한국인삼공사 고려인삼창(부여공장),2021,사업장,식료품 제조업,18125.0,368.0,(주)한국경영인증원,,단일 사업장
211,농림축산식품부,(주)한국인삼공사 고려인삼창(원주공장),2021,사업장,식료품 제조업,19099.0,389.0,(주)한국경영인증원,,단일 사업장
212,환경부,(주)한국특강,2021,업체,산업,298973.0,5357.0,이큐에이㈜,,업체 우선
213,산업통상자원부,(주)한금포항공장,2021,사업장,철강,19510.0,414.0,한국표준협회,,단일 사업장
214,환경부,(주)한솔케미칼,2021,업체,산업,161618.0,3121.0,대일이엔씨기술(주),,업체 우선
215,환경부,(주)한솔홈데코,2021,업체,산업,61769.0,2974.0,(주)한국경영인증원,,업체 우선
216,산업통상자원부,(주)한양에스앤씨 함안지점,2021,사업장,자동차,12809.0,245.0,지속가능인증원주식회사,,단일 사업장
217,산업통상자원부,(주)한영특수강,2021,사업장,철강,16731.0,336.0,한국표준협회,,단일 사업장
218,국토교통부,(주)한익스프레스,2021,사업장,교통(화물),26090.0,412.0,한국표준협회,,단일 사업장
219,환경부,(주)한일고속,2021,업체,수송,82281.0,1136.0,(주)한국경영인증원,,업체 우선
220,환경부,(주)한주,2021,업체,전환,1247802.0,15952.0,㈜디엔브이비즈니스어슈어런스코리아,,업체 우선
221,환경부,(주)한진,2021,업체,수송,108796.0,1683.0,한국표준협회,,업체 우선
222,환경부,(주)한창제지,2021,업체,산업,123139.0,1644.0,한국표준협회,,업체 우선
223,환경부,(주)한화,2021,업체,산업,99766.0,1721.0,㈜디엔브이비즈니스어슈어런스코리아,,업체 우선
224,환경부,(주)현대백화점,2021,업체,건물,166188.0,3467.0,한국표준협회,,업체 우선
225,환경부,(주)현대엘앤씨,2021,사업장,산업,38225.0,776.0,한국표준협회,,단일 사업장
226,환경부,(주)현대케피코,2021,사업장,산업,24237.0,501.0,한국생산성본부인증원(주),,단일 사업장
227,국토교통부,(주)호텔신라,2021,사업장,건물,19300.0,393.0,한국표준협회,,단일 사업장
228,산업통상자원부,(주)화승알앤에이,2021,사업장,석유화학,19572.0,401.0,한국표준협회,,단일 사업장
229,환경부,(주)화승케미칼,2021,사업장,산업,29493.0,604.0,이큐에이㈜,,단일 사업장
230,환경부,(합)경남여객,2021,업체,수송,40237.0,644.0,한국표준협회,,업체 우선
231,환경부,CJ대한통운(주),2021,업체,수송,228274.0,3979.0,(주)한국경영인증원,,업체 우선
232,환경부,CJ제일제당(주),2021,업체,산업,426590.0,9806.0,(재)한국화학융합시험연구원,,업체 우선
233,국토교통부,GS건설(주),2021,업체,건설,95088.0,1807.0,한국표준협회,,업체 우선
234,환경부,GS파워,2021,업체,전환,2198430.0,42045.0,(재)한국품질재단,,업체 우선
235,환경부,HSD엔진(주),2021,사업장,산업,25770.0,465.0,㈜디엔브이비즈니스어슈어런스코리아,,단일 사업장
236,환경부,JW 생명과학(주),2021,사업장,산업,28519.0,582.0,한국표준협회,,단일 사업장
237,산업통상자원부,KPX 케미칼(주),2021,사업장,석유화학,21876.0,704.0,(주)한국경영인증원,,단일 사업장
238,산업통상자원부,LB세미콘(주),2021,사업장,반도체,24435.0,507.0,한국표준협회,,단일 사업장
239,환경부,LX엠엠에이,2021,업체,산업,328403.0,3003.0,(주)한국경영인증원,,업체 우선
240,환경부,OCI SE 주식회사,2021,업체,전환,1320267.0,23603.0,㈜디엔브이비즈니스어슈어런스코리아,,업체 우선
241,산업통상자원부,S&T모티브(주),2021,사업장,자동차,17698.0,367.0,한국표준협회,,단일 사업장
242,환경부,S-Oil(주),2021,업체,산업,10036497.0,130029.0,한국표준협회,,업체 우선
243,환경부,SKbroadband(주),2021,업체,산업,370190.0,7694.0,㈜디엔브이비즈니스어슈어런스코리아,,업체 우선
244,국토교통부,SK네트웍스(주) 워커힐,2021,사업장,건물,21757.0,442.0,(주)비에스아이그룹코리아,,단일 사업장
245,환경부,SK이노베이션(주),2021,업체,산업,20491.0,418.0,한국표준협회,,업체 우선
246,환경부,SK인천석유화학(주),2021,업체,산업,1489495.0,41101.0,한국표준협회,,업체 우선
247,농림축산식품부,SY에너지(주),2021,사업장,목재 및 나무제품 제조업;가구제외,31034.0,1055.0,(재)한국품질재단,,단일 사업장
248,산업통상자원부,Y&T파워텍(주),2021,사업장,자동차,14868.0,309.0,(주)비에스아이그룹코리아,,단일 사업장
249,환경부,㈜토탈,2021,사업장,폐기물,59162.0,105.0,(재)한국품질재단,,단일 사업장
250,산업통상자원부,가온전선주식회사,2021,사업장,전기전자,14963.0,303.0,(주)비에스아이그룹코리아,,단일 사업장
251,국토교통부,강남금융센터(주),2021,사업장,건물,16449.0,339.0,한국표준협회,,단일 사업장
252,산업통상자원부,강남화성(주),2021,사업장,석유화학,17815.0,365.0,한국표준협회,,단일 사업장
253,환경부,강릉시,2021,업체,폐기물,60230.0,250.0,(주)비에스아이그룹코리아,,업체 우선
254,국토교통부,강변테크노마트 주식회사,2021,사업장,건물,14996.0,311.0,대일이엔씨기술(주),,단일 사업장
255,환경부,강원고속,2021,사업장,수송,14014.0,200.0,한국표준협회,,단일 사업장
256,국토교통부,강원대학교 춘천캠퍼스,2021,사업장,건물,17812.0,368.0,한국표준협회,,단일 사업장
257,국토교통부,강원여객자동차,2021,사업장,교통(여객),11586.0,170.0,한국표준협회,,단일 사업장
258,환경부,거제시,2021,업체,폐기물,56826.0,491.0,(재)한국품질재단,,업체 우선
259,환경부,건국대학교,2021,사업장,건물,72691.0,1464.0,(재)한국품질재단,,단일 사업장
260,환경부,경기도 광주시,2021,업체,수도사업,55226.0,914.0,㈜한국품질보증원,,업체 우선
261,환경부,경북대학교,2021,업체,건물,35680.0,737.0,㈜한국품질보증원,,업체 우선
262,환경부,경산시,2021,업체,지정외 폐기물처리업 등,60208.0,350.0,㈜한국품질보증원,,업체 우선
263,환경부,경산제지 주식회사,2021,업체,산업,107788.0,1033.0,한국표준협회,,업체 우선
264,국토교통부,경원여객자동차(주),2021,사업장,교통(여객),48051.0,810.0,한국표준협회,,사업장 2개 합산
266,환경부,경인환경에너지 주식회사,2021,사업장,폐기물,63100.0,166.0,이큐에이㈜,,단일 사업장
267,국토교통부,경전여객자동차(주),2021,사업장,교통(여객),7873.0,112.0,한국표준협회,,단일 사업장
268,환경부,경주시,2021,업체,폐기물,74694.0,603.0,㈜한국품질보증원,,업체 우선
269,환경부,경진여객운수(주),2021,사업장,수송,22013.0,357.0,(주)한국경영인증원,,단일 사업장
270,산업통상자원부,경창산업(주) 본사,2021,사업장,자동차,17073.0,355.0,한국생산성본부인증원(주),,단일 사업장
271,국토교통부,계명대학교동산의료원,2021,사업장,건물,21454.0,437.0,(주)한국경영인증원,,단일 사업장
272,환경부,고려강선(주),2021,업체,산업,87940.0,1857.0,한국생산성본부인증원(주),,업체 우선
273,해양수산부,고려고속훼리(주),2021,사업장,교통(해운),21510.0,309.0,한국표준협회,,단일 사업장
274,환경부,고려기초소재,2021,사업장,산업,25234.0,445.0,한국표준협회,,단일 사업장
275,환경부,고려아연 주식회사,2021,업체,산업,3553283.0,50368.0,(재)한국품질재단,,업체 우선
276,산업통상자원부,고려용접봉 주식회사 창원공장,2021,사업장,기계,19131.0,393.0,㈜한국품질보증원,,단일 사업장
277,환경부,고려제강(주),2021,업체,산업,100518.0,2054.0,한국생산성본부인증원(주),,업체 우선
278,산업통상자원부,고려특수선재(주),2021,사업장,철강,24615.0,513.0,한국생산성본부인증원(주),,단일 사업장
279,산업통상자원부,고성그린파워 주식회사,2021,업체,발전에너지,7414927.0,80558.0,로이드인증원㈜,,업체 우선
280,환경부,고양시,2021,업체,폐기물,151912.0,1102.0,㈜한국품질보증원,,업체 우선
281,환경부,공항철도(주),2021,업체,수송,57356.0,1195.0,대일이엔씨기술(주),,업체 우선
282,환경부,광명시,2021,업체,폐기물,68379.0,316.0,㈜한국품질보증원,,업체 우선
283,국토교통부,광주과학기술원,2021,사업장,건물,22175.0,458.0,한국표준협회,,단일 사업장
284,환경부,광주광역시,2021,업체,폐기물,187462.0,1553.0,(재)한국품질재단,,업체 우선
285,국토교통부,광주광역시도시철도공사,2021,사업장,교통(철도),18540.0,386.0,한국표준협회,,단일 사업장
286,환경부,광진산업(주),2021,업체,산업,75022.0,223.0,한국생산성본부인증원(주),,업체 우선
287,환경부,구리시,2021,업체,폐기물,64211.0,705.0,㈜한국품질보증원,,업체 우선
288,환경부,구미시,2021,업체,폐기물,199382.0,1210.0,㈜한국품질보증원,,업체 우선
289,환경부,국도화학(주),2021,업체,산업,40980.0,1634.0,로이드인증원㈜,,업체 우선
290,환경부,국립대학법인 서울대학교,2021,업체,건물,141334.0,2905.0,(재)한국품질재단,,업체 우선
291,국토교통부,국립암센터,2021,사업장,건물,20130.0,426.0,이큐에이㈜,,단일 사업장
292,국토교통부,국방과학연구소,2021,사업장,건물,20056.0,413.0,(재)한국품질재단,,단일 사업장
293,환경부,국일제지(주),2021,사업장,산업,43962.0,1133.0,이큐에이㈜,,단일 사업장
294,국토교통부,국회사무처,2021,사업장,건물,20989.0,442.0,한국표준협회,,단일 사업장
295,환경부,군산시,2021,업체,폐기물,122989.0,541.0,㈜한국품질보증원,,업체 우선
296,환경부,군포시,2021,사업장,폐기물,42342.0,202.0,㈜한국품질보증원,,단일 사업장
297,환경부,그린케미칼 주식회사,2021,사업장,산업,53766.0,1242.0,한국가스안전공사,,단일 사업장
298,산업통상자원부,금강공업(주) 음성 제2공장,2021,사업장,비철금속,19034.0,327.0,(주)한국경영인증원,,단일 사업장
299,해양수산부,금진해운(주),2021,사업장,교통(해운),17764.0,246.0,㈜디엔브이비즈니스어슈어런스코리아,,단일 사업장
300,환경부,금호고속(주),2021,업체,수송,5973.0,123.0,(주)한국경영인증원,,업체 우선
301,환경부,금호미쓰이화학 주식회사,2021,업체,산업,104461.0,1967.0,(재)한국품질재단,,업체 우선
302,환경부,금호석유화학 주식회사,2021,업체,산업,3445054.0,42721.0,한국표준협회,,업체 우선
303,환경부,금호익스프레스 주식회사,2021,사업장,수송,83002.0,1193.0,(주)한국경영인증원,,단일 사업장
304,환경부,금호타이어(주),2021,업체,산업,258334.0,5273.0,지속가능인증원주식회사,,업체 우선
305,환경부,금호폴리켐주식회사,2021,업체,산업,325294.0,5500.0,(재)한국품질재단,,업체 우선
306,환경부,금호피앤비화학 주식회사,2021,업체,산업,959566.0,12608.0,한국표준협회,,업체 우선
307,환경부,기아(주),2021,업체,산업,730585.0,14913.0,로이드인증원㈜,,업체 우선
308,환경부,김천시,2021,업체,폐기물,49185.0,302.0,㈜한국품질보증원,,업체 우선
309,환경부,김천에너지서비스주식회사,2021,업체,전환,676144.0,8156.0,한국표준협회,,업체 우선
310,환경부,김포시,2021,업체,폐기물,55150.0,688.0,한국표준협회,,업체 우선
311,환경부,김포운수(주),2021,사업장,수송,18898.0,350.0,(주)한국경영인증원,,단일 사업장
312,환경부,김해시,2021,업체,폐기물,119627.0,1282.0,(재)한국품질재단,,업체 우선
313,환경부,깨끗한나라 주식회사,2021,업체,산업,348370.0,4667.0,(재)한국품질재단,,업체 우선
314,환경부,나래에너지서비스 주식회사,2021,업체,전환,1814797.0,36160.0,(주)한국경영인증원,,업체 우선
315,환경부,나투라페이퍼 주식회사,2021,업체,산업,162595.0,1243.0,한국표준협회,,업체 우선
316,산업통상자원부,남강제지(주),2021,사업장,제지,29059.0,231.0,(재)한국품질재단,,단일 사업장
317,환경부,남양금속주식회사,2021,업체,산업,67487.0,1261.0,(주)한국경영인증원,,업체 우선
318,환경부,남양유업(주),2021,업체,산업,84889.0,1970.0,한국표준협회,,업체 우선
319,환경부,남양주시,2021,업체,지정외 폐기물처리업,79487.0,1059.0,(재)한국품질재단,,업체 우선
320,환경부,남해화학(주),2021,업체,산업,65613.0,917.0,대일이엔씨기술(주),,업체 우선
321,산업통상자원부,내포그린에너지(주),2021,사업장,집단에너지,24498.0,526.0,대일이엔씨기술(주),,단일 사업장
322,환경부,네이버 주식회사,2021,사업장,산업,78884.0,1646.0,한국표준협회,,단일 사업장
323,환경부,네이처이앤티(주),2021,업체,폐기물,206349.0,358.0,(주)비에스아이그룹코리아,,업체 우선
324,산업통상자원부,네패스,2021,사업장,반도체,15542.0,321.0,(주)비에스아이그룹코리아,,단일 사업장
325,환경부,넥센타이어(주),2021,업체,산업,205464.0,4124.0,(주)한국경영인증원,,업체 우선
326,환경부,노벨리스코리아 주식회사,2021,업체,산업,286981.0,5684.0,(주)한국경영인증원,,업체 우선
327,환경부,녹십자,2021,사업장,산업,68162.0,1618.0,(재)한국품질재단,,단일 사업장
328,국토교통부,농협은행(주),2021,업체,건물,95692.0,1443.0,한국표준협회,,업체 우선
329,환경부,능원금속공업 주식회사,2021,사업장,산업,25944.0,535.0,(주)한국경영인증원,,단일 사업장
330,환경부,담우물산(주),2021,업체,산업,63372.0,201.0,(주)한국경영인증원,,업체 우선
331,환경부,당진시 자원순환센터,2021,사업장,지정외 폐기물처리업 등,14576.0,91.0,한국표준협회,,단일 사업장
332,환경부,대구광역시,2021,업체,폐기물,604219.0,4788.0,㈜한국품질보증원,,업체 우선
333,환경부,대구그린파워(주),2021,업체,전환,902650.0,17964.0,이큐에이㈜,,업체 우선
334,환경부,대구도시철도공사,2021,업체,수송,100150.0,2089.0,(주)한국경영인증원,,업체 우선
335,환경부,대구염색산업단지관리공단,2021,업체,전환,691588.0,7794.0,이큐에이㈜,,업체 우선
336,환경부,대구텍 유한책임회사,2021,사업장,산업,,,한국표준협회,,단일 사업장
337,환경부,대덕전자 주식회사,2021,업체,산업,142823.0,2917.0,한국표준협회,,업체 우선
338,환경부,대동금속(주),2021,사업장,산업,42559.0,825.0,(주)한국경영인증원,,단일 사업장
339,환경부,대동산업주식회사,2021,업체,산업,24918.0,403.0,이큐에이㈜,,업체 우선
340,환경부,대상 주식회사,2021,업체,산업,525562.0,11194.0,(주)한국경영인증원,,업체 우선
341,환경부,대성목재공업(주),2021,사업장,산업,30751.0,607.0,한국표준협회,,단일 사업장
342,환경부,대성엠디아이(주),2021,업체,산업,172310.0,788.0,(주)한국경영인증원,,업체 우선
343,환경부,대성지엠텍(주),2021,업체,산업,129756.0,334.0,(주)한국경영인증원,,업체 우선
344,산업통상자원부,대신염직공업(주),2021,사업장,섬유,13870.0,291.0,이큐에이㈜,,단일 사업장
345,환경부,대신정기화물자동차(주),2021,업체,수송,53198.0,757.0,(주)한국경영인증원,,업체 우선
346,산업통상자원부,대양금속(주),2021,사업장,기계,20013.0,397.0,(재)한국품질재단,,단일 사업장
347,환경부,대양제지공업(주),2021,업체,산업,58589.0,680.0,한국표준협회,,업체 우선
348,산업통상자원부,대용산업 시흥 제2공장,2021,사업장,기계,17678.0,363.0,한국표준협회,,단일 사업장
349,환경부,대우조선해양(주),2021,업체,산업,296766.0,5416.0,(재)한국품질재단,,업체 우선
350,환경부,대원강업(주),2021,사업장,산업,47680.0,966.0,로이드인증원㈜,,단일 사업장
351,환경부,대원그린에너지(주),2021,사업장,폐기물,56072.0,457.0,한국표준협회,,단일 사업장
352,산업통상자원부,대원화성(주),2021,사업장,석유화학,17816.0,320.0,한국표준협회,,단일 사업장
353,환경부,대일개발 주식회사,2021,사업장,폐기물,54901.0,168.0,로이드인증원㈜,,단일 사업장
354,환경부,대전광역시,2021,업체,폐기물,314720.0,3029.0,한국표준협회,,업체 우선
355,국토교통부,대전교통공사,2021,사업장,교통(철도),16981.0,353.0,(주)신화엔지니어링종합건축사사무소,,단일 사업장
356,환경부,대전열병합발전주식회사,2021,업체,전환,171233.0,3360.0,한국표준협회,,업체 우선
357,산업통상자원부,대창단조(주),2021,사업장,기계,13870.0,287.0,이큐에이㈜,,단일 사업장
358,환경부,대창운수(주),2021,사업장,수송,21561.0,404.0,한국표준협회,,단일 사업장
359,산업통상자원부,대한광통신 주식회사,2021,사업장,전기전자,15069.0,314.0,(주)한국경영인증원,,단일 사업장
360,환경부,대한방직(주),2021,사업장,산업,34431.0,518.0,한국표준협회,,단일 사업장
361,농림축산식품부,대한사료(주),2021,사업장,식료품 제조업,13332.0,272.0,대일이엔씨기술(주),,단일 사업장
362,환경부,대한석탄공사,2021,사업장,산업,200128.0,791.0,한국생산성본부인증원(주),,단일 사업장
363,산업통상자원부,대한소결금속(주),2021,사업장,자동차,21638.0,441.0,한국표준협회,,단일 사업장
364,환경부,대한슬래그 주식회사,2021,사업장,산업,31916.0,580.0,한국표준협회,,단일 사업장
365,환경부,대한시멘트주식회사,2021,사업장,산업,76546.0,1390.0,한국표준협회,,단일 사업장
366,산업통상자원부,대한약품공업(주),2021,사업장,석유화학,17002.0,363.0,(주)한국경영인증원,,단일 사업장
367,환경부,대한유화 주식회사,2021,업체,산업,1730375.0,35091.0,한국가스안전공사,,업체 우선
368,환경부,대한전선 주식회사,2021,사업장,산업,38996.0,787.0,이큐에이㈜,,단일 사업장
369,환경부,대한제강(주),2021,업체,산업,403216.0,7179.0,한국표준협회,,업체 우선
370,환경부,대한제당 주식회사,2021,업체,산업,73001.0,1456.0,(재)한국품질재단,,업체 우선
371,농림축산식품부,대한제분(주),2021,사업장,식료품 제조업,21130.0,440.0,대일이엔씨기술(주),,단일 사업장
372,환경부,대한제지주식회사,2021,업체,산업,202977.0,2464.0,한국표준협회,,업체 우선
373,산업통상자원부,대한조선주식회사,2021,사업장,조선,22520.0,373.0,한국표준협회,,단일 사업장
374,산업통상자원부,대한특수금속(주),2021,사업장,철강,15370.0,277.0,이큐에이㈜,,단일 사업장
375,환경부,대한항공,2021,업체,수송,388230.0,5915.0,㈜디엔브이비즈니스어슈어런스코리아,,업체 우선
376,환경부,대한화섬(주),2021,업체,산업,49005.0,1094.0,한국표준협회,,업체 우선
377,산업통상자원부,더블유스코프코리아(주) 1공장,2021,사업장,석유화학,15742.0,562.0,㈜한국품질보증원,,단일 사업장
378,산업통상자원부,더블유스코프코리아(주) 2공장,2021,사업장,석유화학,19077.0,534.0,㈜한국품질보증원,,단일 사업장
379,산업통상자원부,더블유씨피 주식회사,2021,사업장,전기전자,70591.0,1434.0,한국표준협회,,단일 사업장
380,환경부,데이원에너지 주식회사,2021,업체,전환,1303693.0,14137.0,한국표준협회,,업체 우선
381,산업통상자원부,덴소코리아 주식회사,2021,사업장,자동차,11913.0,242.0,이큐에이㈜,,단일 사업장
382,환경부,도레이배터리세퍼레이터필름 한국유한회사,2021,사업장,산업,119525.0,2431.0,한국표준협회,,단일 사업장
383,산업통상자원부,도레이비에스에프코팅한국 유한회사,2021,업체,전기전자,106275.0,475.0,㈜디엔브이비즈니스어슈어런스코리아,,업체 우선
384,환경부,도레이첨단소재 주식회사,2021,업체,산업,691597.0,13918.0,(주)비에스아이그룹코리아,,업체 우선
385,환경부,도명특송(주),2021,사업장,수송,21298.0,303.0,한국표준협회,,단일 사업장
386,환경부,동국산업(주),2021,사업장,산업,41422.0,823.0,한국표준협회,,단일 사업장
387,환경부,동국제강 주식회사,2021,업체,산업,1877157.0,32413.0,(재)한국품질재단,,업체 우선
388,산업통상자원부,동남정밀 주식회사,2021,사업장,자동차,9887.0,204.0,한국표준협회,,단일 사업장
389,환경부,동두천드림파워,2021,업체,전환,2277236.0,45315.0,대일이엔씨기술(주),,업체 우선
390,환경부,동두천시공공하수처리장,2021,사업장,폐기물,6706.0,113.0,(재)한국품질재단,,단일 사업장
391,환경부,동서석유화학 주식회사,2021,업체,산업,412906.0,2379.0,로이드인증원㈜,,업체 우선
392,환경부,동서식품(주),2021,업체,산업,125973.0,2719.0,(재)한국품질재단,,업체 우선
393,산업통상자원부,동서페더럴모굴(주),2021,사업장,자동차,21345.0,441.0,(주)비에스아이그룹코리아,,단일 사업장
394,국토교통부,동성교통(주),2021,사업장,교통(여객),15215.0,287.0,(주)한국경영인증원,,단일 사업장
395,국토교통부,동성화물자동차(주),2021,사업장,교통(화물),16239.0,231.0,(주)한국경영인증원,,단일 사업장
396,산업통상자원부,동성화학공업(주),2021,사업장,석유화학,17785.0,363.0,한국표준협회,,단일 사업장
397,국토교통부,동아운수(주),2021,사업장,교통(여객),16863.0,317.0,(주)한국경영인증원,,단일 사업장
398,산업통상자원부,동양산업(주) 성산지점,2021,사업장,자동차,15455.0,322.0,(주)한국경영인증원,,단일 사업장
399,환경부,동양피스톤(주),2021,사업장,산업,25771.0,530.0,이큐에이㈜,,단일 사업장
400,환경부,동우화인켐주식회사,2021,업체,산업,409925.0,6465.0,(재)한국품질재단,,업체 우선
401,환경부,동원로엑스(주),2021,사업장,수송,60644.0,974.0,한국표준협회,,단일 사업장
402,환경부,동원시스템즈(주),2021,사업장,비철금속,278117.0,4887.0,(재)한국품질재단,,단일 사업장
403,환경부,동원페이퍼(주),2021,업체,산업,99991.0,1654.0,(재)한국화학융합시험연구원,,업체 우선
404,산업통상자원부,동은단조(주) 밀양공장,2021,사업장,자동차,20772.0,431.0,㈜한국품질보증원,,단일 사업장
405,산업통상자원부,동은단조(주) 부산공장,2021,사업장,기계,14605.0,302.0,㈜한국품질보증원,,단일 사업장
406,환경부,동일산업주식회사,2021,업체,산업,292082.0,3483.0,한국표준협회,,업체 우선
407,산업통상자원부,동일알루미늄(주),2021,사업장,비철금속,20124.0,417.0,한국표준협회,,단일 사업장
408,산업통상자원부,동일제강(주),2021,사업장,철강,23167.0,439.0,한국표준협회,,단일 사업장
409,환경부,동일팩키지(주)진주공장,2021,사업장,산업,48628.0,421.0,(재)한국품질재단,,단일 사업장
410,환경부,동화기업(주),2021,업체,산업,117179.0,2304.0,한국표준협회,,업체 우선
411,산업통상자원부,동화지앤피 주식회사,2021,사업장,유리,19572.0,304.0,(주)한국경영인증원,,단일 사업장
412,환경부,동희오토(주),2021,사업장,산업,31706.0,640.0,(주)한국경영인증원,,단일 사업장
413,산업통상자원부,두산메카텍 주식회사,2021,사업장,기계,12571.0,218.0,(주)한국경영인증원,,단일 사업장
414,환경부,두산에너빌리티(주),2021,업체,산업,200301.0,3837.0,(재)한국품질재단,,업체 우선
415,환경부,두원중공업(주),2021,사업장,산업,28023.0,578.0,(주)신화엔지니어링종합건축사사무소,,단일 사업장
416,환경부,디아이지에어가스 주식회사,2021,업체,산업,828720.0,17265.0,㈜한국품질보증원,,업체 우선
417,환경부,디에스파워 주식회사,2021,업체,전환,1066341.0,21265.0,이큐에이㈜,,업체 우선
418,환경부,디엘 주식회사,2021,업체,산업,2062.0,42.0,한국가스안전공사,,업체 우선
419,환경부,디엘모터스(주),2021,사업장,산업,53424.0,1094.0,(주)한국경영인증원,,단일 사업장
420,환경부,디엘에프엔씨 주식회사,2021,사업장,산업,22406.0,464.0,한국가스안전공사,,단일 사업장
421,국토교통부,디엘이앤씨(주),2021,업체,건설,49944.0,944.0,한국표준협회,,업체 우선
422,환경부,디엘케미칼 주식회사,2021,업체,산업,267675.0,4899.0,한국가스안전공사,,업체 우선
423,산업통상자원부,디케이동신(주),2021,사업장,철강,28513.0,510.0,한국표준협회,,단일 사업장
424,국토교통부,람정제주개발 주식회사,2021,사업장,건물,34388.0,679.0,(주)한국경영인증원,,단일 사업장
425,국토교통부,롯데글로벌로지스(주),2021,사업장,교통(화물),54121.0,1045.0,한국표준협회,,단일 사업장
426,환경부,롯데네슬레코리아(주),2021,사업장,산업,32269.0,630.0,(재)한국품질재단,,단일 사업장
427,환경부,롯데물산(주),2021,사업장,건물,35817.0,741.0,이큐에이㈜,,단일 사업장
428,환경부,롯데베르살리스엘라스토머스(주),2021,업체,산업,155989.0,2816.0,한국표준협회,,업체 우선
429,환경부,롯데쇼핑 주식회사,2021,업체,건물,679969.0,13542.0,한국표준협회,,업체 우선
430,환경부,롯데알미늄 주식회사,2021,업체,산업,72329.0,1408.0,(재)한국품질재단,,업체 우선
431,환경부,롯데엠시시 주식회사,2021,업체,산업,332670.0,2693.0,한국표준협회,,업체 우선
432,환경부,롯데이네오스화학 주식회사,2021,업체,산업,252233.0,3675.0,한국표준협회,,업체 우선
433,환경부,롯데정밀화학 주식회사,2021,업체,산업,687673.0,15975.0,로이드인증원㈜,,업체 우선
434,환경부,롯데정보통신(주),2021,사업장,산업,93362.0,1947.0,한국표준협회,,단일 사업장
435,환경부,롯데제과 주식회사,2021,업체,산업,238376.0,4801.0,(주)한국경영인증원,,업체 우선
436,환경부,롯데칠성음료 주식회사,2021,업체,산업,162748.0,3131.0,(주)한국경영인증원,,업체 우선
437,국토교통부,롯데컬처웍스(주),2021,업체,건물,48476.0,962.0,한국표준협회,,업체 우선
438,환경부,롯데케미칼 주식회사,2021,업체,산업,7059734.0,125886.0,(재)한국품질재단,,업체 우선
439,환경부,롯데푸드(주),2021,업체,산업,114086.0,2250.0,(주)한국경영인증원,,업체 우선
440,환경부,르노코리아자동차(주),2021,업체,산업,73264.0,1528.0,(주)한국경영인증원,,업체 우선
441,환경부,린데코리아 주식회사,2021,업체,산업,796453.0,16199.0,(재)한국품질재단,,업체 우선
442,환경부,만호제강(주),2021,사업장,산업,42608.0,870.0,한국표준협회,,단일 사업장
443,환경부,맑은누리파크,2021,업체,지정외 폐기물처리업,93671.0,532.0,한국산업기술시험원,,업체 우선
444,환경부,매그나칩반도체(유),2021,업체,산업,144287.0,1328.0,(주)비에스아이그룹코리아,,업체 우선
445,환경부,매일유업(주),2021,업체,산업,120934.0,2330.0,(주)한국경영인증원,,업체 우선
446,환경부,명성운수(주),2021,사업장,수송,20822.0,334.0,이큐에이㈜,,단일 사업장
447,산업통상자원부,명화공업(주) 아산공장,2021,사업장,자동차,26789.0,544.0,한국표준협회,,단일 사업장
448,환경부,목포시,2021,업체,폐기물,67078.0,372.0,이큐에이㈜,,업체 우선
449,환경부,무림에스피(주),2021,업체,산업,48449.0,979.0,한국표준협회,,업체 우선
450,환경부,무림파워텍 주식회사,2021,업체,전환,191170.0,2958.0,한국표준협회,,업체 우선
451,환경부,무림페이퍼(주),2021,업체,산업,212197.0,4358.0,한국표준협회,,업체 우선
452,환경부,무림피앤피(주),2021,업체,산업,244396.0,13793.0,한국표준협회,,업체 우선
453,환경부,문경시 하수도사업소,2021,사업장,폐기물,9737.0,141.0,(재)한국화학융합시험연구원,,단일 사업장
454,국토교통부,문화방송,2021,사업장,건물,16633.0,361.0,(주)한국경영인증원,,단일 사업장
455,산업통상자원부,미래나노텍(주),2021,사업장,전기전자,21744.0,443.0,(주)한국경영인증원,,단일 사업장
456,산업통상자원부,미쓰이케미칼앤드에스케이씨폴리우레탄 주식회사,2021,사업장,석유화학,23789.0,533.0,한국표준협회,,단일 사업장
457,산업통상자원부,미원상사(주) 전주2공장,2021,사업장,석유화학,23671.0,450.0,대일이엔씨기술(주),,단일 사업장
458,환경부,미원스페셜티케미칼(주)충주공장,2021,사업장,산업,59468.0,1348.0,이큐에이㈜,,단일 사업장
459,환경부,바스프퍼포먼스폴리아마이드코리아 주식회사,2021,업체,산업,82643.0,1844.0,한국표준협회,,업체 우선
460,환경부,백광산업 주식회사,2021,업체,산업,208823.0,4193.0,한국표준협회,,업체 우선
461,환경부,버슘머트리얼즈피엠코리아,2021,사업장,산업,28280.0,590.0,로이드인증원㈜,,단일 사업장
462,국토교통부,범일운수,2021,사업장,교통(여객),16695.0,314.0,(주)한국경영인증원,,단일 사업장
463,환경부,베올리아워터코리아대산(주),2021,업체,공공·기타,79389.0,1653.0,(주)한국경영인증원,,업체 우선
464,환경부,별내에너지 주식회사,2021,업체,전환,184048.0,3648.0,한국표준협회,,업체 우선
465,환경부,보령시 생활폐기물처리장,2021,사업장,폐기물,51013.0,311.0,(재)한국품질재단,,단일 사업장
466,환경부,보령엘엔지터미널 주식회사,2021,사업장,전환,49489.0,1002.0,㈜한국품질보증원,,단일 사업장
467,국토교통부,보영운수(주),2021,사업장,교통(여객),15714.0,264.0,한국표준협회,,단일 사업장
468,산업통상자원부,볼보그룹코리아(주),2021,사업장,기계,21141.0,413.0,한국표준협회,,단일 사업장
469,환경부,부산광역시,2021,업체,폐기물,865313.0,9808.0,지속가능인증원주식회사,,업체 우선
470,국토교통부,부산교통(주),2021,사업장,교통(여객),13102.0,189.0,한국표준협회,,단일 사업장
471,환경부,부산교통공사,2021,업체,수송,163780.0,3418.0,(재)한국품질재단,,업체 우선
472,국토교통부,부산대학교,2021,사업장,건물,24381.0,508.0,㈜한국품질보증원,,단일 사업장
473,국토교통부,부산대학교병원,2021,사업장,건물,18305.0,378.0,한국표준협회,,단일 사업장
474,환경부,부산정관에너지(주),2021,사업장,전환,73917.0,1466.0,(주)신화엔지니어링종합건축사사무소,,단일 사업장
475,환경부,부산주공(주),2021,업체,산업,96841.0,1821.0,㈜한국품질보증원,,업체 우선
476,환경부,부산패션칼라산업협동조합,2021,업체,전환,143153.0,2051.0,이큐에이㈜,,업체 우선
477,환경부,부천시,2021,업체,폐기물,150815.0,1537.0,㈜한국품질보증원,,업체 우선
478,국토교통부,북부운수(주),2021,사업장,교통(여객),14191.0,268.0,(주)한국경영인증원,,단일 사업장
479,농림축산식품부,브리티쉬아메리칸토바코코리아제조(주),2021,사업장,담배제조업,22734.0,469.0,한국표준협회,,단일 사업장
480,환경부,브이피에이치메탈 유한회사,2021,사업장,산업,34100.0,630.0,㈜한국품질보증원,,단일 사업장
481,환경부,비노텍 주식회사,2021,사업장,폐기물,92199.0,66.0,이큐에이㈜,,단일 사업장
482,환경부,비를라카본코리아(주),2021,업체,산업,130409.0,476.0,㈜디엔브이비즈니스어슈어런스코리아,,업체 우선
483,산업통상자원부,비테스코테크놀로지스코리아 주식회사,2021,사업장,자동차,15655.0,321.0,(주)한국경영인증원,,단일 사업장
484,환경부,사회복지법인 삼성생명공익재단,2021,업체,건물,86504.0,1771.0,(재)한국품질재단,,업체 우선
485,산업통상자원부,삼강에스앤씨(주),2021,사업장,조선,24773.0,398.0,(재)한국품질재단,,단일 사업장
486,산업통상자원부,삼강엠앤티,2021,사업장,조선,21299.0,377.0,한국표준협회,,단일 사업장
487,환경부,삼남석유화학주식회사,2021,업체,산업,195838.0,2624.0,한국표준협회,,업체 우선
488,환경부,삼목에스폼(주),2021,사업장,산업,44991.0,817.0,한국표준협회,,단일 사업장
489,산업통상자원부,삼미금속(주),2021,사업장,철강,18407.0,375.0,한국표준협회,,단일 사업장
490,환경부,삼보산업 주식회사,2021,사업장,산업,48535.0,748.0,한국표준협회,,단일 사업장
491,환경부,삼성디스플레이 주식회사,2021,업체,산업,4675858.0,71875.0,(주)비에스아이그룹코리아,,업체 우선
492,환경부,삼성물산 주식회사,2021,업체,산업,85736.0,1830.0,(주)한국경영인증원,,업체 우선
493,환경부,삼성바이오로직스 주식회사,2021,사업장,산업,130867.0,2678.0,대일이엔씨기술(주),,단일 사업장
494,국토교통부,삼성생명보험 주식회사,2021,업체,건물,62086.0,889.0,(재)한국품질재단,,업체 우선
495,환경부,삼성에스디아이 주식회사,2021,업체,산업,587846.0,12182.0,한국표준협회,,업체 우선
496,환경부,삼성에스디에스(주),2021,업체,산업,101882.0,2117.0,(주)한국경영인증원,,업체 우선
497,환경부,삼성전기 주식회사,2021,업체,산업,458723.0,9568.0,(주)비에스아이그룹코리아,,업체 우선
498,환경부,삼성전자 주식회사,2021,업체,산업,14494447.0,200500.0,(재)한국품질재단,,업체 우선
499,환경부,삼성중공업 주식회사,2021,업체,산업,370768.0,6509.0,한국표준협회,,업체 우선
500,환경부,삼성코닝어드밴스드글라스 유한회사,2021,사업장,산업,40849.0,834.0,로이드인증원㈜,,단일 사업장
501,산업통상자원부,삼신정밀(주),2021,사업장,자동차,23177.0,477.0,한국표준협회,,단일 사업장
502,산업통상자원부,삼아알미늄주식회사,2021,사업장,비철금속,19453.0,398.0,한국표준협회,,단일 사업장
503,환경부,삼양식품(주) 원주공장,2021,사업장,산업,49583.0,1061.0,(주)비에스아이그룹코리아,,단일 사업장
504,환경부,삼양이노켐 주식회사,2021,업체,산업,116119.0,1672.0,한국표준협회,,업체 우선
505,산업통상자원부,삼양통상(주),2021,사업장,섬유,13533.0,274.0,이큐에이㈜,,단일 사업장
506,환경부,삼양화성주식회사,2021,업체,산업,94450.0,2318.0,한국표준협회,,업체 우선
507,산업통상자원부,삼양화인테크놀로지(주),2021,사업장,석유화학,21973.0,348.0,한국표준협회,,단일 사업장
508,산업통상자원부,삼영산업,2021,사업장,요업,32577.0,594.0,이큐에이㈜,,단일 사업장
509,환경부,삼영운수(주),2021,사업장,수송,27081.0,467.0,한국표준협회,,단일 사업장
510,환경부,삼영전자공업(주),2021,업체,산업,124612.0,2680.0,한국산업기술시험원,,업체 우선
511,환경부,삼영화학공업(주),2021,사업장,산업,31827.0,653.0,한국표준협회,,단일 사업장
512,산업통상자원부,삼우중공업 주식회사,2021,사업장,조선,13514.0,215.0,(주)한국경영인증원,,단일 사업장
513,환경부,삼정펄프(주),2021,업체,산업,145995.0,1362.0,(주)비에스아이그룹코리아,,업체 우선
514,환경부,삼표시멘트,2021,업체,산업,5912105.0,33733.0,(재)한국품질재단,,업체 우선
515,환경부,삼표자원개발주식회사,2021,사업장,산업,29238.0,542.0,(재)한국품질재단,,단일 사업장
516,해양수산부,삼표해운주식회사,2021,업체,교통(해운),71985.0,987.0,(재)한국품질재단,,업체 우선
517,산업통상자원부,삼호제강주식회사,2021,사업장,철강,19227.0,385.0,이큐에이㈜,,단일 사업장
518,산업통상자원부,삼화왕관(주),2021,사업장,기계,17841.0,362.0,한국표준협회,,단일 사업장
519,환경부,삼화제지(주),2021,사업장,산업,23220.0,781.0,한국표준협회,,단일 사업장
520,산업통상자원부,삼화콘덴서공업(주),2021,사업장,전기전자,22981.0,479.0,한국표준협회,,단일 사업장
521,환경부,삼흥열처리,2021,사업장,산업,28185.0,580.0,이큐에이㈜,,단일 사업장
522,해양수산부,상지해운(주),2021,사업장,교통(해운),20342.0,279.0,㈜디엔브이비즈니스어슈어런스코리아,,단일 사업장
523,산업통상자원부,새론오토모티브(주),2021,사업장,자동차,21933.0,347.0,이큐에이㈜,,단일 사업장
524,국토교통부,새한특수(주),2021,사업장,교통(화물),16847.0,239.0,한국표준협회,,단일 사업장
525,환경부,생고뱅이소바코리아 주식회사,2021,사업장,산업,36613.0,723.0,이큐에이㈜,,단일 사업장
526,환경부,서산시 공공하수처리장,2021,사업장,하수처리업,16981.0,165.0,한국표준협회,,단일 사업장
527,농림축산식품부,서안주정(주),2021,사업장,음료제조업,8235.0,273.0,한국표준협회,,단일 사업장
528,농림축산식품부,서영주정(주),2021,사업장,음료제조업,21571.0,426.0,(재)한국품질재단,,단일 사업장
529,환경부,서울교통공사,2021,업체,수송,642327.0,13408.0,대일이엔씨기술(주),,업체 우선
530,국토교통부,서울교통네트웍(주),2021,사업장,교통(여객),14491.0,273.0,(주)한국경영인증원,,단일 사업장
531,환경부,서울대학교병원,2021,업체,건물,91756.0,1910.0,한국표준협회,,업체 우선
532,환경부,서울바이오시스(주),2021,사업장,산업,76153.0,1501.0,로이드인증원㈜,,단일 사업장
533,산업통상자원부,서울반도체,2021,사업장,반도체,9273.0,193.0,로이드인증원㈜,,단일 사업장
534,환경부,서울시메트로 9호선(주),2021,사업장,수송,45248.0,943.0,이큐에이㈜,,단일 사업장
535,환경부,서울에너지공사,2021,업체,전환,277589.0,5529.0,한국표준협회,,업체 우선
536,농림축산식품부,서울우유협동조합,2021,업체,식료품 제조업,70000.0,1434.0,한국표준협회,,업체 우선
537,환경부,서울특별시,2021,업체,폐기물,1517172.0,12837.0,(재)한국품질재단,,업체 우선
538,환경부,서울특별시농수산식품공사,2021,사업장,건물,63707.0,1326.0,(주)한국경영인증원,,단일 사업장
539,국토교통부,서울파이낸스센터(주),2021,사업장,건물,10874.0,224.0,한국생산성본부인증원(주),,단일 사업장
540,산업통상자원부,서진산업(주) 경주공장,2021,사업장,자동차,17553.0,342.0,한국표준협회,,단일 사업장
541,환경부,서한이앤피주식회사,2021,업체,산업,57643.0,1145.0,이큐에이㈜,,업체 우선
542,환경부,서해그린환경(주),2021,사업장,폐기물,23128.0,82.0,(재)한국품질재단,,단일 사업장
543,산업통상자원부,선도화학(주),2021,사업장,석유화학,22549.0,470.0,한국가스안전공사,,단일 사업장
544,환경부,선진버스(주),2021,사업장,수송,17348.0,315.0,(주)한국경영인증원,,단일 사업장
545,환경부,성남시,2021,업체,폐기물,255574.0,1548.0,㈜한국품질보증원,,업체 우선
546,환경부,성남시내버스(주),2021,사업장,수송,29526.0,538.0,㈜한국품질보증원,,단일 사업장
547,환경부,성림유화 주식회사,2021,업체,폐기물,223083.0,154.0,로이드인증원㈜,,업체 우선
548,산업통상자원부,성보공업(주),2021,사업장,철강,21694.0,422.0,한국표준협회,,단일 사업장
549,환경부,성신씨엠 주식회사,2021,사업장,산업,26733.0,545.0,한국표준협회,,단일 사업장
550,환경부,성신양회(주),2021,업체,산업,4948818.0,27795.0,한국표준협회,,업체 우선
551,환경부,성안합섬(주),2021,업체,산업,71101.0,1455.0,이큐에이㈜,,업체 우선
552,산업통상자원부,성일요업주식회사,2021,사업장,요업,18779.0,353.0,한국표준협회,,단일 사업장
553,환경부,성창보드(주),2021,사업장,산업,32368.0,660.0,㈜한국품질보증원,,단일 사업장
554,환경부,성훈엔지니어링주식회사,2021,사업장,산업,40483.0,806.0,한국가스안전공사,,단일 사업장
555,산업통상자원부,세메스(주),2021,사업장,기계,33825.0,608.0,한국표준협회,,단일 사업장
556,환경부,세방(주),2021,사업장,수송,29289.0,459.0,(주)한국경영인증원,,단일 사업장
557,환경부,세방전지(주),2021,업체,산업,137550.0,2841.0,이큐에이㈜,,업체 우선
558,환경부,세종시 수질복원센터A,2021,사업장,하수처리업,49879.0,577.0,(재)한국품질재단,,단일 사업장
559,환경부,세하(주),2021,업체,산업,157368.0,1849.0,이큐에이㈜,,업체 우선
560,산업통상자원부,세화금속공업(주) 다산공장,2021,사업장,철강,13746.0,254.0,이큐에이㈜,,단일 사업장
561,환경부,셀트리온,2021,사업장,산업,54615.0,1117.0,(주)한국경영인증원,,단일 사업장
562,환경부,셰플러코리아 유한책임회사,2021,업체,산업,95959.0,1992.0,로이드인증원㈜,,업체 우선
563,환경부,소신여객자동차(주),2021,사업장,수송,20730.0,388.0,한국표준협회,,단일 사업장
564,환경부,속초시 환경자원사업소,2021,사업장,지정외 폐기물처리업,19236.0,337.0,(주)한국경영인증원,,단일 사업장
565,산업통상자원부,솔베이실리카코리아(주),2021,사업장,석유화학,38189.0,830.0,이큐에이㈜,,단일 사업장
566,환경부,솔브레인에스엘디 주식회사,2021,사업장,산업,56909.0,1116.0,한국표준협회,,단일 사업장
567,환경부,송원산업(주),2021,업체,산업,161905.0,3224.0,한국표준협회,,업체 우선
568,환경부,송학제지(주),2021,사업장,산업,37142.0,466.0,이큐에이㈜,,단일 사업장
569,환경부,수도권매립지관리공사,2021,업체,폐기물,1594044.0,4693.0,한국산업기술시험원,,업체 우선
570,환경부,수완에너지 주식회사,2021,업체,전환,171322.0,3401.0,(주)한국경영인증원,,업체 우선
571,환경부,수원시,2021,업체,폐기물,185611.0,1576.0,㈜한국품질보증원,,업체 우선
572,국토교통부,수원애경역사 주식회사,2021,사업장,건물,14789.0,305.0,한국표준협회,,단일 사업장
573,환경부,수원여객운수(주),2021,사업장,수송,33198.0,627.0,한국표준협회,,단일 사업장
574,국토교통부,수협노량진수산 주식회사,2021,사업장,건물,16392.0,342.0,(주)한국경영인증원,,단일 사업장
575,환경부,순천시,2021,업체,폐기물,75917.0,477.0,한국산업기술시험원,,업체 우선
576,산업통상자원부,스미토모세이카폴리머스코리아(주),2021,사업장,석유화학,42689.0,1534.0,한국표준협회,,단일 사업장
577,환경부,스테코(주),2021,사업장,산업,41914.0,872.0,한국표준협회,,단일 사업장
578,환경부,스템코(주),2021,사업장,산업,54850.0,1198.0,(주)한국경영인증원,,단일 사업장
579,환경부,시그네틱스(주),2021,사업장,산업,41264.0,854.0,(주)한국경영인증원,,단일 사업장
580,환경부,시흥시,2021,업체,폐기물,112490.0,1109.0,(재)한국품질재단,,업체 우선
581,환경부,신대양제지(주),2021,업체,산업,210095.0,1800.0,한국표준협회,,업체 우선
582,환경부,신대양제지반월(주),2021,업체,산업,102511.0,872.0,한국표준협회,,업체 우선
583,환경부,신대일페이퍼 주식회사,2021,업체,산업,87848.0,376.0,이큐에이㈜,,업체 우선
584,환경부,신대한정유산업 주식회사,2021,사업장,폐기물,103266.0,271.0,(주)한국경영인증원,,단일 사업장
585,국토교통부,신도림테크노마트 주식회사,2021,사업장,건물,14115.0,292.0,(주)한국경영인증원,,단일 사업장
586,환경부,신분당선(주),2021,사업장,수송,26060.0,544.0,(주)한국경영인증원,,단일 사업장
587,국토교통부,신성교통(주),2021,사업장,교통(여객),18314.0,322.0,대일이엔씨기술(주),,단일 사업장
588,국토교통부,신안종합리조트(주),2021,사업장,건물,14010.0,280.0,(주)한국경영인증원,,단일 사업장
589,환경부,신창제지공업주식회사,2021,사업장,산업,27409.0,559.0,한국표준협회,,단일 사업장
590,산업통상자원부,신평택발전(주),2021,업체,발전에너지,2012607.0,40065.0,한국표준협회,,업체 우선
591,산업통상자원부,신한방직 주식회사,2021,사업장,섬유,9679.0,201.0,이큐에이㈜,,단일 사업장
592,산업통상자원부,신한중공업(주),2021,사업장,조선,9245.0,151.0,㈜한국품질보증원,,단일 사업장
593,산업통상자원부,신화인터텍(주),2021,사업장,전기전자,16785.0,342.0,한국표준협회,,단일 사업장
594,산업통상자원부,쌍용기초소재(주),2021,사업장,시멘트,22253.0,403.0,한국표준협회,,단일 사업장
595,환경부,쌍용머티리얼(주),2021,사업장,산업,47345.0,960.0,(재)한국품질재단,,단일 사업장
596,환경부,쌍용씨앤이(주),2021,업체,산업,10610902.0,61361.0,한국표준협회,,업체 우선
597,환경부,쌍용자동차(주),2021,업체,산업,96890.0,1950.0,㈜한국품질보증원,,업체 우선
598,환경부,씨엔씨티에너지 주식회사,2021,사업장,전환,47459.0,946.0,로이드인증원㈜,,단일 사업장
599,환경부,씨월드고속훼리(주),2021,업체,수송,83932.0,1181.0,(주)한국경영인증원,,업체 우선
600,국토교통부,씨제이씨지브이(주),2021,업체,건물,60684.0,1210.0,(주)한국경영인증원,,업체 우선
601,환경부,씨지앤율촌전력 주식회사,2021,업체,전환,2622763.0,51204.0,㈜한국품질보증원,,업체 우선
602,산업통상자원부,아름일렉트로닉스 주식회사,2021,사업장,전기전자,13161.0,273.0,(주)한국경영인증원,,단일 사업장
603,환경부,아반스트레이트코리아 주식회사,2021,업체,산업,30176.0,607.0,㈜한국품질보증원,,업체 우선
604,산업통상자원부,아비코테크 주식회사,2021,사업장,전기전자,10891.0,226.0,(주)한국경영인증원,,단일 사업장
605,환경부,아산시,2021,사업장,폐기물,96393.0,914.0,㈜한국품질보증원,,단일 사업장
606,환경부,아세아시멘트 주식회사,2021,업체,산업,2374957.0,12234.0,한국표준협회,,업체 우선
607,환경부,아세아제지(주),2021,업체,산업,502240.0,4447.0,한국표준협회,,업체 우선
608,환경부,아시아나항공,2021,업체,수송,307634.0,4517.0,로이드인증원㈜,,업체 우선
609,환경부,아주대학교의료원,2021,사업장,건물,29403.0,601.0,한국생산성본부인증원(주),,단일 사업장
610,환경부,안동시 공공하수처리장,2021,사업장,폐기물,15916.0,180.0,(재)한국품질재단,,단일 사업장
611,산업통상자원부,안산도시개발(주),2021,사업장,집단에너지,23741.0,591.0,(재)한국품질재단,,단일 사업장
612,환경부,안산시,2021,업체,폐기물,119657.0,1457.0,㈜한국품질보증원,,업체 우선
613,환경부,안양시,2021,업체,폐기물,110467.0,1101.0,㈜한국품질보증원,,업체 우선
614,환경부,애경케미칼(주),2021,업체,산업,164957.0,1702.0,한국표준협회,,업체 우선
615,환경부,앰코테크놀로지코리아(주),2021,업체,산업,289065.0,5905.0,(주)비에스아이그룹코리아,,업체 우선
616,국토교통부,양산부산대학교병원,2021,사업장,건물,23457.0,484.0,한국산업기술시험원,,단일 사업장
617,환경부,양산시,2021,업체,폐기물,99988.0,803.0,㈜한국품질보증원,,업체 우선
618,환경부,양주시,2021,업체,폐기물,74304.0,792.0,㈜한국품질보증원,,업체 우선
619,환경부,에너원(주),2021,업체,전환,40018.0,460.0,(주)한국경영인증원,,업체 우선
620,산업통상자원부,에스앤티중공업 주식회사,2021,사업장,자동차,13828.0,269.0,한국표준협회,,단일 사업장
621,산업통상자원부,에스에스엘엠 주식회사,2021,사업장,전기전자,24170.0,494.0,한국표준협회,,단일 사업장
622,환경부,에스엔에프코리아(주) 울산공장,2021,사업장,산업,33499.0,777.0,이큐에이㈜,,단일 사업장
623,산업통상자원부,에스엘 주식회사,2021,업체,전기전자,49817.0,1032.0,(재)한국품질재단,,업체 우선
624,환경부,에스지씨솔루션 주식회사,2021,업체,산업,165774.0,2712.0,(재)한국품질재단,,업체 우선
625,환경부,에스지씨에너지 주식회사,2021,업체,산업,2220543.0,42975.0,㈜디엔브이비즈니스어슈어런스코리아,,업체 우선
626,환경부,에스케이 주식회사,2021,사업장,산업,86103.0,1791.0,한국표준협회,,단일 사업장
627,산업통상자원부,에스케이가스(주),2021,사업장,발전에너지,20965.0,376.0,(재)한국품질재단,,단일 사업장
628,환경부,에스케이넥실리스 주식회사,2021,사업장,산업,211448.0,4401.0,(주)한국경영인증원,,단일 사업장
629,환경부,에스케이루브리컨츠 주식회사,2021,업체,산업,143018.0,4777.0,한국표준협회,,업체 우선
630,환경부,에스케이머티리얼즈에어플러스 주식회사,2021,업체,산업,443899.0,9281.0,한국표준협회,,업체 우선
631,환경부,에스케이멀티유틸리티 주식회사,2021,업체,전환,358057.0,4270.0,(재)한국품질재단,,업체 우선
632,환경부,에스케이스페셜티 주식회사,2021,업체,산업,255819.0,5303.0,한국가스안전공사,,업체 우선
633,환경부,에스케이실트론 주식회사,2021,업체,산업,394863.0,8242.0,로이드인증원㈜,,업체 우선
634,환경부,에스케이씨 주식회사,2021,업체,산업,189622.0,3887.0,한국표준협회,,업체 우선
635,환경부,에스케이씨하이테크앤마케팅(주),2021,사업장,산업,39345.0,722.0,(재)한국품질재단,,단일 사업장
636,환경부,에스케이아이이테크놀로지주식회사,2021,업체,산업,124966.0,2561.0,한국표준협회,,업체 우선
637,환경부,에스케이어드밴스드주식회사,2021,업체,산업,687887.0,12880.0,한국표준협회,,업체 우선
638,환경부,에스케이에너지 주식회사,2021,업체,산업,6704092.0,73746.0,한국표준협회,,업체 우선
639,환경부,에스케이에코프라임 주식회사,2021,사업장,산업,39770.0,677.0,(재)한국품질재단,,단일 사업장
640,환경부,에스케이온 주식회사,2021,업체,산업,168412.0,3482.0,한국표준협회,,업체 우선
641,환경부,에스케이이엔에스 주식회사,2021,업체,전환,2876784.0,57207.0,(주)한국경영인증원,,업체 우선
642,환경부,에스케이지오센트릭 주식회사,2021,업체,산업,2560008.0,58377.0,한국표준협회,,업체 우선
643,환경부,에스케이케미칼(주),2021,업체,산업,296162.0,5754.0,(재)한국품질재단,,업체 우선
644,환경부,에스케이텔레콤 주식회사,2021,업체,산업,1051380.0,21932.0,㈜디엔브이비즈니스어슈어런스코리아,,업체 우선
645,환경부,에스케이피아이씨글로벌 주식회사,2021,업체,산업,635929.0,10292.0,한국표준협회,,업체 우선
646,환경부,에스케이하이닉스 시스템아이씨(주),2021,업체,산업,208463.0,3856.0,(주)비에스아이그룹코리아,,업체 우선
647,환경부,에스케이하이닉스 주식회사,2021,업체,산업,4521594.0,87061.0,(주)비에스아이그룹코리아,,업체 우선
648,산업통상자원부,에스티엠 주식회사,2021,사업장,전기전자,53267.0,1085.0,한국표준협회,,단일 사업장
649,환경부,에스폼(주),2021,사업장,산업,1.0,0.0,한국표준협회,,단일 사업장
650,환경부,에스피엘(주),2021,사업장,산업,27379.0,641.0,(주)비에스아이그룹코리아,,단일 사업장
651,환경부,에어리퀴드코리아 주식회사,2021,업체,산업,243206.0,3181.0,로이드인증원㈜,,업체 우선
652,환경부,에어부산(주),2021,업체,수송,217656.0,3122.0,한국표준협회,,업체 우선
653,환경부,에어프로덕츠코리아 주식회사,2021,업체,산업,795380.0,16485.0,로이드인증원㈜,,업체 우선
654,환경부,에이에스이코리아주식회사,2021,업체,산업,97067.0,2008.0,(재)한국품질재단,,업체 우선
655,산업통상자원부,에이지씨디스플레이글라스오창주식회사,2021,사업장,유리,17457.0,364.0,㈜디엔브이비즈니스어슈어런스코리아,,단일 사업장
656,환경부,에이지씨화인테크노한국주식회사,2021,업체,산업,210502.0,4243.0,㈜디엔브이비즈니스어슈어런스코리아,,업체 우선
657,국토교통부,에이치디씨리조트(주),2021,사업장,건물,13188.0,268.0,한국표준협회,,단일 사업장
658,국토교통부,에이치디씨아이파크몰 주식회사,2021,사업장,건물,17307.0,357.0,(재)한국화학융합시험연구원,,단일 사업장
659,산업통상자원부,에이치디씨현대이피 주식회사,2021,사업장,석유화학,23885.0,458.0,한국표준협회,,단일 사업장
660,환경부,에이치에스지성동조선주식회사,2021,업체,산업,23040.0,426.0,한국표준협회,,업체 우선
661,산업통상자원부,에코플라스틱(주)1공장,2021,사업장,자동차,17044.0,352.0,(재)한국품질재단,,단일 사업장
662,환경부,엘앤에프,2021,사업장,산업,92047.0,1858.0,(재)한국품질재단,,단일 사업장
663,환경부,엘에스니꼬 동제련 주식회사,2021,업체,산업,536219.0,8664.0,한국표준협회,,업체 우선
664,산업통상자원부,엘에스메탈 주식회사,2021,사업장,비철금속,21400.0,444.0,(주)한국경영인증원,,단일 사업장
665,산업통상자원부,엘에스일렉트릭(주) 청주사업장,2021,사업장,전기전자,22586.0,469.0,(주)한국경영인증원,,단일 사업장
666,환경부,엘에스전선 주식회사,2021,업체,산업,126625.0,2530.0,㈜한국품질보증원,,업체 우선
667,환경부,엘지디스플레이(주),2021,업체,산업,4783715.0,60927.0,이큐에이㈜,,업체 우선
668,환경부,엘지유플러스(주),2021,업체,산업,1398814.0,29214.0,한국표준협회,,업체 우선
669,환경부,엘지이노텍 주식회사,2021,업체,산업,325816.0,6917.0,(주)비에스아이그룹코리아,,업체 우선
670,환경부,엘지전자 주식회사,2021,업체,산업,407528.0,7389.0,㈜디엔브이비즈니스어슈어런스코리아,,업체 우선
671,환경부,엠이엠씨코리아주식회사,2021,업체,산업,113160.0,2362.0,(주)신화엔지니어링종합건축사사무소,,업체 우선
672,환경부,여수시,2021,업체,지정외 폐기물처리업 등,77044.0,702.0,한국산업기술시험원,,업체 우선
673,환경부,여천엔씨씨 주식회사,2021,업체,산업,4222990.0,84268.0,(재)한국품질재단,,업체 우선
674,국토교통부,영남대학교,2021,사업장,건물,14768.0,303.0,㈜한국품질보증원,,단일 사업장
675,산업통상자원부,영보화학(주),2021,사업장,석유화학,13978.0,265.0,(주)한국경영인증원,,단일 사업장
676,산업통상자원부,영신금속공업(주),2021,사업장,기계,16512.0,340.0,(재)한국품질재단,,단일 사업장
677,국토교통부,영특수츄레라(주),2021,사업장,교통(화물),12452.0,177.0,대일이엔씨기술(주),,단일 사업장
678,환경부,영풍전자(주),2021,사업장,산업,100869.0,2007.0,(주)한국경영인증원,,단일 사업장
679,환경부,영풍제지(주),2021,업체,산업,115395.0,1091.0,한국표준협회,,업체 우선
680,환경부,영화금속(주),2021,업체,산업,95331.0,1408.0,한국표준협회,,업체 우선
681,환경부,오뚜기라면 주식회사,2021,사업장,산업,39873.0,801.0,(주)비에스아이그룹코리아,,단일 사업장
682,환경부,오리온엔지니어드카본즈코리아 주식회사,2021,업체,산업,518121.0,1687.0,㈜디엔브이비즈니스어슈어런스코리아,,업체 우선
683,환경부,오비맥주(주),2021,업체,산업,90396.0,1841.0,(주)한국경영인증원,,업체 우선
684,환경부,오산시 환경사업소,2021,사업장,하수처리업,21789.0,306.0,㈜한국품질보증원,,단일 사업장
685,환경부,오씨아이 주식회사,2021,업체,산업,1309200.0,18160.0,㈜디엔브이비즈니스어슈어런스코리아,,업체 우선
686,농림축산식품부,오케이에프음료(주),2021,사업장,음료제조업,18002.0,333.0,한국표준협회,,단일 사업장
687,환경부,온세미컨덕터코리아(주),2021,업체,산업,159518.0,2183.0,(주)비에스아이그룹코리아,,업체 우선
688,환경부,와이케이스틸 주식회사,2021,업체,산업,320847.0,6048.0,한국표준협회,,업체 우선
689,환경부,용남고속(주),2021,사업장,수송,23738.0,412.0,(주)한국경영인증원,,단일 사업장
690,환경부,용산화학(주),2021,업체,산업,108703.0,907.0,한국가스안전공사,,업체 우선
691,환경부,용인시,2021,업체,폐기물,183465.0,2072.0,㈜한국품질보증원,,업체 우선
692,산업통상자원부,우지막코리아(주),2021,사업장,요업,16477.0,333.0,한국표준협회,,단일 사업장
693,환경부,우진환경개발(주),2021,사업장,폐기물,65017.0,791.0,㈜한국품질보증원,,단일 사업장
694,환경부,울산과학기술원,2021,사업장,건물,34395.0,715.0,한국표준협회,,단일 사업장
695,환경부,울산광역시,2021,업체,폐기물,323923.0,2820.0,㈜한국품질보증원,,업체 우선
696,환경부,울산아로마틱스(주),2021,업체,산업,420845.0,9981.0,㈜디엔브이비즈니스어슈어런스코리아,,업체 우선
697,환경부,울산알루미늄 주식회사,2021,업체,산업,160710.0,3263.0,(주)한국경영인증원,,업체 우선
698,환경부,웅진에너지 주식회사,2021,업체,산업,49196.0,1027.0,한국표준협회,,업체 우선
699,환경부,원주시,2021,업체,폐기물,62102.0,704.0,(재)한국화학융합시험연구원,,업체 우선
700,환경부,유니드,2021,업체,산업,351589.0,9781.0,로이드인증원㈜,,업체 우선
701,산업통상자원부,유성기업(주) 영동공장,2021,사업장,자동차,15673.0,322.0,(주)비에스아이그룹코리아,,단일 사업장
702,환경부,유한킴벌리 주식회사,2021,업체,산업,216390.0,3958.0,(재)한국품질재단,,업체 우선
703,환경부,유한회사 스태츠칩팩코리아,2021,업체,산업,80136.0,1668.0,(주)신화엔지니어링종합건축사사무소,,업체 우선
704,산업통상자원부,유한회사클라리오스델코제1공장,2021,사업장,전기전자,23620.0,486.0,(주)한국경영인증원,,단일 사업장
705,산업통상자원부,유한회사클라리오스델코제2공장,2021,사업장,전기전자,24463.0,510.0,(주)한국경영인증원,,단일 사업장
706,환경부,율촌화학(주),2021,사업장,산업,99514.0,1846.0,한국가스안전공사,,단일 사업장
707,국토교통부,의료법인 길의료재단,2021,사업장,건물,22731.0,466.0,(재)한국화학융합시험연구원,,단일 사업장
708,환경부,의정부시,2021,업체,폐기물,74860.0,788.0,㈜한국품질보증원,,업체 우선
709,산업통상자원부,이건에너지(주),2021,사업장,산업단지,15020.0,2367.0,㈜한국품질보증원,,단일 사업장
710,환경부,이구산업(주),2021,사업장,산업,33795.0,700.0,한국생산성본부인증원(주),,단일 사업장
711,환경부,이누스 주식회사,2021,사업장,산업,60933.0,1119.0,한국표준협회,,단일 사업장
712,산업통상자원부,이래에이엠에스 주식회사,2021,사업장,자동차,21430.0,442.0,㈜한국품질보증원,,단일 사업장
713,환경부,이스트만화이버코리아 주식회사,2021,업체,산업,55264.0,922.0,(주)한국경영인증원,,업체 우선
714,환경부,이천시,2021,업체,폐기물,111332.0,617.0,이큐에이㈜,,업체 우선
715,환경부,익산시,2021,업체,폐기물,88299.0,608.0,㈜한국품질보증원,,업체 우선
716,환경부,인그리디언코리아 유한회사,2021,업체,산업,140102.0,2666.0,(재)한국품질재단,,업체 우선
717,환경부,인천공항에너지,2021,업체,전환,229460.0,4550.0,㈜한국품질보증원,,업체 우선
718,환경부,인천광역시,2021,업체,폐기물,415230.0,4791.0,(재)한국품질재단,,업체 우선
719,환경부,인천교통공사,2021,업체,수송,108860.0,2247.0,한국표준협회,,업체 우선
720,환경부,인천국제공항공사,2021,업체,건물,196985.0,3918.0,한국표준협회,,업체 우선
721,환경부,인천종합에너지(주),2021,업체,전환,382327.0,7578.0,㈜디엔브이비즈니스어슈어런스코리아,,업체 우선
722,환경부,인터지스(주),2021,사업장,수송,35322.0,521.0,(주)한국경영인증원,,단일 사업장
723,농림축산식품부,일산실업(주) 칠서에탄올공장,2021,사업장,음료제조업,9184.0,366.0,한국표준협회,,단일 사업장
724,해양수산부,일신로지스틱스주식회사,2021,사업장,교통(해운),16980.0,248.0,㈜디엔브이비즈니스어슈어런스코리아,,단일 사업장
725,환경부,일신방직(주),2021,업체,산업,53148.0,1112.0,한국표준협회,,업체 우선
726,환경부,일진디스플레이(주),2021,사업장,산업,25567.0,532.0,한국표준협회,,단일 사업장
727,환경부,일진머티리얼즈 주식회사,2021,업체,산업,112770.0,2424.0,㈜디엔브이비즈니스어슈어런스코리아,,업체 우선
728,환경부,일진제강(주),2021,사업장,산업,60027.0,1215.0,한국표준협회,,단일 사업장
729,환경부,재단법인 대구경북과학기술원,2021,사업장,건물,28529.0,590.0,한국표준협회,,단일 사업장
730,환경부,재단법인 아산사회복지재단,2021,업체,건물,95034.0,1939.0,한국표준협회,,업체 우선
731,환경부,재원산업,2021,사업장,산업,34624.0,735.0,(재)한국품질재단,,단일 사업장
732,환경부,전기초자코리아(주),2021,업체,산업,148795.0,3008.0,한국표준협회,,업체 우선
733,환경부,전남대학교,2021,업체,건물,35308.0,717.0,한국표준협회,,업체 우선
734,산업통상자원부,전방(주),2021,업체,섬유,45205.0,984.0,이큐에이㈜,,업체 우선
735,환경부,전북대학교,2021,사업장,건물,33225.0,694.0,이큐에이㈜,,단일 사업장
736,국토교통부,전북대학교병원,2021,사업장,건물,21688.0,443.0,(재)한국화학융합시험연구원,,단일 사업장
737,환경부,전북집단에너지 주식회사,2021,업체,전환,198546.0,2441.0,한국표준협회,,업체 우선
738,환경부,전주시,2021,업체,폐기물,191012.0,1838.0,㈜한국품질보증원,,업체 우선
739,국토교통부,전차연물류(주),2021,사업장,교통(화물),21388.0,304.0,㈜한국품질보증원,,단일 사업장
740,환경부,제이비 주식회사 청수에너지,2021,사업장,전환,28730.0,682.0,(재)한국품질재단,,단일 사업장
741,환경부,제이셋스태츠칩팩코리아(유),2021,사업장,산업,69472.0,1447.0,(주)신화엔지니어링종합건축사사무소,,단일 사업장
742,환경부,제주특별자치도,2021,업체,폐기물,390097.0,3448.0,한국표준협회,,업체 우선
743,환경부,제주특별자치도개발공사,2021,사업장,산업,32054.0,657.0,한국표준협회,,단일 사업장
744,환경부,제주항공(주),2021,업체,수송,306835.0,4396.0,(재)한국화학융합시험연구원,,업체 우선
745,환경부,제천시,2021,업체,폐기물,46476.0,334.0,한국표준협회,,업체 우선
746,산업통상자원부,조선내화(주),2021,사업장,요업,18537.0,367.0,(재)한국품질재단,,단일 사업장
747,국토교통부,조선대학교,2021,사업장,건물,14612.0,300.0,한국생산성본부인증원(주),,단일 사업장
748,환경부,조일알미늄 주식회사,2021,업체,산업,89611.0,1812.0,(재)한국품질재단,,업체 우선
749,산업통상자원부,주성엔지니어링(주),2021,사업장,기계,3095.0,64.0,(재)한국품질재단,,단일 사업장
750,환경부,주식회사 고려시멘트,2021,업체,산업,587708.0,3608.0,한국표준협회,,업체 우선
751,환경부,주식회사 고려제지,2021,업체,산업,151314.0,2360.0,(주)한국경영인증원,,업체 우선
752,국토교통부,주식회사 남성버스,2021,사업장,교통(여객),17209.0,323.0,(주)한국경영인증원,,단일 사업장
753,산업통상자원부,주식회사 녹수 고덕공장,2021,사업장,석유화학,19725.0,393.0,한국표준협회,,단일 사업장
754,산업통상자원부,주식회사 녹수 봉산공장,2021,사업장,석유화학,15335.0,314.0,한국표준협회,,단일 사업장
755,환경부,주식회사 농심,2021,업체,산업,176034.0,3490.0,한국표준협회,,업체 우선
756,환경부,주식회사 뉴그린,2021,사업장,폐기물,119914.0,155.0,이큐에이㈜,,단일 사업장
757,환경부,주식회사 대륜발전,2021,업체,전환,477560.0,9489.0,한국표준협회,,업체 우선
758,산업통상자원부,주식회사 대보세라믹스,2021,사업장,요업,17297.0,296.0,한국표준협회,,단일 사업장
759,환경부,주식회사 대유글로벌,2021,사업장,산업,32810.0,672.0,(재)한국품질재단,,단일 사업장
760,환경부,주식회사 대창,2021,사업장,산업,39235.0,807.0,한국가스안전공사,,단일 사업장
761,환경부,주식회사 대한세라믹스,2021,사업장,산업,45870.0,852.0,이큐에이㈜,,단일 사업장
762,환경부,주식회사 대호에이엘,2021,사업장,산업,29337.0,592.0,(주)한국경영인증원,,단일 사업장
763,환경부,주식회사 더블유티씨서울,2021,업체,건물,55818.0,1153.0,(주)한국경영인증원,,업체 우선
764,환경부,주식회사 덕양,2021,업체,산업,196112.0,985.0,(재)한국품질재단,,업체 우선
765,환경부,주식회사 덕양에너젠,2021,사업장,석유화학,29468.0,603.0,한국산업기술시험원,,단일 사업장
766,산업통상자원부,주식회사 덕양케미칼,2021,업체,석유화학,221686.0,1675.0,(재)한국품질재단,,업체 우선
767,환경부,주식회사 동성케미컬,2021,사업장,산업,45802.0,669.0,한국생산성본부인증원(주),,단일 사업장
768,산업통상자원부,주식회사 동아,2021,사업장,기계,21261.0,440.0,한국표준협회,,단일 사업장
769,환경부,주식회사 디비메탈,2021,업체,산업,745316.0,8083.0,(재)한국품질재단,,업체 우선
770,환경부,주식회사 디비하이텍,2021,업체,산업,284400.0,3768.0,(주)비에스아이그룹코리아,,업체 우선
771,산업통상자원부,주식회사 디티알 오토모티브,2021,사업장,전기전자,22789.0,471.0,한국표준협회,,단일 사업장
772,산업통상자원부,주식회사 메타즈,2021,사업장,기계,16910.0,348.0,㈜한국품질보증원,,단일 사업장
773,환경부,주식회사 명성환경,2021,업체,폐기물,28.0,251.0,이큐에이㈜,,업체 우선
774,산업통상자원부,주식회사 명신 군산공장,2021,사업장,자동차,11040.0,229.0,(주)한국경영인증원,,단일 사업장
775,환경부,주식회사 범우,2021,업체,폐기물,95322.0,83.0,한국표준협회,,업체 우선
776,환경부,주식회사 베어링아트,2021,사업장,산업,58809.0,37428072.0,한국표준협회,,단일 사업장
777,환경부,주식회사 삼기,2021,사업장,산업,62887.0,1203.0,이큐에이㈜,,단일 사업장
778,환경부,주식회사 삼보광업,2021,업체,산업,149709.0,390.0,한국생산성본부인증원(주),,업체 우선
779,환경부,주식회사 삼양사,2021,업체,산업,292151.0,6252.0,한국표준협회,,업체 우선
780,환경부,주식회사 삼양패키징,2021,업체,산업,144577.0,2986.0,한국표준협회,,업체 우선
781,산업통상자원부,주식회사 세아베스틸,2021,업체,철강,1270834.0,20285.0,한국표준협회,,업체 우선
782,환경부,주식회사 세아베스틸지주,2021,업체,산업,441.0,9.0,한국표준협회,,업체 우선
783,환경부,주식회사 세아창원특수강,2021,업체,산업,528433.0,9473.0,한국표준협회,,업체 우선
784,환경부,주식회사 세진메탈,2021,사업장,산업,40220.0,651.0,(주)한국경영인증원,,단일 사업장
785,환경부,주식회사 소노인터내셔널,2021,사업장,건물,121782.0,2446.0,(주)한국경영인증원,,단일 사업장
786,환경부,주식회사 수석,2021,사업장,산업,45869.0,776.0,(주)한국경영인증원,,단일 사업장
787,환경부,주식회사 스타필드고양,2021,사업장,건물,25375.0,563.0,㈜한국품질보증원,,단일 사업장
788,환경부,주식회사 스타필드하남,2021,사업장,건물,23561.0,492.0,㈜한국품질보증원,,단일 사업장
789,환경부,주식회사 심텍,2021,업체,산업,101910.0,2070.0,㈜디엔브이비즈니스어슈어런스코리아,,업체 우선
790,환경부,주식회사 심팩인더스트리,2021,업체,산업,110009.0,1884.0,(재)한국품질재단,,업체 우선
791,산업통상자원부,주식회사 아이유제지,2021,사업장,제지,13506.0,250.0,(주)한국경영인증원,,단일 사업장
792,환경부,주식회사 알테크노메탈,2021,사업장,산업,53964.0,889.0,이큐에이㈜,,단일 사업장
793,산업통상자원부,주식회사 알트론김제공장,2021,사업장,자동차,14028.0,271.0,지속가능인증원주식회사,,단일 사업장
794,환경부,주식회사 알트론전주,2021,사업장,산업,26277.0,505.0,지속가능인증원주식회사,,단일 사업장
795,환경부,주식회사 에너지네트웍,2021,업체,폐기물,161670.0,433.0,이큐에이㈜,,업체 우선
796,환경부,주식회사 에스알,2021,업체,수송,160188.0,3349.0,(주)비에스아이그룹코리아,,업체 우선
797,환경부,주식회사 에스에프에이반도체,2021,사업장,산업,37317.0,761.0,(주)신화엔지니어링종합건축사사무소,,단일 사업장
798,환경부,주식회사 에스엔엔씨,2021,업체,산업,1530838.0,16301.0,(재)한국품질재단,,업체 우선
799,환경부,주식회사 에스피씨삼립,2021,사업장,산업,87940.0,1788.0,(주)비에스아이그룹코리아,,단일 사업장
800,환경부,주식회사 에스피에스엔에이,2021,사업장,산업,44084.0,900.0,(재)한국품질재단,,단일 사업장
801,환경부,주식회사 에쓰큐씨,2021,업체,산업,113006.0,678.0,(주)신화엔지니어링종합건축사사무소,,업체 우선
802,환경부,주식회사 에어퍼스트,2021,업체,산업,572030.0,11721.0,한국가스안전공사,,업체 우선
803,산업통상자원부,주식회사 에이팩트,2021,사업장,전기전자,18605.0,388.0,한국표준협회,,단일 사업장
804,환경부,주식회사 에코비트에너지명성,2021,사업장,폐기물,39932.0,136.0,이큐에이㈜,,단일 사업장
805,환경부,주식회사 에코비트에너지울산,2021,업체,전환,83279.0,989.0,한국표준협회,,업체 우선
806,산업통상자원부,주식회사 에코프로지이엠,2021,사업장,전기전자,29582.0,603.0,한국표준협회,,단일 사업장
807,산업통상자원부,주식회사 엘비루셈,2021,사업장,반도체,20455.0,425.0,(재)한국품질재단,,단일 사업장
808,환경부,주식회사 엘엑스하우시스,2021,업체,산업,131279.0,2501.0,㈜디엔브이비즈니스어슈어런스코리아,,업체 우선
809,환경부,주식회사 엘지에너지솔루션,2021,업체,산업,301282.0,6574.0,(재)한국품질재단,,업체 우선
810,환경부,주식회사 엘지화학,2021,업체,산업,9018983.0,169092.0,(재)한국품질재단,,업체 우선
811,환경부,주식회사 영풍,2021,업체,산업,1201539.0,19211.0,(재)한국품질재단,,업체 우선
812,환경부,주식회사 영흥산업환경,2021,사업장,폐기물,45561.0,145.0,㈜한국품질보증원,,단일 사업장
813,산업통상자원부,주식회사 윈팩,2021,사업장,반도체,26448.0,549.0,한국표준협회,,단일 사업장
814,환경부,주식회사 유니큰,2021,업체,폐기물,104984.0,617.0,한국산업기술시험원,,업체 우선
815,환경부,주식회사 이랜드리테일,2021,업체,건물,157958.0,3255.0,한국표준협회,,업체 우선
816,환경부,주식회사 이엠케이승경,2021,사업장,폐기물,48539.0,170.0,(주)한국경영인증원,,단일 사업장
817,환경부,주식회사 전주원파워,2021,업체,전환,50546.0,5828.0,한국표준협회,,업체 우선
818,환경부,주식회사 전주페이퍼,2021,업체,산업,517281.0,9111.0,한국표준협회,,업체 우선
819,환경부,주식회사 정선라임,2021,업체,산업,95857.0,331.0,한국표준협회,,업체 우선
820,환경부,주식회사 지알엠,2021,업체,산업,89374.0,1037.0,한국표준협회,,업체 우선
821,환경부,주식회사 지에스이앤알,2021,업체,전환,2101054.0,24261.0,이큐에이㈜,,업체 우선
822,산업통상자원부,주식회사 지에스포천그린에너지,2021,업체,산업단지,985961.0,11496.0,㈜디엔브이비즈니스어슈어런스코리아,,업체 우선
823,환경부,주식회사 진로발효,2021,사업장,산업,30553.0,755.0,(재)한국품질재단,,단일 사업장
824,환경부,주식회사 진에어,2021,업체,수송,294326.0,4212.0,한국표준협회,,업체 우선
825,환경부,주식회사 징크옥사이드코퍼레이션,2021,업체,산업,83180.0,835.0,한국표준협회,,업체 우선
826,환경부,주식회사 카프로,2021,업체,산업,862826.0,7399.0,(재)한국품질재단,,업체 우선
827,환경부,주식회사 케이씨씨글라스,2021,업체,산업,678641.0,8874.0,(재)한국품질재단,,업체 우선
828,환경부,주식회사 케이씨씨실리콘,2021,사업장,산업,121871.0,1857.0,(재)한국품질재단,,단일 사업장
829,환경부,주식회사 케이티,2021,업체,산업,1072375.0,22162.0,㈜한국품질보증원,,업체 우선
830,환경부,주식회사 케이티클라우드,2021,업체,산업,271574.0,5666.0,㈜한국품질보증원,,업체 우선
831,환경부,주식회사 케이피에프,2021,사업장,산업,53174.0,1096.0,한국표준협회,,단일 사업장
832,산업통상자원부,주식회사 켐트로닉스,2021,사업장,디스플레이,19882.0,414.0,한국표준협회,,단일 사업장
833,환경부,주식회사 코리아에어텍,2021,사업장,산업,64407.0,1344.0,이큐에이㈜,,단일 사업장
834,환경부,주식회사 코엔텍,2021,업체,폐기물,341979.0,268.0,한국표준협회,,업체 우선
835,환경부,주식회사 키파운드리,2021,업체,산업,384693.0,3859.0,(주)비에스아이그룹코리아,,업체 우선
836,환경부,주식회사 태경비케이,2021,업체,산업,532541.0,2165.0,이큐에이㈜,,업체 우선
837,환경부,주식회사 태영이엠씨,2021,업체,산업,143810.0,785.0,한국표준협회,,업체 우선
838,환경부,주식회사 티웨이항공,2021,업체,수송,237752.0,3407.0,(재)한국화학융합시험연구원,,업체 우선
839,환경부,주식회사 파라다이스세가사미,2021,사업장,건물,27192.0,567.0,한국표준협회,,단일 사업장
840,환경부,주식회사 팜한농,2021,업체,산업,197368.0,1433.0,한국표준협회,,업체 우선
841,환경부,주식회사 포스코,2021,업체,산업,78483858.0,398283.0,(재)한국품질재단,,업체 우선
842,환경부,주식회사 포스코모빌리티솔루션,2021,사업장,산업,58778.0,1201.0,㈜디엔브이비즈니스어슈어런스코리아,,단일 사업장
843,환경부,주식회사 포스코케미칼,2021,업체,산업,2441598.0,15971.0,(재)한국품질재단,,업체 우선
844,산업통상자원부,주식회사 포트로닉스천안,2021,사업장,전기전자,15976.0,328.0,이큐에이㈜,,단일 사업장
845,환경부,주식회사 풍산,2021,업체,산업,230310.0,4756.0,한국표준협회,,업체 우선
846,산업통상자원부,주식회사 피에스엠,2021,사업장,기계,29361.0,554.0,한국표준협회,,단일 사업장
847,환경부,주식회사 피엔알,2021,업체,폐기물,152920.0,1802.0,(재)한국품질재단,,업체 우선
848,환경부,주식회사 피엠씨텍,2021,업체,산업,95558.0,1601.0,(재)한국품질재단,,업체 우선
849,국토교통부,주식회사 하나은행,2021,업체,건물,63623.0,946.0,한국표준협회,,업체 우선
850,환경부,주식회사 호텔롯데,2021,업체,건물,138062.0,2812.0,(주)한국경영인증원,,업체 우선
851,환경부,주식회사 효성,2021,업체,산업,33364.0,683.0,㈜디엔브이비즈니스어슈어런스코리아,,업체 우선
852,환경부,주식회사 후성,2021,업체,산업,215324.0,882.0,한국가스안전공사,,업체 우선
853,환경부,주식회사 휴스틸,2021,사업장,산업,31119.0,635.0,(주)신화엔지니어링종합건축사사무소,,단일 사업장
854,국토교통부,주식회사경기상운,2021,사업장,교통(여객),16744.0,289.0,(주)한국경영인증원,,단일 사업장
855,국토교통부,주식회사금강고속,2021,사업장,교통(여객),21769.0,313.0,한국표준협회,,단일 사업장
856,국토교통부,주식회사한양고속,2021,사업장,교통(여객),9569.0,136.0,㈜한국품질보증원,,단일 사업장
857,국토교통부,중소기업은행,2021,업체,건물,56797.0,815.0,한국표준협회,,업체 우선
858,국토교통부,중앙대학교,2021,사업장,건물,17706.0,365.0,한국표준협회,,단일 사업장
859,산업통상자원부,지에스에코메탈 주식회사,2021,사업장,비철금속,18950.0,262.0,대일이엔씨기술(주),,단일 사업장
860,환경부,지에스이피에스,2021,업체,전환,3166693.0,73277.0,한국표준협회,,업체 우선
861,환경부,지에스칼텍스 주식회사,2021,업체,산업,8456147.0,116029.0,(재)한국품질재단,,업체 우선
862,국토교통부,지엠테크니컬센터코리아,2021,사업장,건물,17841.0,364.0,한국표준협회,,단일 사업장
863,환경부,진양특수강(주),2021,사업장,산업,36503.0,729.0,한국표준협회,,단일 사업장
864,산업통상자원부,진영산업(주),2021,사업장,기계,8223.0,171.0,한국표준협회,,단일 사업장
865,환경부,진영페이퍼 주식회사,2021,업체,산업,91491.0,884.0,이큐에이㈜,,업체 우선
866,환경부,진주시,2021,업체,폐기물,112641.0,582.0,한국산업기술시험원,,업체 우선
867,환경부,진천음성광역폐기물처리장,2021,사업장,지정외 폐기물처리업,23414.0,171.0,한국표준협회,,단일 사업장
868,환경부,창원시,2021,업체,폐기물,264382.0,2523.0,㈜한국품질보증원,,업체 우선
869,환경부,천안시,2021,업체,폐기물,177210.0,1637.0,㈜한국품질보증원,,업체 우선
870,국토교통부,천일정기화물자동차(주),2021,사업장,수송,22085.0,320.0,한국표준협회,,단일 사업장
871,환경부,천일제지(주),2021,업체,산업,63443.0,1182.0,이큐에이㈜,,업체 우선
872,환경부,청주시,2021,업체,폐기물,200382.0,1830.0,(재)한국화학융합시험연구원,,업체 우선
873,환경부,초당환경(유),2021,사업장,폐기물,33181.0,69.0,(재)한국품질재단,,단일 사업장
874,환경부,춘천시,2021,업체,폐기물,141726.0,715.0,(재)한국화학융합시험연구원,,업체 우선
875,환경부,춘천에너지 주식회사,2021,업체,전환,1038958.0,20714.0,한국표준협회,,업체 우선
876,환경부,충남대학교,2021,사업장,건물,27327.0,561.0,로이드인증원㈜,,단일 사업장
877,국토교통부,충남대학교병원,2021,사업장,건물,21653.0,447.0,한국표준협회,,단일 사업장
878,국토교통부,충북대학교,2021,사업장,건물,17841.0,346.0,한국표준협회,,단일 사업장
879,환경부,충주시,2021,업체,폐기물,85521.0,698.0,(재)한국품질재단,,업체 우선
880,산업통상자원부,컬러스앤이펙츠코리아(주),2021,사업장,석유화학,19154.0,596.0,(재)한국품질재단,,단일 사업장
881,환경부,케이씨글라스(주),2021,사업장,산업,32977.0,525.0,(주)신화엔지니어링종합건축사사무소,,단일 사업장
882,환경부,케이씨씨,2021,업체,산업,577066.0,10727.0,(재)한국품질재단,,업체 우선
883,환경부,케이씨주식회사,2021,업체,산업,170879.0,2477.0,한국표준협회,,업체 우선
884,환경부,케이씨환경서비스 주식회사,2021,업체,폐기물,256402.0,1851.0,(재)한국품질재단,,업체 우선
885,환경부,케이알에너지(주),2021,업체,전환,42070.0,450.0,한국표준협회,,업체 우선
886,환경부,케이알코폴리머 유한회사,2021,사업장,산업,31145.0,421.0,(주)한국경영인증원,,단일 사업장
887,산업통상자원부,케이에이에프 주식회사,2021,사업장,섬유,18894.0,341.0,한국표준협회,,단일 사업장
888,환경부,케이엠씨해운 주식회사,2021,업체,수송,44437.0,612.0,㈜디엔브이비즈니스어슈어런스코리아,,업체 우선
889,환경부,케이오씨(주),2021,업체,산업,48642.0,1202.0,(주)한국경영인증원,,업체 우선
890,환경부,케이지스틸 주식회사,2021,업체,산업,401326.0,8550.0,(재)한국품질재단,,업체 우선
891,환경부,케이지이티에스 주식회사,2021,업체,폐기물,1686.0,30.0,로이드인증원㈜,,업체 우선
892,산업통상자원부,케이지케미칼 주식회사,2021,사업장,석유화학,25396.0,425.0,이큐에이㈜,,단일 사업장
893,산업통상자원부,코넥,2021,사업장,자동차,28411.0,562.0,(주)한국경영인증원,,단일 사업장
894,환경부,코닝정밀소재 주식회사,2021,업체,산업,571914.0,11517.0,로이드인증원㈜,,업체 우선
895,환경부,코리아PTG(주),2021,업체,산업,123425.0,1029.0,(재)한국품질재단,,업체 우선
896,산업통상자원부,코리아니켈(주),2021,사업장,비철금속,6793.0,101.0,한국표준협회,,단일 사업장
897,환경부,코스모신소재(주),2021,사업장,산업,48252.0,886.0,한국표준협회,,단일 사업장
898,환경부,코스모화학,2021,업체,산업,96411.0,1756.0,한국표준협회,,업체 우선
899,환경부,코스포영남파워 주식회사,2021,업체,전환,975583.0,19415.0,한국표준협회,,업체 우선
900,환경부,코어엔텍 주식회사,2021,업체,폐기물,296149.0,1452.0,로이드인증원㈜,,업체 우선
901,산업통상자원부,코오롱글로텍(주) 구미공장,2021,사업장,섬유,14778.0,289.0,한국표준협회,,단일 사업장
902,산업통상자원부,코오롱바스프이노폼 주식회사,2021,업체,석유화학,110114.0,1628.0,한국표준협회,,업체 우선
903,환경부,코오롱인더스트리 주식회사,2021,업체,산업,682618.0,12211.0,한국표준협회,,업체 우선
904,환경부,코오롱플라스틱(주),2021,업체,산업,176836.0,2191.0,한국표준협회,,업체 우선
905,농림축산식품부,코카콜라음료(주) 여주공장,2021,사업장,음료제조업,19943.0,409.0,(재)한국품질재단,,단일 사업장
906,환경부,크나우프석고보드 주식회사,2021,업체,산업,116964.0,2331.0,(재)한국품질재단,,업체 우선
907,산업통상자원부,타타대우상용차 주식회사,2021,사업장,자동차,19153.0,360.0,한국생산성본부인증원(주),,단일 사업장
908,환경부,태경산업(주),2021,업체,산업,89966.0,1222.0,이큐에이㈜,,업체 우선
909,환경부,태광산업 주식회사,2021,업체,산업,1097863.0,16296.0,한국표준협회,,업체 우선
910,환경부,태림페이퍼주식회사,2021,업체,산업,363117.0,6200.0,(재)한국화학융합시험연구원,,업체 우선
911,환경부,태백시 환경자원센터,2021,사업장,지정외 폐기물처리업 등,9987.0,169.0,한국표준협회,,단일 사업장
912,환경부,태봉광업 주식회사,2021,업체,산업,273070.0,695.0,(주)비에스아이그룹코리아,,업체 우선
913,산업통상자원부,태양금속공업(주),2021,사업장,기계,19999.0,413.0,(주)한국경영인증원,,단일 사업장
914,환경부,태영세라믹(주),2021,사업장,산업,28259.0,525.0,한국표준협회,,단일 사업장
915,산업통상자원부,태원물산(주) 울산공장,2021,사업장,시멘트,14276.0,208.0,한국표준협회,,단일 사업장
916,국토교통부,태화상운(주),2021,사업장,교통(여객),2736.0,48.0,한국표준협회,,단일 사업장
917,환경부,통영시 환경자원화센터,2021,사업장,폐기물,33618.0,312.0,(재)한국품질재단,,단일 사업장
918,산업통상자원부,티케이지에코머티리얼 주식회사,2021,사업장,섬유,12586.0,332.0,(재)한국품질재단,,단일 사업장
919,환경부,티케이지휴켐스 주식회사,2021,업체,산업,140022.0,1316.0,(주)한국경영인증원,,업체 우선
920,환경부,티케이케미칼,2021,업체,산업,194332.0,3934.0,이큐에이㈜,,업체 우선
921,국토교통부,파르나스호텔(주),2021,사업장,건물,18287.0,378.0,한국표준협회,,단일 사업장
922,환경부,파인트리포스마그네슘 주식회사,2021,업체,산업,32414.0,77.0,(재)한국품질재단,,업체 우선
923,환경부,파주시,2021,업체,폐기물,171212.0,1668.0,㈜한국품질보증원,,업체 우선
924,환경부,파주에너지서비스,2021,업체,전환,3894734.0,76259.0,(주)한국경영인증원,,업체 우선
925,환경부,파주전기초자 주식회사,2021,사업장,산업,51029.0,639.0,㈜디엔브이비즈니스어슈어런스코리아,,단일 사업장
926,산업통상자원부,팔미금속공업(주),2021,사업장,철강,19011.0,352.0,한국표준협회,,단일 사업장
927,환경부,페이퍼코리아,2021,업체,산업,98319.0,1470.0,한국표준협회,,업체 우선
928,환경부,평택시,2021,업체,폐기물,125460.0,1702.0,(재)한국품질재단,,업체 우선
929,환경부,평택에너지서비스(주),2021,업체,전환,1256586.0,24679.0,㈜디엔브이비즈니스어슈어런스코리아,,업체 우선
930,환경부,평화산업(주),2021,사업장,산업,27993.0,570.0,한국생산성본부인증원(주),,단일 사업장
931,환경부,포스코스틸리온(주),2021,업체,산업,127366.0,2539.0,한국표준협회,,업체 우선
932,환경부,포스코에너지(주),2021,업체,전환,5132914.0,101946.0,(재)한국품질재단,,업체 우선
933,환경부,포스코홀딩스 주식회사,2021,업체,산업,6349.0,130.0,(재)한국품질재단,,업체 우선
934,환경부,포천민자발전 주식회사,2021,업체,전환,1708411.0,33957.0,(재)한국품질재단,,업체 우선
935,환경부,포천시,2021,업체,지정외 폐기물처리업 등,62863.0,597.0,㈜한국품질보증원,,업체 우선
936,환경부,포천파워(주),2021,업체,전환,1643976.0,32719.0,(재)한국품질재단,,업체 우선
937,환경부,포항시,2021,업체,폐기물,231928.0,2804.0,㈜한국품질보증원,,업체 우선
938,환경부,폴리미래(주),2021,업체,산업,128521.0,2316.0,(주)한국경영인증원,,업체 우선
939,농림축산식품부,풍국주정공업(주),2021,사업장,음식료품,7846.0,466.0,한국표준협회,,단일 사업장
940,환경부,피아이첨단소재 주식회사,2021,사업장,산업,94915.0,1598.0,(재)한국품질재단,,단일 사업장
941,환경부,하나마이크론,2021,사업장,산업,33359.0,693.0,(주)한국경영인증원,,단일 사업장
942,산업통상자원부,하나머티리얼즈(주),2021,사업장,반도체,23869.0,497.0,한국표준협회,,단일 사업장
943,환경부,하남시 환경기초시설,2021,사업장,폐기물,39871.0,466.0,(재)한국품질재단,,단일 사업장
944,환경부,하이트진로(주),2021,업체,산업,131208.0,2520.0,(재)한국품질재단,,업체 우선
945,환경부,하이트진로산업(주),2021,사업장,산업,28943.0,452.0,이큐에이㈜,,단일 사업장
946,환경부,하이호경금속 주식회사,2021,사업장,산업,38770.0,640.0,㈜한국품질보증원,,단일 사업장
947,환경부,학교법인 가톨릭학원,2021,사업장,건물,136145.0,2764.0,한국표준협회,,단일 사업장
948,국토교통부,학교법인 경희학원,2021,업체,건물,55162.0,1131.0,한국표준협회,,업체 우선
949,환경부,학교법인 고려중앙학원,2021,업체,건물,101769.0,2090.0,㈜한국품질보증원,,업체 우선
950,환경부,학교법인 성균관대학,2021,사업장,건물,62402.0,1272.0,이큐에이㈜,,단일 사업장
951,환경부,학교법인 연세대학교,2021,업체,건물,178114.0,3674.0,(재)한국품질재단,,업체 우선
952,환경부,학교법인 이화학당,2021,사업장,건물,67477.0,1416.0,이큐에이㈜,,단일 사업장
953,환경부,학교법인 포항공과대학교,2021,사업장,건물,76989.0,1730.0,㈜한국품질보증원,,단일 사업장
954,환경부,학교법인 한양학원,2021,업체,건물,73028.0,1494.0,이큐에이㈜,,업체 우선
955,산업통상자원부,한국NSK(주),2021,사업장,기계,22426.0,467.0,한국표준협회,,단일 사업장
956,환경부,한국가스공사,2021,업체,전환,687660.0,13254.0,(주)신화엔지니어링종합건축사사무소,,업체 우선
957,환경부,한국경남태양유전(주),2021,업체,산업,81121.0,1579.0,이큐에이㈜,,업체 우선
958,환경부,한국공항공사,2021,사업장,건물,82441.0,1687.0,이큐에이㈜,,단일 사업장
959,국토교통부,한국과학기술연구원,2021,사업장,건물,18416.0,381.0,㈜한국품질보증원,,단일 사업장
960,환경부,한국과학기술원,2021,업체,건물,80675.0,1632.0,이큐에이㈜,,업체 우선
961,국토교통부,한국과학기술정보연구원,2021,사업장,건물,19592.0,408.0,(주)신화엔지니어링종합건축사사무소,,단일 사업장
962,산업통상자원부,한국기초소재(주),2021,사업장,시멘트,21143.0,431.0,한국표준협회,,단일 사업장
963,환경부,한국남동발전,2021,업체,전환,37228227.0,436365.0,한국표준협회,,업체 우선
964,환경부,한국남부발전 주식회사,2021,업체,전환,34457856.0,437848.0,대일이엔씨기술(주),,업체 우선
965,환경부,한국넥슬렌유한회사,2021,업체,산업,127345.0,2565.0,한국표준협회,,업체 우선
966,환경부,한국니토옵티칼(주),2021,사업장,산업,38329.0,695.0,㈜디엔브이비즈니스어슈어런스코리아,,단일 사업장
967,환경부,한국도로공사,2021,업체,건물,265886.0,5339.0,한국표준협회,,업체 우선
968,환경부,한국동서발전 주식회사,2021,업체,전환,32808320.0,403325.0,㈜한국품질보증원,,업체 우선
969,국토교통부,한국마사회,2021,사업장,건물,10521.0,210.0,한국표준협회,,단일 사업장
970,환경부,한국바스프 주식회사,2021,업체,산업,673287.0,9880.0,(재)한국품질재단,,업체 우선
971,국토교통부,한국방송공사,2021,사업장,건물,17084.0,357.0,(주)한국경영인증원,,단일 사업장
972,국토교통부,한국보훈복지의료공단 중앙보훈병원,2021,사업장,건물,15888.0,325.0,한국표준협회,,단일 사업장
973,환경부,한국서부발전,2021,업체,전환,33358236.0,414093.0,(주)신화엔지니어링종합건축사사무소,,업체 우선
974,산업통상자원부,한국세큐리트(주) 군산공장,2021,사업장,유리,16517.0,343.0,이큐에이㈜,,단일 사업장
975,산업통상자원부,한국세큐리트(주) 익산공장,2021,사업장,유리,17022.0,354.0,이큐에이㈜,,단일 사업장
976,환경부,한국수력원자력,2021,업체,전환,3113579.0,63900.0,(재)한국품질재단,,업체 우선
977,환경부,한국수자원공사,2021,업체,공공·기타,771080.0,16032.0,(주)한국경영인증원,,업체 우선
978,환경부,한국수출포장공업(주),2021,업체,산업,130890.0,2003.0,㈜디엔브이비즈니스어슈어런스코리아,,업체 우선
979,산업통상자원부,한국쓰리엠(주),2021,사업장,석유화학,30445.0,613.0,한국표준협회,,단일 사업장
980,환경부,한국씨엔티(주),2021,업체,산업,61339.0,1202.0,이큐에이㈜,,업체 우선
981,산업통상자원부,한국알콜산업(주),2021,사업장,석유화학,33981.0,1692.0,한국생산성본부인증원(주),,단일 사업장
982,환경부,한국앤컴퍼니 주식회사,2021,업체,산업,73078.0,1510.0,(재)한국화학융합시험연구원,,업체 우선
983,환경부,한국엔지니어링플라스틱,2021,업체,산업,211529.0,3775.0,한국표준협회,,업체 우선
984,환경부,한국오웬스코닝(주),2021,업체,산업,82858.0,1620.0,대일이엔씨기술(주),,업체 우선
985,국토교통부,한국원자력연구원,2021,사업장,건물,22149.0,457.0,한국표준협회,,단일 사업장
986,국토교통부,한국원자력의학원,2021,사업장,건물,17101.0,351.0,한국표준협회,,단일 사업장
987,환경부,한국유리공업 주식회사,2021,업체,산업,257200.0,3562.0,이큐에이㈜,,업체 우선
988,환경부,한국유미코아 유한책임회사,2021,사업장,산업,121499.0,2399.0,(재)한국품질재단,,단일 사업장
989,환경부,한국이네오스스티롤루션 주식회사,2021,업체,산업,97228.0,1877.0,(재)한국품질재단,,업체 우선
990,환경부,한국전력공사,2021,업체,전환,1009744.0,7481.0,지속가능인증원주식회사,,업체 우선
991,국토교통부,한국전자통신연구원,2021,사업장,건물,18474.0,383.0,(주)신화엔지니어링종합건축사사무소,,단일 사업장
992,환경부,한국제강 주식회사,2021,업체,산업,251247.0,4385.0,한국표준협회,,업체 우선
993,산업통상자원부,한국제이씨씨(주),2021,사업장,전기전자,11785.0,245.0,한국표준협회,,단일 사업장
994,환경부,한국제지 주식회사,2021,업체,산업,173765.0,4919.0,(재)한국품질재단,,업체 우선
995,환경부,한국주철관공업(주),2021,업체,산업,62273.0,792.0,한국표준협회,,업체 우선
996,환경부,한국중부발전,2021,업체,전환,33093129.0,417826.0,(재)한국품질재단,,업체 우선
997,환경부,한국지엠 주식회사,2021,업체,산업,199982.0,4072.0,한국표준협회,,업체 우선
998,환경부,한국지역난방공사,2021,업체,전환,5918107.0,117661.0,(주)신화엔지니어링종합건축사사무소,,업체 우선
999,환경부,한국철강,2021,업체,산업,392071.0,7277.0,㈜한국품질보증원,,업체 우선
1000,환경부,한국철도공사,2021,업체,수송,1542665.0,30231.0,한국표준협회,,업체 우선
1001,환경부,한국타이어앤테크놀로지(주),2021,업체,산업,436988.0,9223.0,(재)한국품질재단,,업체 우선
1002,환경부,한국토지주택공사,2021,업체,전환,220418.0,4368.0,㈜디엔브이비즈니스어슈어런스코리아,,업체 우선
1003,국토교통부,한국표준과학연구원,2021,사업장,건물,22939.0,471.0,(주)신화엔지니어링종합건축사사무소,,단일 사업장
1004,산업통상자원부,한국프랜지공업(주) 제2공장,2021,사업장,철강,16477.0,342.0,한국표준협회,,단일 사업장
1005,농림축산식품부,한국필립모리스 주식회사 양산공장,2021,사업장,담배제조업,17530.0,359.0,한국표준협회,,단일 사업장
1006,환경부,한국항공우주산업(주),2021,사업장,산업,58148.0,1181.0,(주)신화엔지니어링종합건축사사무소,,단일 사업장
1007,국토교통부,한국핵융합에너지연구원,2021,사업장,건물,21267.0,444.0,(주)신화엔지니어링종합건축사사무소,,단일 사업장
1008,산업통상자원부,한라스택폴(주),2021,사업장,자동차,15530.0,306.0,한국표준협회,,단일 사업장
1009,환경부,한라시멘트주식회사,2021,업체,산업,4523552.0,24627.0,한국표준협회,,업체 우선
1010,국토교통부,한무쇼핑(주),2021,업체,건물,68472.0,1440.0,한국표준협회,,업체 우선
1011,환경부,한미약품(주),2021,업체,산업,59541.0,1185.0,이큐에이㈜,,업체 우선
1012,산업통상자원부,한미정밀화학(주),2021,사업장,석유화학,17469.0,398.0,이큐에이㈜,,단일 사업장
1013,국토교통부,한성운수(주),2021,사업장,교통(여객),15428.0,294.0,(주)한국경영인증원,,단일 사업장
1014,환경부,한솔제지,2021,업체,산업,923192.0,16488.0,(주)한국경영인증원,,업체 우선
1015,산업통상자원부,한솔테크닉스(주),2021,사업장,전기전자,8899.0,185.0,한국표준협회,,단일 사업장
1016,환경부,한솔페이퍼텍주식회사,2021,업체,산업,113250.0,1234.0,(주)한국경영인증원,,업체 우선
1017,환경부,한온시스템 주식회사,2021,업체,산업,59679.0,1249.0,㈜디엔브이비즈니스어슈어런스코리아,,업체 우선
1018,산업통상자원부,한융금속(주),2021,사업장,비철금속,20069.0,320.0,(주)한국경영인증원,,단일 사업장
1019,환경부,한일시멘트 주식회사,2021,업체,산업,4277252.0,27837.0,한국표준협회,,업체 우선
1020,환경부,한일제관(주),2021,업체,산업,51349.0,1052.0,이큐에이㈜,,업체 우선
1021,산업통상자원부,한일캔 주식회사,2021,사업장,기계,20644.0,424.0,이큐에이㈜,,단일 사업장
1022,환경부,한일현대시멘트 주식회사,2021,업체,시멘트,3820963.0,23411.0,한국표준협회,,업체 우선
1023,산업통상자원부,한주금속(주) 본사,2021,사업장,비철금속,11135.0,227.0,(재)한국품질재단,,단일 사업장
1024,산업통상자원부,한주금속(주) 엔진공장,2021,사업장,비철금속,17199.0,351.0,(재)한국품질재단,,단일 사업장
1025,산업통상자원부,한진중공업(주),2021,사업장,조선,18700.0,340.0,한국표준협회,,단일 사업장
1026,환경부,한화솔루션 주식회사,2021,업체,산업,2690533.0,49970.0,㈜디엔브이비즈니스어슈어런스코리아,,업체 우선
1027,환경부,한화에너지주식회사,2021,업체,전환,4859243.0,55675.0,한국표준협회,,업체 우선
1028,산업통상자원부,한화에어로스페이스(주),2021,사업장,기계,24253.0,495.0,(주)비에스아이그룹코리아,,단일 사업장
1029,환경부,한화임팩트 주식회사,2021,업체,산업,500578.0,8710.0,㈜디엔브이비즈니스어슈어런스코리아,,업체 우선
1030,환경부,한화토탈에너지스 주식회사,2021,업체,산업,4892541.0,107697.0,한국가스안전공사,,업체 우선
1031,국토교통부,한화호텔앤드리조트(주),2021,업체,건물,53381.0,1065.0,(주)비에스아이그룹코리아,,업체 우선
1032,환경부,한황산업주식회사,2021,사업장,산업,40177.0,751.0,㈜한국품질보증원,,단일 사업장
1033,환경부,해성디에스 주식회사,2021,사업장,산업,62321.0,1380.0,(주)비에스아이그룹코리아,,단일 사업장
1034,농림축산식품부,해태에이치티비(주) 천안공장,2021,사업장,음료제조업,24119.0,490.0,(재)한국품질재단,,단일 사업장
1035,환경부,핸즈식스주식회사,2021,업체,산업,71439.0,1461.0,이큐에이㈜,,업체 우선
1036,환경부,핸즈코퍼레이션주식회사,2021,업체,산업,63161.0,1281.0,(재)한국품질재단,,업체 우선
1037,국토교통부,현대건설(주),2021,업체,건설,78177.0,1560.0,로이드인증원㈜,,업체 우선
1038,산업통상자원부,현대건설기계(주) 울산공장,2021,사업장,기계,15085.0,238.0,㈜디엔브이비즈니스어슈어런스코리아,,단일 사업장
1039,환경부,현대글로비스(주),2021,업체,수송,79854.0,1218.0,한국표준협회,,업체 우선
1040,환경부,현대두산인프라코어(주),2021,업체,산업,105125.0,2038.0,지속가능인증원주식회사,,업체 우선
1041,산업통상자원부,현대로템 주식회사 창원공장,2021,사업장,기계,20483.0,412.0,(주)한국경영인증원,,단일 사업장
1042,환경부,현대모비스(주),2021,업체,산업,173416.0,3563.0,(재)한국품질재단,,업체 우선
1043,환경부,현대미포조선,2021,업체,산업,155876.0,2860.0,한국표준협회,,업체 우선
1044,환경부,현대비앤지스틸(주),2021,업체,산업,80708.0,1659.0,㈜디엔브이비즈니스어슈어런스코리아,,업체 우선
1045,환경부,현대삼호중공업 주식회사,2021,업체,산업,255232.0,4395.0,㈜디엔브이비즈니스어슈어런스코리아,,업체 우선
1046,환경부,현대석회(주),2021,업체,산업,88310.0,258.0,한국생산성본부인증원(주),,업체 우선
1047,환경부,현대성우쏠라이트 주식회사,2021,업체,산업,41144.0,848.0,한국표준협회,,업체 우선
1048,환경부,현대성우캐스팅 주식회사,2021,업체,산업,188111.0,3667.0,(재)한국품질재단,,업체 우선
1049,환경부,현대아이에프씨 주식회사,2021,업체,산업,195918.0,3636.0,로이드인증원㈜,,업체 우선
1050,환경부,현대에너지솔루션(주),2021,사업장,산업,27366.0,538.0,한국표준협회,,단일 사업장
1051,산업통상자원부,현대오씨아이 주식회사,2021,업체,석유화학,409871.0,5043.0,(재)한국품질재단,,업체 우선
1052,환경부,현대오일뱅크,2021,업체,산업,7510609.0,80729.0,(재)한국품질재단,,업체 우선
1053,산업통상자원부,현대오토에버 주식회사,2021,사업장,통신,21650.0,452.0,대일이엔씨기술(주),,단일 사업장
1054,환경부,현대위아 주식회사,2021,업체,산업,181938.0,3665.0,㈜디엔브이비즈니스어슈어런스코리아,,업체 우선
1055,환경부,현대일렉트릭앤에너지시스템(주),2021,사업장,산업,30547.0,626.0,㈜디엔브이비즈니스어슈어런스코리아,,단일 사업장
1056,환경부,현대자동차 주식회사,2021,업체,산업,1508866.0,31043.0,로이드인증원㈜,,업체 우선
1057,환경부,현대제철 주식회사,2021,업체,산업,28489305.0,168099.0,로이드인증원㈜,,업체 우선
1058,산업통상자원부,현대종합금속(주),2021,사업장,기계,21588.0,431.0,로이드인증원㈜,,단일 사업장
1059,환경부,현대종합특수강 주식회사,2021,사업장,산업,59286.0,1154.0,한국표준협회,,단일 사업장
1060,환경부,현대중공업주식회사,2021,업체,산업,536701.0,9186.0,한국표준협회,,업체 우선
1061,환경부,현대케미칼주식회사,2021,업체,산업,1244838.0,21970.0,(재)한국품질재단,,업체 우선
1062,환경부,현대트랜시스 주식회사,2021,업체,산업,187229.0,3878.0,㈜디엔브이비즈니스어슈어런스코리아,,업체 우선
1063,산업통상자원부,현우산업,2021,사업장,전기전자,17893.0,372.0,한국표준협회,,단일 사업장
1064,산업통상자원부,현진소재(주) 2공장,2021,사업장,기계,4158.0,83.0,(주)한국경영인증원,,단일 사업장
1065,산업통상자원부,호스트웨이아이디씨(주),2021,사업장,통신,15545.0,324.0,한국표준협회,,단일 사업장
1066,환경부,홈플러스 주식회사,2021,업체,건물,415110.0,8444.0,로이드인증원㈜,,업체 우선
1067,환경부,홍덕산업(주),2021,업체,산업,87778.0,1963.0,한국생산성본부인증원(주),,업체 우선
1068,환경부,홍원제지(주),2021,업체,산업,115762.0,1662.0,한국표준협회,,업체 우선
1069,환경부,화성시,2021,업체,폐기물,144139.0,1058.0,(재)한국화학융합시험연구원,,업체 우선
1070,국토교통부,화영운수(주),2021,사업장,교통(여객),20191.0,297.0,한국표준협회,,단일 사업장
1071,산업통상자원부,화인베스틸,2021,사업장,철강,19091.0,349.0,(주)한국경영인증원,,단일 사업장
1072,환경부,환영철강공업,2021,업체,산업,300811.0,5604.0,㈜한국품질보증원,,업체 우선
1073,환경부,효성중공업 주식회사,2021,업체,산업,54101.0,1132.0,㈜디엔브이비즈니스어슈어런스코리아,,업체 우선
1074,환경부,효성첨단소재 주식회사,2021,업체,산업,202512.0,4210.0,㈜디엔브이비즈니스어슈어런스코리아,,업체 우선
1075,환경부,효성티앤씨 주식회사,2021,업체,산업,365131.0,8403.0,㈜디엔브이비즈니스어슈어런스코리아,,업체 우선
1076,환경부,효성화학 주식회사,2021,업체,산업,887229.0,18850.0,㈜디엔브이비즈니스어슈어런스코리아,,업체 우선
1077,국토교통부,휘닉스중앙평창(주),2021,사업장,건물,18265.0,364.0,(주)한국경영인증원,,단일 사업장
1078,환경부,휴비스,2021,업체,산업,465851.0,7089.0,한국표준협회,,업체 우선
1079,산업통상자원부,희성촉매(주),2021,사업장,석유화학,21146.0,423.0,한국표준협회,,단일 사업장
1,환경부,(유)남해환경,2022,사업장,폐기물,30113.0,154.0,(재)한국품질재단,,단일 사업장
2,환경부,(유)에스케이씨에보닉페록사이드코리아,2022,사업장,기초 화학물질 제조업,52658.0,1078.0,(재)한국품질재단,,단일 사업장
3,환경부,(유)청명,2022,사업장,폐기물,13696.0,277.0,㈜한국품질보증원,,단일 사업장
4,국토교통부,(유)호남고속,2022,사업장,교통(여객),20519.0,322.0,(주)한국경영인증원,,단일 사업장
5,환경부,(주)HJ매그놀리아용평호텔앤리조트,2022,사업장,일반 및 생활 숙박시설 운영업,36552.0,727.0,(재)한국품질재단,,단일 사업장
6,환경부,(주)MSC,2022,사업장,기타 식품 제조업,30048.0,605.0,한국가스안전공사,,단일 사업장
7,환경부,(주)SIMPAC,2022,업체,1차 철강 제조업,486938.0,5248.0,한국표준협회,,업체 우선
8,환경부,(주)SUN&L,2022,사업장,나무제품 제조업,65550.0,2349.0,한국표준협회,,단일 사업장
9,환경부,(주)강원랜드,2022,사업장,유원지 및 기타 오락관련 서비스업,75553.0,1535.0,한국표준협회,,단일 사업장
10,환경부,(주)건화,2022,사업장,선박 및 보트 건조업,39862.0,726.0,한국표준협회,,단일 사업장
11,환경부,(주)경기고속,2022,업체,육상 여객 운송업,101864.0,1630.0,(주)한국경영인증원,,업체 우선
12,환경부,(주)경동,2022,업체,석탄 광업,209706.0,402.0,(재)한국품질재단,,업체 우선
13,산업통상자원부,(주)경동원,2022,사업장,기계,8856.0,175.0,한국표준협회,,단일 사업장
14,산업통상자원부,(주)경보제약,2022,사업장,석유화학,12237.0,277.0,한국표준협회,,단일 사업장
15,환경부,(주)경북고속,2022,사업장,육상 여객 운송업,23197.0,329.0,(주)한국경영인증원,,단일 사업장
16,산업통상자원부,(주)경신전선,2022,사업장,전기전자,15977.0,330.0,한국표준협회,,단일 사업장
17,산업통상자원부,(주)국일방적 정읍공장,2022,사업장,섬유,9724.0,202.0,대일이엔씨기술(주),,단일 사업장
18,환경부,(주)그린스코,2022,사업장,폐기물 처리업,41826.0,109.0,(주)한국경영인증원,,단일 사업장
19,환경부,(주)그린환경기술,2022,업체,폐기물,62316.0,350.0,(재)한국품질재단,,업체 우선
20,환경부,(주)금남고속,2022,사업장,육상 여객 운송업,20289.0,289.0,(주)한국경영인증원,,단일 사업장
21,환경부,(주)금비,2022,사업장,유리 및 유리제품 제조업,79965.0,1176.0,한국표준협회,,단일 사업장
22,해양수산부,(주)남해고속,2022,사업장,교통(해운),24721.0,352.0,한국표준협회,,단일 사업장
23,산업통상자원부,(주)네오오토,2022,사업장,자동차,17045.0,353.0,(주)한국경영인증원,,단일 사업장
24,산업통상자원부,(주)네패스,2022,사업장,반도체,17833.0,368.0,(주)비에스아이그룹코리아,,단일 사업장
25,산업통상자원부,(주)넥센,2022,사업장,석유화학,18924.0,384.0,한국표준협회,,단일 사업장
26,환경부,(주)농협물류,2022,사업장,도로 화물 운송업,29867.0,431.0,한국표준협회,,단일 사업장
27,농림축산식품부,(주)농협사료,2022,업체,식료품 제조업,87744.0,1813.0,(재)한국품질재단,,업체 우선
28,환경부,(주)다나에너지솔루션,2022,사업장,폐기물,71491.0,201.0,(재)한국품질재단,,단일 사업장
29,환경부,(주)단석산업,2022,사업장,1차 비철금속 제조업,83951.0,1693.0,한국표준협회,,단일 사업장
30,산업통상자원부,(주)대농,2022,사업장,섬유,14914.0,311.0,지속가능인증원주식회사,,단일 사업장
31,환경부,(주)대동세라믹,2022,사업장,"내화, 비내화 요업제품 제조업",35492.0,636.0,(주)한국경영인증원,,단일 사업장
32,환경부,(주)대림제지,2022,사업장,"펄프, 종이 및 판지 제조업",109108.0,1736.0,(재)한국품질재단,,단일 사업장
33,산업통상자원부,(주)대양금속,2022,사업장,기계,19331.0,383.0,(재)한국품질재단,,단일 사업장
34,국토교통부,(주)대우건설,2022,업체,건설,59231.0,1211.0,한국표준협회,,업체 우선
35,산업통상자원부,(주)대욱케스트,2022,사업장,철강,19299.0,362.0,(주)한국경영인증원,,단일 사업장
36,환경부,(주)대원고속,2022,업체,육상 여객 운송업,106278.0,1702.0,(주)한국경영인증원,,업체 우선
37,환경부,(주)대원버스,2022,사업장,육상 여객 운송업,30928.0,528.0,(주)한국경영인증원,,단일 사업장
38,국토교통부,(주)대원여객,2022,사업장,교통(여객),17527.0,333.0,(주)한국경영인증원,,단일 사업장
39,환경부,(주)대원운수,2022,사업장,육상 여객 운송업,35399.0,588.0,(주)한국경영인증원,,단일 사업장
40,환경부,(주)대유코아,2022,사업장,"시멘트, 석회, 플라스터 및 그 외 제품 제조업",116079.0,763.0,한국표준협회,,단일 사업장
41,해양수산부,(주)대저해운,2022,사업장,교통(해운),5174.0,75.0,한국표준협회,,단일 사업장
42,산업통상자원부,(주)대천텍스타일,2022,사업장,섬유,17171.0,255.0,한국표준협회,,단일 사업장
43,산업통상자원부,(주)대호특수강,2022,사업장,철강,22872.0,423.0,한국표준협회,,단일 사업장
44,환경부,(주)대화제지,2022,사업장,"펄프, 종이 및 판지 제조업",18760.0,379.0,㈜한국품질보증원,,단일 사업장
45,환경부,(주)동남,2022,사업장,1차 비철금속 제조업,52621.0,818.0,한국표준협회,,단일 사업장
46,환경부,(주)동방,2022,사업장,도로 화물 운송업,57159.0,834.0,대일이엔씨기술(주),,단일 사업장
47,환경부,(주)동서기공,2022,사업장,자동차 신품 부품 제조업,38752.0,800.0,(주)한국경영인증원,,단일 사업장
48,환경부,(주)동신포리마,2022,사업장,플라스틱 제품 제조업,37727.0,778.0,(주)한국경영인증원,,단일 사업장
49,환경부,(주)동양고속,2022,사업장,육상 여객 운송업,52142.0,746.0,(주)한국경영인증원,,단일 사업장
50,환경부,(주)동양환경,2022,업체,폐기물 처리업,217891.0,763.0,(재)한국품질재단,,업체 우선
51,농림축산식품부,(주)동우팜투테이블,2022,사업장,식료품 제조업,15579.0,314.0,(재)한국화학융합시험연구원,,단일 사업장
52,농림축산식품부,(주)동원F&B,2022,업체,식료품 제조업,81931.0,1796.0,(주)한국경영인증원,,업체 우선
53,산업통상자원부,(주)동진쎄미켐,2022,사업장,석유화학,22446.0,452.0,한국가스안전공사,,단일 사업장
54,산업통상자원부,(주)두산,2022,업체,전기전자,61531.0,1190.0,(재)한국품질재단,,업체 우선
55,산업통상자원부,(주)두산테스나,2022,사업장,반도체,23541.0,491.0,(재)한국품질재단,,단일 사업장
56,산업통상자원부,(주)디알액시온,2022,사업장,비철금속,14736.0,300.0,(재)한국품질재단,,단일 사업장
57,환경부,(주)디에이피,2022,사업장,전자 부품 제조업,76683.0,1591.0,한국가스안전공사,,단일 사업장
58,산업통상자원부,(주)디케이씨,2022,사업장,철강,19159.0,385.0,한국표준협회,,단일 사업장
59,산업통상자원부,(주)로옴코리아,2022,사업장,반도체,17438.0,364.0,㈜한국품질보증원,,단일 사업장
60,농림축산식품부,(주)면사랑,2022,사업장,식료품 제조업,21309.0,474.0,한국표준협회,,단일 사업장
61,환경부,(주)모나리자,2022,사업장,"펄프, 종이 및 판지 제조업",41008.0,782.0,(주)한국경영인증원,,단일 사업장
62,환경부,(주)미래페이퍼,2022,사업장,"펄프, 종이 및 판지 제조업",62138.0,794.0,한국표준협회,,단일 사업장
63,산업통상자원부,(주)방림,2022,사업장,섬유,22528.0,339.0,한국표준협회,,단일 사업장
64,환경부,(주)베르상스퍼시픽,2022,사업장,유리 및 유리제품 제조업,30607.0,514.0,한국표준협회,,단일 사업장
65,환경부,(주)벽산,2022,사업장,유리 및 유리제품 제조업,94360.0,1719.0,한국표준협회,,단일 사업장
66,환경부,(주)보림씨에스,2022,업체,폐기물,60816.0,23.0,(재)한국품질재단,,업체 우선
67,산업통상자원부,(주)부산도시가스,2022,사업장,집단에너지,59177.0,389.0,(주)한국경영인증원,,단일 사업장
68,산업통상자원부,(주)브이샘 인천공장,2022,사업장,시멘트,15490.0,303.0,한국표준협회,,단일 사업장
69,산업통상자원부,(주)비에이치,2022,사업장,전기전자,17646.0,368.0,한국표준협회,,단일 사업장
70,산업통상자원부,(주)비엠금속,2022,사업장,철강,17324.0,321.0,(주)한국경영인증원,,단일 사업장
71,농림축산식품부,(주)빙그레,2022,업체,식료품 제조업,59514.0,1204.0,(주)한국경영인증원,,업체 우선
72,환경부,(주)삼동,2022,사업장,절연선 및 케이블 제조업,44165.0,914.0,한국표준협회,,단일 사업장
73,국토교통부,(주)삼우에프앤지,2022,사업장,교통(화물),21050.0,356.0,한국표준협회,,단일 사업장
74,환경부,(주)삼원강재,2022,사업장,자동차 신품 부품 제조업,34165.0,693.0,(재)한국품질재단,,단일 사업장
75,환경부,(주)삼천리,2022,사업장,"증기, 냉ㆍ온수 및 공기 조절 공급업",75703.0,1301.0,한국가스안전공사,,단일 사업장
76,환경부,(주)삼표산업,2022,업체,"시멘트, 석회, 플라스터 및 그 외 제품 제조업",107062.0,1854.0,(재)한국품질재단,,업체 우선
77,환경부,(주)삼현,2022,사업장,"내화, 비내화 요업제품 제조업",21809.0,389.0,한국표준협회,,단일 사업장
78,국토교통부,(주)삼화고속,2022,사업장,교통(여객),10769.0,154.0,(주)한국경영인증원,,단일 사업장
79,환경부,(주)상공에너지,2022,사업장,"증기, 냉ㆍ온수 및 공기 조절 공급업",9434.0,1495.0,㈜한국품질보증원,,단일 사업장
80,농림축산식품부,(주)샤니,2022,사업장,식료품 제조업,36659.0,747.0,(주)비에스아이그룹코리아,,단일 사업장
81,산업통상자원부,(주)서원,2022,사업장,비철금속,14245.0,294.0,한국가스안전공사,,단일 사업장
82,산업통상자원부,(주)서진캠 아산공장,2022,사업장,자동차,12824.0,267.0,(주)한국경영인증원,,단일 사업장
83,산업통상자원부,(주)서진캠 평택공장,2022,사업장,자동차,12908.0,269.0,(주)한국경영인증원,,단일 사업장
84,환경부,(주)서흥,2022,사업장,기타 식품 제조업,37405.0,771.0,한국표준협회,,단일 사업장
85,산업통상자원부,(주)선일다이파스,2022,사업장,기계,22040.0,454.0,(주)한국경영인증원,,단일 사업장
86,환경부,(주)선진운수,2022,사업장,육상 여객 운송업,27793.0,520.0,(재)한국품질재단,,단일 사업장
87,산업통상자원부,(주)성신미네필드,2022,사업장,시멘트,20038.0,395.0,한국표준협회,,단일 사업장
88,산업통상자원부,(주)성호금속,2022,사업장,철강,17220.0,313.0,(주)한국경영인증원,,단일 사업장
89,환경부,(주)성호금속 경주2공장,2022,사업장,금속 주조업,28328.0,511.0,(주)한국경영인증원,,단일 사업장
90,산업통상자원부,(주)성호기업,2022,사업장,철강,14356.0,281.0,(주)한국경영인증원,,단일 사업장
91,환경부,(주)세아씨엠,2022,사업장,1차 철강 제조업,62897.0,1277.0,한국표준협회,,단일 사업장
92,국토교통부,(주)세아엘앤에스,2022,사업장,교통(화물),16244.0,239.0,한국표준협회,,단일 사업장
93,환경부,(주)세아제강,2022,사업장,1차 철강 제조업,58090.0,1196.0,한국표준협회,,단일 사업장
94,환경부,(주)세아특수강,2022,사업장,1차 철강 제조업,54166.0,1067.0,한국표준협회,,단일 사업장
95,농림축산식품부,(주)세우,2022,사업장,식료품 제조업,17815.0,361.0,(재)한국품질재단,,단일 사업장
96,환경부,(주)세주,2022,사업장,해상 운송업,29846.0,410.0,㈜디엔브이비즈니스어슈어런스코리아,,단일 사업장
97,국토교통부,(주)시흥교통,2022,사업장,교통(여객),22620.0,408.0,한국표준협회,,단일 사업장
98,환경부,(주)신동,2022,사업장,"시멘트, 석회, 플라스터 및 그 외 제품 제조업",83528.0,275.0,한국표준협회,,단일 사업장
99,환경부,(주)신세계,2022,업체,종합 소매업,123212.0,2561.0,(주)한국경영인증원,,업체 우선
100,환경부,(주)신승에너지,2022,사업장,폐기물 처리업,82534.0,359.0,(재)한국품질재단,,단일 사업장
101,산업통상자원부,(주)신안주철,2022,사업장,철강,16455.0,310.0,한국표준협회,,단일 사업장
102,농림축산식품부,(주)신영포르투,2022,사업장,목재,31188.0,989.0,(재)한국품질재단,,단일 사업장
103,산업통상자원부,(주)신우금속,2022,사업장,철강,16834.0,291.0,(재)한국품질재단,,단일 사업장
104,산업통상자원부,(주)신한중공업,2022,사업장,조선,12925.0,216.0,㈜한국품질보증원,,단일 사업장
105,환경부,(주)쌍용씨앤비,2022,사업장,"펄프, 종이 및 판지 제조업",63815.0,1217.0,(주)한국경영인증원,,단일 사업장
106,환경부,(주)씨텍,2022,업체,"증기, 냉ㆍ온수 및 공기 조절 공급업",792420.0,10862.0,(주)비에스아이그룹코리아,,업체 우선
107,환경부,(주)아진피앤피,2022,사업장,"펄프, 종이 및 판지 제조업",142315.0,3443.0,지속가능인증원주식회사,,단일 사업장
108,환경부,(주)애니테크,2022,사업장,폐기물,33922.0,204.0,대일이엔씨기술(주),,단일 사업장
109,산업통상자원부,(주)에스에이케이,2022,사업장,유리,11457.0,235.0,(주)한국경영인증원,"""(주)에스에이씨"" 업체명 변경",단일 사업장
110,산업통상자원부,(주)에스제이금속,2022,사업장,철강,19859.0,349.0,(재)한국품질재단,,단일 사업장
111,환경부,(주)에스파워,2022,업체,전기업,1787646.0,35412.0,(재)한국품질재단,,업체 우선
112,환경부,(주)에스피환경,2022,사업장,폐기물,72938.0,505.0,㈜한국품질보증원,,단일 사업장
113,해양수산부,(주)에이치해운,2022,사업장,교통(해운),18112.0,256.0,한국표준협회,,단일 사업장
114,환경부,(주)에이티에너지,2022,사업장,폐기물,29982.0,17.0,(재)한국화학융합시험연구원,,단일 사업장
115,환경부,(주)에코비트그린,2022,업체,폐기물,182006.0,61.0,한국표준협회,,업체 우선
116,환경부,(주)에코비트에너지세종,2022,사업장,폐기물 처리업,60954.0,424.0,한국표준협회,,단일 사업장
117,환경부,(주)에코비트에너지청원,2022,업체,폐기물,42255.0,1.0,(재)한국품질재단,,업체 우선
118,산업통상자원부,(주)에코프로머티리얼즈,2022,사업장,전기전자,45884.0,935.0,(주)한국경영인증원,"""에코프로지이엠"" 업체명 변경",단일 사업장
119,산업통상자원부,(주)에코프로비엠,2022,사업장,전기전자,122737.0,2562.0,(주)한국경영인증원,,단일 사업장
120,환경부,(주)엔아이티,2022,업체,폐기물 처리업,149040.0,495.0,㈜한국품질보증원,,업체 우선
121,환경부,(주)엔이티,2022,사업장,"증기, 냉ㆍ온수 및 공기 조절 공급업",46133.0,541.0,한국표준협회,,단일 사업장
122,환경부,(주)엘엑스판토스,2022,사업장,도로 화물 운송업,45540.0,557.0,㈜디엔브이비즈니스어슈어런스코리아,,단일 사업장
123,산업통상자원부,(주)엘지생활건강,2022,사업장,석유화학,52650.0,1153.0,(재)한국품질재단,,단일 사업장
124,환경부,(주)엘지씨엔에스,2022,업체,"컴퓨터 프로그래밍, 시스템 통합 및 관리업",134043.0,2850.0,대일이엔씨기술(주),,업체 우선
125,환경부,(주)영신물산,2022,사업장,"섬유제품 염색, 정리 및 마무리 가공업",28747.0,223.0,한국표준협회,,단일 사업장
126,환경부,(주)오뚜기,2022,사업장,기타 식품 제조업,89065.0,1801.0,한국표준협회,,단일 사업장
127,환경부,(주)오리온,2022,사업장,기타 식품 제조업,67703.0,1370.0,한국표준협회,,단일 사업장
128,환경부,(주)오미아코리아,2022,사업장,기초 화학물질 제조업,58420.0,1195.0,㈜디엔브이비즈니스어슈어런스코리아,,단일 사업장
129,산업통상자원부,(주)오영,2022,사업장,석유화학,13886.0,298.0,(재)한국품질재단,,단일 사업장
130,환경부,(주)온셀텍,2022,사업장,전자 부품 제조업,26701.0,556.0,한국표준협회,,단일 사업장
131,농림축산식품부,(주)올품,2022,사업장,식료품 제조업,22807.0,464.0,한국표준협회,,단일 사업장
132,환경부,(주)와이에스텍,2022,업체,폐기물,130496.0,29.0,(재)한국품질재단,,업체 우선
133,환경부,(주)와이엔텍,2022,업체,폐기물,154121.0,120.0,(재)한국품질재단,,업체 우선
134,산업통상자원부,(주)와이엠,2022,사업장,기계,16854.0,347.0,(재)한국품질재단,,단일 사업장
135,환경부,(주)우룡,2022,업체,"시멘트, 석회, 플라스터 및 그 외 제품 제조업",164173.0,659.0,(주)한국경영인증원,,업체 우선
136,산업통상자원부,(주)우신금속,2022,사업장,비철금속,21080.0,331.0,(재)한국품질재단,,단일 사업장
137,산업통상자원부,(주)원익아이피에스,2022,사업장,기계,25105.0,499.0,한국표준협회,,단일 사업장
138,환경부,(주)유니온,2022,업체,"시멘트, 석회, 플라스터 및 그 외 제품 제조업",153644.0,1301.0,한국표준협회,,업체 우선
139,환경부,(주)유성티엔에스,2022,사업장,도로 화물 운송업,31436.0,457.0,(주)한국경영인증원,,단일 사업장
140,환경부,(주)유진로지스틱스,2022,사업장,도로 화물 운송업,28881.0,417.0,(재)한국품질재단,,단일 사업장
141,산업통상자원부,(주)유한화학,2022,사업장,석유화학,19440.0,357.0,(주)한국경영인증원,,단일 사업장
142,산업통상자원부,(주)이녹스첨단소재,2022,사업장,전기전자,27554.0,511.0,(재)한국품질재단,,단일 사업장
143,환경부,(주)이마트,2022,업체,종합 소매업,541669.0,11350.0,한국표준협회,,업체 우선
144,환경부,(주)이수페타시스,2022,사업장,전자 부품 제조업,41275.0,741.0,(주)한국경영인증원,,단일 사업장
145,환경부,(주)이수화학,2022,업체,기초 화학물질 제조업,235526.0,4193.0,한국표준협회,,업체 우선
146,환경부,(주)이스타항공,2022,업체,항공 여객 운송업,5234.0,76.0,(주)한국경영인증원,,업체 우선
147,환경부,(주)이알지서비스,2022,사업장,폐기물 처리업,78927.0,103.0,(재)한국화학융합시험연구원,,단일 사업장
148,환경부,(주)이앤컴퍼니,2022,사업장,폐기물,42275.0,22.0,㈜한국품질보증원,,단일 사업장
149,환경부,(주)이에스티,2022,업체,폐기물,83041.0,10.0,(재)한국품질재단,,업체 우선
150,산업통상자원부,(주)인지디스플레이,2022,사업장,자동차,19060.0,393.0,(주)한국경영인증원,,단일 사업장
151,환경부,(주)인터플렉스,2022,사업장,전자 부품 제조업,33983.0,709.0,로이드인증원㈜,,단일 사업장
152,환경부,(주)일진글로벌,2022,사업장,자동차 신품 부품 제조업,124130.0,2591.0,(주)한국경영인증원,,단일 사업장
153,환경부,(주)전북고속,2022,사업장,육상 여객 운송업,13898.0,197.0,(주)한국경영인증원,,단일 사업장
154,농림축산식품부,(주)정·식품,2022,사업장,음료제조업,19504.0,392.0,한국표준협회,,단일 사업장
155,국토교통부,(주)제때,2022,사업장,교통(화물),19547.0,327.0,한국표준협회,,단일 사업장
156,환경부,(주)제양항공해운,2022,사업장,해상 운송업,11944.0,165.0,한국표준협회,,단일 사업장
157,환경부,(주)제이엠씨,2022,사업장,기초 화학물질 제조업,39251.0,890.0,(주)한국경영인증원,,단일 사업장
158,해양수산부,(주)제주케이라인,2022,사업장,교통(해운),9503.0,129.0,㈜디엔브이비즈니스어슈어런스코리아,,단일 사업장
159,산업통상자원부,(주)젤텍,2022,사업장,석유화학,15305.0,515.0,한국표준협회,,단일 사업장
160,농림축산식품부,(주)조흥,2022,사업장,식료품 제조업,17073.0,318.0,한국표준협회,,단일 사업장
161,산업통상자원부,(주)종근당,2022,사업장,석유화학,17349.0,478.0,(재)한국품질재단,,단일 사업장
162,환경부,(주)종근당바이오,2022,사업장,기초 의약 물질 및 생물학적 제제 제조업,88465.0,1843.0,(주)한국경영인증원,,단일 사업장
163,국토교통부,(주)중부고속,2022,사업장,교통(여객),7646.0,108.0,㈜한국품질보증원,,단일 사업장
164,환경부,(주)중앙고속,2022,사업장,육상 여객 운송업,40955.0,585.0,(주)한국경영인증원,,단일 사업장
165,환경부,(주)중일,2022,사업장,1차 비철금속 제조업,28355.0,297.0,한국표준협회,,단일 사업장
166,환경부,(주)지에스동해전력,2022,업체,전기업,6064363.0,68000.0,대일이엔씨기술(주),,업체 우선
167,산업통상자원부,(주)지엠씨,2022,사업장,광업,14895.0,309.0,(주)한국경영인증원,,단일 사업장
168,환경부,(주)진합,2022,사업장,자동차 신품 부품 제조업,26878.0,555.0,한국표준협회,,단일 사업장
169,산업통상자원부,(주)진흥주물,2022,사업장,철강,38364.0,678.0,한국표준협회,,단일 사업장
170,환경부,(주)참프레,2022,사업장,"도축, 육류 가공 및 저장 처리업",41216.0,830.0,한국표준협회,,단일 사업장
171,환경부,(주)창원에너텍,2022,사업장,폐기물 처리업,79602.0,1007.0,(재)한국품질재단,,단일 사업장
172,환경부,(주)천일고속,2022,사업장,육상 여객 운송업,19773.0,282.0,(주)한국경영인증원,,단일 사업장
173,환경부,(주)청송산업개발,2022,사업장,폐기물,45297.0,640.0,(재)한국품질재단,,단일 사업장
174,농림축산식품부,(주)체리부로,2022,사업장,식료품 제조업,14533.0,297.0,(주)한국경영인증원,,단일 사업장
175,환경부,(주)충남고속,2022,사업장,육상 여객 운송업,21706.0,329.0,(주)한국경영인증원,,단일 사업장
176,환경부,(주)충무화학,2022,업체,"시멘트, 석회, 플라스터 및 그 외 제품 제조업",148831.0,615.0,(주)한국경영인증원,,업체 우선
177,농림축산식품부,(주)카길애그리퓨리나,2022,사업장,식료품 제조업,22580.0,460.0,(재)한국품질재단,,단일 사업장
178,산업통상자원부,(주)카펙발레오,2022,사업장,자동차,21212.0,427.0,한국표준협회,,단일 사업장
179,환경부,(주)칼링크,2022,사업장,자동차 신품 부품 제조업,23147.0,470.0,지속가능인증원주식회사,,단일 사업장
180,환경부,(주)케이비아이국인산업,2022,업체,폐기물,237956.0,157.0,(재)한국품질재단,,업체 우선
181,환경부,(주)케이비아이텍,2022,업체,폐기물,150326.0,193.0,(재)한국품질재단,,업체 우선
182,산업통상자원부,(주)케이에프엔티,2022,사업장,석유화학,19307.0,405.0,한국표준협회,,단일 사업장
183,산업통상자원부,(주)케이원전자,2022,사업장,전기전자,20289.0,423.0,한국표준협회,,단일 사업장
184,환경부,(주)케이이씨,2022,사업장,반도체 제조업,45661.0,623.0,㈜디엔브이비즈니스어슈어런스코리아,,단일 사업장
185,환경부,(주)케이조선,2022,사업장,선박 및 보트 건조업,51838.0,949.0,(재)한국품질재단,,단일 사업장
186,환경부,(주)케이티앤지,2022,사업장,담배 제조업,108541.0,2191.0,(재)한국품질재단,,단일 사업장
187,산업통상자원부,(주)케이피텍,2022,사업장,석유화학,13643.0,284.0,㈜디엔브이비즈니스어슈어런스코리아,,단일 사업장
188,산업통상자원부,(주)코넥,2022,사업장,자동차,30257.0,600.0,(주)한국경영인증원,,단일 사업장
189,환경부,(주)코다코,2022,사업장,자동차 신품 부품 제조업,41251.0,844.0,(재)한국품질재단,,단일 사업장
190,환경부,(주)코리아써키트,2022,사업장,전자 부품 제조업,121397.0,2432.0,(주)비에스아이그룹코리아,,단일 사업장
191,국토교통부,(주)코리아와이드포항,2022,사업장,교통(여객),21269.0,404.0,(주)한국경영인증원,,단일 사업장
192,환경부,(주)코스틸,2022,사업장,1차 철강 제조업,32558.0,655.0,(주)한국경영인증원,,단일 사업장
193,환경부,(주)클렌코,2022,업체,폐기물 처리업,206016.0,181.0,한국표준협회,,업체 우선
194,산업통상자원부,(주)태상,2022,업체,기계,69333.0,1355.0,(주)한국경영인증원,,업체 우선
195,산업통상자원부,(주)태영열처리,2022,사업장,기계,15312.0,316.0,한국표준협회,,단일 사업장
196,산업통상자원부,(주)태우,2022,사업장,비철금속,16969.0,330.0,한국가스안전공사,,단일 사업장
197,환경부,(주)태웅,2022,업체,1차 철강 제조업,173961.0,3186.0,(재)한국품질재단,,업체 우선
198,환경부,(주)태평양금속,2022,사업장,"내화, 비내화 요업제품 제조업",40087.0,815.0,(주)한국경영인증원,,단일 사업장
199,환경부,(주)티씨씨스틸,2022,사업장,1차 철강 제조업,36595.0,727.0,(주)한국경영인증원,,단일 사업장
200,산업통상자원부,(주)티씨케이,2022,사업장,전기전자,35850.0,741.0,(재)한국품질재단,,단일 사업장
201,산업통상자원부,(주)티엘비,2022,사업장,전기전자,18204.0,364.0,한국표준협회,,단일 사업장
202,농림축산식품부,(주)파리크라상,2022,사업장,식료품 제조업,21814.0,449.0,한국표준협회,,단일 사업장
203,국토교통부,(주)평안운수,2022,사업장,교통(여객),13794.0,237.0,(주)한국경영인증원,,단일 사업장
204,환경부,(주)포레스코,2022,사업장,나무제품 제조업,32894.0,784.0,한국표준협회,,단일 사업장
205,산업통상자원부,(주)풍농,2022,사업장,석유화학,19083.0,355.0,(주)한국경영인증원,,단일 사업장
206,환경부,(주)풍정주공,2022,사업장,금속 주조업,26038.0,491.0,한국표준협회,,단일 사업장
207,산업통상자원부,(주)퓨렉스,2022,사업장,반도체,16959.0,351.0,(재)한국품질재단,,단일 사업장
208,산업통상자원부,(주)피엔디티,2022,사업장,자동차,18742.0,367.0,지속가능인증원주식회사,,단일 사업장
209,산업통상자원부,(주)피제이메탈,2022,사업장,비철금속,22366.0,393.0,(재)한국품질재단,,단일 사업장
210,환경부,(주)필맥스,2022,사업장,플라스틱 제품 제조업,23361.0,478.0,㈜한국품질보증원,,단일 사업장
211,환경부,(주)하림,2022,사업장,"도축, 육류 가공 및 저장 처리업",98062.0,2351.0,(재)한국품질재단,,단일 사업장
212,농림축산식품부,(주)한국인삼공사 고려인삼창,2022,사업장,식료품 제조업,37981.0,773.0,(주)한국경영인증원,,단일 사업장
213,환경부,(주)한국특강,2022,업체,1차 철강 제조업,306638.0,5497.0,(주)한국경영인증원,,업체 우선
214,산업통상자원부,(주)한금,2022,사업장,철강,17816.0,383.0,한국표준협회,,단일 사업장
215,환경부,(주)한솔케미칼,2022,사업장,기초 화학물질 제조업,154515.0,3400.0,대일이엔씨기술(주),,단일 사업장
216,환경부,(주)한솔홈데코,2022,사업장,나무제품 제조업,55402.0,1988.0,(주)한국경영인증원,,단일 사업장
217,산업통상자원부,(주)한양에스앤씨,2022,사업장,자동차,14335.0,274.0,(주)한국경영인증원,,단일 사업장
218,산업통상자원부,(주)한영특수강,2022,사업장,철강,16227.0,326.0,한국표준협회,,단일 사업장
219,국토교통부,(주)한익스프레스,2022,사업장,교통(화물),27424.0,447.0,한국표준협회,,단일 사업장
220,환경부,(주)한일고속,2022,사업장,육상 여객 운송업,77501.0,1054.0,(주)한국경영인증원,,단일 사업장
221,환경부,(주)한주,2022,업체,"증기, 냉ㆍ온수 및 공기 조절 공급업",1094646.0,13460.0,㈜디엔브이비즈니스어슈어런스코리아,,업체 우선
222,환경부,(주)한진,2022,업체,도로 화물 운송업,104185.0,1630.0,한국표준협회,,업체 우선
223,환경부,(주)한창제지,2022,업체,"펄프, 종이 및 판지 제조업",142810.0,1888.0,한국표준협회,,업체 우선
224,환경부,(주)한화,2022,업체,기타 화학제품 제조업,57635.0,1119.0,㈜디엔브이비즈니스어슈어런스코리아,,업체 우선
225,환경부,(주)현대백화점,2022,업체,종합 소매업,168609.0,3528.0,한국표준협회,,업체 우선
226,환경부,(주)현대엘앤씨,2022,사업장,플라스틱 제품 제조업,39438.0,807.0,한국표준협회,,단일 사업장
227,환경부,(주)현대케피코,2022,사업장,자동차 신품 부품 제조업,24242.0,501.0,한국생산성본부인증원(주),,단일 사업장
228,국토교통부,(주)화성여객,2022,사업장,교통(여객),20076.0,307.0,(주)한국경영인증원,,단일 사업장
229,산업통상자원부,(주)화승알앤에이,2022,사업장,석유화학,19649.0,403.0,한국표준협회,,단일 사업장
230,환경부,(주)화승케미칼,2022,사업장,플라스틱 제품 제조업,28159.0,578.0,(주)한국경영인증원,,단일 사업장
231,산업통상자원부,(주)화인베스틸,2022,사업장,철강,20509.0,375.0,(주)한국경영인증원,,단일 사업장
232,환경부,(합)경남여객,2022,사업장,육상 여객 운송업,45450.0,730.0,한국표준협회,,단일 사업장
233,환경부,CJ대한통운(주),2022,업체,도로 화물 운송업,228492.0,4041.0,(주)한국경영인증원,,업체 우선
234,환경부,CJ제일제당(주),2022,업체,"곡물 가공품, 전분 및 전분제품 제조업",427319.0,9900.0,(재)한국화학융합시험연구원,,업체 우선
235,국토교통부,GS건설(주),2022,업체,건설,100158.0,1912.0,한국표준협회,,업체 우선
236,환경부,GS파워,2022,업체,"증기, 냉ㆍ온수 및 공기 조절 공급업",2986673.0,58361.0,(재)한국품질재단,,업체 우선
237,환경부,HSD엔진(주),2022,사업장,일반 목적용 기계 제조업,34669.0,615.0,㈜디엔브이비즈니스어슈어런스코리아,,단일 사업장
238,환경부,JW 생명과학(주),2022,사업장,의약품 제조업,27261.0,556.0,한국표준협회,,단일 사업장
239,산업통상자원부,KPX케미칼(주),2022,사업장,석유화학,24133.0,777.0,(주)한국경영인증원,,단일 사업장
240,산업통상자원부,LB세미콘(주),2022,사업장,반도체,24269.0,503.0,한국표준협회,,단일 사업장
241,환경부,LX엠엠에이,2022,업체,기초 화학물질 제조업,310504.0,2864.0,(주)한국경영인증원,,업체 우선
242,환경부,NC양산(주),2022,사업장,폐기물,29068.0,24.0,한국표준협회,,단일 사업장
243,환경부,NC울산(주),2022,업체,폐기물,71902.0,43.0,한국표준협회,,업체 우선
244,환경부,OCI SE 주식회사,2022,업체,"증기, 냉ㆍ온수 및 공기 조절 공급업",1173454.0,23401.0,㈜디엔브이비즈니스어슈어런스코리아,,업체 우선
245,환경부,S-Oil(주),2022,업체,석유 정제품 제조업,9386360.0,126117.0,한국표준협회,,업체 우선
246,환경부,SKbroadband(주),2022,업체,전기 통신업,394401.0,8233.0,㈜디엔브이비즈니스어슈어런스코리아,,업체 우선
247,환경부,SK이노베이션(주),2022,업체,일차전지 및 축전지 제조업,22245.0,455.0,한국표준협회,,업체 우선
248,환경부,SK인천석유화학(주),2022,업체,석유 정제품 제조업,1280663.0,36021.0,한국표준협회,,업체 우선
249,농림축산식품부,SY에너지(주),2022,사업장,목재 및 나무제품 제조업;가구제외,30333.0,985.0,(재)한국품질재단,,단일 사업장
250,산업통상자원부,Y&T파워텍(주),2022,사업장,자동차,13789.0,287.0,(주)비에스아이그룹코리아,,단일 사업장
251,환경부,㈜토탈,2022,사업장,폐기물 처리업,55427.0,75.0,(재)한국품질재단,,단일 사업장
252,산업통상자원부,가온전선주식회사,2022,사업장,전기전자,16145.0,327.0,(주)비에스아이그룹코리아,,단일 사업장
253,국토교통부,강남금융센터(주),2022,사업장,건물,15914.0,328.0,한국표준협회,,단일 사업장
254,산업통상자원부,강남화성(주),2022,사업장,석유화학,19476.0,337.0,한국표준협회,,단일 사업장
255,환경부,강릉시,2022,사업장,폐기물,53857.0,263.0,(주)비에스아이그룹코리아,,단일 사업장
256,국토교통부,강변테크노마트 주식회사,2022,사업장,건물,14224.0,295.0,대일이엔씨기술(주),,단일 사업장
257,환경부,강원고속,2022,사업장,육상 여객 운송업,15256.0,217.0,한국표준협회,,단일 사업장
258,국토교통부,강원대학교,2022,사업장,건물,18864.0,389.0,한국표준협회,,단일 사업장
259,국토교통부,강원여객자동차,2022,사업장,교통(여객),15796.0,230.0,한국표준협회,,단일 사업장
260,환경부,거제시,2022,사업장,폐기물 처리업,57993.0,472.0,(재)한국품질재단,,단일 사업장
261,환경부,경기도 광주시,2022,업체,수도사업,53965.0,933.0,㈜한국품질보증원,,업체 우선
262,환경부,경기환경에너지(주),2022,업체,폐기물,52985.0,354.0,(재)한국품질재단,,업체 우선
263,환경부,경북대학교,2022,사업장,고등 교육기관,37618.0,788.0,㈜한국품질보증원,,단일 사업장
264,환경부,경북환경에너지(주),2022,업체,폐기물,87275.0,250.0,(재)한국품질재단,,업체 우선
265,환경부,경산시,2022,업체,지정외 폐기물처리업 등,65887.0,369.0,㈜한국품질보증원,,업체 우선
266,환경부,경산제지 주식회사,2022,사업장,"펄프, 종이 및 판지 제조업",108660.0,1675.0,한국표준협회,,단일 사업장
267,환경부,경상북도,2022,업체,지정외 폐기물처리업,77820.0,613.0,㈜한국품질보증원,,업체 우선
268,환경부,경원여객자동차(주),2022,사업장,육상 여객 운송업,46495.0,795.0,한국표준협회,,사업장 2개 합산
270,환경부,경인환경에너지 주식회사,2022,사업장,폐기물 처리업,80835.0,54.0,(주)한국경영인증원,,단일 사업장
271,국토교통부,경전여객자동차(주),2022,사업장,교통(여객),7762.0,110.0,한국표준협회,,단일 사업장
272,환경부,경주시,2022,사업장,폐기물 처리업,60886.0,613.0,㈜한국품질보증원,,단일 사업장
273,환경부,경진여객운수(주),2022,사업장,육상 여객 운송업,22195.0,367.0,(주)한국경영인증원,,단일 사업장
274,산업통상자원부,경창산업(주),2022,사업장,자동차,17839.0,371.0,한국생산성본부인증원(주),,단일 사업장
275,환경부,고려강선(주),2022,사업장,1차 철강 제조업,72802.0,1535.0,한국생산성본부인증원(주),,단일 사업장
276,해양수산부,고려고속훼리(주),2022,사업장,교통(해운),25904.0,373.0,한국표준협회,,단일 사업장
277,환경부,고려기초소재,2022,사업장,기타 비금속 광물제품 제조업,22784.0,402.0,한국표준협회,,단일 사업장
278,환경부,고려아연 주식회사,2022,업체,1차 비철금속 제조업,3472572.0,49781.0,(재)한국품질재단,,업체 우선
279,산업통상자원부,고려용접봉 주식회사,2022,사업장,기계,17699.0,364.0,㈜한국품질보증원,,단일 사업장
280,환경부,고려제강(주),2022,사업장,1차 철강 제조업,91713.0,1882.0,한국생산성본부인증원(주),,단일 사업장
281,산업통상자원부,고려특수선재(주),2022,사업장,철강,25055.0,522.0,한국생산성본부인증원(주),,단일 사업장
282,산업통상자원부,고성그린파워 주식회사,2022,업체,발전에너지,10107564.0,111037.0,로이드인증원㈜,,업체 우선
283,환경부,고양시,2022,업체,폐기물 처리업,148389.0,1153.0,㈜한국품질보증원,,업체 우선
284,환경부,공주시,2022,사업장,폐기물,7784.0,5.0,(주)신화엔지니어링종합건축사사무소,,단일 사업장
285,환경부,공항철도(주),2022,사업장,육상 여객 운송업,56081.0,1168.0,대일이엔씨기술(주),,단일 사업장
286,환경부,광명시,2022,사업장,폐기물 처리업,63987.0,242.0,㈜한국품질보증원,,단일 사업장
287,환경부,광양시,2022,사업장,폐기물,35638.0,28.0,(주)비에스아이그룹코리아,,단일 사업장
288,국토교통부,광주과학기술원,2022,사업장,건물,22722.0,470.0,한국표준협회,,단일 사업장
289,환경부,광주광역시,2022,업체,폐기물 처리업,176224.0,1642.0,(재)한국품질재단,,업체 우선
290,국토교통부,광주광역시도시철도공사,2022,사업장,교통(철도),18606.0,387.0,한국표준협회,,단일 사업장
291,환경부,광진산업(주),2022,사업장,"시멘트, 석회, 플라스터 및 그 외 제품 제조업",82147.0,218.0,한국생산성본부인증원(주),,단일 사업장
292,환경부,구리시,2022,사업장,폐기물 처리업,62256.0,603.0,㈜한국품질보증원,,단일 사업장
293,환경부,구미시,2022,업체,폐기물 처리업,147981.0,1173.0,㈜한국품질보증원,,업체 우선
294,환경부,국도화학(주),2022,사업장,합성고무 및 플라스틱 물질 제조업,45276.0,1663.0,로이드인증원㈜,,단일 사업장
295,환경부,국립대학법인 서울대학교,2022,업체,고등 교육기관,144448.0,2991.0,(재)한국품질재단,,업체 우선
296,국토교통부,국립암센터,2022,사업장,건물,20449.0,433.0,(주)한국경영인증원,,단일 사업장
297,국토교통부,국방과학연구소,2022,사업장,건물,20618.0,425.0,(재)한국품질재단,,단일 사업장
298,환경부,국일제지(주),2022,사업장,"펄프, 종이 및 판지 제조업",39255.0,990.0,(주)한국경영인증원,,단일 사업장
299,국토교통부,국회사무처,2022,사업장,건물,21707.0,456.0,한국표준협회,,단일 사업장
300,환경부,군산시,2022,사업장,폐기물 처리업,115937.0,592.0,㈜한국품질보증원,,단일 사업장
301,환경부,군포시,2022,사업장,폐기물 처리업,44695.0,418.0,㈜한국품질보증원,,단일 사업장
302,환경부,그린케미칼 주식회사,2022,사업장,기초 화학물질 제조업,65613.0,1268.0,한국가스안전공사,,단일 사업장
303,산업통상자원부,금강공업(주),2022,사업장,비철금속,19499.0,334.0,(주)한국경영인증원,,단일 사업장
304,해양수산부,금진해운(주),2022,사업장,교통(해운),19082.0,263.0,㈜디엔브이비즈니스어슈어런스코리아,,단일 사업장
305,환경부,금호고속(주),2022,업체,육상 여객 운송업,5974.0,124.0,(주)한국경영인증원,,업체 우선
306,환경부,금호미쓰이화학 주식회사,2022,사업장,기초 화학물질 제조업,98686.0,1866.0,(재)한국품질재단,,단일 사업장
307,환경부,금호석유화학 주식회사,2022,업체,합성고무 및 플라스틱 물질 제조업,3473213.0,42338.0,한국표준협회,,업체 우선
308,환경부,금호익스프레스 주식회사,2022,업체,육상 여객 운송업,85398.0,1230.0,(주)한국경영인증원,,업체 우선
309,환경부,금호타이어(주),2022,업체,고무제품 제조업,264492.0,5409.0,지속가능인증원주식회사,,업체 우선
310,환경부,금호폴리켐주식회사,2022,업체,합성고무 및 플라스틱 물질 제조업,315131.0,5293.0,(재)한국품질재단,,업체 우선
311,환경부,금호피앤비화학 주식회사,2022,업체,기초 화학물질 제조업,871851.0,11552.0,한국표준협회,,업체 우선
312,환경부,기아(주),2022,업체,자동차용 엔진 및 자동차 제조업,733374.0,14987.0,로이드인증원㈜,,업체 우선
313,환경부,김천시,2022,사업장,"하수, 폐수 및 분뇨 처리업",44986.0,308.0,㈜한국품질보증원,,단일 사업장
314,환경부,김천에너지서비스주식회사,2022,업체,"증기, 냉ㆍ온수 및 공기 조절 공급업",676779.0,8036.0,한국표준협회,,업체 우선
315,환경부,김포시,2022,사업장,폐기물 처리업,60878.0,553.0,한국표준협회,,단일 사업장
316,환경부,김포운수(주),2022,사업장,육상 여객 운송업,18523.0,343.0,(주)한국경영인증원,,단일 사업장
317,환경부,김해시,2022,사업장,폐기물 처리업,121128.0,1276.0,(재)한국품질재단,,단일 사업장
318,환경부,깨끗한나라 주식회사,2022,업체,"펄프, 종이 및 판지 제조업",365442.0,4753.0,(재)한국품질재단,,업체 우선
319,환경부,나래에너지서비스 주식회사,2022,업체,"증기, 냉ㆍ온수 및 공기 조절 공급업",1596831.0,31775.0,(주)한국경영인증원,,업체 우선
320,환경부,나투라페이퍼 주식회사,2022,업체,"펄프, 종이 및 판지 제조업",166688.0,1251.0,한국표준협회,,업체 우선
321,산업통상자원부,남강제지(주),2022,사업장,제지,29137.0,245.0,(재)한국품질재단,,단일 사업장
322,환경부,남양금속주식회사,2022,사업장,"구조용 금속제품, 탱크 및 증기발생기 제조업",77856.0,1452.0,(주)한국경영인증원,,단일 사업장
323,환경부,남양유업(주),2022,사업장,낙농제품 및 식용 빙과류 제조업,80522.0,1874.0,한국표준협회,,단일 사업장
324,환경부,남양주시,2022,업체,지정외 폐기물처리업,81697.0,1103.0,(재)한국품질재단,,업체 우선
325,환경부,남해화학(주),2022,사업장,"비료, 농약 및 살균ㆍ살충제 제조업",79385.0,1049.0,대일이엔씨기술(주),,단일 사업장
326,산업통상자원부,내포그린에너지(주),2022,사업장,집단에너지,27745.0,595.0,대일이엔씨기술(주),,단일 사업장
327,환경부,네이버 주식회사,2022,사업장,"자료 처리, 호스팅, 포털 및 기타 인터넷 정보 매개 서비스업",86991.0,1822.0,한국표준협회,,단일 사업장
328,환경부,네이처이앤티(주),2022,업체,폐기물 처리업,198288.0,309.0,(주)비에스아이그룹코리아,,업체 우선
329,환경부,넥센타이어(주),2022,업체,고무제품 제조업,212345.0,4285.0,(주)한국경영인증원,,업체 우선
330,환경부,노벨리스코리아 주식회사,2022,업체,1차 비철금속 제조업,284797.0,5656.0,(주)한국경영인증원,,업체 우선
331,환경부,녹십자,2022,사업장,의약품 제조업,66851.0,1641.0,(재)한국품질재단,,단일 사업장
332,환경부,논산시,2022,사업장,폐기물,19168.0,69.0,㈜한국품질보증원,,단일 사업장
333,국토교통부,농협은행 주식회사,2022,업체,건물,95933.0,1985.0,한국표준협회,,업체 우선
334,환경부,능원금속공업 주식회사,2022,사업장,1차 비철금속 제조업,25852.0,533.0,(주)한국경영인증원,,단일 사업장
335,환경부,담우물산(주),2022,사업장,"시멘트, 석회, 플라스터 및 그 외 제품 제조업",61365.0,195.0,(주)한국경영인증원,,단일 사업장
336,환경부,당진시 자원순환센터,2022,업체,지정외 폐기물처리업 등,14412.0,98.0,한국표준협회,,업체 우선
337,환경부,대구광역시,2022,업체,폐기물 처리업,455094.0,4917.0,㈜한국품질보증원,,업체 우선
338,환경부,대구교통공사,2022,사업장,육상 여객 운송업,100951.0,2106.0,(주)한국경영인증원,,단일 사업장
339,환경부,대구그린파워(주),2022,업체,"증기, 냉ㆍ온수 및 공기 조절 공급업",793350.0,15760.0,(주)한국경영인증원,,업체 우선
340,환경부,대구염색산업단지관리공단,2022,업체,"증기, 냉ㆍ온수 및 공기 조절 공급업",654617.0,7392.0,(주)한국경영인증원,,업체 우선
341,환경부,대구텍 유한책임회사,2022,사업장,1차 비철금속 제조업,,,한국표준협회,,단일 사업장
342,환경부,대덕전자 주식회사,2022,사업장,전자 부품 제조업,154005.0,3131.0,한국표준협회,,단일 사업장
343,환경부,대동금속(주),2022,사업장,금속 주조업,44008.0,849.0,(주)한국경영인증원,,단일 사업장
344,환경부,대동산업주식회사,2022,사업장,"내화, 비내화 요업제품 제조업",25268.0,411.0,(주)한국경영인증원,,단일 사업장
345,환경부,대상 주식회사,2022,업체,"곡물 가공품, 전분 및 전분제품 제조업",479334.0,8856.0,한국표준협회,,업체 우선
346,환경부,대성엠디아이(주),2022,사업장,"시멘트, 석회, 플라스터 및 그 외 제품 제조업",163933.0,813.0,(주)한국경영인증원,,단일 사업장
347,환경부,대성지엠텍(주),2022,업체,"시멘트, 석회, 플라스터 및 그 외 제품 제조업",114270.0,297.0,(주)한국경영인증원,,업체 우선
348,산업통상자원부,대신염직공업(주),2022,사업장,섬유,10465.0,171.0,(주)한국경영인증원,,단일 사업장
349,환경부,대신정기화물자동차(주),2022,사업장,도로 화물 운송업,47962.0,682.0,(주)한국경영인증원,,단일 사업장
350,환경부,대양제지공업(주),2022,업체,"펄프, 종이 및 판지 제조업",60941.0,710.0,한국표준협회,,업체 우선
351,산업통상자원부,대용산업,2022,사업장,기계,18273.0,375.0,한국표준협회,,단일 사업장
352,환경부,대원강업(주),2022,사업장,자동차 신품 부품 제조업,49275.0,1002.0,로이드인증원㈜,,단일 사업장
353,환경부,대원그린에너지(주),2022,사업장,폐기물 처리업,49698.0,474.0,한국표준협회,,단일 사업장
354,산업통상자원부,대원화성(주),2022,사업장,석유화학,16339.0,292.0,한국표준협회,,단일 사업장
355,환경부,대일개발 주식회사,2022,사업장,폐기물 처리업,50994.0,154.0,로이드인증원㈜,,단일 사업장
356,환경부,대전광역시,2022,업체,폐기물 처리업,350897.0,2661.0,㈜한국품질보증원,,업체 우선
357,국토교통부,대전교통공사,2022,사업장,교통(철도),17068.0,355.0,(주)신화엔지니어링종합건축사사무소,,단일 사업장
358,환경부,대전열병합발전주식회사,2022,업체,"증기, 냉ㆍ온수 및 공기 조절 공급업",185732.0,3786.0,한국표준협회,,업체 우선
359,산업통상자원부,대창단조(주),2022,사업장,기계,13182.0,273.0,(주)한국경영인증원,,단일 사업장
360,환경부,대창운수(주),2022,사업장,육상 여객 운송업,22364.0,419.0,한국표준협회,,단일 사업장
361,산업통상자원부,대한광통신 주식회사,2022,사업장,전기전자,21204.0,437.0,(주)한국경영인증원,,단일 사업장
362,환경부,대한방직(주),2022,사업장,"섬유제품 염색, 정리 및 마무리 가공업",27472.0,428.0,한국표준협회,,단일 사업장
363,농림축산식품부,대한사료(주),2022,사업장,식료품 제조업,12914.0,264.0,대일이엔씨기술(주),,단일 사업장
364,환경부,대한석탄공사,2022,업체,석탄 광업,165088.0,724.0,한국생산성본부인증원(주),,업체 우선
365,산업통상자원부,대한소결금속(주),2022,사업장,자동차,20642.0,422.0,한국표준협회,,단일 사업장
366,환경부,대한슬래그 주식회사,2022,사업장,기타 비금속 광물제품 제조업,29697.0,543.0,한국표준협회,,단일 사업장
367,환경부,대한시멘트주식회사,2022,사업장,"시멘트, 석회, 플라스터 및 그 외 제품 제조업",68090.0,1243.0,한국표준협회,,단일 사업장
368,산업통상자원부,대한약품공업(주),2022,사업장,석유화학,24169.0,408.0,(주)한국경영인증원,,단일 사업장
369,환경부,대한유화 주식회사,2022,업체,기초 화학물질 제조업,1321364.0,26711.0,한국가스안전공사,,업체 우선
370,환경부,대한전선 주식회사,2022,사업장,절연선 및 케이블 제조업,39320.0,795.0,(주)한국경영인증원,,단일 사업장
371,환경부,대한제강(주),2022,업체,1차 철강 제조업,383770.0,6775.0,한국표준협회,,업체 우선
372,환경부,대한제당 주식회사,2022,사업장,기타 식품 제조업,66370.0,1328.0,㈜한국품질보증원,,단일 사업장
373,농림축산식품부,대한제분(주),2022,사업장,식료품 제조업,20807.0,433.0,대일이엔씨기술(주),,단일 사업장
374,환경부,대한제지주식회사,2022,업체,"펄프, 종이 및 판지 제조업",202858.0,2439.0,한국표준협회,,업체 우선
375,산업통상자원부,대한조선주식회사,2022,사업장,조선,28858.0,469.0,한국표준협회,,단일 사업장
376,산업통상자원부,대한특수금속(주),2022,사업장,철강,14825.0,267.0,(주)한국경영인증원,,단일 사업장
377,환경부,대한항공,2022,업체,항공 여객 운송업,437764.0,6664.0,㈜디엔브이비즈니스어슈어런스코리아,,업체 우선
378,환경부,대한화섬(주),2022,사업장,화학섬유 제조업,52925.0,1150.0,한국표준협회,,단일 사업장
379,산업통상자원부,더블유스코프코리아(주),2022,사업장,석유화학,28182.0,1040.0,㈜한국품질보증원,,단일 사업장
380,산업통상자원부,더블유씨피 주식회사,2022,사업장,전기전자,80846.0,1642.0,한국표준협회,,단일 사업장
381,환경부,데이원에너지 주식회사,2022,업체,"증기, 냉ㆍ온수 및 공기 조절 공급업",1277290.0,14031.0,한국표준협회,,업체 우선
382,산업통상자원부,덴소코리아 주식회사,2022,사업장,자동차,11815.0,237.0,(주)한국경영인증원,,단일 사업장
383,환경부,도레이배터리세퍼레이터필름 한국유한회사,2022,사업장,일차전지 및 축전지 제조업,120140.0,2446.0,한국표준협회,,단일 사업장
384,환경부,도레이비에스에프코팅한국 유한회사,2022,사업장,일차전지 및 축전지 제조업,103069.0,497.0,㈜디엔브이비즈니스어슈어런스코리아,,단일 사업장
385,환경부,도레이첨단소재 주식회사,2022,업체,합성고무 및 플라스틱 물질 제조업,644861.0,12976.0,(주)비에스아이그룹코리아,,업체 우선
386,환경부,도명특송(주),2022,사업장,도로 화물 운송업,19905.0,283.0,한국표준협회,,단일 사업장
387,환경부,동국산업(주),2022,사업장,1차 철강 제조업,38353.0,764.0,한국표준협회,,단일 사업장
388,환경부,동국씨엠 주식회사,2022,업체,1차 철강 제조업,286782.0,5925.0,(재)한국품질재단,구)동국제강 권리의무승계로 인한 분할신설업체,업체 우선
389,환경부,동국제강 주식회사,2022,업체,1차 철강 제조업,1591536.0,26767.0,(재)한국품질재단,구)동국제강 권리의무승계로 인한 분할신설업체,업체 우선
390,환경부,동국홀딩스 주식회사,2022,업체,부동산 임대 및 공급업,1878633.0,32699.0,(재)한국품질재단,,업체 우선
391,산업통상자원부,동남정밀 주식회사,2022,사업장,자동차,9436.0,195.0,한국표준협회,,단일 사업장
392,환경부,동두천드림파워,2022,업체,전기업,3481350.0,69209.0,대일이엔씨기술(주),,업체 우선
393,환경부,동서석유화학 주식회사,2022,업체,기초 화학물질 제조업,399257.0,2222.0,로이드인증원㈜,,업체 우선
394,환경부,동서식품(주),2022,사업장,기타 식품 제조업,119445.0,2600.0,(재)한국품질재단,,단일 사업장
395,산업통상자원부,동서페더럴모굴(주),2022,사업장,자동차,21023.0,426.0,(주)비에스아이그룹코리아,,단일 사업장
396,국토교통부,동성교통(주),2022,사업장,교통(여객),15074.0,285.0,(주)한국경영인증원,,단일 사업장
397,국토교통부,동성화물자동차(주),2022,사업장,교통(화물),15295.0,217.0,(주)한국경영인증원,,단일 사업장
398,산업통상자원부,동성화학공업(주),2022,사업장,석유화학,13504.0,276.0,한국표준협회,,단일 사업장
399,국토교통부,동아운수(주),2022,사업장,교통(여객),16855.0,317.0,(주)한국경영인증원,,단일 사업장
400,산업통상자원부,동양산업(주) 성산지점,2022,사업장,자동차,14980.0,312.0,(주)한국경영인증원,,단일 사업장
401,환경부,동양피스톤(주),2022,사업장,자동차 신품 부품 제조업,26018.0,536.0,(주)한국경영인증원,,단일 사업장
402,환경부,동우화인켐주식회사,2022,업체,사진장비 및 광학 기기 제조업,335236.0,5968.0,(재)한국품질재단,,업체 우선
403,환경부,동원로엑스(주),2022,사업장,도로 화물 운송업,57935.0,938.0,한국표준협회,,단일 사업장
404,환경부,동원시스템즈(주),2022,업체,유리 및 유리제품 제조업,279076.0,4926.0,(재)한국품질재단,,업체 우선
405,환경부,동원페이퍼(주),2022,사업장,"펄프, 종이 및 판지 제조업",97417.0,1589.0,㈜한국품질보증원,,단일 사업장
406,산업통상자원부,동은단조(주),2022,사업장,기계,32820.0,681.0,㈜한국품질보증원,,단일 사업장
407,환경부,동일산업주식회사,2022,업체,1차 철강 제조업,286396.0,3397.0,한국표준협회,,업체 우선
408,산업통상자원부,동일알루미늄(주),2022,사업장,비철금속,20161.0,418.0,한국표준협회,,단일 사업장
409,산업통상자원부,동일제강(주),2022,사업장,철강,20314.0,385.0,한국표준협회,,단일 사업장
410,환경부,동일팩키지(주),2022,사업장,"펄프, 종이 및 판지 제조업",46530.0,409.0,(재)한국품질재단,,단일 사업장
411,환경부,동해시,2022,사업장,폐기물,20895.0,7.0,(재)한국품질재단,,단일 사업장
412,환경부,동화기업(주),2022,사업장,나무제품 제조업,155295.0,3040.0,한국표준협회,,단일 사업장
413,산업통상자원부,동화지앤피 주식회사,2022,사업장,유리,21140.0,327.0,(주)한국경영인증원,,단일 사업장
414,환경부,동희오토(주),2022,사업장,자동차용 엔진 및 자동차 제조업,36589.0,737.0,(주)한국경영인증원,,단일 사업장
415,환경부,두산에너빌리티(주),2022,업체,1차 철강 제조업,214550.0,4081.0,(재)한국품질재단,,업체 우선
416,환경부,두원중공업(주),2022,사업장,일반 목적용 기계 제조업,26246.0,541.0,(주)신화엔지니어링종합건축사사무소,,단일 사업장
417,환경부,디아이지에어가스 주식회사,2022,업체,기초 화학물질 제조업,817498.0,17045.0,㈜한국품질보증원,,업체 우선
418,환경부,디에스파워 주식회사,2022,업체,"증기, 냉ㆍ온수 및 공기 조절 공급업",1129363.0,22468.0,(주)한국경영인증원,,업체 우선
419,환경부,디엘 주식회사,2022,업체,합성고무 및 플라스틱 물질 제조업,429.0,8.0,한국가스안전공사,,업체 우선
420,환경부,디엘모터스(주),2022,사업장,자동차 신품 부품 제조업,56145.0,1150.0,(주)한국경영인증원,,단일 사업장
421,환경부,디엘에프엔씨 주식회사,2022,사업장,플라스틱 제품 제조업,22077.0,457.0,한국가스안전공사,,단일 사업장
422,국토교통부,디엘이앤씨(주),2022,업체,건설,56998.0,1087.0,한국표준협회,,업체 우선
423,환경부,디엘케미칼 주식회사,2022,업체,합성고무 및 플라스틱 물질 제조업,222822.0,4346.0,한국가스안전공사,,업체 우선
424,산업통상자원부,디케이동신(주),2022,사업장,철강,28980.0,503.0,한국표준협회,,단일 사업장
425,환경부,람정제주개발 주식회사,2022,사업장,일반 및 생활 숙박시설 운영업,40798.0,805.0,한국표준협회,,단일 사업장
426,환경부,롯데글로벌로지스(주),2022,사업장,도로 화물 운송업,67476.0,1309.0,한국표준협회,,단일 사업장
427,환경부,롯데네슬레코리아(주),2022,사업장,기타 식품 제조업,28949.0,856.0,(재)한국품질재단,,단일 사업장
428,환경부,롯데물산(주),2022,사업장,부동산 임대 및 공급업,37756.0,782.0,(주)한국경영인증원,,단일 사업장
429,환경부,롯데베르살리스엘라스토머스(주),2022,사업장,합성고무 및 플라스틱 물질 제조업,139677.0,2740.0,한국표준협회,,단일 사업장
430,환경부,롯데쇼핑 주식회사,2022,업체,종합 소매업,722214.0,14829.0,한국표준협회,,업체 우선
431,환경부,롯데알미늄 주식회사,2022,사업장,기타 금속 가공제품 제조업,74714.0,1474.0,(재)한국품질재단,,단일 사업장
432,환경부,롯데에너지머티리얼즈(주),2022,사업장,전자 부품 제조업,112059.0,2422.0,㈜디엔브이비즈니스어슈어런스코리아,,단일 사업장
433,환경부,롯데엠시시 주식회사,2022,업체,기초 화학물질 제조업,289811.0,2542.0,한국표준협회,,업체 우선
434,환경부,롯데웰푸드(주),2022,업체,기타 식품 제조업,215303.0,4463.0,(주)한국경영인증원,,업체 우선
435,환경부,롯데이네오스화학 주식회사,2022,업체,기초 화학물질 제조업,252546.0,3512.0,한국표준협회,,업체 우선
436,환경부,롯데정밀화학 주식회사,2022,업체,기초 화학물질 제조업,636567.0,15005.0,로이드인증원㈜,,업체 우선
437,환경부,롯데정보통신(주),2022,사업장,"컴퓨터 프로그래밍, 시스템 통합 및 관리업",112255.0,2344.0,한국표준협회,,단일 사업장
438,환경부,롯데칠성음료 주식회사,2022,업체,비알코올 음료 및 얼음 제조업,159240.0,3045.0,(주)한국경영인증원,,업체 우선
439,국토교통부,롯데컬처웍스 주식회사,2022,업체,건물,55360.0,1155.0,한국표준협회,,업체 우선
440,환경부,롯데케미칼 주식회사,2022,업체,기초 화학물질 제조업,6214656.0,109579.0,(재)한국품질재단,,업체 우선
441,환경부,르노코리아자동차(주),2022,사업장,자동차용 엔진 및 자동차 제조업,76621.0,1603.0,(주)한국경영인증원,,단일 사업장
442,환경부,린데코리아 주식회사,2022,업체,기초 화학물질 제조업,882121.0,17884.0,(재)한국품질재단,,업체 우선
443,환경부,만호제강(주),2022,사업장,1차 철강 제조업,40134.0,821.0,한국표준협회,,단일 사업장
444,환경부,매그나칩반도체(유),2022,업체,반도체 제조업,121384.0,1382.0,(주)비에스아이그룹코리아,,업체 우선
445,환경부,매일유업(주),2022,사업장,낙농제품 및 식용 빙과류 제조업,120156.0,2319.0,(주)한국경영인증원,,단일 사업장
446,산업통상자원부,명화공업(주),2022,사업장,자동차,27340.0,556.0,한국표준협회,,단일 사업장
447,환경부,목포시,2022,사업장,폐기물 처리업,58741.0,401.0,㈜한국품질보증원,,단일 사업장
448,환경부,무림에스피(주),2022,사업장,"펄프, 종이 및 판지 제조업",48376.0,978.0,한국표준협회,,단일 사업장
449,환경부,무림파워텍 주식회사,2022,업체,"증기, 냉ㆍ온수 및 공기 조절 공급업",179279.0,2674.0,한국표준협회,,업체 우선
450,환경부,무림페이퍼(주),2022,업체,"펄프, 종이 및 판지 제조업",193734.0,3927.0,한국표준협회,,업체 우선
451,환경부,무림피앤피(주),2022,업체,"펄프, 종이 및 판지 제조업",238946.0,13300.0,한국표준협회,,업체 우선
452,환경부,무안군,2022,사업장,폐기물,17025.0,102.0,㈜한국품질보증원,,단일 사업장
453,산업통상자원부,미래나노텍(주),2022,사업장,전기전자,21708.0,445.0,(주)한국경영인증원,,단일 사업장
454,산업통상자원부,미원상사(주),2022,사업장,석유화학,24036.0,457.0,대일이엔씨기술(주),,단일 사업장
455,환경부,미원스페셜티케미칼(주),2022,사업장,기초 화학물질 제조업,72389.0,1393.0,(주)한국경영인증원,,단일 사업장
456,환경부,밀양시,2022,사업장,폐기물,18311.0,71.0,㈜한국품질보증원,,단일 사업장
457,환경부,바스프퍼포먼스폴리아마이드코리아 주식회사,2022,사업장,기초 화학물질 제조업,75579.0,1718.0,한국표준협회,,단일 사업장
458,환경부,백광산업 주식회사,2022,업체,기초 화학물질 제조업,212126.0,4245.0,한국표준협회,,업체 우선
459,환경부,버슘머트리얼즈피엠코리아,2022,사업장,기초 화학물질 제조업,26941.0,562.0,로이드인증원㈜,,단일 사업장
460,국토교통부,범일운수,2022,사업장,교통(여객),15976.0,301.0,(주)한국경영인증원,,단일 사업장
461,환경부,베올리아워터코리아대산(주),2022,사업장,수도업,83215.0,1733.0,(주)한국경영인증원,,단일 사업장
462,환경부,보령시,2022,사업장,폐기물 처리업,53601.0,317.0,(재)한국품질재단,,단일 사업장
463,환경부,보령엘엔지터미널 주식회사,2022,사업장,연료용 가스 제조 및 배관공급업,48455.0,979.0,㈜한국품질보증원,,단일 사업장
464,국토교통부,보영운수(주),2022,사업장,교통(여객),14432.0,251.0,한국표준협회,,단일 사업장
465,산업통상자원부,볼보그룹코리아(주),2022,사업장,기계,21414.0,419.0,한국표준협회,,단일 사업장
466,환경부,부경산업(주),2022,업체,폐기물,106953.0,144.0,(재)한국화학융합시험연구원,,업체 우선
467,환경부,부산광역시,2022,업체,폐기물 처리업,806781.0,10131.0,대일이엔씨기술(주),,업체 우선
468,국토교통부,부산교통(주),2022,사업장,교통(여객),12793.0,184.0,한국표준협회,,단일 사업장
469,환경부,부산교통공사,2022,업체,육상 여객 운송업,167012.0,3486.0,(재)한국품질재단,,업체 우선
470,환경부,부산그린파워(주),2022,사업장,폐기물,44040.0,17.0,(재)한국품질재단,,단일 사업장
471,국토교통부,부산대학교,2022,사업장,건물,25945.0,550.0,㈜한국품질보증원,,단일 사업장
472,국토교통부,부산대학교병원,2022,사업장,건물,41490.0,855.0,한국표준협회,,단일 사업장
473,환경부,부산정관에너지(주),2022,사업장,"증기, 냉ㆍ온수 및 공기 조절 공급업",73457.0,1458.0,(주)신화엔지니어링종합건축사사무소,,단일 사업장
474,환경부,부산주공(주),2022,사업장,자동차 신품 부품 제조업,97690.0,1831.0,㈜한국품질보증원,,단일 사업장
475,환경부,부산패션칼라산업협동조합,2022,업체,"증기, 냉ㆍ온수 및 공기 조절 공급업",144479.0,2054.0,(주)한국경영인증원,,업체 우선
476,환경부,부천시,2022,업체,"하수, 폐수 및 분뇨 처리업",153512.0,1576.0,㈜한국품질보증원,,업체 우선
477,국토교통부,북부운수(주),2022,사업장,교통(여객),14155.0,268.0,(주)한국경영인증원,,단일 사업장
478,농림축산식품부,브리티쉬아메리칸토바코코리아제조(주),2022,사업장,담배제조업,20755.0,428.0,한국표준협회,,단일 사업장
479,환경부,브이피에이치메탈 유한회사,2022,사업장,자동차 신품 부품 제조업,33548.0,622.0,㈜한국품질보증원,,단일 사업장
480,환경부,비노텍 주식회사,2022,사업장,폐기물 처리업,78574.0,67.0,(주)한국경영인증원,,단일 사업장
481,환경부,비를라카본코리아(주),2022,업체,기초 화학물질 제조업,120088.0,462.0,㈜디엔브이비즈니스어슈어런스코리아,,업체 우선
482,산업통상자원부,비테스코테크놀로지스코리아 유한책임회사,2022,사업장,자동차,16529.0,339.0,(주)한국경영인증원,,단일 사업장
483,환경부,사회복지법인 삼성생명공익재단,2022,사업장,병원,86115.0,1767.0,(재)한국품질재단,,단일 사업장
484,산업통상자원부,삼강에스앤씨(주),2022,사업장,조선,21073.0,365.0,(재)한국품질재단,,단일 사업장
485,환경부,삼남석유화학주식회사,2022,업체,기초 화학물질 제조업,184576.0,2588.0,한국표준협회,,업체 우선
486,환경부,삼목에스폼(주),2022,업체,1차 비철금속 제조업,44931.0,815.0,한국표준협회,,업체 우선
487,산업통상자원부,삼미금속(주),2022,사업장,철강,18389.0,375.0,한국표준협회,,단일 사업장
488,환경부,삼보산업 주식회사,2022,사업장,1차 비철금속 제조업,49396.0,760.0,한국표준협회,,단일 사업장
489,환경부,삼성디스플레이 주식회사,2022,업체,전자 부품 제조업,4277898.0,65537.0,(주)비에스아이그룹코리아,,업체 우선
490,환경부,삼성물산 주식회사,2022,사업장,건물 건설업,87089.0,1879.0,(주)한국경영인증원,,단일 사업장
491,환경부,삼성바이오로직스 주식회사,2022,사업장,기초 의약 물질 및 생물학적 제제 제조업,163993.0,3357.0,대일이엔씨기술(주),,단일 사업장
492,국토교통부,삼성생명보험 주식회사,2022,업체,건물,64488.0,927.0,(재)한국품질재단,,업체 우선
493,환경부,삼성에스디아이 주식회사,2022,업체,일차전지 및 축전지 제조업,572395.0,12097.0,한국표준협회,,업체 우선
494,환경부,삼성에스디에스(주),2022,사업장,"컴퓨터 프로그래밍, 시스템 통합 및 관리업",118107.0,2464.0,(주)한국경영인증원,,단일 사업장
495,환경부,삼성전기 주식회사,2022,업체,전자 부품 제조업,474809.0,9805.0,(주)비에스아이그룹코리아,,업체 우선
496,환경부,삼성전자 주식회사,2022,업체,반도체 제조업,14922978.0,222907.0,(재)한국품질재단,,업체 우선
497,환경부,삼성중공업 주식회사,2022,업체,선박 및 보트 건조업,296667.0,5209.0,한국표준협회,,업체 우선
498,환경부,삼성코닝어드밴스드글라스 유한회사,2022,사업장,유리 및 유리제품 제조업,43671.0,1160.0,로이드인증원㈜,,단일 사업장
499,산업통상자원부,삼신정밀(주),2022,사업장,자동차,23748.0,489.0,한국표준협회,,단일 사업장
500,산업통상자원부,삼아알미늄주식회사,2022,사업장,비철금속,20602.0,408.0,한국표준협회,,단일 사업장
501,환경부,삼양식품(주),2022,사업장,기타 식품 제조업,59376.0,1311.0,(주)비에스아이그룹코리아,,단일 사업장
502,환경부,삼양이노켐 주식회사,2022,사업장,기초 화학물질 제조업,96854.0,1752.0,한국표준협회,,단일 사업장
503,산업통상자원부,삼양통상(주),2022,사업장,섬유,12209.0,247.0,(주)한국경영인증원,,단일 사업장
504,환경부,삼양화성주식회사,2022,사업장,합성고무 및 플라스틱 물질 제조업,77738.0,2104.0,한국표준협회,,단일 사업장
505,산업통상자원부,삼양화인테크놀로지(주),2022,사업장,석유화학,29179.0,358.0,한국표준협회,,단일 사업장
506,산업통상자원부,삼영산업,2022,사업장,요업,31354.0,577.0,(주)한국경영인증원,,단일 사업장
507,환경부,삼영운수(주),2022,사업장,육상 여객 운송업,24265.0,430.0,한국표준협회,,단일 사업장
508,환경부,삼영전자공업(주),2022,업체,기타 금속 가공제품 제조업,121215.0,2611.0,(주)한국경영인증원,,업체 우선
509,환경부,삼영화학공업(주),2022,사업장,플라스틱 제품 제조업,30173.0,620.0,한국표준협회,,단일 사업장
510,환경부,삼정펄프(주),2022,업체,"펄프, 종이 및 판지 제조업",156562.0,2036.0,(주)비에스아이그룹코리아,,업체 우선
511,환경부,삼표시멘트,2022,업체,"시멘트, 석회, 플라스터 및 그 외 제품 제조업",5726965.0,34529.0,(재)한국품질재단,,업체 우선
512,환경부,삼표자원개발주식회사,2022,사업장,토사석 광업,27321.0,499.0,(재)한국품질재단,,단일 사업장
513,해양수산부,삼표해운주식회사,2022,업체,교통(해운),65182.0,898.0,(재)한국품질재단,,업체 우선
514,산업통상자원부,삼호제강주식회사,2022,사업장,철강,18902.0,378.0,(주)한국경영인증원,,단일 사업장
515,산업통상자원부,삼화왕관(주),2022,사업장,기계,19965.0,383.0,한국표준협회,,단일 사업장
516,환경부,삼화제지(주),2022,업체,"펄프, 종이 및 판지 제조업",21587.0,714.0,한국표준협회,,업체 우선
517,산업통상자원부,삼화콘덴서공업(주),2022,사업장,전기전자,22845.0,476.0,한국표준협회,,단일 사업장
518,환경부,삼흥열처리,2022,사업장,기타 금속 가공제품 제조업,28931.0,596.0,(주)한국경영인증원,,단일 사업장
519,해양수산부,상지해운(주),2022,사업장,교통(해운),19555.0,269.0,㈜디엔브이비즈니스어슈어런스코리아,,단일 사업장
520,산업통상자원부,새론오토모티브(주),2022,사업장,자동차,20502.0,334.0,(주)한국경영인증원,,단일 사업장
521,국토교통부,새한특수(주),2022,사업장,교통(화물),16216.0,230.0,한국표준협회,,단일 사업장
522,환경부,새한환경(주),2022,업체,폐기물,97557.0,145.0,(재)한국품질재단,,업체 우선
523,환경부,생고뱅이소바코리아 주식회사,2022,사업장,유리 및 유리제품 제조업,36930.0,732.0,(주)한국경영인증원,,단일 사업장
524,환경부,서산시,2022,사업장,하수처리업,19764.0,179.0,한국표준협회,,단일 사업장
525,농림축산식품부,서영주정(주),2022,사업장,음료제조업,29609.0,449.0,(재)한국품질재단,,단일 사업장
526,환경부,서울교통공사,2022,업체,육상 여객 운송업,644016.0,13450.0,한국표준협회,,업체 우선
527,국토교통부,서울교통네트웍(주),2022,사업장,교통(여객),14142.0,267.0,(주)한국경영인증원,,단일 사업장
528,산업통상자원부,서울냉열(주),2022,사업장,석유화학,10946.0,228.0,(주)한국경영인증원,,단일 사업장
529,환경부,서울대학교병원,2022,사업장,병원,93144.0,1947.0,한국표준협회,,단일 사업장
530,환경부,서울바이오시스(주),2022,사업장,반도체 제조업,66642.0,1360.0,로이드인증원㈜,,단일 사업장
531,산업통상자원부,서울반도체,2022,사업장,반도체,7845.0,160.0,로이드인증원㈜,,단일 사업장
532,환경부,서울시메트로 9호선(주),2022,사업장,육상 여객 운송업,46023.0,960.0,(주)한국경영인증원,,단일 사업장
533,환경부,서울에너지공사,2022,업체,"증기, 냉ㆍ온수 및 공기 조절 공급업",356649.0,7368.0,한국표준협회,,업체 우선
534,농림축산식품부,서울우유협동조합,2022,업체,식료품 제조업,71874.0,1384.0,한국표준협회,,업체 우선
535,환경부,서울특별시,2022,업체,폐기물 처리업,1461116.0,13055.0,(재)한국품질재단,,업체 우선
536,환경부,서울특별시농수산식품공사,2022,사업장,부동산 임대 및 공급업,64068.0,1333.0,(주)한국경영인증원,,단일 사업장
537,산업통상자원부,서진산업(주),2022,사업장,자동차,17750.0,338.0,한국표준협회,,단일 사업장
538,환경부,서한이앤피주식회사,2022,사업장,기타 금속 가공제품 제조업,67215.0,1336.0,(주)한국경영인증원,,단일 사업장
539,환경부,서해그린환경(주),2022,사업장,폐기물 처리업,9245.0,17.0,(재)한국품질재단,,단일 사업장
540,산업통상자원부,선도화학(주),2022,사업장,석유화학,26829.0,560.0,한국가스안전공사,,단일 사업장
541,환경부,선진버스(주),2022,사업장,육상 여객 운송업,16440.0,299.0,(주)한국경영인증원,,단일 사업장
542,환경부,성남시,2022,업체,폐기물 처리업,249445.0,2396.0,㈜한국품질보증원,,업체 우선
543,환경부,성남시내버스(주),2022,사업장,육상 여객 운송업,26531.0,501.0,㈜한국품질보증원,,단일 사업장
544,환경부,성림유화 주식회사,2022,업체,폐기물 처리업,233944.0,215.0,로이드인증원㈜,,업체 우선
545,산업통상자원부,성보공업(주),2022,사업장,철강,20395.0,396.0,한국표준협회,,단일 사업장
546,환경부,성신씨엠 주식회사,2022,사업장,"시멘트, 석회, 플라스터 및 그 외 제품 제조업",24484.0,500.0,한국표준협회,,단일 사업장
547,환경부,성신양회(주),2022,업체,"시멘트, 석회, 플라스터 및 그 외 제품 제조업",5113860.0,28505.0,한국표준협회,,업체 우선
548,환경부,성안합섬(주),2022,사업장,화학섬유 제조업,68967.0,1417.0,(주)한국경영인증원,,단일 사업장
549,산업통상자원부,성일요업주식회사,2022,사업장,요업,17747.0,336.0,한국표준협회,,단일 사업장
550,환경부,성창보드(주),2022,사업장,나무제품 제조업,33502.0,682.0,㈜한국품질보증원,,단일 사업장
551,환경부,성훈엔지니어링주식회사,2022,사업장,1차 비철금속 제조업,38184.0,761.0,한국가스안전공사,,단일 사업장
552,환경부,세메스(주),2022,사업장,특수 목적용 기계 제조업,37639.0,696.0,한국표준협회,,단일 사업장
553,환경부,세방(주),2022,사업장,도로 화물 운송업,28452.0,447.0,(주)한국경영인증원,,단일 사업장
554,환경부,세방전지(주),2022,업체,일차전지 및 축전지 제조업,128349.0,2652.0,(주)한국경영인증원,,업체 우선
555,환경부,세종특별자치시,2022,업체,하수처리업,56304.0,612.0,(재)한국품질재단,,업체 우선
556,산업통상자원부,세화금속공업(주) 다산공장,2022,사업장,철강,13546.0,256.0,한국표준협회,,단일 사업장
557,환경부,셀트리온,2022,사업장,기초 의약 물질 및 생물학적 제제 제조업,56517.0,1155.0,(주)한국경영인증원,,단일 사업장
558,환경부,셰플러코리아 유한책임회사,2022,사업장,일반 목적용 기계 제조업,86859.0,1805.0,로이드인증원㈜,,단일 사업장
559,환경부,소신여객자동차(주),2022,사업장,육상 여객 운송업,18708.0,359.0,한국표준협회,,단일 사업장
560,환경부,속초시,2022,사업장,지정외 폐기물처리업,19371.0,297.0,(주)한국경영인증원,,단일 사업장
561,환경부,솔베이실리카코리아(주),2022,사업장,기초 화학물질 제조업,32779.0,720.0,대일이엔씨기술(주),,단일 사업장
562,환경부,솔브레인에스엘디 주식회사,2022,사업장,전자 부품 제조업,46316.0,900.0,한국표준협회,,단일 사업장
563,환경부,송원산업(주),2022,업체,기타 화학제품 제조업,137452.0,2802.0,한국표준협회,,업체 우선
564,환경부,송학제지(주),2022,사업장,"펄프, 종이 및 판지 제조업",32402.0,387.0,(주)한국경영인증원,,단일 사업장
565,환경부,수도권매립지관리공사,2022,업체,폐기물 처리업,1241461.0,4606.0,(재)한국품질재단,,업체 우선
566,환경부,수완에너지 주식회사,2022,업체,"증기, 냉ㆍ온수 및 공기 조절 공급업",178470.0,3543.0,대일이엔씨기술(주),,업체 우선
567,환경부,수원시,2022,업체,폐기물 처리업,191286.0,2113.0,㈜한국품질보증원,,업체 우선
568,국토교통부,수원애경역사 주식회사,2022,사업장,건물,15048.0,310.0,한국표준협회,,단일 사업장
569,환경부,수원여객운수(주),2022,사업장,육상 여객 운송업,28144.0,540.0,한국표준협회,,단일 사업장
570,국토교통부,수협노량진수산 주식회사,2022,사업장,건물,16630.0,345.0,(주)한국경영인증원,,단일 사업장
571,환경부,순천시,2022,업체,폐기물,71876.0,490.0,(주)한국경영인증원,,업체 우선
572,환경부,스미토모세이카폴리머스코리아(주),2022,사업장,합성고무 및 플라스틱 물질 제조업,49629.0,1506.0,로이드인증원㈜,,단일 사업장
573,환경부,스테코(주),2022,사업장,전자 부품 제조업,44003.0,916.0,한국표준협회,,단일 사업장
574,환경부,스템코(주),2022,사업장,반도체 제조업,43481.0,933.0,(주)한국경영인증원,,단일 사업장
575,환경부,스틸싸이클 주식회사,2022,사업장,1차 비철금속 제조업,75700.0,786.0,한국표준협회,,단일 사업장
576,환경부,시그네틱스(주),2022,사업장,반도체 제조업,42881.0,889.0,(주)한국경영인증원,,단일 사업장
577,환경부,시흥시,2022,사업장,폐기물 처리업,110944.0,943.0,(재)한국품질재단,,단일 사업장
578,환경부,신대양제지(주),2022,업체,"펄프, 종이 및 판지 제조업",213510.0,2700.0,한국표준협회,,업체 우선
579,환경부,신대양제지반월(주),2022,사업장,"펄프, 종이 및 판지 제조업",97463.0,1238.0,한국표준협회,,단일 사업장
580,환경부,신대일페이퍼 주식회사,2022,사업장,"펄프, 종이 및 판지 제조업",85878.0,948.0,(주)한국경영인증원,,단일 사업장
581,환경부,신대한정유산업 주식회사,2022,사업장,폐기물 처리업,82694.0,263.0,(주)한국경영인증원,,단일 사업장
582,국토교통부,신도림테크노마트 주식회사,2022,사업장,건물,14858.0,308.0,(주)한국경영인증원,,단일 사업장
583,환경부,신분당선(주),2022,사업장,육상 여객 운송업,26654.0,557.0,(주)한국경영인증원,,단일 사업장
584,환경부,신성교통(주),2022,사업장,육상 여객 운송업,17383.0,323.0,대일이엔씨기술(주),,단일 사업장
585,국토교통부,신안종합리조트(주),2022,사업장,건물,15862.0,317.0,(주)한국경영인증원,,단일 사업장
586,환경부,신창제지공업주식회사,2022,사업장,"펄프, 종이 및 판지 제조업",30339.0,619.0,한국표준협회,,단일 사업장
587,환경부,신평택발전(주),2022,업체,전기업,1615139.0,32094.0,로이드인증원㈜,,업체 우선
588,산업통상자원부,신화인터텍(주),2022,사업장,전기전자,15153.0,309.0,로이드인증원㈜,,단일 사업장
589,산업통상자원부,쌍용기초소재(주),2022,사업장,시멘트,22336.0,410.0,한국표준협회,,단일 사업장
590,환경부,쌍용씨앤이(주),2022,업체,"시멘트, 석회, 플라스터 및 그 외 제품 제조업",10670032.0,63534.0,한국표준협회,,업체 우선
591,환경부,씨엔씨티에너지 주식회사,2022,사업장,"증기, 냉ㆍ온수 및 공기 조절 공급업",33845.0,679.0,로이드인증원㈜,,단일 사업장
592,환경부,씨월드고속훼리(주),2022,사업장,해상 운송업,90381.0,1298.0,(주)한국경영인증원,,단일 사업장
593,국토교통부,씨제이씨지브이 주식회사,2022,업체,건물,71356.0,1491.0,(주)한국경영인증원,,업체 우선
594,환경부,씨지앤율촌전력 주식회사,2022,업체,전기업,2325847.0,45585.0,㈜한국품질보증원,,업체 우선
595,환경부,아반스트레이트코리아 주식회사,2022,사업장,유리 및 유리제품 제조업,28751.0,581.0,㈜한국품질보증원,,단일 사업장
596,산업통상자원부,아비코테크 주식회사,2022,사업장,전기전자,14745.0,305.0,(주)한국경영인증원,,단일 사업장
597,환경부,아산시,2022,사업장,폐기물 처리업,99135.0,934.0,㈜한국품질보증원,,단일 사업장
598,환경부,아세아시멘트 주식회사,2022,업체,"시멘트, 석회, 플라스터 및 그 외 제품 제조업",2343802.0,14488.0,한국표준협회,,업체 우선
599,환경부,아세아제지(주),2022,업체,"펄프, 종이 및 판지 제조업",480855.0,4492.0,한국표준협회,,업체 우선
600,환경부,아시아나항공,2022,업체,항공 여객 운송업,316892.0,4665.0,로이드인증원㈜,,업체 우선
601,환경부,아주대학교의료원,2022,사업장,병원,29284.0,599.0,한국생산성본부인증원(주),,단일 사업장
602,환경부,안동시,2022,업체,폐기물,14205.0,174.0,(재)한국품질재단,,업체 우선
603,산업통상자원부,안산도시개발(주),2022,사업장,집단에너지,49154.0,1094.0,(재)한국품질재단,,단일 사업장
604,환경부,안산시,2022,업체,"하수, 폐수 및 분뇨 처리업",118706.0,1528.0,㈜한국품질보증원,,업체 우선
605,환경부,안양시,2022,사업장,"하수, 폐수 및 분뇨 처리업",97902.0,1084.0,㈜한국품질보증원,,단일 사업장
606,환경부,애경케미칼(주),2022,업체,기초 화학물질 제조업,178597.0,1969.0,한국표준협회,,업체 우선
607,환경부,앰코테크놀로지코리아(주),2022,업체,반도체 제조업,332380.0,6832.0,(주)비에스아이그룹코리아,,업체 우선
608,환경부,양산시,2022,사업장,폐기물 처리업,84191.0,729.0,㈜한국품질보증원,,단일 사업장
609,환경부,양주시,2022,사업장,폐기물 처리업,76164.0,830.0,㈜한국품질보증원,,단일 사업장
610,환경부,어프로티움 주식회사,2022,업체,기초 화학물질 제조업,480492.0,5385.0,(재)한국품질재단,,업체 우선
611,환경부,에너원(주),2022,사업장,"증기, 냉ㆍ온수 및 공기 조절 공급업",38181.0,441.0,(주)한국경영인증원,,단일 사업장
612,산업통상자원부,에스앤티모티브 주식회사,2022,사업장,자동차,18437.0,383.0,한국표준협회,,단일 사업장
613,산업통상자원부,에스앤티중공업 주식회사,2022,사업장,자동차,14911.0,291.0,한국표준협회,,단일 사업장
614,산업통상자원부,에스에스엘엠 주식회사,2022,사업장,반도체,25494.0,521.0,한국표준협회,,단일 사업장
615,환경부,에스엔에프코리아(주),2022,사업장,기타 화학제품 제조업,30844.0,765.0,(주)한국경영인증원,,단일 사업장
616,산업통상자원부,에스엘 주식회사,2022,업체,전기전자,50877.0,1059.0,(재)한국품질재단,,업체 우선
617,환경부,에스지씨솔루션 주식회사,2022,업체,유리 및 유리제품 제조업,165615.0,2768.0,(재)한국품질재단,,업체 우선
618,환경부,에스지씨에너지 주식회사,2022,업체,유리 및 유리제품 제조업,1615987.0,41266.0,㈜디엔브이비즈니스어슈어런스코리아,,업체 우선
619,환경부,에스케이 주식회사,2022,사업장,"컴퓨터 프로그래밍, 시스템 통합 및 관리업",109206.0,2280.0,한국표준협회,,단일 사업장
620,산업통상자원부,에스케이가스(주),2022,사업장,발전에너지,21130.0,367.0,(재)한국품질재단,,단일 사업장
621,국토교통부,에스케이네트웍스 주식회사,2022,사업장,건물,22920.0,466.0,(주)비에스아이그룹코리아,,단일 사업장
622,환경부,에스케이넥실리스 주식회사,2022,사업장,1차 비철금속 제조업,258599.0,5385.0,(주)한국경영인증원,,단일 사업장
623,환경부,에스케이마이크로웍스 주식회사,2022,사업장,플라스틱 제품 제조업,162064.0,3332.0,한국표준협회,,단일 사업장
624,환경부,에스케이마이크로웍스솔루션즈 주식회사,2022,사업장,플라스틱 제품 제조업,36927.0,688.0,(재)한국품질재단,,단일 사업장
625,환경부,에스케이머티리얼즈에어플러스 주식회사,2022,업체,기초 화학물질 제조업,286208.0,5988.0,한국표준협회,,업체 우선
626,환경부,에스케이멀티유틸리티 주식회사,2022,업체,"증기, 냉ㆍ온수 및 공기 조절 공급업",346243.0,4693.0,(재)한국품질재단,,업체 우선
627,환경부,에스케이스페셜티 주식회사,2022,업체,기초 화학물질 제조업,282842.0,5867.0,한국가스안전공사,,업체 우선
628,환경부,에스케이실트론 주식회사,2022,업체,반도체 제조업,413408.0,8633.0,로이드인증원㈜,,업체 우선
629,환경부,에스케이씨 주식회사,2022,업체,플라스틱 제품 제조업,2741.0,40.0,한국표준협회,,업체 우선
630,환경부,에스케이아이이테크놀로지주식회사,2022,사업장,일차전지 및 축전지 제조업,96633.0,1981.0,한국표준협회,,단일 사업장
631,환경부,에스케이어드밴스드주식회사,2022,업체,기초 화학물질 제조업,491512.0,9053.0,한국표준협회,,업체 우선
632,환경부,에스케이에너지 주식회사,2022,업체,석유 정제품 제조업,6847471.0,76172.0,한국표준협회,,업체 우선
633,환경부,에스케이에코프라임 주식회사,2022,업체,기타 화학제품 제조업,37146.0,623.0,(재)한국품질재단,,업체 우선
634,환경부,에스케이엔무브 주식회사,2022,업체,석유 정제품 제조업,187115.0,6116.0,한국표준협회,,업체 우선
635,산업통상자원부,에스케이오션플랜트(주),2022,사업장,조선,23624.0,423.0,한국표준협회,"""삼강엠앤티"" 업체명 변경",단일 사업장
636,환경부,에스케이온 주식회사,2022,업체,일차전지 및 축전지 제조업,167295.0,3460.0,한국표준협회,,업체 우선
637,환경부,에스케이이엔에스 주식회사,2022,업체,전기업,2405156.0,47815.0,(주)한국경영인증원,,업체 우선
638,환경부,에스케이지오센트릭 주식회사,2022,업체,기초 화학물질 제조업,2541588.0,58979.0,한국표준협회,,업체 우선
639,환경부,에스케이케미칼(주),2022,업체,합성고무 및 플라스틱 물질 제조업,263601.0,4789.0,(재)한국품질재단,,업체 우선
640,환경부,에스케이텔레콤 주식회사,2022,업체,전기 통신업,1101340.0,23007.0,㈜디엔브이비즈니스어슈어런스코리아,,업체 우선
641,환경부,에스케이피아이씨글로벌 주식회사,2022,업체,기초 화학물질 제조업,580840.0,10131.0,한국표준협회,,업체 우선
642,산업통상자원부,에스케이피유코어 주식회사,2022,사업장,석유화학,24362.0,534.0,한국표준협회,"""미쓰이케미칼앤드에스케이씨폴리우레탄 주식회사"" 업체명 변경",단일 사업장
643,환경부,에스케이하이닉스 시스템아이씨(주),2022,업체,반도체 제조업,47471.0,907.0,(주)비에스아이그룹코리아,,업체 우선
644,환경부,에스케이하이닉스 주식회사,2022,업체,반도체 제조업,4979251.0,98026.0,(주)비에스아이그룹코리아,,업체 우선
645,산업통상자원부,에스티엠 주식회사,2022,사업장,전기전자,50653.0,1030.0,한국표준협회,,단일 사업장
646,환경부,에스폼(주),2022,사업장,1차 비철금속 제조업,1.0,0.0,한국표준협회,,단일 사업장
647,환경부,에스피엘(주),2022,사업장,기타 식품 제조업,27665.0,650.0,(주)비에스아이그룹코리아,,단일 사업장
648,환경부,에어리퀴드코리아 주식회사,2022,업체,기초 화학물질 제조업,216377.0,2747.0,로이드인증원㈜,,업체 우선
649,환경부,에어부산(주),2022,업체,항공 여객 운송업,213859.0,3070.0,한국표준협회,,업체 우선
650,환경부,에어프로덕츠코리아 주식회사,2022,업체,기초 화학물질 제조업,819256.0,16914.0,로이드인증원㈜,,업체 우선
651,환경부,에이에스이코리아주식회사,2022,사업장,반도체 제조업,103007.0,2131.0,(재)한국품질재단,,단일 사업장
652,산업통상자원부,에이지씨디스플레이글라스오창주식회사,2022,사업장,유리,12564.0,262.0,㈜디엔브이비즈니스어슈어런스코리아,,단일 사업장
653,환경부,에이지씨화인테크노한국주식회사,2022,업체,유리 및 유리제품 제조업,215500.0,4335.0,㈜디엔브이비즈니스어슈어런스코리아,,업체 우선
654,국토교통부,에이치디씨리조트(주),2022,사업장,건물,14321.0,290.0,한국표준협회,,단일 사업장
655,국토교통부,에이치디씨아이파크몰 주식회사,2022,사업장,건물,19213.0,396.0,(재)한국화학융합시험연구원,,단일 사업장
656,산업통상자원부,에이치디씨현대이피 주식회사,2022,사업장,석유화학,24224.0,446.0,한국표준협회,,단일 사업장
657,환경부,에이치디현대에너지솔루션(주),2022,사업장,반도체 제조업,38240.0,754.0,(주)한국경영인증원,,단일 사업장
658,환경부,에이치디현대오씨아이 주식회사,2022,업체,기초 화학물질 제조업,377163.0,4324.0,(재)한국품질재단,,업체 우선
659,환경부,에이치디현대일렉트릭(주),2022,사업장,"전동기, 발전기 및 전기 변환ㆍ공급ㆍ제어 장치 제조업",33163.0,681.0,㈜디엔브이비즈니스어슈어런스코리아,,단일 사업장
660,환경부,에이치디현대중공업 주식회사,2022,업체,선박 및 보트 건조업,549552.0,9648.0,한국표준협회,,업체 우선
661,환경부,에이치디현대케미칼주식회사,2022,업체,기초 화학물질 제조업,2818858.0,51696.0,(재)한국품질재단,,업체 우선
662,환경부,에이치에스지성동조선 주식회사,2022,사업장,선박 및 보트 건조업,30425.0,552.0,한국표준협회,,단일 사업장
663,환경부,에이치엘만도 주식회사,2022,사업장,자동차 신품 부품 제조업,71647.0,1498.0,(주)비에스아이그룹코리아,,단일 사업장
664,환경부,에코비트에너지정세,2022,업체,폐기물,64937.0,390.0,㈜한국품질보증원,,업체 우선
665,산업통상자원부,에코플라스틱(주),2022,사업장,자동차,17710.0,366.0,(재)한국품질재단,,단일 사업장
666,환경부,엘앤에프,2022,사업장,전자 부품 제조업,122213.0,2466.0,(재)한국품질재단,,단일 사업장
667,산업통상자원부,엘에스메탈 주식회사,2022,사업장,비철금속,21201.0,440.0,(주)한국경영인증원,,단일 사업장
668,환경부,엘에스엠앤엠 주식회사,2022,업체,1차 비철금속 제조업,531316.0,8796.0,한국표준협회,,업체 우선
669,산업통상자원부,엘에스일렉트릭(주),2022,사업장,전기전자,20547.0,426.0,(주)한국경영인증원,,단일 사업장
670,환경부,엘에스전선 주식회사,2022,업체,절연선 및 케이블 제조업,126724.0,2544.0,㈜한국품질보증원,,업체 우선
671,환경부,엘지디스플레이(주),2022,업체,전자 부품 제조업,3840039.0,59908.0,(재)한국품질재단,,업체 우선
672,환경부,엘지유플러스(주),2022,업체,전기 통신업,1453477.0,30380.0,한국표준협회,,업체 우선
673,환경부,엘지이노텍 주식회사,2022,업체,전자 부품 제조업,359716.0,8301.0,(주)비에스아이그룹코리아,,업체 우선
674,환경부,엘지전자 주식회사,2022,업체,반도체 제조업,266222.0,5578.0,㈜디엔브이비즈니스어슈어런스코리아,,업체 우선
675,환경부,엠이엠씨코리아주식회사,2022,사업장,반도체 제조업,116316.0,2447.0,(주)신화엔지니어링종합건축사사무소,,단일 사업장
676,환경부,여수시,2022,업체,지정외 폐기물처리업 등,75097.0,774.0,지속가능인증원주식회사,,업체 우선
677,환경부,여천엔씨씨 주식회사,2022,업체,기초 화학물질 제조업,3846303.0,74325.0,(재)한국품질재단,,업체 우선
678,환경부,연천군,2022,사업장,폐기물,22420.0,34.0,(재)한국품질재단,,단일 사업장
679,산업통상자원부,영보화학(주),2022,사업장,석유화학,13159.0,251.0,(주)한국경영인증원,,단일 사업장
680,환경부,영주시,2022,사업장,폐기물,27263.0,6.0,(재)한국품질재단,,단일 사업장
681,국토교통부,영특수츄레라(주),2022,사업장,교통(화물),12190.0,173.0,대일이엔씨기술(주),,단일 사업장
682,환경부,영풍전자(주),2022,사업장,전자 부품 제조업,95206.0,1912.0,(주)한국경영인증원,,단일 사업장
683,환경부,영풍제지(주),2022,사업장,"펄프, 종이 및 판지 제조업",104904.0,1472.0,한국표준협회,,단일 사업장
684,환경부,영화금속(주),2022,사업장,금속 주조업,91372.0,1334.0,한국표준협회,,단일 사업장
685,환경부,오뚜기라면 주식회사,2022,업체,기타 식품 제조업,42413.0,854.0,(주)비에스아이그룹코리아,,업체 우선
686,환경부,오라이온코리아 주식회사,2022,업체,기초 화학물질 제조업,391911.0,863.0,㈜디엔브이비즈니스어슈어런스코리아,,업체 우선
687,환경부,오비맥주(주),2022,사업장,알코올 음료 제조업,95777.0,2008.0,(주)한국경영인증원,,단일 사업장
688,환경부,오산시,2022,사업장,하수처리업,20564.0,298.0,㈜한국품질보증원,,단일 사업장
689,산업통상자원부,오성연료전지 주식회사,2022,사업장,발전에너지,32647.0,0.0,한국표준협회,,단일 사업장
690,환경부,오씨아이 주식회사,2022,업체,기초 화학물질 제조업,1211015.0,18577.0,㈜디엔브이비즈니스어슈어런스코리아,,업체 우선
691,농림축산식품부,오케이에프음료(주),2022,사업장,음료제조업,18391.0,352.0,한국표준협회,,단일 사업장
692,환경부,온세미컨덕터코리아(주),2022,업체,반도체 제조업,172314.0,2395.0,(주)비에스아이그룹코리아,,업체 우선
693,환경부,와이케이스틸(주),2022,업체,1차 철강 제조업,292505.0,5283.0,한국표준협회,,업체 우선
694,환경부,용남고속(주),2022,사업장,육상 여객 운송업,24092.0,418.0,(주)한국경영인증원,,단일 사업장
695,환경부,용산화학(주),2022,사업장,기초 화학물질 제조업,118004.0,1004.0,한국가스안전공사,,단일 사업장
696,환경부,용인시,2022,업체,폐기물 처리업,187298.0,2098.0,㈜한국품질보증원,,업체 우선
697,산업통상자원부,우지막코리아(주),2022,사업장,요업,8332.0,169.0,한국표준협회,,단일 사업장
698,환경부,우진환경개발(주),2022,사업장,폐기물 처리업,50988.0,774.0,㈜한국품질보증원,,단일 사업장
699,환경부,울산과학기술원,2022,사업장,고등 교육기관,33509.0,756.0,한국표준협회,,단일 사업장
700,환경부,울산광역시,2022,업체,폐기물 처리업,310564.0,3024.0,㈜한국품질보증원,,업체 우선
701,환경부,울산아로마틱스(주),2022,업체,기초 화학물질 제조업,382972.0,9113.0,㈜디엔브이비즈니스어슈어런스코리아,,업체 우선
702,환경부,울산알루미늄 주식회사,2022,업체,1차 비철금속 제조업,158943.0,3227.0,(주)한국경영인증원,,업체 우선
703,산업통상자원부,울산피피주식회사,2022,사업장,석유화학,40843.0,1028.0,(주)한국경영인증원,,단일 사업장
704,환경부,원주시,2022,사업장,"하수, 폐수 및 분뇨 처리업",58648.0,736.0,(재)한국화학융합시험연구원,,단일 사업장
705,환경부,위드인천에너지(주),2022,업체,"증기, 냉ㆍ온수 및 공기 조절 공급업",34301.0,720.0,(재)한국품질재단,,업체 우선
706,환경부,유니온머티리얼(주),2022,사업장,"내화, 비내화 요업제품 제조업",43244.0,878.0,(재)한국품질재단,,단일 사업장
707,환경부,유니투스 주식회사,2022,업체,자동차 신품 부품 제조업,70998.0,1473.0,(재)한국품질재단,,업체 우선
708,산업통상자원부,유성기업(주),2022,사업장,자동차,14955.0,307.0,(주)비에스아이그룹코리아,,단일 사업장
709,환경부,유한킴벌리 주식회사,2022,업체,"펄프, 종이 및 판지 제조업",192694.0,3950.0,(재)한국품질재단,,업체 우선
710,환경부,유한회사 스태츠칩팩코리아,2022,사업장,반도체 제조업,84746.0,1763.0,(주)신화엔지니어링종합건축사사무소,,단일 사업장
711,산업통상자원부,유한회사 클라리오스델코,2022,사업장,전기전자,46136.0,956.0,(주)한국경영인증원,,단일 사업장
712,환경부,율촌화학(주),2022,사업장,플라스틱 제품 제조업,92917.0,1715.0,한국가스안전공사,,단일 사업장
713,국토교통부,의료법인 길 의료재단,2022,사업장,건물,22666.0,464.0,(재)한국화학융합시험연구원,,단일 사업장
714,환경부,의정부시,2022,사업장,"하수, 폐수 및 분뇨 처리업",76296.0,755.0,㈜한국품질보증원,,단일 사업장
715,산업통상자원부,이건에너지(주),2022,사업장,산업단지,16604.0,2651.0,㈜한국품질보증원,,단일 사업장
716,환경부,이구산업(주),2022,사업장,1차 비철금속 제조업,32986.0,685.0,한국생산성본부인증원(주),,단일 사업장
717,환경부,이누스 주식회사,2022,사업장,"내화, 비내화 요업제품 제조업",61498.0,1111.0,한국표준협회,,단일 사업장
718,환경부,이도에코오산(주),2022,업체,폐기물,53081.0,33.0,(재)한국품질재단,,업체 우선
719,환경부,이도에코전주(주),2022,사업장,폐기물,45711.0,28.0,㈜한국품질보증원,,단일 사업장
720,산업통상자원부,이래에이엠에스 주식회사,2022,사업장,자동차,25755.0,532.0,㈜한국품질보증원,,단일 사업장
721,환경부,이스트만화이버코리아 주식회사,2022,사업장,화학섬유 제조업,53485.0,864.0,(주)한국경영인증원,,단일 사업장
722,환경부,이천시,2022,사업장,폐기물 처리업,108878.0,623.0,㈜한국품질보증원,,단일 사업장
723,환경부,익산시,2022,사업장,폐기물 처리업,81201.0,603.0,㈜한국품질보증원,,단일 사업장
724,환경부,인그리디언코리아 유한회사,2022,업체,"곡물 가공품, 전분 및 전분제품 제조업",134787.0,2624.0,(재)한국품질재단,,업체 우선
725,환경부,인제군,2022,사업장,폐기물,20864.0,29.0,(주)한국경영인증원,,단일 사업장
726,환경부,인천공항에너지,2022,업체,"증기, 냉ㆍ온수 및 공기 조절 공급업",231023.0,4581.0,㈜한국품질보증원,,업체 우선
727,환경부,인천광역시,2022,업체,폐기물 처리업,419315.0,4842.0,(재)한국품질재단,,업체 우선
728,환경부,인천교통공사,2022,사업장,육상 여객 운송업,114129.0,2360.0,한국표준협회,,단일 사업장
729,환경부,인천국제공항공사,2022,업체,기타 운송관련 서비스업,219208.0,4286.0,한국표준협회,,업체 우선
730,환경부,인천종합에너지(주),2022,업체,"증기, 냉ㆍ온수 및 공기 조절 공급업",373824.0,7496.0,㈜디엔브이비즈니스어슈어런스코리아,,업체 우선
731,환경부,인터지스(주),2022,사업장,도로 화물 운송업,35033.0,524.0,(주)한국경영인증원,,단일 사업장
732,산업통상자원부,인프라에어홀딩스 주식회사,2022,업체,석유화학,210397.0,4395.0,한국표준협회,,업체 우선
733,농림축산식품부,일산실업(주) 칠서에탄올공장,2022,사업장,음료제조업,8282.0,399.0,한국표준협회,,단일 사업장
734,해양수산부,일신로지스틱스주식회사,2022,사업장,교통(해운),15057.0,224.0,㈜디엔브이비즈니스어슈어런스코리아,,단일 사업장
735,환경부,일신방직(주),2022,사업장,방적 및 가공사 제조업,52688.0,1098.0,한국표준협회,,단일 사업장
736,환경부,일진디스플레이(주),2022,사업장,전자 부품 제조업,14643.0,305.0,한국표준협회,,단일 사업장
737,환경부,일진제강(주),2022,사업장,1차 철강 제조업,54532.0,1107.0,한국표준협회,,단일 사업장
738,환경부,재단법인 대구경북과학기술원,2022,사업장,고등 교육기관,29435.0,608.0,한국표준협회,,단일 사업장
739,환경부,재단법인 아산사회복지재단,2022,사업장,병원,98871.0,2022.0,한국표준협회,,단일 사업장
740,환경부,재원산업,2022,사업장,기초 화학물질 제조업,33693.0,775.0,(재)한국품질재단,,단일 사업장
741,환경부,전기초자코리아(주),2022,업체,유리 및 유리제품 제조업,133667.0,2705.0,한국표준협회,,업체 우선
742,환경부,전남대학교,2022,사업장,고등 교육기관,37185.0,757.0,한국표준협회,,단일 사업장
743,산업통상자원부,전방(주),2022,업체,섬유,40056.0,843.0,(주)한국경영인증원,,업체 우선
744,환경부,전북대학교,2022,사업장,고등 교육기관,35240.0,740.0,(주)한국경영인증원,,단일 사업장
745,국토교통부,전북대학교병원,2022,사업장,건물,22886.0,467.0,(재)한국화학융합시험연구원,,단일 사업장
746,환경부,전북집단에너지 주식회사,2022,업체,"증기, 냉ㆍ온수 및 공기 조절 공급업",185013.0,2233.0,한국표준협회,,업체 우선
747,환경부,전주시,2022,업체,폐기물 처리업,182491.0,1179.0,㈜한국품질보증원,,업체 우선
748,국토교통부,전차연물류(주),2022,사업장,교통(화물),19923.0,283.0,㈜한국품질보증원,,단일 사업장
749,환경부,제이비 주식회사,2022,사업장,"증기, 냉ㆍ온수 및 공기 조절 공급업",25169.0,507.0,(재)한국품질재단,,단일 사업장
750,환경부,제이셋스태츠칩팩코리아(유),2022,사업장,반도체 제조업,76783.0,1598.0,(주)신화엔지니어링종합건축사사무소,,단일 사업장
751,환경부,제주특별자치도,2022,업체,폐기물 처리업,396808.0,3581.0,한국표준협회,,업체 우선
752,환경부,제주특별자치도개발공사,2022,사업장,비알코올 음료 및 얼음 제조업,33905.0,695.0,한국표준협회,,단일 사업장
753,환경부,제주항공(주),2022,업체,항공 여객 운송업,300011.0,4302.0,(재)한국화학융합시험연구원,,업체 우선
754,환경부,제천시,2022,사업장,"하수, 폐수 및 분뇨 처리업",46170.0,292.0,한국표준협회,,단일 사업장
755,산업통상자원부,조선내화(주),2022,사업장,요업,21341.0,405.0,(재)한국품질재단,,단일 사업장
756,국토교통부,조선대학교,2022,사업장,건물,14901.0,305.0,한국생산성본부인증원(주),,단일 사업장
757,환경부,조일알미늄 주식회사,2022,사업장,1차 비철금속 제조업,85910.0,1739.0,(재)한국품질재단,,단일 사업장
758,산업통상자원부,주성엔지니어링(주),2022,사업장,기계,3936.0,82.0,(재)한국품질재단,,단일 사업장
759,국토교통부,주식회사 경방,2022,사업장,건물,18215.0,376.0,(재)한국품질재단,,단일 사업장
760,환경부,주식회사 고려시멘트,2022,업체,"시멘트, 석회, 플라스터 및 그 외 제품 제조업",584752.0,3741.0,한국표준협회,,업체 우선
761,환경부,주식회사 고려제지,2022,업체,"펄프, 종이 및 판지 제조업",134131.0,2736.0,(주)한국경영인증원,,업체 우선
762,국토교통부,주식회사 국민은행,2022,업체,건물,95969.0,1981.0,한국표준협회,,업체 우선
763,국토교통부,주식회사 남성버스,2022,사업장,교통(여객),16845.0,316.0,(주)한국경영인증원,,단일 사업장
764,산업통상자원부,주식회사 녹수,2022,사업장,석유화학,29946.0,602.0,한국표준협회,,단일 사업장
765,환경부,주식회사 농심,2022,업체,기타 식품 제조업,180380.0,3612.0,한국표준협회,,업체 우선
766,환경부,주식회사 뉴그린,2022,업체,폐기물 처리업,101655.0,152.0,(주)한국경영인증원,,업체 우선
767,환경부,주식회사 대륜발전,2022,업체,"증기, 냉ㆍ온수 및 공기 조절 공급업",922014.0,22263.0,한국표준협회,,업체 우선
768,환경부,주식회사 대유글로벌,2022,사업장,자동차 신품 부품 제조업,31503.0,645.0,(재)한국품질재단,,단일 사업장
769,환경부,주식회사 대창,2022,사업장,1차 비철금속 제조업,37500.0,771.0,한국가스안전공사,,단일 사업장
770,환경부,주식회사 대한세라믹스,2022,사업장,"내화, 비내화 요업제품 제조업",44334.0,824.0,(주)한국경영인증원,,단일 사업장
771,환경부,주식회사 대호에이엘,2022,사업장,1차 비철금속 제조업,27654.0,559.0,(주)한국경영인증원,,단일 사업장
772,환경부,주식회사 더블유티씨서울,2022,사업장,부동산 임대 및 공급업,56207.0,1160.0,(주)한국경영인증원,,단일 사업장
773,환경부,주식회사 덕양에너젠,2022,업체,기초 화학물질 제조업,30525.0,633.0,지속가능인증원주식회사,,업체 우선
774,환경부,주식회사 동성케미컬,2022,사업장,기초 화학물질 제조업,40162.0,760.0,한국생산성본부인증원(주),,단일 사업장
775,산업통상자원부,주식회사 동아,2022,사업장,기계,20337.0,421.0,한국표준협회,,단일 사업장
776,환경부,주식회사 디비메탈,2022,업체,1차 철강 제조업,777281.0,8670.0,(재)한국품질재단,,업체 우선
777,환경부,주식회사 디비하이텍,2022,업체,반도체 제조업,286088.0,3875.0,(주)비에스아이그룹코리아,,업체 우선
778,국토교통부,주식회사 디앤오,2022,사업장,건물,16508.0,337.0,(재)한국품질재단,"""(주)에스앤아이코퍼레이션"" 업체명 변경",단일 사업장
779,산업통상자원부,주식회사 디엔 오토모티브,2022,사업장,전기전자,24408.0,505.0,한국표준협회,"""주식회사 디티알 오토모티브"" 업체명 변경",단일 사업장
780,산업통상자원부,주식회사 메타즈,2022,사업장,기계,14048.0,289.0,㈜한국품질보증원,,단일 사업장
781,환경부,주식회사 명성,2022,사업장,육상 여객 운송업,21042.0,355.0,(주)한국경영인증원,,단일 사업장
782,환경부,주식회사 명성환경,2022,사업장,폐기물 처리업,17.0,300.0,(주)한국경영인증원,,단일 사업장
783,산업통상자원부,주식회사 명신 군산공장,2022,업체,자동차,9718.0,202.0,(주)한국경영인증원,,업체 우선
784,국토교통부,주식회사 무주덕유산리조트,2022,사업장,건물,16791.0,309.0,(주)한국경영인증원,,단일 사업장
785,국토교통부,주식회사 문화방송,2022,사업장,건물,16732.0,363.0,(주)한국경영인증원,,단일 사업장
786,환경부,주식회사 범우,2022,사업장,폐기물 처리업,78882.0,190.0,한국표준협회,,단일 사업장
787,환경부,주식회사 베어링아트,2022,사업장,자동차 신품 부품 제조업,60174.0,1246.0,한국표준협회,,단일 사업장
788,환경부,주식회사 삼기,2022,사업장,자동차 신품 부품 제조업,56857.0,1085.0,(주)한국경영인증원,,단일 사업장
789,환경부,주식회사 삼보광업,2022,업체,"시멘트, 석회, 플라스터 및 그 외 제품 제조업",163277.0,393.0,한국생산성본부인증원(주),,업체 우선
790,환경부,주식회사 삼양사,2022,업체,"곡물 가공품, 전분 및 전분제품 제조업",270112.0,6307.0,한국표준협회,,업체 우선
791,환경부,주식회사 삼양패키징,2022,업체,플라스틱 제품 제조업,145034.0,2998.0,한국표준협회,,업체 우선
792,국토교통부,주식회사 서부티엔디,2022,사업장,건물,17904.0,368.0,(주)한국경영인증원,,단일 사업장
793,환경부,주식회사 세아베스틸,2022,업체,1차 철강 제조업,1237482.0,19354.0,한국표준협회,,업체 우선
794,환경부,주식회사 세아베스틸지주,2022,업체,1차 철강 제조업,472.0,9.0,한국표준협회,,업체 우선
795,환경부,주식회사 세아창원특수강,2022,업체,1차 철강 제조업,496863.0,9070.0,한국표준협회,,업체 우선
796,환경부,주식회사 세진메탈,2022,사업장,1차 비철금속 제조업,40324.0,652.0,(주)한국경영인증원,,단일 사업장
797,환경부,주식회사 소노인터내셔널,2022,사업장,일반 및 생활 숙박시설 운영업,141739.0,2951.0,(주)한국경영인증원,,단일 사업장
798,환경부,주식회사 수석,2022,사업장,유리 및 유리제품 제조업,43981.0,749.0,(주)한국경영인증원,,단일 사업장
799,환경부,주식회사 스타필드고양,2022,사업장,부동산 임대 및 공급업,27865.0,627.0,㈜한국품질보증원,,단일 사업장
800,환경부,주식회사 스타필드하남,2022,사업장,부동산 임대 및 공급업,26720.0,557.0,㈜한국품질보증원,,단일 사업장
801,국토교통부,주식회사 신한은행,2022,업체,건물,73672.0,1502.0,㈜디엔브이비즈니스어슈어런스코리아,,업체 우선
802,환경부,주식회사 심텍,2022,사업장,전자 부품 제조업,101502.0,2042.0,㈜디엔브이비즈니스어슈어런스코리아,,단일 사업장
803,환경부,주식회사 심팩인더스트리,2022,업체,1차 철강 제조업,141389.0,2697.0,(재)한국품질재단,,업체 우선
804,산업통상자원부,주식회사 아이유제지,2022,사업장,제지,20456.0,320.0,(주)한국경영인증원,,단일 사업장
805,환경부,주식회사 알테크노메탈,2022,사업장,금속 주조업,50914.0,844.0,(주)한국경영인증원,,단일 사업장
806,산업통상자원부,주식회사 알트론김제,2022,사업장,자동차,14798.0,286.0,지속가능인증원주식회사,,단일 사업장
807,환경부,주식회사 알트론전주,2022,사업장,자동차 신품 부품 제조업,27995.0,539.0,지속가능인증원주식회사,,단일 사업장
808,환경부,주식회사 에너지네트웍,2022,업체,폐기물 처리업,180684.0,377.0,(주)한국경영인증원,,업체 우선
809,환경부,주식회사 에스알,2022,업체,철도 운송업,161639.0,3380.0,(주)비에스아이그룹코리아,,업체 우선
810,환경부,주식회사 에스에프에이반도체,2022,사업장,반도체 제조업,35701.0,727.0,(주)신화엔지니어링종합건축사사무소,,단일 사업장
811,환경부,주식회사 에스엔엔씨,2022,업체,1차 비철금속 제조업,1333889.0,14985.0,(재)한국품질재단,,업체 우선
812,환경부,주식회사 에스피씨삼립,2022,사업장,기타 식품 제조업,92761.0,1887.0,(주)비에스아이그룹코리아,,단일 사업장
813,환경부,주식회사 에스피에스엔에이,2022,사업장,"시멘트, 석회, 플라스터 및 그 외 제품 제조업",44762.0,916.0,(재)한국품질재단,,단일 사업장
814,환경부,주식회사 에쓰큐씨,2022,업체,"시멘트, 석회, 플라스터 및 그 외 제품 제조업",115828.0,564.0,(주)신화엔지니어링종합건축사사무소,,업체 우선
815,환경부,주식회사 에어퍼스트,2022,업체,기초 화학물질 제조업,589769.0,12128.0,한국가스안전공사,,업체 우선
816,산업통상자원부,주식회사 에이팩트,2022,사업장,전기전자,36391.0,758.0,한국표준협회,,단일 사업장
817,산업통상자원부,주식회사 에이프로젠바이오로직스,2022,사업장,석유화학,25825.0,531.0,로이드인증원㈜,,단일 사업장
818,환경부,주식회사 에코비트에너지명성,2022,업체,폐기물 처리업,41694.0,50.0,(주)한국경영인증원,,업체 우선
819,환경부,주식회사 에코비트에너지울산,2022,사업장,"증기, 냉ㆍ온수 및 공기 조절 공급업",85004.0,1012.0,한국표준협회,,단일 사업장
820,산업통상자원부,주식회사 엘비루셈,2022,사업장,반도체,20918.0,435.0,(재)한국품질재단,,단일 사업장
821,환경부,주식회사 엘엑스하우시스,2022,업체,플라스틱 제품 제조업,118534.0,2286.0,㈜디엔브이비즈니스어슈어런스코리아,,업체 우선
822,환경부,주식회사 엘지에너지솔루션,2022,업체,일차전지 및 축전지 제조업,358471.0,7680.0,(재)한국품질재단,,업체 우선
823,환경부,주식회사 엘지화학,2022,업체,기초 화학물질 제조업,8616934.0,167137.0,(재)한국품질재단,,업체 우선
824,환경부,주식회사 영풍,2022,업체,1차 비철금속 제조업,1072320.0,18799.0,(재)한국품질재단,,업체 우선
825,환경부,주식회사 영흥산업환경,2022,사업장,폐기물 처리업,51255.0,278.0,㈜한국품질보증원,,단일 사업장
826,국토교통부,주식회사 우리은행,2022,업체,건물,71094.0,1476.0,㈜디엔브이비즈니스어슈어런스코리아,,업체 우선
827,산업통상자원부,주식회사 윈팩,2022,사업장,반도체,29814.0,619.0,한국표준협회,,단일 사업장
828,환경부,주식회사 유니드,2022,업체,기초 화학물질 제조업,307436.0,7580.0,로이드인증원㈜,,업체 우선
829,환경부,주식회사 유니드비티플러스,2022,업체,나무제품 제조업,54956.0,2277.0,로이드인증원㈜,,업체 우선
830,환경부,주식회사 유니큰,2022,업체,폐기물 처리업,91552.0,603.0,지속가능인증원주식회사,,업체 우선
831,환경부,주식회사 이랜드리테일,2022,업체,종합 소매업,161993.0,3386.0,한국표준협회,,업체 우선
832,환경부,주식회사 이엠케이승경,2022,사업장,폐기물 처리업,52772.0,238.0,(주)한국경영인증원,,단일 사업장
833,환경부,주식회사 전주원파워,2022,사업장,전기업,46002.0,5786.0,한국표준협회,,단일 사업장
834,환경부,주식회사 전주페이퍼,2022,업체,"펄프, 종이 및 판지 제조업",532782.0,10141.0,한국표준협회,,업체 우선
835,환경부,주식회사 정선라임,2022,사업장,"시멘트, 석회, 플라스터 및 그 외 제품 제조업",82241.0,278.0,한국표준협회,,단일 사업장
836,환경부,주식회사 지알엠,2022,사업장,1차 비철금속 제조업,81022.0,940.0,한국표준협회,,단일 사업장
837,환경부,주식회사 지에스이앤알,2022,업체,"증기, 냉ㆍ온수 및 공기 조절 공급업",2070867.0,23897.0,(재)한국품질재단,,업체 우선
838,산업통상자원부,주식회사 지에스포천그린에너지,2022,업체,산업단지,1118521.0,13472.0,㈜디엔브이비즈니스어슈어런스코리아,,업체 우선
839,환경부,주식회사 진로발효,2022,사업장,알코올 음료 제조업,28835.0,712.0,(재)한국품질재단,,단일 사업장
840,환경부,주식회사 진에어,2022,업체,항공 여객 운송업,288882.0,4138.0,한국표준협회,,업체 우선
841,환경부,주식회사 카프로,2022,업체,기초 화학물질 제조업,576554.0,4931.0,(재)한국품질재단,,업체 우선
842,환경부,주식회사 케이씨씨글라스,2022,업체,유리 및 유리제품 제조업,730232.0,9499.0,(재)한국품질재단,,업체 우선
843,환경부,주식회사 케이씨씨실리콘,2022,업체,기초 화학물질 제조업,117194.0,1882.0,(재)한국품질재단,,업체 우선
844,환경부,주식회사 케이티,2022,업체,전기 통신업,1108634.0,22938.0,㈜한국품질보증원,,업체 우선
845,환경부,주식회사 케이티클라우드,2022,업체,"자료 처리, 호스팅, 포털 및 기타 인터넷 정보 매개 서비스업",307705.0,6426.0,㈜한국품질보증원,,업체 우선
846,환경부,주식회사 케이피에프,2022,사업장,기타 금속 가공제품 제조업,50539.0,1044.0,한국표준협회,,단일 사업장
847,산업통상자원부,주식회사 켐트로닉스,2022,사업장,디스플레이,17100.0,356.0,한국표준협회,,단일 사업장
848,환경부,주식회사 코리아에어텍,2022,사업장,기초 화학물질 제조업,54187.0,1131.0,한국가스안전공사,,단일 사업장
849,환경부,주식회사 코엔텍,2022,업체,폐기물 처리업,311988.0,465.0,한국표준협회,,업체 우선
850,환경부,주식회사 키파운드리,2022,업체,반도체 제조업,373135.0,3625.0,(주)비에스아이그룹코리아,,업체 우선
851,환경부,주식회사 태경비케이,2022,업체,"시멘트, 석회, 플라스터 및 그 외 제품 제조업",557638.0,2313.0,(주)한국경영인증원,,업체 우선
852,환경부,주식회사 태영이엠씨,2022,업체,"시멘트, 석회, 플라스터 및 그 외 제품 제조업",139094.0,785.0,한국표준협회,,업체 우선
853,환경부,주식회사 티웨이항공,2022,업체,항공 여객 운송업,240558.0,3451.0,(재)한국화학융합시험연구원,,업체 우선
854,환경부,주식회사 파라다이스세가사미,2022,사업장,일반 및 생활 숙박시설 운영업,32941.0,683.0,한국표준협회,,단일 사업장
855,환경부,주식회사 팜한농,2022,업체,"비료, 농약 및 살균ㆍ살충제 제조업",90116.0,1384.0,한국표준협회,,업체 우선
856,산업통상자원부,주식회사 페트로코너지,2022,사업장,발전에너지,21146.0,1.0,(재)한국품질재단,,단일 사업장
857,환경부,주식회사 포스코,2022,업체,1차 철강 제조업,70185587.0,358503.0,(재)한국품질재단,,업체 우선
858,환경부,주식회사 포스코모빌리티솔루션,2022,사업장,1차 철강 제조업,62957.0,1289.0,㈜디엔브이비즈니스어슈어런스코리아,,단일 사업장
859,환경부,주식회사 포스코엠씨머티리얼즈,2022,사업장,기초 화학물질 제조업,101099.0,1361.0,(재)한국품질재단,,단일 사업장
860,환경부,주식회사 포스코인터내셔널,2022,사업장,전기업,4189818.0,83222.0,(재)한국품질재단,,단일 사업장
861,환경부,주식회사 포스코퓨처엠,2022,업체,"시멘트, 석회, 플라스터 및 그 외 제품 제조업",2228899.0,15868.0,(재)한국품질재단,,업체 우선
862,산업통상자원부,주식회사 포트로닉스천안,2022,사업장,전기전자,15644.0,321.0,(주)한국경영인증원,,단일 사업장
863,환경부,주식회사 풍산,2022,업체,1차 비철금속 제조업,228003.0,4689.0,한국표준협회,,업체 우선
864,산업통상자원부,주식회사 피에스엠,2022,사업장,기계,23743.0,446.0,로이드인증원㈜,,단일 사업장
865,환경부,주식회사 피엔알,2022,업체,"해체, 선별 및 원료 재생업",138891.0,1688.0,(재)한국품질재단,,업체 우선
866,국토교통부,주식회사 하나은행,2022,업체,건물,62313.0,1282.0,한국표준협회,,업체 우선
867,환경부,주식회사 한국알스트롬뭉쇼,2022,사업장,"펄프, 종이 및 판지 제조업",46594.0,621.0,(재)한국품질재단,,단일 사업장
868,환경부,주식회사 한화방산,2022,업체,무기 및 총포탄 제조업,50715.0,951.0,㈜디엔브이비즈니스어슈어런스코리아,,업체 우선
869,환경부,주식회사 호텔롯데,2022,업체,일반 및 생활 숙박시설 운영업,156308.0,3201.0,(주)한국경영인증원,,업체 우선
870,국토교통부,주식회사 호텔신라,2022,사업장,건물,20631.0,421.0,한국표준협회,,단일 사업장
871,환경부,주식회사 효성,2022,사업장,기타 섬유제품 제조업,31850.0,654.0,㈜디엔브이비즈니스어슈어런스코리아,,단일 사업장
872,환경부,주식회사 후성,2022,업체,기초 화학물질 제조업,221064.0,953.0,한국가스안전공사,,업체 우선
873,환경부,주식회사 휴스틸,2022,사업장,1차 철강 제조업,30943.0,637.0,(주)신화엔지니어링종합건축사사무소,,단일 사업장
874,국토교통부,주식회사경기상운,2022,사업장,교통(여객),15722.0,272.0,(주)한국경영인증원,,단일 사업장
875,환경부,주식회사금강고속,2022,사업장,육상 여객 운송업,22309.0,322.0,한국표준협회,,단일 사업장
876,국토교통부,주식회사한양고속,2022,사업장,교통(여객),11127.0,158.0,㈜한국품질보증원,,단일 사업장
877,국토교통부,중소기업은행,2022,업체,건물,55537.0,1144.0,한국표준협회,,업체 우선
878,산업통상자원부,지에스에코메탈 주식회사,2022,사업장,비철금속,19988.0,251.0,대일이엔씨기술(주),,단일 사업장
879,환경부,지에스이피에스,2022,업체,전기업,3138025.0,65946.0,한국표준협회,,업체 우선
880,환경부,지에스칼텍스 주식회사,2022,업체,석유 정제품 제조업,8870672.0,126292.0,(재)한국품질재단,,업체 우선
881,국토교통부,지엠테크니컬센터코리아 주식회사,2022,사업장,건물,18130.0,372.0,한국표준협회,,단일 사업장
882,환경부,진양특수강(주),2022,사업장,1차 철강 제조업,32482.0,650.0,한국표준협회,,단일 사업장
883,환경부,진영페이퍼 주식회사,2022,사업장,"펄프, 종이 및 판지 제조업",89952.0,883.0,(주)한국경영인증원,,단일 사업장
884,환경부,진주시,2022,사업장,폐기물 처리업,67874.0,639.0,지속가능인증원주식회사,,단일 사업장
885,환경부,진천군,2022,사업장,지정외 폐기물처리업,20928.0,165.0,한국표준협회,,단일 사업장
886,환경부,창원시,2022,업체,폐기물 처리업,248144.0,2528.0,㈜한국품질보증원,,업체 우선
887,환경부,천안시,2022,업체,폐기물 처리업,152267.0,1454.0,㈜한국품질보증원,,업체 우선
888,환경부,천일정기화물자동차(주),2022,사업장,도로 화물 운송업,21650.0,313.0,한국표준협회,,단일 사업장
889,환경부,천일제지(주),2022,사업장,"펄프, 종이 및 판지 제조업",53196.0,1064.0,(주)한국경영인증원,,단일 사업장
890,환경부,청주시,2022,업체,폐기물 처리업,229092.0,1819.0,(재)한국화학융합시험연구원,,업체 우선
891,환경부,초당환경(유),2022,사업장,폐기물 처리업,25126.0,71.0,(재)한국품질재단,,단일 사업장
892,환경부,춘천시,2022,업체,폐기물 처리업,131792.0,703.0,(재)한국화학융합시험연구원,,업체 우선
893,환경부,춘천에너지 주식회사,2022,업체,"증기, 냉ㆍ온수 및 공기 조절 공급업",892205.0,17845.0,한국표준협회,,업체 우선
894,환경부,충남대학교,2022,사업장,고등 교육기관,29643.0,609.0,로이드인증원㈜,,단일 사업장
895,국토교통부,충남대학교병원,2022,사업장,건물,21784.0,450.0,한국표준협회,,단일 사업장
896,국토교통부,충북대학교,2022,사업장,건물,20392.0,398.0,한국표준협회,,단일 사업장
897,환경부,충주시,2022,사업장,폐기물 처리업,76888.0,759.0,(재)한국품질재단,,단일 사업장
898,환경부,충청환경에너지(주),2022,사업장,폐기물,76335.0,149.0,(재)한국품질재단,,단일 사업장
899,산업통상자원부,컬러스앤이펙츠코리아(주),2022,사업장,석유화학,17537.0,551.0,(재)한국품질재단,,단일 사업장
900,환경부,케이씨글라스(주),2022,사업장,유리 및 유리제품 제조업,32927.0,525.0,(주)신화엔지니어링종합건축사사무소,,단일 사업장
901,환경부,케이씨씨,2022,업체,"시멘트, 석회, 플라스터 및 그 외 제품 제조업",603499.0,11223.0,(재)한국품질재단,,업체 우선
902,환경부,케이씨주식회사,2022,업체,기초 화학물질 제조업,182989.0,2536.0,한국표준협회,,업체 우선
903,환경부,케이씨환경서비스 주식회사,2022,업체,폐기물 처리업,252847.0,1605.0,(재)한국품질재단,,업체 우선
904,환경부,케이알에너지(주),2022,사업장,"증기, 냉ㆍ온수 및 공기 조절 공급업",43019.0,459.0,한국표준협회,,단일 사업장
905,환경부,케이알코폴리머 유한회사,2022,사업장,합성고무 및 플라스틱 물질 제조업,28631.0,398.0,(주)한국경영인증원,,단일 사업장
906,산업통상자원부,케이에이에프 주식회사,2022,사업장,섬유,19638.0,355.0,한국표준협회,,단일 사업장
907,환경부,케이엠씨해운 주식회사,2022,사업장,해상 운송업,42516.0,589.0,㈜디엔브이비즈니스어슈어런스코리아,,단일 사업장
908,환경부,케이오씨(주),2022,사업장,기초 화학물질 제조업,47679.0,1174.0,(주)한국경영인증원,,단일 사업장
909,환경부,케이지모빌리티 주식회사,2022,업체,자동차용 엔진 및 자동차 제조업,113612.0,2301.0,㈜한국품질보증원,,업체 우선
910,환경부,케이지스틸 주식회사,2022,업체,1차 철강 제조업,377649.0,8128.0,(재)한국품질재단,,업체 우선
911,환경부,케이지이티에스 주식회사,2022,업체,폐기물 처리업,1800.0,32.0,로이드인증원㈜,,업체 우선
912,산업통상자원부,케이지케미칼 주식회사,2022,사업장,석유화학,26198.0,433.0,(주)한국경영인증원,,단일 사업장
913,환경부,코닝정밀소재 주식회사,2022,업체,유리 및 유리제품 제조업,567274.0,11131.0,로이드인증원㈜,,업체 우선
914,환경부,코리아PTG(주),2022,사업장,기초 화학물질 제조업,120194.0,1066.0,(재)한국품질재단,,단일 사업장
915,환경부,코스모신소재(주),2022,사업장,기타 화학제품 제조업,42571.0,775.0,한국표준협회,,단일 사업장
916,환경부,코스모화학,2022,사업장,기초 화학물질 제조업,90160.0,1598.0,한국표준협회,,단일 사업장
917,환경부,코스포영남파워 주식회사,2022,업체,전기업,861345.0,17118.0,한국표준협회,,업체 우선
918,환경부,코어엔텍 주식회사,2022,업체,폐기물 처리업,312604.0,1982.0,로이드인증원㈜,,업체 우선
919,산업통상자원부,코오롱글로텍(주),2022,사업장,섬유,18299.0,294.0,한국표준협회,,단일 사업장
920,환경부,코오롱바스프이노폼 주식회사,2022,사업장,합성고무 및 플라스틱 물질 제조업,105419.0,1666.0,한국표준협회,,단일 사업장
921,환경부,코오롱인더스트리 주식회사,2022,업체,합성고무 및 플라스틱 물질 제조업,617599.0,11543.0,한국표준협회,,업체 우선
922,환경부,코오롱플라스틱(주),2022,업체,합성고무 및 플라스틱 물질 제조업,130444.0,2124.0,한국표준협회,,업체 우선
923,농림축산식품부,코카콜라음료(주),2022,사업장,음료제조업,21177.0,433.0,(재)한국품질재단,,단일 사업장
924,환경부,크나우프석고보드 주식회사,2022,업체,"시멘트, 석회, 플라스터 및 그 외 제품 제조업",116826.0,2326.0,(재)한국품질재단,,업체 우선
925,산업통상자원부,타타대우상용차 주식회사,2022,사업장,자동차,19020.0,357.0,(재)한국화학융합시험연구원,,단일 사업장
926,환경부,태경산업(주),2022,업체,1차 철강 제조업,114229.0,1536.0,(주)한국경영인증원,,업체 우선
927,환경부,태광산업 주식회사,2022,업체,기초 화학물질 제조업,1029297.0,15717.0,한국표준협회,,업체 우선
928,환경부,태림페이퍼주식회사,2022,업체,"펄프, 종이 및 판지 제조업",365401.0,6021.0,㈜한국품질보증원,,업체 우선
929,환경부,태백시 환경자원센터,2022,사업장,지정외 폐기물처리업 등,10907.0,172.0,한국표준협회,,단일 사업장
930,환경부,태봉광업 주식회사,2022,업체,"시멘트, 석회, 플라스터 및 그 외 제품 제조업",252755.0,656.0,(주)비에스아이그룹코리아,,업체 우선
931,산업통상자원부,태양금속공업(주),2022,사업장,기계,22240.0,421.0,(주)한국경영인증원,,단일 사업장
932,환경부,태영세라믹(주),2022,사업장,"내화, 비내화 요업제품 제조업",28318.0,525.0,한국표준협회,,단일 사업장
933,국토교통부,태화상운(주),2022,사업장,교통(여객),1960.0,36.0,한국표준협회,,단일 사업장
934,환경부,통영시,2022,사업장,폐기물 처리업,36680.0,344.0,(재)한국품질재단,,단일 사업장
935,산업통상자원부,티케이지에코머티리얼 주식회사,2022,사업장,섬유,12814.0,322.0,(재)한국품질재단,,단일 사업장
936,환경부,티케이지휴켐스 주식회사,2022,업체,기초 화학물질 제조업,52431.0,1262.0,(주)한국경영인증원,,업체 우선
937,환경부,티케이케미칼,2022,업체,화학섬유 제조업,175494.0,3556.0,(주)한국경영인증원,,업체 우선
938,국토교통부,파르나스호텔 주식회사,2022,사업장,건물,20239.0,418.0,한국표준협회,,단일 사업장
939,환경부,파인트리포스마그네슘 주식회사,2022,사업장,금속 주조업,40505.0,79.0,(재)한국품질재단,,단일 사업장
940,환경부,파주시,2022,업체,폐기물 처리업,178568.0,1434.0,㈜한국품질보증원,,업체 우선
941,환경부,파주에너지서비스,2022,업체,전기업,2601046.0,50042.0,(주)한국경영인증원,,업체 우선
942,산업통상자원부,파주에코에너지(주),2022,사업장,발전에너지,25734.0,0.0,(주)한국경영인증원,,단일 사업장
943,환경부,파주전기초자 주식회사,2022,사업장,유리 및 유리제품 제조업,48301.0,576.0,㈜디엔브이비즈니스어슈어런스코리아,,단일 사업장
944,산업통상자원부,팔미금속공업(주),2022,사업장,철강,17765.0,328.0,한국표준협회,,단일 사업장
945,환경부,페이퍼코리아,2022,사업장,"펄프, 종이 및 판지 제조업",93725.0,1534.0,한국표준협회,,단일 사업장
946,환경부,평택시,2022,업체,"하수, 폐수 및 분뇨 처리업",119387.0,1852.0,(재)한국품질재단,,업체 우선
947,환경부,평택에너지서비스(주),2022,업체,"증기, 냉ㆍ온수 및 공기 조절 공급업",1403699.0,27464.0,㈜디엔브이비즈니스어슈어런스코리아,,업체 우선
948,환경부,평화산업(주),2022,사업장,고무제품 제조업,31260.0,637.0,지속가능인증원주식회사,,단일 사업장
949,환경부,포스코스틸리온(주),2022,사업장,1차 철강 제조업,108431.0,2148.0,한국표준협회,,단일 사업장
950,환경부,포스코홀딩스 주식회사,2022,업체,1차 철강 제조업,6380.0,131.0,(재)한국품질재단,,업체 우선
951,환경부,포천민자발전 주식회사,2022,업체,전기업,1742159.0,34513.0,(재)한국품질재단,,업체 우선
952,환경부,포천시,2022,업체,지정외 폐기물처리업 등,61599.0,607.0,㈜한국품질보증원,,업체 우선
953,환경부,포천파워(주),2022,업체,전기업,2079167.0,41346.0,(재)한국품질재단,,업체 우선
954,환경부,포항시,2022,업체,폐기물 처리업,175081.0,2636.0,㈜한국품질보증원,,업체 우선
955,환경부,폴리미래(주),2022,사업장,합성고무 및 플라스틱 물질 제조업,109305.0,2022.0,(주)한국경영인증원,,단일 사업장
956,농림축산식품부,풍국주정공업(주),2022,사업장,음식료품,10487.0,567.0,한국표준협회,,단일 사업장
957,환경부,피아이첨단소재 주식회사,2022,사업장,플라스틱 제품 제조업,98160.0,1775.0,(재)한국품질재단,,단일 사업장
958,환경부,하나마이크론,2022,사업장,반도체 제조업,39899.0,830.0,(주)한국경영인증원,,단일 사업장
959,산업통상자원부,하나머티리얼즈(주),2022,사업장,반도체,28623.0,596.0,한국표준협회,,단일 사업장
960,환경부,하남시,2022,사업장,폐기물 처리업,39702.0,489.0,(재)한국품질재단,,단일 사업장
961,환경부,하이트진로(주),2022,업체,알코올 음료 제조업,121167.0,2395.0,(재)한국품질재단,,업체 우선
962,환경부,하이트진로산업(주),2022,사업장,유리 및 유리제품 제조업,29101.0,458.0,(주)한국경영인증원,,단일 사업장
963,환경부,하이호경금속 주식회사,2022,사업장,1차 비철금속 제조업,34863.0,573.0,㈜한국품질보증원,,단일 사업장
964,환경부,학교법인 가톨릭학원,2022,사업장,병원,139538.0,2843.0,한국표준협회,,단일 사업장
965,환경부,학교법인 건국대학교,2022,사업장,고등 교육기관,75692.0,1534.0,(주)한국경영인증원,,단일 사업장
966,국토교통부,학교법인 경희학원,2022,업체,건물,58372.0,1202.0,한국표준협회,,업체 우선
967,국토교통부,학교법인 계명대학교,2022,사업장,건물,20634.0,416.0,(주)한국경영인증원,,단일 사업장
968,환경부,학교법인 고려중앙학원,2022,사업장,고등 교육기관,106939.0,2207.0,㈜한국품질보증원,,단일 사업장
969,환경부,학교법인 성균관대학,2022,사업장,고등 교육기관,66084.0,1361.0,(주)한국경영인증원,,단일 사업장
970,환경부,학교법인 연세대학교,2022,업체,고등 교육기관,193941.0,4017.0,(재)한국품질재단,,업체 우선
971,국토교통부,학교법인 영남학원,2022,사업장,건물,15810.0,326.0,㈜한국품질보증원,,단일 사업장
972,환경부,학교법인 이화학당,2022,사업장,고등 교육기관,72086.0,1514.0,(주)한국경영인증원,,단일 사업장
973,국토교통부,학교법인 중앙대학교,2022,사업장,건물,19989.0,411.0,한국표준협회,,단일 사업장
974,환경부,학교법인 포항공과대학교,2022,사업장,고등 교육기관,81246.0,1848.0,㈜한국품질보증원,,단일 사업장
975,환경부,학교법인 한양학원,2022,사업장,고등 교육기관,76858.0,1578.0,(주)한국경영인증원,,단일 사업장
976,환경부,한국가스공사,2022,업체,연료용 가스 제조 및 배관공급업,752027.0,14511.0,(주)신화엔지니어링종합건축사사무소,,업체 우선
977,환경부,한국경남태양유전(주),2022,사업장,전자 부품 제조업,81083.0,1598.0,(주)한국경영인증원,,단일 사업장
978,환경부,한국공항공사,2022,사업장,기타 운송관련 서비스업,88028.0,1817.0,로이드인증원㈜,,단일 사업장
979,국토교통부,한국과학기술연구원,2022,사업장,건물,18232.0,377.0,(주)한국경영인증원,,단일 사업장
980,환경부,한국과학기술원,2022,사업장,고등 교육기관,84289.0,1722.0,(주)한국경영인증원,,단일 사업장
981,국토교통부,한국과학기술정보연구원,2022,사업장,건물,20428.0,426.0,(주)신화엔지니어링종합건축사사무소,,단일 사업장
982,산업통상자원부,한국기초소재(주),2022,사업장,시멘트,20272.0,414.0,한국표준협회,,단일 사업장
983,환경부,한국남동발전,2022,업체,전기업,35384901.0,420229.0,한국표준협회,,업체 우선
984,환경부,한국남부발전 주식회사,2022,업체,전기업,35330479.0,445782.0,대일이엔씨기술(주),,업체 우선
985,환경부,한국넥슬렌유한회사,2022,업체,합성고무 및 플라스틱 물질 제조업,114211.0,2363.0,한국표준협회,,업체 우선
986,환경부,한국니토옵티칼(주),2022,사업장,플라스틱 제품 제조업,36757.0,651.0,㈜디엔브이비즈니스어슈어런스코리아,,단일 사업장
987,환경부,한국도로공사,2022,업체,기타 운송관련 서비스업,268384.0,5418.0,한국표준협회,,업체 우선
988,환경부,한국동서발전 주식회사,2022,업체,전기업,29155613.0,352837.0,㈜한국품질보증원,,업체 우선
989,국토교통부,한국마사회,2022,사업장,건물,13292.0,267.0,한국표준협회,,단일 사업장
990,산업통상자원부,한국무브넥스(주),2022,사업장,철강,16283.0,338.0,한국표준협회,,단일 사업장
991,환경부,한국바스프 주식회사,2022,업체,기초 화학물질 제조업,644782.0,9612.0,(재)한국품질재단,,업체 우선
992,국토교통부,한국방송공사,2022,사업장,건물,16977.0,355.0,(주)한국경영인증원,,단일 사업장
993,국토교통부,한국보훈복지의료공단,2022,사업장,건물,15975.0,327.0,한국표준협회,,단일 사업장
994,환경부,한국서부발전,2022,업체,전기업,30159229.0,379791.0,(주)신화엔지니어링종합건축사사무소,,업체 우선
995,산업통상자원부,한국세큐리트(주),2022,사업장,유리,33601.0,700.0,(주)한국경영인증원,,단일 사업장
996,환경부,한국수력원자력,2022,업체,전기업,3055736.0,62679.0,(재)한국품질재단,,업체 우선
997,환경부,한국수자원공사,2022,업체,수도업,808742.0,16886.0,(주)한국경영인증원,,업체 우선
998,환경부,한국수출포장공업(주),2022,업체,"펄프, 종이 및 판지 제조업",128391.0,1935.0,㈜디엔브이비즈니스어슈어런스코리아,,업체 우선
999,환경부,한국쓰리엠(주),2022,사업장,플라스틱 제품 제조업,46404.0,944.0,한국표준협회,,단일 사업장
1000,환경부,한국씨엔티(주),2022,사업장,"시멘트, 석회, 플라스터 및 그 외 제품 제조업",58577.0,1148.0,(주)한국경영인증원,,단일 사업장
1001,산업통상자원부,한국알콜산업(주),2022,사업장,석유화학,41989.0,1721.0,한국생산성본부인증원(주),,단일 사업장
1002,환경부,한국앤컴퍼니 주식회사,2022,업체,일차전지 및 축전지 제조업,70535.0,1460.0,(재)한국화학융합시험연구원,,업체 우선
1003,산업통상자원부,한국엔에스케이(주),2022,사업장,기계,20835.0,434.0,한국표준협회,,단일 사업장
1004,환경부,한국엔지니어링플라스틱,2022,업체,합성고무 및 플라스틱 물질 제조업,220993.0,3932.0,한국표준협회,,업체 우선
1005,환경부,한국오웬스코닝(주),2022,사업장,유리 및 유리제품 제조업,83088.0,1601.0,대일이엔씨기술(주),,단일 사업장
1006,국토교통부,한국원자력연구원,2022,사업장,건물,21611.0,446.0,한국표준협회,,단일 사업장
1007,국토교통부,한국원자력의학원,2022,사업장,건물,17130.0,352.0,한국표준협회,,단일 사업장
1008,환경부,한국유리공업 주식회사,2022,업체,유리 및 유리제품 제조업,226376.0,3101.0,(주)한국경영인증원,,업체 우선
1009,환경부,한국유미코아 유한책임회사,2022,사업장,일차전지 및 축전지 제조업,111402.0,2257.0,(재)한국품질재단,,단일 사업장
1010,환경부,한국이네오스스티롤루션 주식회사,2022,사업장,합성고무 및 플라스틱 물질 제조업,89867.0,1822.0,(재)한국품질재단,,단일 사업장
1011,환경부,한국전력공사,2022,업체,전기업,927766.0,7938.0,지속가능인증원주식회사,,업체 우선
1012,국토교통부,한국전자통신연구원,2022,사업장,건물,18965.0,393.0,(주)신화엔지니어링종합건축사사무소,,단일 사업장
1013,환경부,한국제강 주식회사,2022,업체,1차 철강 제조업,241192.0,4339.0,한국표준협회,,업체 우선
1014,환경부,한국제지 주식회사,2022,업체,"펄프, 종이 및 판지 제조업",340590.0,13166.0,(재)한국품질재단,,업체 우선
1015,환경부,한국주철관공업(주),2022,사업장,1차 철강 제조업,49409.0,695.0,한국표준협회,,단일 사업장
1016,환경부,한국중부발전,2022,업체,전기업,31840511.0,402300.0,(재)한국품질재단,,업체 우선
1017,환경부,한국지엠 주식회사,2022,업체,자동차용 엔진 및 자동차 제조업,221946.0,4528.0,한국표준협회,,업체 우선
1018,환경부,한국지역난방공사,2022,업체,"증기, 냉ㆍ온수 및 공기 조절 공급업",6186055.0,123067.0,(주)신화엔지니어링종합건축사사무소,,업체 우선
1019,환경부,한국철강,2022,업체,1차 철강 제조업,395747.0,7302.0,㈜한국품질보증원,,업체 우선
1020,환경부,한국철도공사,2022,업체,철도 운송업,1539412.0,30481.0,한국표준협회,,업체 우선
1021,환경부,한국타이어앤테크놀로지(주),2022,업체,고무제품 제조업,462752.0,9786.0,(재)한국품질재단,,업체 우선
1022,환경부,한국토지주택공사,2022,업체,"증기, 냉ㆍ온수 및 공기 조절 공급업",249919.0,4974.0,㈜디엔브이비즈니스어슈어런스코리아,,업체 우선
1023,국토교통부,한국표준과학연구원,2022,사업장,건물,23110.0,475.0,(주)신화엔지니어링종합건축사사무소,,단일 사업장
1024,농림축산식품부,한국필립모리스 주식회사 양산공장,2022,사업장,담배제조업,20384.0,417.0,한국표준협회,,단일 사업장
1025,환경부,한국항공우주산업(주),2022,사업장,"항공기, 우주선 및 부품 제조업",61701.0,1249.0,(주)신화엔지니어링종합건축사사무소,,단일 사업장
1026,국토교통부,한국핵융합에너지연구원,2022,사업장,건물,18914.0,395.0,(주)신화엔지니어링종합건축사사무소,,단일 사업장
1027,환경부,한국환경개발(주),2022,업체,폐기물,108932.0,569.0,㈜한국품질보증원,,업체 우선
1028,산업통상자원부,한라스택폴(주),2022,사업장,자동차,15568.0,307.0,한국표준협회,,단일 사업장
1029,환경부,한라시멘트주식회사,2022,업체,"시멘트, 석회, 플라스터 및 그 외 제품 제조업",4298662.0,23928.0,한국표준협회,,업체 우선
1030,환경부,한맥테코산업㈜,2022,업체,폐기물,47092.0,31.0,㈜한국품질보증원,,업체 우선
1031,국토교통부,한무쇼핑 주식회사,2022,업체,건물,67324.0,1417.0,한국표준협회,,업체 우선
1032,환경부,한미약품(주),2022,사업장,의약품 제조업,60118.0,1200.0,(주)한국경영인증원,,단일 사업장
1033,산업통상자원부,한미정밀화학(주),2022,사업장,석유화학,16750.0,378.0,(주)한국경영인증원,,단일 사업장
1034,국토교통부,한성운수(주),2022,사업장,교통(여객),15170.0,290.0,(주)한국경영인증원,,단일 사업장
1035,환경부,한세이프에너지(주),2022,업체,폐기물,42887.0,52.0,(재)한국품질재단,,업체 우선
1036,환경부,한솔제지,2022,업체,"펄프, 종이 및 판지 제조업",959037.0,16969.0,(주)한국경영인증원,,업체 우선
1037,산업통상자원부,한솔테크닉스(주),2022,사업장,전기전자,8378.0,174.0,한국표준협회,,단일 사업장
1038,환경부,한솔페이퍼텍주식회사,2022,사업장,"펄프, 종이 및 판지 제조업",110119.0,1449.0,(주)한국경영인증원,,단일 사업장
1039,환경부,한온시스템 주식회사,2022,사업장,자동차 신품 부품 제조업,61601.0,1298.0,㈜디엔브이비즈니스어슈어런스코리아,,단일 사업장
1040,산업통상자원부,한융금속(주),2022,사업장,비철금속,17849.0,286.0,(주)한국경영인증원,,단일 사업장
1041,환경부,한일시멘트 주식회사,2022,업체,"시멘트, 석회, 플라스터 및 그 외 제품 제조업",4359627.0,29006.0,한국표준협회,,업체 우선
1042,환경부,한일제관(주),2022,사업장,기타 금속 가공제품 제조업,53019.0,1080.0,(주)한국경영인증원,,단일 사업장
1043,산업통상자원부,한일캔 주식회사,2022,사업장,기계,19633.0,403.0,(주)한국경영인증원,,단일 사업장
1044,환경부,한일현대시멘트 주식회사,2022,업체,"시멘트, 석회, 플라스터 및 그 외 제품 제조업",3688223.0,23322.0,한국표준협회,,업체 우선
1045,산업통상자원부,한주라이트메탈 주식회사,2022,사업장,비철금속,28571.0,584.0,(재)한국품질재단,"""한주금속"" 업체명 변경",단일 사업장
1046,환경부,한화솔루션 주식회사,2022,업체,기초 화학물질 제조업,2523378.0,48752.0,㈜디엔브이비즈니스어슈어런스코리아,,업체 우선
1047,환경부,한화에너지주식회사,2022,업체,"증기, 냉ㆍ온수 및 공기 조절 공급업",4636528.0,52374.0,한국표준협회,,업체 우선
1048,환경부,한화에어로스페이스 주식회사,2022,사업장,무기 및 총포탄 제조업,75014.0,1446.0,㈜디엔브이비즈니스어슈어런스코리아,,단일 사업장
1049,환경부,한화오션(주),2022,업체,선박 및 보트 건조업,317725.0,5731.0,㈜디엔브이비즈니스어슈어런스코리아,,업체 우선
1050,산업통상자원부,한화오션에코텍(주),2022,사업장,조선,16613.0,261.0,(주)한국경영인증원,,단일 사업장
1051,환경부,한화임팩트 주식회사,2022,업체,기초 화학물질 제조업,520289.0,9124.0,㈜디엔브이비즈니스어슈어런스코리아,,업체 우선
1052,환경부,한화토탈에너지스 주식회사,2022,업체,기초 화학물질 제조업,4848698.0,108568.0,한국가스안전공사,,업체 우선
1053,국토교통부,한화호텔앤드리조트 주식회사,2022,업체,건물,57256.0,1174.0,한국표준협회,,업체 우선
1054,환경부,한황산업주식회사,2022,사업장,자동차 신품 부품 제조업,41227.0,769.0,㈜한국품질보증원,,단일 사업장
1055,환경부,해성디에스 주식회사,2022,사업장,반도체 제조업,66854.0,1495.0,(주)비에스아이그룹코리아,,단일 사업장
1056,농림축산식품부,해태에이치티비(주),2022,사업장,음료제조업,23793.0,484.0,(재)한국품질재단,,단일 사업장
1057,환경부,핸즈식스주식회사,2022,사업장,자동차 신품 부품 제조업,75839.0,1551.0,(주)한국경영인증원,,단일 사업장
1058,환경부,핸즈코퍼레이션주식회사,2022,사업장,자동차 신품 부품 제조업,50631.0,1030.0,(재)한국품질재단,,단일 사업장
1059,국토교통부,현대건설(주),2022,업체,건설,79964.0,1539.0,로이드인증원㈜,,업체 우선
1060,산업통상자원부,현대건설기계(주) 울산공장,2022,사업장,산업,15937.0,237.0,㈜디엔브이비즈니스어슈어런스코리아,,단일 사업장
1061,환경부,현대글로비스(주),2022,사업장,도로 화물 운송업,79781.0,1220.0,한국표준협회,,단일 사업장
1062,환경부,현대두산인프라코어(주),2022,사업장,특수 목적용 기계 제조업,104220.0,2041.0,지속가능인증원주식회사,,단일 사업장
1063,산업통상자원부,현대로템 주식회사,2022,사업장,기계,20361.0,411.0,(주)한국경영인증원,,단일 사업장
1064,환경부,현대모비스(주),2022,업체,자동차 신품 부품 제조업,107204.0,2217.0,(재)한국품질재단,,업체 우선
1065,환경부,현대미포조선,2022,업체,선박 및 보트 건조업,160950.0,2902.0,한국표준협회,,업체 우선
1066,환경부,현대비앤지스틸(주),2022,사업장,1차 철강 제조업,86228.0,1771.0,㈜디엔브이비즈니스어슈어런스코리아,,단일 사업장
1067,환경부,현대삼호중공업 주식회사,2022,업체,선박 및 보트 건조업,239869.0,4097.0,㈜디엔브이비즈니스어슈어런스코리아,,업체 우선
1068,환경부,현대석회(주),2022,사업장,"시멘트, 석회, 플라스터 및 그 외 제품 제조업",86917.0,255.0,한국생산성본부인증원(주),,단일 사업장
1069,환경부,현대성우쏠라이트 주식회사,2022,사업장,일차전지 및 축전지 제조업,37763.0,779.0,한국표준협회,,단일 사업장
1070,환경부,현대성우캐스팅 주식회사,2022,업체,자동차 신품 부품 제조업,199562.0,3893.0,(재)한국품질재단,,업체 우선
1071,환경부,현대아이에프씨 주식회사,2022,업체,1차 철강 제조업,221535.0,4111.0,로이드인증원㈜,,업체 우선
1072,환경부,현대오일뱅크,2022,업체,석유 정제품 제조업,6453281.0,77054.0,(재)한국품질재단,,업체 우선
1073,산업통상자원부,현대오토에버 주식회사,2022,사업장,통신,21789.0,455.0,(주)한국경영인증원,,단일 사업장
1074,환경부,현대위아 주식회사,2022,업체,자동차 신품 부품 제조업,155623.0,3216.0,㈜디엔브이비즈니스어슈어런스코리아,,업체 우선
1075,환경부,현대자동차 주식회사,2022,업체,자동차용 엔진 및 자동차 제조업,1540499.0,31730.0,로이드인증원㈜,,업체 우선
1076,환경부,현대제철 주식회사,2022,업체,1차 철강 제조업,28500741.0,164476.0,로이드인증원㈜,,업체 우선
1077,산업통상자원부,현대종합금속(주),2022,사업장,기계,18659.0,363.0,로이드인증원㈜,,단일 사업장
1078,환경부,현대종합특수강 주식회사,2022,사업장,1차 철강 제조업,51601.0,976.0,한국표준협회,,단일 사업장
1079,환경부,현대트랜시스 주식회사,2022,업체,자동차 신품 부품 제조업,194089.0,4022.0,㈜디엔브이비즈니스어슈어런스코리아,,업체 우선
1080,산업통상자원부,현우산업(주),2022,사업장,전기전자,17012.0,354.0,한국표준협회,,단일 사업장
1081,산업통상자원부,현진소재(주) 2공장,2022,사업장,기계,500.0,10.0,(주)한국경영인증원,,단일 사업장
1082,산업통상자원부,호스트웨이아이디씨(주),2022,사업장,통신,16766.0,350.0,한국표준협회,,단일 사업장
1083,환경부,홈플러스 주식회사,2022,업체,종합 소매업,414548.0,8635.0,로이드인증원㈜,,업체 우선
1084,환경부,홍덕산업(주),2022,사업장,1차 철강 제조업,80656.0,1813.0,한국생산성본부인증원(주),,단일 사업장
1085,환경부,홍원제지(주),2022,사업장,"펄프, 종이 및 판지 제조업",110995.0,1539.0,한국표준협회,,단일 사업장
1086,환경부,홍천군,2022,사업장,폐기물,17609.0,122.0,(재)한국품질재단,,단일 사업장
1087,환경부,화성시,2022,사업장,폐기물 처리업,135406.0,1216.0,㈜한국품질보증원,,단일 사업장
1088,국토교통부,화영운수(주),2022,사업장,교통(여객),19694.0,309.0,한국표준협회,,단일 사업장
1089,환경부,환영철강공업,2022,업체,1차 철강 제조업,270685.0,5034.0,㈜한국품질보증원,,업체 우선
1090,환경부,효성중공업 주식회사,2022,사업장,"전동기, 발전기 및 전기 변환ㆍ공급ㆍ제어 장치 제조업",51832.0,1090.0,㈜디엔브이비즈니스어슈어런스코리아,,단일 사업장
1091,환경부,효성첨단소재 주식회사,2022,업체,화학섬유 제조업,178541.0,,㈜디엔브이비즈니스어슈어런스코리아,,업체 중복값 확인
1093,환경부,효성티앤씨 주식회사,2022,업체,산업,297685.0,,㈜디엔브이비즈니스어슈어런스코리아,,업체 중복값 확인
1095,환경부,효성화학 주식회사,2022,업체,산업,862233.0,,㈜디엔브이비즈니스어슈어런스코리아,,업체 중복값 확인
1097,국토교통부,휘닉스중앙 주식회사,2022,사업장,건물,20920.0,416.0,(주)한국경영인증원,,단일 사업장
1099,환경부,휴비스,2022,업체,산업,384776.0,,한국표준협회,,업체 중복값 확인
1101,산업통상자원부,희성촉매(주),2022,사업장,석유화학,21319.0,428.0,한국표준협회,,단일 사업장
1,환경부,(유)남해환경,2023,사업장,폐기물 처리업,29884.0,196.0,(재)한국품질재단,,단일 사업장
3,환경부,(유)에스케이씨에보닉페록사이드코리아,2023,사업장,기초 화학물질 제조업,37721.0,773.0,(재)한국품질재단,,단일 사업장
4,환경부,(유)청명,2023,사업장,폐기물,19665.0,392.0,㈜한국품질보증원,,단일 사업장
6,국토교통부,(유)호남고속,2023,사업장,교통(여객),21201.0,327.0,(주)한국경영인증원,,단일 사업장
8,국토교통부,(재)우체국물류지원단,2023,사업장,육상운송 및 파이프라인 운송업,18259.0,269.0,(주)한국경영인증원,,단일 사업장
10,환경부,(주)HJ매그놀리아용평호텔앤리조트,2023,사업장,일반 및 생활 숙박시설 운영업,34421.0,687.0,(재)한국품질재단,,단일 사업장
11,환경부,(주)MSC,2023,사업장,기타 식품 제조업,28764.0,578.0,(주)한국경영인증원,,단일 사업장
12,환경부,(주)SIMPAC,2023,업체,1차 철강 제조업,232970.0,2524.0,한국표준협회,,업체 우선
13,환경부,(주)SUN&L,2023,사업장,나무제품 제조업,60377.0,2405.0,한국표준협회,,단일 사업장
14,환경부,(주)강원랜드,2023,사업장,유원지 및 기타 오락관련 서비스업,79240.0,1598.0,로이드인증원㈜,,단일 사업장
15,환경부,(주)건화,2023,사업장,선박 및 보트 건조업,36955.0,668.0,한국표준협회,,단일 사업장
16,환경부,(주)경기고속,2023,업체,육상 여객 운송업,119748.0,1903.0,(주)한국경영인증원,,업체 우선
17,환경부,(주)경동,2023,업체,석탄 광업,200831.0,389.0,(재)한국품질재단,,업체 우선
18,산업통상자원부,(주)경동원,2023,사업장,기계,8281.0,163.0,한국표준협회,,단일 사업장
20,산업통상자원부,(주)경보제약,2023,사업장,석유화학,12824.0,284.0,한국표준협회,,단일 사업장
22,환경부,(주)경북고속,2023,사업장,육상 여객 운송업,28657.0,406.0,(주)한국경영인증원,,단일 사업장
23,산업통상자원부,(주)경신전선,2023,사업장,전기전자,15452.0,320.0,로이드인증원㈜,,단일 사업장
25,환경부,(주)그린스코,2023,사업장,폐기물 처리업,44371.0,120.0,(주)한국경영인증원,,단일 사업장
26,환경부,(주)금남고속,2023,사업장,육상 여객 운송업,22663.0,323.0,(주)한국경영인증원,,단일 사업장
27,환경부,(주)금비,2023,사업장,유리 및 유리제품 제조업,82890.0,1160.0,한국표준협회,,단일 사업장
28,해양수산부,(주)남해고속,2023,사업장,교통(해운),23780.0,338.0,한국표준협회,,단일 사업장
30,산업통상자원부,(주)네오오토,2023,사업장,자동차,16828.0,348.0,(주)한국경영인증원,,단일 사업장
32,산업통상자원부,(주)네패스,2023,사업장,반도체,17017.0,351.0,(주)비에스아이그룹코리아,,단일 사업장
34,산업통상자원부,(주)넥센,2023,사업장,석유화학,17806.0,362.0,한국표준협회,,단일 사업장
36,환경부,(주)농협물류,2023,사업장,도로 화물 운송업,30046.0,434.0,한국표준협회,,단일 사업장
37,농림축산식품부,(주)농협사료,2023,업체,식료품 제조업,88898.0,1829.0,(재)한국품질재단,,업체 우선
39,환경부,(주)다나에너지솔루션,2023,사업장,폐기물 처리업,61594.0,189.0,(주)한국경영인증원,,단일 사업장
40,산업통상자원부,(주)대농,2023,사업장,섬유,9955.0,207.0,지속가능인증원주식회사,,단일 사업장
42,환경부,(주)대동세라믹,2023,사업장,"내화, 비내화 요업제품 제조업",34712.0,624.0,(주)한국경영인증원,,단일 사업장
43,환경부,(주)대림제지,2023,사업장,"펄프, 종이 및 판지 제조업",108392.0,1650.0,(재)한국품질재단,,단일 사업장
44,산업통상자원부,(주)대양금속,2023,사업장,기계,19503.0,386.0,(재)한국품질재단,,단일 사업장
46,국토교통부,(주)대우건설,2023,업체,건설,58077.0,1200.0,한국표준협회,,업체 우선
48,산업통상자원부,(주)대욱케스트,2023,사업장,철강,15631.0,290.0,(주)한국경영인증원,,단일 사업장
50,환경부,(주)대원고속,2023,업체,육상 여객 운송업,121483.0,1955.0,(주)한국경영인증원,,업체 우선
51,환경부,(주)대원농산,2023,사업장,폐기물,20377.0,132.0,㈜한국품질보증원,,단일 사업장
53,환경부,(주)대원버스,2023,사업장,육상 여객 운송업,33931.0,580.0,(주)한국경영인증원,,단일 사업장
54,국토교통부,(주)대원여객,2023,사업장,교통(여객),16542.0,317.0,(주)한국경영인증원,,단일 사업장
56,환경부,(주)대원운수,2023,사업장,육상 여객 운송업,35334.0,589.0,(주)한국경영인증원,,단일 사업장
57,환경부,(주)대유코아,2023,사업장,"시멘트, 석회, 플라스터 및 그 외 제품 제조업",111888.0,781.0,로이드인증원㈜,,단일 사업장
58,산업통상자원부,(주)대천텍스타일,2023,사업장,섬유,16178.0,242.0,한국표준협회,,단일 사업장
60,산업통상자원부,(주)대호특수강,2023,사업장,철강,38145.0,763.0,로이드인증원㈜,,단일 사업장
62,환경부,(주)대화제지,2023,사업장,"펄프, 종이 및 판지 제조업",349.0,6.0,㈜한국품질보증원,,단일 사업장
63,산업통상자원부,(주)동광화학,2023,사업장,석유화학,23472.0,484.0,(주)한국경영인증원,,단일 사업장
65,환경부,(주)동남,2023,사업장,1차 비철금속 제조업,56406.0,878.0,한국표준협회,,단일 사업장
66,환경부,(주)동방,2023,사업장,도로 화물 운송업,59299.0,866.0,대일이엔씨기술(주),,단일 사업장
67,환경부,(주)동서기공,2023,사업장,자동차 신품 부품 제조업,46531.0,961.0,(주)한국경영인증원,,단일 사업장
68,환경부,(주)동신포리마,2023,사업장,플라스틱 제품 제조업,33644.0,689.0,(주)한국경영인증원,,단일 사업장
69,환경부,(주)동양고속,2023,사업장,육상 여객 운송업,54429.0,765.0,(주)한국경영인증원,,단일 사업장
70,환경부,(주)동양환경,2023,업체,폐기물 처리업,223315.0,833.0,(재)한국품질재단,,업체 우선
71,농림축산식품부,(주)동우팜투테이블,2023,사업장,식료품 제조업,14996.0,302.0,(주)한국경영인증원,,단일 사업장
73,농림축산식품부,(주)동원F&B,2023,업체,식료품 제조업,81061.0,1761.0,(주)한국경영인증원,,업체 우선
75,산업통상자원부,(주)동진쎄미켐,2023,사업장,석유화학,24366.0,496.0,(주)한국경영인증원,,단일 사업장
77,산업통상자원부,(주)두산,2023,업체,전기전자,55566.0,1105.0,(재)한국품질재단,,업체 우선
79,산업통상자원부,(주)두산테스나,2023,사업장,반도체,28533.0,596.0,(재)한국품질재단,,단일 사업장
81,산업통상자원부,(주)디알액시온,2023,사업장,비철금속,12929.0,263.0,(재)한국품질재단,,단일 사업장
83,환경부,(주)디에이피,2023,사업장,전자 부품 제조업,78957.0,1637.0,(주)한국경영인증원,,단일 사업장
84,산업통상자원부,(주)디케이씨,2023,사업장,철강,19341.0,389.0,한국표준협회,,단일 사업장
86,산업통상자원부,(주)로옴코리아,2023,사업장,반도체,15399.0,321.0,㈜한국품질보증원,,단일 사업장
88,농림축산식품부,(주)면사랑,2023,사업장,식료품 제조업,23813.0,517.0,한국표준협회,,단일 사업장
90,환경부,(주)모나리자,2023,사업장,"펄프, 종이 및 판지 제조업",42114.0,771.0,(주)한국경영인증원,,단일 사업장
91,환경부,(주)미래페이퍼,2023,사업장,"펄프, 종이 및 판지 제조업",61595.0,1006.0,한국표준협회,,단일 사업장
92,산업통상자원부,(주)방림,2023,사업장,섬유,21948.0,334.0,한국표준협회,,단일 사업장
94,환경부,(주)베르상스퍼시픽,2023,사업장,유리 및 유리제품 제조업,29605.0,498.0,로이드인증원㈜,,단일 사업장
95,환경부,(주)벽산,2023,사업장,유리 및 유리제품 제조업,121756.0,2215.0,한국표준협회,,단일 사업장
96,환경부,(주)보림씨에스,2023,업체,폐기물 처리업,55285.0,22.0,(재)한국품질재단,,업체 우선
98,환경부,(주)부산도시가스,2023,사업장,"증기, 냉ㆍ온수 및 공기 조절 공급업",57233.0,312.0,(주)한국경영인증원,,단일 사업장
99,산업통상자원부,(주)비에이치,2023,사업장,전기전자,18487.0,357.0,한국표준협회,,단일 사업장
101,산업통상자원부,(주)비엠금속,2023,사업장,철강,14762.0,274.0,(주)한국경영인증원,,단일 사업장
103,농림축산식품부,(주)빙그레,2023,업체,식료품 제조업,57280.0,1151.0,(주)한국경영인증원,,업체 우선
105,환경부,(주)삼동,2023,사업장,절연선 및 케이블 제조업,46429.0,959.0,한국표준협회,,단일 사업장
106,국토교통부,(주)삼우에프앤지,2023,사업장,교통(화물),20414.0,338.0,한국표준협회,,단일 사업장
108,환경부,(주)삼원강재,2023,사업장,자동차 신품 부품 제조업,32353.0,656.0,(재)한국품질재단,,단일 사업장
109,환경부,(주)삼천리,2023,사업장,"증기, 냉ㆍ온수 및 공기 조절 공급업",100536.0,1787.0,한국가스안전공사,,단일 사업장
110,환경부,(주)삼표산업,2023,업체,"시멘트, 석회, 플라스터 및 그 외 제품 제조업",99894.0,1759.0,(재)한국품질재단,,업체 우선
111,환경부,(주)삼현,2023,사업장,"내화, 비내화 요업제품 제조업",25800.0,448.0,한국표준협회,,단일 사업장
112,국토교통부,(주)삼화고속,2023,사업장,교통(여객),11341.0,162.0,(주)한국경영인증원,,단일 사업장
114,산업통상자원부,(주)삼화양행,2023,업체,전기전자,49166.0,1015.0,(주)한국경영인증원,,업체 우선
116,환경부,(주)상공에너지,2023,사업장,"증기, 냉ㆍ온수 및 공기 조절 공급업",6692.0,1653.0,㈜한국품질보증원,,단일 사업장
117,농림축산식품부,(주)샤니,2023,사업장,식료품 제조업,34755.0,706.0,(주)비에스아이그룹코리아,,단일 사업장
119,산업통상자원부,(주)서원,2023,사업장,비철금속,12122.0,250.0,한국가스안전공사,,단일 사업장
121,산업통상자원부,(주)서진캠 평택공장,2023,사업장,자동차,11735.0,245.0,(주)한국경영인증원,,단일 사업장
123,환경부,(주)서흥,2023,사업장,기타 식품 제조업,36087.0,742.0,한국표준협회,,단일 사업장
124,산업통상자원부,(주)선일다이파스,2023,사업장,기계,21289.0,439.0,(주)한국경영인증원,,단일 사업장
126,환경부,(주)선진운수,2023,사업장,육상 여객 운송업,27507.0,515.0,(재)한국품질재단,,단일 사업장
127,산업통상자원부,(주)성신미네필드,2023,사업장,시멘트,19021.0,374.0,한국표준협회,,단일 사업장
129,산업통상자원부,(주)성호금속,2023,사업장,철강,19150.0,344.0,(주)한국경영인증원,,단일 사업장
131,환경부,(주)성호금속 경주2공장,2023,사업장,금속 주조업,28909.0,519.0,(주)한국경영인증원,,단일 사업장
132,산업통상자원부,(주)성호기업,2023,사업장,철강,14213.0,278.0,(주)한국경영인증원,,단일 사업장
134,환경부,(주)세아씨엠,2023,사업장,1차 철강 제조업,71815.0,1430.0,한국표준협회,,단일 사업장
135,국토교통부,(주)세아엘앤에스,2023,사업장,교통(화물),15835.0,232.0,한국표준협회,,단일 사업장
137,환경부,(주)세아제강,2023,사업장,1차 철강 제조업,70201.0,1434.0,한국표준협회,,단일 사업장
138,환경부,(주)세아특수강,2023,사업장,1차 철강 제조업,51138.0,1032.0,한국표준협회,,단일 사업장
139,농림축산식품부,(주)세우,2023,사업장,식료품 제조업,17269.0,350.0,(재)한국품질재단,,단일 사업장
141,환경부,(주)세주,2023,사업장,해상 운송업,26609.0,365.0,㈜디엔브이비즈니스어슈어런스코리아,,단일 사업장
142,산업통상자원부,(주)셀트리온제약,2023,사업장,석유화학,15706.0,321.0,한국표준협회,,단일 사업장
144,국토교통부,(주)시흥교통,2023,사업장,교통(여객),20710.0,376.0,한국표준협회,,단일 사업장
146,환경부,(주)신동,2023,사업장,"시멘트, 석회, 플라스터 및 그 외 제품 제조업",80232.0,277.0,한국표준협회,,단일 사업장
147,환경부,(주)신세계,2023,업체,종합 소매업,124752.0,2602.0,(주)한국경영인증원,,업체 우선
148,환경부,(주)신승에너지,2023,사업장,폐기물 처리업,68279.0,339.0,(재)한국품질재단,,단일 사업장
149,산업통상자원부,(주)신안주철,2023,사업장,철강,16681.0,313.0,한국표준협회,,단일 사업장
151,농림축산식품부,(주)신영포르투,2023,사업장,목재,31489.0,1156.0,(재)한국품질재단,,단일 사업장
153,산업통상자원부,(주)신우금속,2023,사업장,철강,18661.0,322.0,(재)한국품질재단,,단일 사업장
155,산업통상자원부,(주)신한중공업,2023,사업장,조선,14047.0,223.0,㈜한국품질보증원,,단일 사업장
157,환경부,(주)쌍용씨앤비,2023,사업장,"펄프, 종이 및 판지 제조업",66286.0,1266.0,(주)한국경영인증원,,단일 사업장
158,환경부,(주)씨텍,2023,업체,"증기, 냉ㆍ온수 및 공기 조절 공급업",785099.0,11160.0,(주)비에스아이그룹코리아,,업체 우선
159,산업통상자원부,(주)아바텍,2023,사업장,유리,17146.0,356.0,한국표준협회,,단일 사업장
161,환경부,(주)아진피앤피,2023,사업장,"펄프, 종이 및 판지 제조업",145239.0,3439.0,지속가능인증원주식회사,,단일 사업장
162,환경부,(주)애니테크,2023,사업장,폐기물 처리업,34127.0,283.0,대일이엔씨기술(주),,단일 사업장
165,산업통상자원부,(주)에스이그린에너지,2023,업체,발전에너지,54777.0,0.0,한국표준협회,,업체 우선
166,산업통상자원부,(주)에스제이금속,2023,사업장,철강,20427.0,357.0,(재)한국품질재단,,단일 사업장
168,환경부,(주)에스파워,2023,업체,전기업,1721008.0,34079.0,(재)한국품질재단,,업체 우선
169,환경부,(주)에스피환경,2023,사업장,폐기물 처리업,71851.0,517.0,㈜한국품질보증원,,단일 사업장
171,해양수산부,(주)에이치해운,2023,사업장,교통(해운),17910.0,245.0,한국표준협회,,단일 사업장
173,환경부,(주)에이티에너지,2023,사업장,폐기물,24660.0,20.0,대일이엔씨기술(주),,단일 사업장
175,환경부,(주)에코비트그린,2023,업체,폐기물,59465.0,18.0,한국표준협회,,업체 우선
177,환경부,(주)에코비트에너지세종,2023,사업장,폐기물 처리업,61044.0,432.0,한국표준협회,,단일 사업장
178,환경부,(주)에코비트에너지청원,2023,업체,폐기물 처리업,36333.0,2.0,한국표준협회,,업체 우선
180,산업통상자원부,(주)에코프로머티리얼즈,2023,사업장,전기전자,67914.0,1383.0,(주)한국경영인증원,,단일 사업장
182,환경부,(주)에코프로비엠,2023,사업장,일차전지 및 축전지 제조업,125140.0,2611.0,(주)한국경영인증원,,단일 사업장
183,환경부,(주)엔아이티,2023,업체,폐기물 처리업,149662.0,373.0,㈜한국품질보증원,,업체 우선
184,환경부,(주)엔이티,2023,사업장,"증기, 냉ㆍ온수 및 공기 조절 공급업",45237.0,519.0,한국표준협회,,단일 사업장
185,환경부,(주)엘엑스글라스,2023,업체,유리 및 유리제품 제조업,298318.0,3731.0,(주)한국경영인증원,,업체 우선
186,환경부,(주)엘엑스판토스,2023,사업장,도로 화물 운송업,44918.0,531.0,㈜디엔브이비즈니스어슈어런스코리아,,단일 사업장
187,산업통상자원부,(주)엘지생활건강,2023,사업장,석유화학,49545.0,1084.0,(재)한국품질재단,,단일 사업장
189,환경부,(주)엘지씨엔에스,2023,업체,"컴퓨터 프로그래밍, 시스템 통합 및 관리업",130691.0,2779.0,대일이엔씨기술(주),,업체 우선
190,환경부,(주)영신물산,2023,사업장,"섬유제품 염색, 정리 및 마무리 가공업",28385.0,215.0,한국표준협회,,단일 사업장
191,환경부,(주)오뚜기,2023,사업장,기타 식품 제조업,89711.0,1812.0,한국표준협회,,단일 사업장
192,환경부,(주)오리온,2023,사업장,기타 식품 제조업,71408.0,1424.0,로이드인증원㈜,,단일 사업장
193,환경부,(주)오미아코리아,2023,사업장,기초 화학물질 제조업,48969.0,997.0,㈜디엔브이비즈니스어슈어런스코리아,,단일 사업장
194,산업통상자원부,(주)오영,2023,사업장,석유화학,12124.0,265.0,(재)한국품질재단,,단일 사업장
196,환경부,(주)온셀텍,2023,사업장,전자 부품 제조업,21074.0,439.0,한국표준협회,,단일 사업장
197,농림축산식품부,(주)올품,2023,사업장,식료품 제조업,22974.0,467.0,한국표준협회,,단일 사업장
199,환경부,(주)와이에스텍,2023,업체,폐기물 처리업,129260.0,30.0,(재)한국품질재단,,업체 우선
200,환경부,(주)와이엔텍,2023,업체,폐기물 처리업,162220.0,95.0,(재)한국품질재단,,업체 우선
202,산업통상자원부,(주)와이엠,2023,사업장,기계,17315.0,356.0,(재)한국품질재단,,단일 사업장
204,환경부,(주)우룡,2023,업체,"시멘트, 석회, 플라스터 및 그 외 제품 제조업",161345.0,709.0,(재)한국화학융합시험연구원,,업체 우선
205,산업통상자원부,(주)우신금속,2023,사업장,비철금속,21175.0,332.0,(재)한국품질재단,,단일 사업장
207,산업통상자원부,(주)우익반도체,2023,사업장,전기전자,28931.0,600.0,한국표준협회,,단일 사업장
209,산업통상자원부,(주)원익아이피에스,2023,사업장,기계,28756.0,560.0,한국표준협회,,단일 사업장
211,환경부,(주)유니온,2023,업체,"시멘트, 석회, 플라스터 및 그 외 제품 제조업",144922.0,1195.0,한국표준협회,,업체 우선
212,환경부,(주)유성티엔에스,2023,사업장,도로 화물 운송업,27400.0,399.0,(주)한국경영인증원,,단일 사업장
213,환경부,(주)유진로지스틱스,2023,사업장,도로 화물 운송업,24485.0,356.0,(재)한국품질재단,,단일 사업장
214,산업통상자원부,(주)유한양행,2023,사업장,석유화학,17136.0,351.0,(재)한국품질재단,,단일 사업장
216,산업통상자원부,(주)유한화학,2023,사업장,석유화학,19933.0,363.0,(주)한국경영인증원,,단일 사업장
218,환경부,(주)이녹스첨단소재,2023,사업장,전자 부품 제조업,28019.0,513.0,㈜디엔브이비즈니스어슈어런스코리아,,단일 사업장
220,환경부,(주)이마트,2023,업체,종합 소매업,490603.0,10198.0,한국표준협회,,업체 우선
221,환경부,(주)이수페타시스,2023,사업장,전자 부품 제조업,59064.0,833.0,(주)한국경영인증원,,단일 사업장
222,환경부,(주)이수화학,2023,업체,기초 화학물질 제조업,256187.0,4617.0,한국표준협회,,업체 우선
223,환경부,(주)이스타항공,2023,업체,항공 여객 운송업,81453.0,1165.0,(재)한국화학융합시험연구원,,업체 우선
224,환경부,(주)이알지서비스,2023,사업장,폐기물 처리업,73405.0,135.0,(재)한국화학융합시험연구원,,단일 사업장
225,환경부,(주)이에스티,2023,업체,폐기물 처리업,75745.0,9.0,(재)한국품질재단,,업체 우선
227,산업통상자원부,(주)인지디스플레이,2023,사업장,자동차,20117.0,415.0,(주)한국경영인증원,,단일 사업장
229,환경부,(주)인터플렉스,2023,사업장,전자 부품 제조업,34848.0,728.0,로이드인증원㈜,,단일 사업장
230,환경부,(주)일진글로벌,2023,사업장,자동차 신품 부품 제조업,120356.0,2508.0,(주)한국경영인증원,,단일 사업장
231,환경부,(주)전북고속,2023,사업장,육상 여객 운송업,17272.0,245.0,(주)한국경영인증원,,단일 사업장
232,농림축산식품부,(주)정·식품,2023,사업장,음료제조업,17665.0,355.0,한국표준협회,,단일 사업장
234,국토교통부,(주)제때,2023,사업장,교통(화물),23437.0,408.0,한국표준협회,,단일 사업장
236,환경부,(주)제양항공해운,2023,사업장,해상 운송업,691.0,10.0,로이드인증원㈜,,단일 사업장
237,환경부,(주)제이엠씨,2023,사업장,기초 화학물질 제조업,38665.0,845.0,(주)한국경영인증원,,단일 사업장
238,산업통상자원부,(주)젤텍,2023,사업장,석유화학,13743.0,473.0,한국표준협회,,단일 사업장
240,농림축산식품부,(주)조흥,2023,사업장,식료품 제조업,15208.0,321.0,한국표준협회,,단일 사업장
242,산업통상자원부,(주)종근당,2023,사업장,석유화학,18547.0,513.0,(재)한국품질재단,,단일 사업장
244,환경부,(주)종근당바이오,2023,사업장,기초 의약 물질 및 생물학적 제제 제조업,90700.0,1900.0,(주)한국경영인증원,,단일 사업장
245,환경부,(주)중앙고속,2023,사업장,육상 여객 운송업,48119.0,690.0,(주)한국경영인증원,,단일 사업장
246,환경부,(주)중일,2023,사업장,1차 비철금속 제조업,28262.0,291.0,한국표준협회,,단일 사업장
247,환경부,(주)지에스동해전력,2023,업체,전기업,4865481.0,55380.0,대일이엔씨기술(주),,업체 우선
248,환경부,(주)진합,2023,사업장,자동차 신품 부품 제조업,27166.0,559.0,한국표준협회,,단일 사업장
249,산업통상자원부,(주)진흥주물,2023,사업장,철강,33398.0,588.0,한국표준협회,,단일 사업장
251,환경부,(주)참프레,2023,사업장,"도축, 육류 가공 및 저장 처리업",41488.0,834.0,한국표준협회,,단일 사업장
252,환경부,(주)창원에너텍,2023,사업장,폐기물 처리업,83856.0,1129.0,(재)한국품질재단,,단일 사업장
253,환경부,(주)천일고속,2023,사업장,육상 여객 운송업,21416.0,306.0,(주)한국경영인증원,,단일 사업장
254,환경부,(주)청송산업개발,2023,사업장,폐기물,80923.0,519.0,(재)한국품질재단,,단일 사업장
256,농림축산식품부,(주)체리부로,2023,사업장,식료품 제조업,15291.0,311.0,(주)한국경영인증원,,단일 사업장
258,환경부,(주)충남고속,2023,사업장,육상 여객 운송업,23596.0,337.0,(주)한국경영인증원,,단일 사업장
259,환경부,(주)충무화학,2023,업체,"시멘트, 석회, 플라스터 및 그 외 제품 제조업",152175.0,632.0,(주)한국경영인증원,,업체 우선
260,농림축산식품부,(주)카길애그리퓨리나,2023,사업장,식료품 제조업,21670.0,442.0,(재)한국품질재단,,단일 사업장
262,산업통상자원부,(주)카펙발레오,2023,사업장,자동차,22411.0,451.0,한국표준협회,,단일 사업장
264,산업통상자원부,(주)캐스텍코리아,2023,사업장,철강,17515.0,309.0,한국표준협회,,단일 사업장
266,환경부,(주)케이비아이국인산업,2023,업체,폐기물 처리업,239582.0,152.0,(재)한국품질재단,,업체 우선
268,환경부,(주)케이비아이텍,2023,업체,폐기물,140354.0,160.0,(재)한국품질재단,,업체 우선
270,산업통상자원부,(주)케이에프엔티,2023,사업장,석유화학,20638.0,393.0,한국표준협회,,단일 사업장
272,산업통상자원부,(주)케이원전자,2023,사업장,전기전자,17318.0,361.0,한국표준협회,,단일 사업장
274,환경부,(주)케이이씨,2023,사업장,반도체 제조업,30531.0,582.0,㈜디엔브이비즈니스어슈어런스코리아,,단일 사업장
275,환경부,(주)케이조선,2023,사업장,선박 및 보트 건조업,65223.0,1188.0,(재)한국품질재단,,단일 사업장
276,환경부,(주)케이티앤지,2023,사업장,담배 제조업,108517.0,2206.0,(재)한국품질재단,,단일 사업장
277,산업통상자원부,(주)케이피텍,2023,사업장,석유화학,13392.0,279.0,㈜디엔브이비즈니스어슈어런스코리아,,단일 사업장
279,산업통상자원부,(주)코넥,2023,사업장,자동차,34156.0,677.0,(주)한국경영인증원,,단일 사업장
281,환경부,(주)코다코,2023,사업장,자동차 신품 부품 제조업,42303.0,865.0,(재)한국품질재단,,단일 사업장
282,환경부,(주)코리아써키트,2023,사업장,전자 부품 제조업,121769.0,2433.0,(주)비에스아이그룹코리아,,단일 사업장
283,국토교통부,(주)코리아와이드포항,2023,사업장,교통(여객),20460.0,391.0,(주)한국경영인증원,,단일 사업장
285,환경부,(주)코스틸,2023,사업장,1차 철강 제조업,14608.0,292.0,(주)한국경영인증원,,단일 사업장
286,환경부,(주)태상,2023,사업장,기타 금속 가공제품 제조업,65418.0,1276.0,(주)한국경영인증원,,단일 사업장
287,산업통상자원부,(주)태우,2023,사업장,비철금속,18622.0,363.0,한국가스안전공사,,단일 사업장
289,환경부,(주)태웅,2023,업체,1차 철강 제조업,164976.0,3003.0,(재)한국품질재단,,업체 우선
290,환경부,(주)태평양금속,2023,사업장,"내화, 비내화 요업제품 제조업",33866.0,689.0,(주)한국경영인증원,,단일 사업장
291,환경부,(주)티씨씨스틸,2023,사업장,1차 철강 제조업,34342.0,709.0,(주)한국경영인증원,,단일 사업장
292,환경부,(주)티씨케이,2023,사업장,기타 비금속 광물제품 제조업,32586.0,672.0,(재)한국품질재단,,단일 사업장
293,산업통상자원부,(주)티엘비,2023,사업장,전기전자,22025.0,443.0,(주)한국경영인증원,,단일 사업장
295,농림축산식품부,(주)파리크라상,2023,사업장,식료품 제조업,20656.0,426.0,한국표준협회,,단일 사업장
297,국토교통부,(주)평안운수,2023,사업장,교통(여객),13950.0,246.0,(주)한국경영인증원,,단일 사업장
299,환경부,(주)포레스코,2023,사업장,나무제품 제조업,31860.0,760.0,한국표준협회,,단일 사업장
300,산업통상자원부,(주)풍년그린텍,2023,사업장,제지,18788.0,383.0,(주)신화엔지니어링종합건축사사무소,,단일 사업장
302,산업통상자원부,(주)풍농,2023,사업장,석유화학,17282.0,321.0,(주)한국경영인증원,,단일 사업장
304,환경부,(주)풍정주공,2023,사업장,금속 주조업,31091.0,573.0,로이드인증원㈜,,단일 사업장
305,산업통상자원부,(주)퓨렉스,2023,사업장,반도체,15948.0,329.0,(재)한국품질재단,,단일 사업장
307,산업통상자원부,(주)피엔디티,2023,사업장,자동차,20128.0,393.0,지속가능인증원주식회사,,단일 사업장
309,산업통상자원부,(주)피제이메탈,2023,사업장,비철금속,19909.0,353.0,(재)한국품질재단,,단일 사업장
311,환경부,(주)필맥스,2023,사업장,플라스틱 제품 제조업,20976.0,427.0,㈜한국품질보증원,,단일 사업장
312,환경부,(주)하림,2023,사업장,"도축, 육류 가공 및 저장 처리업",100371.0,2463.0,(재)한국품질재단,,단일 사업장
313,농림축산식품부,(주)한국인삼공사 고려인삼창,2023,사업장,식료품 제조업,33074.0,672.0,(주)한국경영인증원,,단일 사업장
315,환경부,(주)한국특강,2023,업체,1차 철강 제조업,352508.0,6306.0,(주)한국경영인증원,,업체 우선
316,산업통상자원부,(주)한금,2023,사업장,철강,17401.0,372.0,한국표준협회,,단일 사업장
318,환경부,(주)한솔케미칼,2023,사업장,기초 화학물질 제조업,121374.0,2879.0,대일이엔씨기술(주),,단일 사업장
319,환경부,(주)한솔홈데코,2023,사업장,나무제품 제조업,55705.0,2011.0,(주)한국경영인증원,,단일 사업장
320,산업통상자원부,(주)한양에스앤씨,2023,사업장,자동차,18401.0,328.0,(주)한국경영인증원,,단일 사업장
322,환경부,(주)한익스프레스,2023,사업장,도로 화물 운송업,25195.0,417.0,한국표준협회,,단일 사업장
323,환경부,(주)한일고속,2023,사업장,육상 여객 운송업,88624.0,1216.0,(주)한국경영인증원,,단일 사업장
324,환경부,(주)한주,2023,업체,"증기, 냉ㆍ온수 및 공기 조절 공급업",981032.0,11774.0,㈜디엔브이비즈니스어슈어런스코리아,,업체 우선
325,환경부,(주)한진,2023,업체,도로 화물 운송업,104499.0,1651.0,한국표준협회,,업체 우선
326,환경부,(주)한창제지,2023,업체,"펄프, 종이 및 판지 제조업",192244.0,2397.0,한국표준협회,,업체 우선
327,환경부,(주)한화,2023,업체,기타 화학제품 제조업,60576.0,1177.0,㈜디엔브이비즈니스어슈어런스코리아,,업체 우선
328,환경부,(주)현대백화점,2023,업체,종합 소매업,165600.0,3460.0,한국표준협회,,업체 우선
329,환경부,(주)현대엘앤씨,2023,사업장,플라스틱 제품 제조업,38157.0,772.0,로이드인증원㈜,,단일 사업장
330,환경부,(주)현대케피코,2023,사업장,자동차 신품 부품 제조업,24838.0,514.0,로이드인증원㈜,,단일 사업장
331,국토교통부,(주)화성여객,2023,사업장,교통(여객),23099.0,367.0,(주)한국경영인증원,,단일 사업장
333,산업통상자원부,(주)화승알앤에이,2023,사업장,석유화학,20559.0,422.0,한국표준협회,,단일 사업장
335,환경부,(주)화승케미칼,2023,사업장,플라스틱 제품 제조업,24960.0,511.0,(주)한국경영인증원,,단일 사업장
336,산업통상자원부,(주)화인베스틸,2023,사업장,철강,20309.0,371.0,(주)한국경영인증원,,단일 사업장
338,산업통상자원부,(주)화진철강,2023,사업장,철강,13995.0,221.0,한국표준협회,,단일 사업장
340,환경부,(합)경남여객,2023,사업장,육상 여객 운송업,43814.0,719.0,한국표준협회,,단일 사업장
341,환경부,CJ대한통운(주),2023,업체,도로 화물 운송업,227513.0,4037.0,(주)한국경영인증원,,업체 우선
342,환경부,CJ제일제당(주),2023,업체,"곡물 가공품, 전분 및 전분제품 제조업",411439.0,9539.0,(재)한국화학융합시험연구원,,업체 우선
343,국토교통부,GS건설(주),2023,업체,건설,107707.0,2048.0,로이드인증원㈜,,업체 우선
345,환경부,GS파워,2023,업체,"증기, 냉ㆍ온수 및 공기 조절 공급업",2553387.0,49794.0,한국표준협회,,업체 우선
346,환경부,JW 생명과학(주),2023,사업장,의약품 제조업,26819.0,547.0,한국표준협회,,단일 사업장
347,산업통상자원부,KPX케미칼(주),2023,사업장,석유화학,24416.0,785.0,(주)한국경영인증원,,단일 사업장
349,환경부,LB세미콘(주),2023,사업장,반도체 제조업,47657.0,990.0,한국표준협회,,단일 사업장
350,환경부,LX엠엠에이,2023,업체,기초 화학물질 제조업,321628.0,2886.0,(주)한국경영인증원,,업체 우선
351,환경부,NC양산(주),2023,사업장,폐기물,29744.0,23.0,한국표준협회,,단일 사업장
353,환경부,NC울산(주),2023,업체,폐기물 처리업,78467.0,41.0,한국표준협회,,업체 우선
355,환경부,OCI SE 주식회사,2023,업체,"증기, 냉ㆍ온수 및 공기 조절 공급업",1354324.0,24159.0,㈜디엔브이비즈니스어슈어런스코리아,,업체 우선
356,환경부,S-Oil(주),2023,업체,석유 정제품 제조업,9541368.0,125063.0,한국표준협회,,업체 우선
357,환경부,SKbroadband(주),2023,업체,전기 통신업,423632.0,8810.0,㈜디엔브이비즈니스어슈어런스코리아,,업체 우선
358,환경부,SK이노베이션(주),2023,업체,일차전지 및 축전지 제조업,21634.0,443.0,한국표준협회,,업체 우선
359,환경부,SK인천석유화학(주),2023,업체,석유 정제품 제조업,1512760.0,43756.0,한국표준협회,,업체 우선
360,환경부,SY에너지(주),2023,사업장,나무제품 제조업,32110.0,1016.0,(재)한국품질재단,,단일 사업장
361,산업통상자원부,Y&T파워텍(주),2023,사업장,자동차,15983.0,332.0,(주)비에스아이그룹코리아,,단일 사업장
363,환경부,㈜토탈,2023,사업장,폐기물 처리업,65878.0,46.0,(재)한국품질재단,,단일 사업장
364,산업통상자원부,가온전선주식회사,2023,사업장,전기전자,9413.0,193.0,(주)비에스아이그룹코리아,,단일 사업장
366,국토교통부,강남금융센터(주),2023,사업장,건물,15950.0,330.0,한국표준협회,,단일 사업장
368,산업통상자원부,강남화성(주),2023,사업장,석유화학,19171.0,315.0,한국표준협회,,단일 사업장
370,환경부,강릉시,2023,사업장,폐기물 처리업,79488.0,423.0,(주)비에스아이그룹코리아,,단일 사업장
371,국토교통부,강변테크노마트 주식회사,2023,사업장,건물,13178.0,274.0,대일이엔씨기술(주),,단일 사업장
373,환경부,강원고속,2023,사업장,육상 여객 운송업,16485.0,235.0,한국표준협회,,단일 사업장
374,국토교통부,강원대학교,2023,사업장,건물,18769.0,387.0,한국표준협회,,단일 사업장
376,국토교통부,강원여객자동차,2023,사업장,교통(여객),17512.0,255.0,한국표준협회,,단일 사업장
378,환경부,거제시,2023,사업장,폐기물 처리업,58176.0,479.0,(재)한국품질재단,,단일 사업장
379,산업통상자원부,경기그린에너지(주),2023,업체,발전에너지,147684.0,0.0,한국표준협회,,업체 우선
381,환경부,경기도 광주시,2023,업체,수도사업,57819.0,975.0,㈜한국품질보증원,,업체 우선
383,환경부,경기환경에너지(주),2023,업체,폐기물 처리업,70600.0,323.0,(재)한국품질재단,,업체 우선
384,환경부,경북대학교,2023,사업장,고등 교육기관,37962.0,855.0,㈜한국품질보증원,,단일 사업장
385,국토교통부,경북대학교병원,2023,사업장,건물,21112.0,434.0,한국표준협회,,단일 사업장
387,환경부,경북환경에너지(주),2023,업체,폐기물 처리업,82066.0,184.0,(재)한국품질재단,,업체 우선
388,환경부,경산시,2023,사업장,폐기물 처리업,70768.0,379.0,㈜한국품질보증원,,단일 사업장
389,환경부,경산제지 주식회사,2023,사업장,"펄프, 종이 및 판지 제조업",108161.0,892.0,한국표준협회,,단일 사업장
390,국토교통부,경상국립대학교,2023,사업장,건물,19537.0,405.0,한국표준협회,,단일 사업장
392,환경부,경상북도,2023,사업장,폐기물 처리업,48529.0,388.0,㈜한국품질보증원,,단일 사업장
393,환경부,경원여객자동차(주),2023,사업장,육상 여객 운송업,44683.0,758.0,한국표준협회,소재지 : 경기도 안산,사업장 2개 합산
395,환경부,경인환경에너지 주식회사,2023,사업장,폐기물 처리업,78186.0,16.0,(주)한국경영인증원,,단일 사업장
396,국토교통부,경전여객자동차(주),2023,사업장,교통(여객),8383.0,119.0,한국표준협회,,단일 사업장
398,환경부,경주시,2023,사업장,폐기물 처리업,89390.0,633.0,㈜한국품질보증원,,단일 사업장
399,환경부,경진여객운수(주),2023,사업장,육상 여객 운송업,20428.0,349.0,(주)한국경영인증원,,단일 사업장
400,산업통상자원부,경창산업(주),2023,사업장,자동차,20150.0,420.0,한국생산성본부인증원(주),,단일 사업장
402,산업통상자원부,고덕그린에너지(주),2023,사업장,발전에너지,29521.0,19.0,한국표준협회,,단일 사업장
404,환경부,고려강선(주),2023,사업장,1차 철강 제조업,65237.0,1365.0,한국생산성본부인증원(주),,단일 사업장
405,해양수산부,고려고속훼리(주),2023,사업장,교통(해운),29682.0,427.0,한국표준협회,,단일 사업장
407,환경부,고려기초소재,2023,사업장,기타 비금속 광물제품 제조업,25064.0,436.0,로이드인증원㈜,,단일 사업장
408,환경부,고려아연 주식회사,2023,업체,1차 비철금속 제조업,3297707.0,46574.0,(재)한국품질재단,,업체 우선
409,산업통상자원부,고려용접봉 주식회사,2023,사업장,기계,17335.0,357.0,㈜한국품질보증원,,단일 사업장
411,환경부,고려제강(주),2023,사업장,1차 철강 제조업,86141.0,1761.0,한국생산성본부인증원(주),,단일 사업장
412,산업통상자원부,고려특수선재(주),2023,사업장,철강,21737.0,453.0,한국생산성본부인증원(주),,단일 사업장
414,산업통상자원부,고성그린파워 주식회사,2023,업체,발전에너지,10340097.0,115173.0,로이드인증원㈜,,업체 우선
416,환경부,고양시,2023,업체,폐기물 처리업,162848.0,1185.0,㈜한국품질보증원,,업체 우선
417,환경부,공주시,2023,사업장,폐기물,16946.0,42.0,(재)한국품질재단,,단일 사업장
419,환경부,공항철도(주),2023,사업장,육상 여객 운송업,57970.0,1208.0,대일이엔씨기술(주),,단일 사업장
420,환경부,과천시,2023,사업장,폐기물,19106.0,100.0,(재)한국화학융합시험연구원,,단일 사업장
422,환경부,광명시,2023,사업장,폐기물 처리업,69857.0,327.0,㈜한국품질보증원,,단일 사업장
423,환경부,광양시,2023,사업장,폐기물 처리업,35256.0,27.0,㈜한국품질보증원,,단일 사업장
425,국토교통부,광주과학기술원,2023,사업장,건물,24196.0,500.0,한국표준협회,,단일 사업장
427,환경부,광주광역시,2023,업체,폐기물 처리업,176200.0,1668.0,(재)한국품질재단,,업체 우선
428,국토교통부,광주광역시도시철도공사,2023,사업장,교통(철도),18466.0,385.0,한국표준협회,,단일 사업장
430,환경부,광진산업(주),2023,사업장,"시멘트, 석회, 플라스터 및 그 외 제품 제조업",62963.0,172.0,한국생산성본부인증원(주),,단일 사업장
431,환경부,괴산군,2023,사업장,폐기물,18461.0,117.0,대일이엔씨기술(주),,단일 사업장
433,환경부,구리시,2023,사업장,폐기물 처리업,56022.0,926.0,㈜한국품질보증원,,단일 사업장
434,환경부,구미시,2023,업체,폐기물 처리업,130569.0,1147.0,㈜한국품질보증원,,업체 우선
435,환경부,국도화학(주),2023,사업장,합성고무 및 플라스틱 물질 제조업,55575.0,1963.0,로이드인증원㈜,,단일 사업장
436,환경부,국립대학법인 서울대학교,2023,업체,고등 교육기관,146338.0,3014.0,(재)한국품질재단,,업체 우선
437,국토교통부,국립암센터,2023,사업장,건물,20580.0,435.0,(주)한국경영인증원,,단일 사업장
439,국토교통부,국방과학연구소,2023,사업장,건물,22746.0,469.0,(재)한국품질재단,,단일 사업장
441,환경부,국일제지(주),2023,사업장,"펄프, 종이 및 판지 제조업",32845.0,808.0,(주)한국경영인증원,,단일 사업장
442,국토교통부,국회사무처,2023,사업장,건물,22257.0,467.0,한국표준협회,,단일 사업장
444,환경부,군산시,2023,사업장,폐기물 처리업,99702.0,467.0,㈜한국품질보증원,,단일 사업장
445,환경부,군포시,2023,사업장,폐기물 처리업,50966.0,398.0,㈜한국품질보증원,,단일 사업장
446,산업통상자원부,그린에어 주식회사,2023,업체,석유화학,578205.0,11993.0,로이드인증원㈜,,업체 우선
448,환경부,그린케미칼 주식회사,2023,사업장,기초 화학물질 제조업,56357.0,1143.0,한국가스안전공사,,단일 사업장
449,산업통상자원부,금강공업(주),2023,사업장,비철금속,13663.0,235.0,(주)한국경영인증원,,단일 사업장
451,해양수산부,금진해운(주),2023,사업장,교통(해운),18247.0,252.0,㈜디엔브이비즈니스어슈어런스코리아,,단일 사업장
453,환경부,금호고속(주),2023,업체,육상 여객 운송업,6139.0,127.0,(주)한국경영인증원,,업체 우선
454,환경부,금호미쓰이화학 주식회사,2023,사업장,기초 화학물질 제조업,105205.0,1951.0,(재)한국품질재단,,단일 사업장
455,환경부,금호석유화학 주식회사,2023,업체,합성고무 및 플라스틱 물질 제조업,3319747.0,40783.0,한국표준협회,,업체 우선
456,환경부,금호익스프레스 주식회사,2023,업체,육상 여객 운송업,97270.0,1397.0,(주)한국경영인증원,,업체 우선
457,환경부,금호타이어(주),2023,업체,고무제품 제조업,257548.0,5256.0,지속가능인증원주식회사,,업체 우선
458,환경부,금호폴리켐주식회사,2023,업체,합성고무 및 플라스틱 물질 제조업,292044.0,4904.0,(재)한국품질재단,,업체 우선
459,환경부,금호피앤비화학 주식회사,2023,업체,기초 화학물질 제조업,803393.0,10903.0,로이드인증원㈜,,업체 우선
460,환경부,기아(주),2023,업체,자동차용 엔진 및 자동차 제조업,699068.0,14280.0,로이드인증원㈜,,업체 우선
461,국토교통부,기초과학연구원,2023,사업장,건물,25326.0,527.0,한국표준협회,,단일 사업장
463,환경부,김천시,2023,사업장,"하수, 폐수 및 분뇨 처리업",42955.0,298.0,㈜한국품질보증원,,단일 사업장
464,환경부,김천에너지서비스주식회사,2023,업체,"증기, 냉ㆍ온수 및 공기 조절 공급업",681825.0,7904.0,한국표준협회,,업체 우선
465,환경부,김포시,2023,사업장,폐기물 처리업,66980.0,573.0,한국표준협회,,단일 사업장
466,환경부,김포운수(주),2023,사업장,육상 여객 운송업,16734.0,308.0,(주)한국경영인증원,,단일 사업장
467,환경부,김해시,2023,사업장,폐기물 처리업,129001.0,1291.0,(재)한국품질재단,,단일 사업장
468,환경부,깨끗한나라 주식회사,2023,업체,"펄프, 종이 및 판지 제조업",340694.0,4343.0,(재)한국품질재단,,업체 우선
469,환경부,나래에너지서비스 주식회사,2023,업체,"증기, 냉ㆍ온수 및 공기 조절 공급업",1546862.0,30787.0,대일이엔씨기술(주),,업체 우선
470,환경부,나투라페이퍼 주식회사,2023,업체,"펄프, 종이 및 판지 제조업",167768.0,1230.0,한국표준협회,,업체 우선
471,환경부,남강제지(주),2023,사업장,"펄프, 종이 및 판지 제조업",27040.0,230.0,(재)한국품질재단,,단일 사업장
472,환경부,남양금속주식회사,2023,사업장,"구조용 금속제품, 탱크 및 증기발생기 제조업",96857.0,1797.0,(재)한국화학융합시험연구원,,단일 사업장
473,환경부,남양유업(주),2023,사업장,낙농제품 및 식용 빙과류 제조업,80029.0,1879.0,로이드인증원㈜,,단일 사업장
474,환경부,남양주시,2023,업체,폐기물,76672.0,1091.0,(재)한국품질재단,,업체 우선
476,환경부,남해화학(주),2023,사업장,"비료, 농약 및 살균ㆍ살충제 제조업",75805.0,1240.0,대일이엔씨기술(주),,단일 사업장
477,환경부,내포그린에너지(주),2023,사업장,"증기, 냉ㆍ온수 및 공기 조절 공급업",699331.0,13982.0,대일이엔씨기술(주),,단일 사업장
479,환경부,네이버 주식회사,2023,사업장,"자료 처리, 호스팅, 포털 및 기타 인터넷 정보 매개 서비스업",89530.0,1866.0,한국표준협회,,단일 사업장
480,환경부,네이처이앤티(주),2023,업체,폐기물 처리업,204996.0,323.0,(주)비에스아이그룹코리아,,업체 우선
481,환경부,넥센타이어(주),2023,업체,고무제품 제조업,215924.0,4334.0,(주)한국경영인증원,,업체 우선
482,환경부,노벨리스코리아 주식회사,2023,업체,1차 비철금속 제조업,281811.0,5652.0,(주)한국경영인증원,,업체 우선
483,산업통상자원부,노을그린에너지 주식회사,2023,업체,발전에너지,21018.0,4.0,(주)한국경영인증원,,업체 우선
485,환경부,녹십자,2023,사업장,의약품 제조업,64802.0,1593.0,(재)한국품질재단,,단일 사업장
486,환경부,논산시,2023,사업장,폐기물,26266.0,94.0,㈜한국품질보증원,,단일 사업장
488,국토교통부,농협은행 주식회사,2023,업체,건물,94231.0,1421.0,한국표준협회,,업체 우선
490,환경부,능원금속공업 주식회사,2023,사업장,1차 비철금속 제조업,22988.0,474.0,(주)한국경영인증원,,단일 사업장
491,환경부,담우물산(주),2023,사업장,"시멘트, 석회, 플라스터 및 그 외 제품 제조업",60182.0,194.0,(주)한국경영인증원,,단일 사업장
492,환경부,당진시 자원순환센터,2023,사업장,지정외 폐기물처리업 등,13541.0,93.0,한국표준협회,,단일 사업장
494,환경부,대구광역시,2023,업체,폐기물 처리업,471453.0,4941.0,㈜한국품질보증원,,업체 우선
495,환경부,대구교통공사,2023,사업장,육상 여객 운송업,98011.0,2045.0,(주)한국경영인증원,,단일 사업장
496,환경부,대구그린파워(주),2023,업체,"증기, 냉ㆍ온수 및 공기 조절 공급업",633469.0,12594.0,(주)한국경영인증원,,업체 우선
497,환경부,대구염색산업단지관리공단,2023,업체,"증기, 냉ㆍ온수 및 공기 조절 공급업",610371.0,6947.0,(주)한국경영인증원,,업체 우선
498,환경부,대구텍 유한책임회사,2023,사업장,1차 비철금속 제조업,,,한국표준협회,비공개 결정,단일 사업장
499,환경부,대덕전자 주식회사,2023,사업장,전자 부품 제조업,137216.0,2808.0,한국표준협회,,단일 사업장
500,환경부,대동금속(주),2023,사업장,금속 주조업,39699.0,763.0,(주)한국경영인증원,,단일 사업장
501,환경부,대동산업주식회사,2023,사업장,"내화, 비내화 요업제품 제조업",23757.0,383.0,(주)한국경영인증원,,단일 사업장
502,환경부,대상 주식회사,2023,업체,"곡물 가공품, 전분 및 전분제품 제조업",432367.0,9437.0,한국표준협회,,업체 우선
503,환경부,대성엠디아이(주),2023,사업장,"시멘트, 석회, 플라스터 및 그 외 제품 제조업",164999.0,809.0,(주)한국경영인증원,,단일 사업장
504,환경부,대성지엠텍(주),2023,업체,"시멘트, 석회, 플라스터 및 그 외 제품 제조업",130338.0,346.0,(주)한국경영인증원,,업체 우선
505,산업통상자원부,대신염직공업(주),2023,사업장,섬유,12234.0,202.0,(주)한국경영인증원,,단일 사업장
507,환경부,대신정기화물자동차(주),2023,사업장,도로 화물 운송업,46588.0,663.0,한국표준협회,,단일 사업장
508,환경부,대양제지공업(주),2023,업체,"펄프, 종이 및 판지 제조업",66299.0,779.0,한국표준협회,,업체 우선
509,산업통상자원부,대용산업,2023,사업장,기계,18011.0,371.0,한국표준협회,,단일 사업장
511,환경부,대원강업(주),2023,사업장,자동차 신품 부품 제조업,49563.0,1007.0,로이드인증원㈜,,단일 사업장
512,산업통상자원부,대원화성(주),2023,사업장,석유화학,11416.0,204.0,한국표준협회,,단일 사업장
514,환경부,대일개발 주식회사,2023,사업장,폐기물 처리업,54209.0,154.0,로이드인증원㈜,,단일 사업장
515,환경부,대전광역시,2023,업체,폐기물 처리업,367886.0,3104.0,한국표준협회,,업체 우선
516,국토교통부,대전교통공사,2023,사업장,교통(철도),18492.0,378.0,(주)신화엔지니어링종합건축사사무소,,단일 사업장
518,환경부,대전열병합발전주식회사,2023,업체,"증기, 냉ㆍ온수 및 공기 조절 공급업",155711.0,3108.0,한국표준협회,,업체 우선
519,농림축산식품부,대전충남양돈농협 포크빌축산물공판장,2023,사업장,식료품 제조업,16100.0,331.0,㈜한국품질보증원,,단일 사업장
521,산업통상자원부,대창단조(주),2023,사업장,기계,11116.0,230.0,(주)한국경영인증원,,단일 사업장
523,환경부,대창운수(주),2023,사업장,육상 여객 운송업,22778.0,427.0,한국표준협회,,단일 사업장
524,산업통상자원부,대한광통신 주식회사,2023,사업장,전기전자,18566.0,385.0,(주)한국경영인증원,,단일 사업장
526,환경부,대한방직(주),2023,사업장,"섬유제품 염색, 정리 및 마무리 가공업",26539.0,418.0,한국표준협회,,단일 사업장
527,농림축산식품부,대한사료(주),2023,사업장,식료품 제조업,12429.0,254.0,대일이엔씨기술(주),,단일 사업장
529,환경부,대한석탄공사,2023,업체,석탄 광업,108520.0,678.0,한국생산성본부인증원(주),,업체 우선
530,산업통상자원부,대한소결금속(주),2023,사업장,자동차,19210.0,392.0,로이드인증원㈜,,단일 사업장
532,환경부,대한슬래그 주식회사,2023,사업장,기타 비금속 광물제품 제조업,34046.0,617.0,한국표준협회,,단일 사업장
533,환경부,대한시멘트주식회사,2023,사업장,"시멘트, 석회, 플라스터 및 그 외 제품 제조업",63504.0,1154.0,한국표준협회,,단일 사업장
534,산업통상자원부,대한약품공업(주),2023,사업장,석유화학,25733.0,434.0,(주)한국경영인증원,,단일 사업장
536,환경부,대한유화 주식회사,2023,업체,기초 화학물질 제조업,1663032.0,33790.0,한국가스안전공사,,업체 우선
537,환경부,대한전선 주식회사,2023,사업장,절연선 및 케이블 제조업,44892.0,906.0,(주)한국경영인증원,,단일 사업장
538,환경부,대한제강(주),2023,업체,1차 철강 제조업,313245.0,5618.0,한국표준협회,,업체 우선
539,환경부,대한제당 주식회사,2023,사업장,기타 식품 제조업,64235.0,1282.0,㈜한국품질보증원,,단일 사업장
540,농림축산식품부,대한제분(주),2023,사업장,식료품 제조업,20921.0,436.0,대일이엔씨기술(주),,단일 사업장
542,환경부,대한제지주식회사,2023,업체,"펄프, 종이 및 판지 제조업",202055.0,2483.0,한국표준협회,,업체 우선
543,환경부,대한조선주식회사,2023,사업장,선박 및 보트 건조업,24100.0,392.0,(주)한국경영인증원,,단일 사업장
545,환경부,대한항공,2023,업체,항공 여객 운송업,416509.0,6355.0,㈜디엔브이비즈니스어슈어런스코리아,,업체 우선
546,환경부,대한화섬(주),2023,사업장,화학섬유 제조업,50616.0,1088.0,한국표준협회,,단일 사업장
547,산업통상자원부,더블유스코프코리아(주),2023,사업장,석유화학,26317.0,1024.0,㈜한국품질보증원,,단일 사업장
549,환경부,더블유씨피 주식회사,2023,사업장,플라스틱 제품 제조업,88429.0,1836.0,한국표준협회,,단일 사업장
550,환경부,도레이배터리세퍼레이터필름 한국유한회사,2023,사업장,일차전지 및 축전지 제조업,116512.0,2376.0,(주)비에스아이그룹코리아,,단일 사업장
551,환경부,도레이비에스에프코팅한국 유한회사,2023,사업장,일차전지 및 축전지 제조업,117265.0,536.0,㈜디엔브이비즈니스어슈어런스코리아,,단일 사업장
552,환경부,도레이첨단소재 주식회사,2023,업체,합성고무 및 플라스틱 물질 제조업,626486.0,12578.0,(주)비에스아이그룹코리아,,업체 우선
553,환경부,도명특송(주),2023,사업장,도로 화물 운송업,19598.0,278.0,한국표준협회,,단일 사업장
554,환경부,동국산업(주),2023,사업장,1차 철강 제조업,37613.0,763.0,한국표준협회,,단일 사업장
555,환경부,동국씨엠 주식회사,2023,업체,1차 철강 제조업,284620.0,6151.0,(재)한국품질재단,,업체 우선
556,환경부,동국제강 주식회사,2023,업체,1차 철강 제조업,1490788.0,25541.0,(재)한국품질재단,,업체 우선
557,환경부,동국홀딩스 주식회사,2023,업체,부동산 임대 및 공급업,779.0,15.0,(재)한국품질재단,,업체 우선
558,환경부,동두천드림파워,2023,업체,전기업,2993126.0,59458.0,대일이엔씨기술(주),,업체 우선
559,환경부,동서석유화학 주식회사,2023,업체,기초 화학물질 제조업,363121.0,2088.0,로이드인증원㈜,,업체 우선
560,환경부,동서식품(주),2023,사업장,기타 식품 제조업,120429.0,2621.0,(재)한국품질재단,,단일 사업장
561,산업통상자원부,동서페더럴모굴(주),2023,사업장,자동차,19527.0,396.0,(주)비에스아이그룹코리아,,단일 사업장
563,국토교통부,동성교통(주),2023,사업장,교통(여객),14868.0,281.0,(주)한국경영인증원,,단일 사업장
565,국토교통부,동성화물자동차(주),2023,사업장,교통(화물),14890.0,211.0,(주)한국경영인증원,,단일 사업장
567,산업통상자원부,동성화학공업(주),2023,사업장,석유화학,11435.0,233.0,한국표준협회,,단일 사업장
569,국토교통부,동아운수(주),2023,사업장,교통(여객),16296.0,307.0,(주)한국경영인증원,,단일 사업장
571,산업통상자원부,동양산업(주),2023,사업장,자동차,14643.0,304.0,(주)한국경영인증원,,단일 사업장
572,산업통상자원부,동양산업(주) 성산지점,2023,사업장,자동차,14643.0,304.0,(주)한국경영인증원,,단일 사업장
573,환경부,동양피스톤(주),2023,사업장,자동차 신품 부품 제조업,26794.0,551.0,(주)한국경영인증원,,단일 사업장
574,환경부,동우화인켐주식회사,2023,업체,사진장비 및 광학 기기 제조업,308750.0,5506.0,(재)한국품질재단,,업체 우선
575,환경부,동원로엑스(주),2023,사업장,도로 화물 운송업,54923.0,890.0,한국표준협회,,단일 사업장
576,환경부,동원시스템즈(주),2023,업체,유리 및 유리제품 제조업,261349.0,4573.0,(재)한국품질재단,,업체 우선
577,환경부,동원페이퍼(주),2023,사업장,"펄프, 종이 및 판지 제조업",98474.0,1452.0,㈜한국품질보증원,,단일 사업장
578,산업통상자원부,동은단조(주),2023,사업장,기계,34912.0,723.0,㈜한국품질보증원,,단일 사업장
580,환경부,동일산업주식회사,2023,업체,1차 철강 제조업,251779.0,3053.0,한국표준협회,,업체 우선
581,산업통상자원부,동일알루미늄(주),2023,사업장,비철금속,19456.0,404.0,한국표준협회,,단일 사업장
583,산업통상자원부,동일제강(주),2023,사업장,철강,23803.0,443.0,한국표준협회,,단일 사업장
585,환경부,동일팩키지(주),2023,사업장,"펄프, 종이 및 판지 제조업",48702.0,412.0,(재)한국품질재단,,단일 사업장
586,환경부,동해시,2023,사업장,폐기물,20090.0,7.0,(재)한국품질재단,,단일 사업장
588,환경부,동화기업(주),2023,사업장,나무제품 제조업,144231.0,2823.0,한국표준협회,,단일 사업장
589,산업통상자원부,동화지앤피 주식회사,2023,사업장,유리,21788.0,339.0,(재)한국화학융합시험연구원,,단일 사업장
591,환경부,동희오토(주),2023,사업장,자동차용 엔진 및 자동차 제조업,40414.0,813.0,(주)한국경영인증원,,단일 사업장
592,환경부,두산에너빌리티(주),2023,업체,1차 철강 제조업,246289.0,4679.0,(재)한국품질재단,,업체 우선
593,환경부,두원중공업(주),2023,사업장,일반 목적용 기계 제조업,24728.0,509.0,(주)신화엔지니어링종합건축사사무소,,단일 사업장
594,환경부,디아이지에어가스 주식회사,2023,업체,기초 화학물질 제조업,827109.0,17231.0,㈜한국품질보증원,,업체 우선
595,환경부,디에스파워 주식회사,2023,업체,"증기, 냉ㆍ온수 및 공기 조절 공급업",1053003.0,20924.0,(주)한국경영인증원,,업체 우선
596,환경부,디엘 주식회사,2023,업체,합성고무 및 플라스틱 물질 제조업,55.0,1.0,한국가스안전공사,,업체 우선
597,환경부,디엘모터스(주),2023,사업장,자동차 신품 부품 제조업,55632.0,1142.0,(주)한국경영인증원,,단일 사업장
598,환경부,디엘에프엔씨 주식회사,2023,사업장,플라스틱 제품 제조업,21155.0,438.0,한국가스안전공사,,단일 사업장
599,국토교통부,디엘이앤씨(주),2023,업체,건설,55085.0,1048.0,한국표준협회,,업체 우선
601,환경부,디엘케미칼 주식회사,2023,업체,합성고무 및 플라스틱 물질 제조업,216120.0,4191.0,한국가스안전공사,,업체 우선
602,산업통상자원부,디케이동신(주),2023,사업장,철강,26158.0,492.0,한국표준협회,,단일 사업장
604,환경부,람정제주개발 주식회사,2023,사업장,일반 및 생활 숙박시설 운영업,42068.0,833.0,(주)한국경영인증원,,단일 사업장
605,국토교통부,롯데관광개발 주식회사,2023,사업장,건물,31890.0,656.0,한국표준협회,,단일 사업장
607,환경부,롯데글로벌로지스(주),2023,사업장,도로 화물 운송업,62751.0,1218.0,한국표준협회,,단일 사업장
608,환경부,롯데네슬레코리아(주),2023,사업장,기타 식품 제조업,28007.0,835.0,(재)한국품질재단,,단일 사업장
609,환경부,롯데물산(주),2023,사업장,부동산 임대 및 공급업,37879.0,754.0,(주)한국경영인증원,,단일 사업장
610,환경부,롯데베르살리스엘라스토머스(주),2023,사업장,합성고무 및 플라스틱 물질 제조업,131514.0,2512.0,한국표준협회,,단일 사업장
611,환경부,롯데쇼핑 주식회사,2023,업체,종합 소매업,709694.0,14429.0,한국표준협회,,업체 우선
612,환경부,롯데알미늄 주식회사,2023,사업장,기타 금속 가공제품 제조업,69531.0,1376.0,(재)한국품질재단,,단일 사업장
613,환경부,롯데에너지머티리얼즈(주),2023,사업장,전자 부품 제조업,107995.0,2336.0,㈜디엔브이비즈니스어슈어런스코리아,,단일 사업장
614,환경부,롯데엠시시 주식회사,2023,업체,기초 화학물질 제조업,285846.0,2737.0,한국표준협회,,업체 우선
615,환경부,롯데웰푸드(주),2023,업체,기타 식품 제조업,205393.0,4186.0,(주)한국경영인증원,,업체 우선
616,환경부,롯데이네오스화학 주식회사,2023,업체,기초 화학물질 제조업,249027.0,3527.0,한국표준협회,,업체 우선
617,환경부,롯데정밀화학 주식회사,2023,업체,기초 화학물질 제조업,697615.0,16090.0,로이드인증원㈜,,업체 우선
618,환경부,롯데정보통신(주),2023,사업장,"컴퓨터 프로그래밍, 시스템 통합 및 관리업",116877.0,2440.0,한국표준협회,,단일 사업장
619,환경부,롯데칠성음료 주식회사,2023,업체,비알코올 음료 및 얼음 제조업,155177.0,2920.0,(주)한국경영인증원,,업체 우선
620,국토교통부,롯데컬처웍스 주식회사,2023,업체,건물,54758.0,1093.0,한국표준협회,,업체 우선
622,환경부,롯데케미칼 주식회사,2023,업체,기초 화학물질 제조업,6158540.0,110395.0,(재)한국품질재단,,업체 우선
623,환경부,르노코리아자동차(주),2023,사업장,자동차용 엔진 및 자동차 제조업,59941.0,1269.0,(주)한국경영인증원,,단일 사업장
624,환경부,리뉴랜드경주 주식회사,2023,업체,폐기물 처리업,129260.0,30.0,(재)한국품질재단,"""(주)와이에스텍"" 업체명 변경",업체 우선
625,환경부,리뉴에너지경기 주식회사,2023,업체,폐기물 처리업,70600.0,323.0,(재)한국품질재단,"""경기환경에너지㈜"" 업체명 변경",업체 우선
626,환경부,리뉴에너지경북 주식회사,2023,업체,폐기물 처리업,82066.0,184.0,(재)한국품질재단,"""경북환경에너지㈜"" 업체명 변경",업체 우선
627,환경부,리뉴에너지그린 주식회사,2023,사업장,지정외 폐기물처리업,70929.0,44.0,(재)한국품질재단,,단일 사업장
629,환경부,리뉴에너지대원 주식회사,2023,사업장,폐기물 처리업,62241.0,400.0,(재)한국품질재단,,단일 사업장
630,환경부,리뉴에너지새한 주식회사,2023,사업장,지정외 폐기물처리업,92214.0,166.0,(재)한국품질재단,,단일 사업장
632,환경부,리뉴에너지충북(주),2023,업체,폐기물 처리업,225259.0,221.0,한국표준협회,"""주식회사 클렌코"" 업체명 변경",업체 우선
633,환경부,리뉴에너지충청(주),2023,사업장,폐기물 처리업,68421.0,107.0,(재)한국품질재단,"""충청환경에너지㈜"" 업체명 변경",단일 사업장
634,환경부,린데코리아 주식회사,2023,업체,기초 화학물질 제조업,929793.0,18745.0,(재)한국품질재단,,업체 우선
635,산업통상자원부,마이크로소프트5673코리아 유한책임회사,2023,사업장,통신,56002.0,1169.0,한국표준협회,,단일 사업장
637,환경부,만호제강(주),2023,사업장,1차 철강 제조업,37251.0,761.0,한국표준협회,,단일 사업장
638,환경부,매그나칩반도체(유),2023,업체,반도체 제조업,87962.0,1399.0,(주)비에스아이그룹코리아,,업체 우선
639,환경부,매일유업(주),2023,사업장,낙농제품 및 식용 빙과류 제조업,115995.0,2231.0,(주)한국경영인증원,,단일 사업장
640,환경부,명화공업(주),2023,사업장,자동차 신품 부품 제조업,41565.0,850.0,로이드인증원㈜,,단일 사업장
641,환경부,목포시,2023,사업장,폐기물 처리업,55978.0,392.0,㈜한국품질보증원,,단일 사업장
642,환경부,무림에스피(주),2023,사업장,"펄프, 종이 및 판지 제조업",46913.0,947.0,한국표준협회,,단일 사업장
643,환경부,무림파워텍 주식회사,2023,업체,"증기, 냉ㆍ온수 및 공기 조절 공급업",154369.0,2308.0,한국표준협회,,업체 우선
644,환경부,무림페이퍼(주),2023,업체,"펄프, 종이 및 판지 제조업",170955.0,3400.0,한국표준협회,,업체 우선
645,환경부,무림피앤피(주),2023,업체,"펄프, 종이 및 판지 제조업",251659.0,13692.0,한국표준협회,,업체 우선
646,환경부,무안군,2023,사업장,폐기물,18801.0,105.0,㈜한국품질보증원,,단일 사업장
648,산업통상자원부,미래나노텍(주),2023,사업장,전기전자,29938.0,552.0,(주)한국경영인증원,,단일 사업장
650,산업통상자원부,미원상사(주),2023,사업장,석유화학,23749.0,439.0,대일이엔씨기술(주),,단일 사업장
652,환경부,미원스페셜티케미칼(주),2023,사업장,기초 화학물질 제조업,67364.0,1269.0,(주)한국경영인증원,,단일 사업장
653,환경부,밀양시,2023,사업장,폐기물,17158.0,71.0,㈜한국품질보증원,,단일 사업장
655,환경부,바스프퍼포먼스폴리아마이드코리아 주식회사,2023,사업장,기초 화학물질 제조업,70403.0,1589.0,한국표준협회,,단일 사업장
656,환경부,백광산업 주식회사,2023,업체,기초 화학물질 제조업,199788.0,3977.0,한국표준협회,,업체 우선
657,환경부,버슘머트리얼즈피엠코리아,2023,사업장,기초 화학물질 제조업,19870.0,414.0,로이드인증원㈜,,단일 사업장
658,국토교통부,범일운수,2023,사업장,교통(여객),16345.0,308.0,(주)한국경영인증원,,단일 사업장
660,환경부,베올리아워터코리아대산(주),2023,사업장,수도업,88739.0,1852.0,(주)한국경영인증원,,단일 사업장
662,산업통상자원부,베페사징크코리아(주),2023,업체,비철금속,112462.0,154.0,(재)한국화학융합시험연구원,,업체 우선
663,환경부,보령시,2023,사업장,폐기물 처리업,52924.0,298.0,(재)한국품질재단,,단일 사업장
664,환경부,보령엘엔지터미널 주식회사,2023,사업장,연료용 가스 제조 및 배관공급업,53552.0,1082.0,대일이엔씨기술(주),,단일 사업장
665,국토교통부,보영운수(주),2023,사업장,교통(여객),14244.0,252.0,한국표준협회,,단일 사업장
667,환경부,보임열병합발전 주식회사,2023,업체,"증기, 냉ㆍ온수 및 공기 조절 공급업",1098359.0,11713.0,로이드인증원㈜,"""데이원에너지 주식회사"" 업체명 변경",업체 우선
668,산업통상자원부,볼보그룹코리아(주),2023,사업장,기계,19308.0,377.0,한국표준협회,,단일 사업장
670,환경부,부경산업(주),2023,업체,폐기물 처리업,94005.0,86.0,(재)한국화학융합시험연구원,,업체 우선
672,환경부,부산광역시,2023,업체,폐기물 처리업,780623.0,8241.0,대일이엔씨기술(주),,업체 우선
673,국토교통부,부산교통(주),2023,사업장,교통(여객),12560.0,183.0,한국표준협회,,단일 사업장
675,환경부,부산교통공사,2023,업체,육상 여객 운송업,161952.0,3380.0,한국표준협회,,업체 우선
676,환경부,부산그린파워(주),2023,사업장,폐기물 처리업,39552.0,16.0,(주)한국경영인증원,,단일 사업장
678,국토교통부,부산대학교,2023,사업장,건물,27134.0,638.0,㈜한국품질보증원,,단일 사업장
680,국토교통부,부산대학교병원,2023,사업장,건물,41435.0,858.0,한국표준협회,,단일 사업장
682,해양수산부,부산신항국제터미널(주),2023,사업장,항만,29818.0,450.0,로이드인증원㈜,,단일 사업장
684,해양수산부,부산신항만주식회사,2023,업체,항만,49973.0,988.0,한국표준협회,,업체 우선
686,환경부,부산정관에너지(주),2023,사업장,"증기, 냉ㆍ온수 및 공기 조절 공급업",67841.0,1350.0,(주)신화엔지니어링종합건축사사무소,,단일 사업장
687,환경부,부산주공(주),2023,사업장,자동차 신품 부품 제조업,97045.0,1807.0,㈜한국품질보증원,,단일 사업장
688,환경부,부산패션칼라산업협동조합,2023,업체,"증기, 냉ㆍ온수 및 공기 조절 공급업",127577.0,1794.0,(주)한국경영인증원,,업체 우선
689,해양수산부,부산항터미널주식회사,2023,사업장,항만,43306.0,801.0,(주)한국경영인증원,,단일 사업장
691,환경부,부천시,2023,업체,"하수, 폐수 및 분뇨 처리업",163089.0,1554.0,㈜한국품질보증원,,업체 우선
692,국토교통부,북부운수(주),2023,사업장,교통(여객),14321.0,272.0,(주)한국경영인증원,,단일 사업장
694,농림축산식품부,브리티쉬아메리칸토바코코리아제조(주),2023,사업장,담배제조업,15909.0,446.0,한국표준협회,,단일 사업장
696,환경부,브이피에이치메탈 유한회사,2023,사업장,자동차 신품 부품 제조업,31664.0,589.0,㈜한국품질보증원,,단일 사업장
697,환경부,비노텍 주식회사,2023,사업장,폐기물 처리업,64983.0,66.0,(주)한국경영인증원,,단일 사업장
698,환경부,비를라카본코리아(주),2023,업체,기초 화학물질 제조업,125496.0,487.0,㈜디엔브이비즈니스어슈어런스코리아,,업체 우선
699,산업통상자원부,비테스코테크놀로지스코리아 유한책임회사,2023,사업장,자동차,16885.0,346.0,(주)한국경영인증원,,단일 사업장
701,산업통상자원부,빛고을에코에너지 주식회사,2023,사업장,발전에너지,56358.0,0.0,한국표준협회,,단일 사업장
703,환경부,사회복지법인 삼성생명공익재단,2023,사업장,병원,86794.0,1778.0,(재)한국품질재단,,단일 사업장
704,환경부,삼강에스앤씨(주),2023,사업장,선박 및 보트 건조업,27328.0,476.0,(재)한국품질재단,,단일 사업장
705,환경부,삼남석유화학주식회사,2023,업체,기초 화학물질 제조업,187338.0,2550.0,한국표준협회,,업체 우선
706,환경부,삼목에스폼(주),2023,업체,1차 비철금속 제조업,41683.0,757.0,한국표준협회,,업체 우선
707,산업통상자원부,삼미금속(주),2023,사업장,철강,16314.0,332.0,한국표준협회,,단일 사업장
709,환경부,삼보산업 주식회사,2023,사업장,1차 비철금속 제조업,48843.0,490.0,한국표준협회,,단일 사업장
710,환경부,삼성디스플레이 주식회사,2023,업체,전자 부품 제조업,3963216.0,59104.0,(주)비에스아이그룹코리아,,업체 우선
711,환경부,삼성물산 주식회사,2023,사업장,건물 건설업,93787.0,2018.0,(주)한국경영인증원,,단일 사업장
712,환경부,삼성바이오로직스 주식회사,2023,사업장,기초 의약 물질 및 생물학적 제제 제조업,215255.0,4501.0,대일이엔씨기술(주),,단일 사업장
713,국토교통부,삼성생명보험 주식회사,2023,업체,건물,60025.0,771.0,(재)한국품질재단,,업체 우선
715,환경부,삼성에스디아이 주식회사,2023,업체,일차전지 및 축전지 제조업,598281.0,12442.0,한국표준협회,,업체 우선
716,환경부,삼성에스디에스(주),2023,사업장,"컴퓨터 프로그래밍, 시스템 통합 및 관리업",149538.0,3114.0,(주)한국경영인증원,,단일 사업장
717,환경부,삼성전기 주식회사,2023,업체,전자 부품 제조업,451100.0,9466.0,(주)비에스아이그룹코리아,,업체 우선
718,환경부,삼성전자 주식회사,2023,업체,반도체 제조업,13290342.0,240882.0,(재)한국품질재단,,업체 우선
719,환경부,삼성중공업 주식회사,2023,업체,선박 및 보트 건조업,351978.0,6287.0,한국표준협회,,업체 우선
720,환경부,삼성코닝어드밴스드글라스 유한회사,2023,사업장,유리 및 유리제품 제조업,52712.0,1073.0,로이드인증원㈜,,단일 사업장
721,산업통상자원부,삼신정밀(주),2023,사업장,철강,23004.0,474.0,한국표준협회,,단일 사업장
723,산업통상자원부,삼아알미늄주식회사,2023,사업장,비철금속,20521.0,401.0,한국표준협회,,단일 사업장
725,환경부,삼양식품(주),2023,사업장,기타 식품 제조업,64173.0,1369.0,(주)비에스아이그룹코리아,,단일 사업장
726,환경부,삼양이노켐 주식회사,2023,사업장,기초 화학물질 제조업,94578.0,1684.0,한국표준협회,,단일 사업장
727,산업통상자원부,삼양통상(주),2023,사업장,섬유,12071.0,245.0,(주)한국경영인증원,,단일 사업장
729,환경부,삼양화성주식회사,2023,사업장,합성고무 및 플라스틱 물질 제조업,72774.0,1894.0,한국표준협회,,단일 사업장
730,산업통상자원부,삼양화인테크놀로지(주),2023,사업장,석유화학,31652.0,368.0,한국표준협회,,단일 사업장
732,환경부,삼영산업,2023,사업장,"내화, 비내화 요업제품 제조업",25708.0,471.0,(주)한국경영인증원,,단일 사업장
733,환경부,삼영운수(주),2023,사업장,육상 여객 운송업,20662.0,372.0,한국표준협회,,단일 사업장
734,환경부,삼영전자공업(주),2023,업체,기타 금속 가공제품 제조업,67451.0,1470.0,(주)한국경영인증원,,업체 우선
735,환경부,삼정펄프(주),2023,업체,"펄프, 종이 및 판지 제조업",147721.0,1974.0,(주)비에스아이그룹코리아,,업체 우선
736,환경부,삼표시멘트,2023,업체,"시멘트, 석회, 플라스터 및 그 외 제품 제조업",5801581.0,34504.0,(재)한국품질재단,,업체 우선
737,환경부,삼표자원개발주식회사,2023,사업장,토사석 광업,29914.0,534.0,(재)한국품질재단,,단일 사업장
738,환경부,삼표해운주식회사,2023,사업장,해상 운송업,73670.0,1016.0,(재)한국품질재단,,단일 사업장
739,산업통상자원부,삼호제강주식회사,2023,사업장,철강,18281.0,365.0,(주)한국경영인증원,,단일 사업장
741,산업통상자원부,삼화왕관(주),2023,사업장,기계,19391.0,374.0,한국표준협회,,단일 사업장
743,환경부,삼화제지(주),2023,업체,"펄프, 종이 및 판지 제조업",19664.0,577.0,한국표준협회,,업체 우선
744,산업통상자원부,삼화콘덴서공업(주),2023,사업장,전기전자,24605.0,513.0,한국표준협회,,단일 사업장
746,환경부,삼흥열처리,2023,사업장,기타 금속 가공제품 제조업,30162.0,621.0,(주)한국경영인증원,,단일 사업장
747,해양수산부,상지해운(주),2023,사업장,교통(해운),19904.0,274.0,㈜디엔브이비즈니스어슈어런스코리아,,단일 사업장
749,산업통상자원부,새론오토모티브(주),2023,사업장,자동차,15948.0,322.0,(주)한국경영인증원,,단일 사업장
751,국토교통부,새한특수(주),2023,사업장,교통(화물),15866.0,225.0,한국표준협회,,단일 사업장
753,환경부,생고뱅이소바코리아 주식회사,2023,사업장,유리 및 유리제품 제조업,38909.0,770.0,(주)한국경영인증원,,단일 사업장
754,환경부,서산시,2023,사업장,하수처리업,22741.0,197.0,한국표준협회,,단일 사업장
756,농림축산식품부,서영주정(주),2023,사업장,음료제조업,29716.0,418.0,(재)한국품질재단,,단일 사업장
758,환경부,서울교통공사,2023,업체,육상 여객 운송업,649237.0,13555.0,(주)한국경영인증원,,업체 우선
759,국토교통부,서울교통네트웍(주),2023,사업장,교통(여객),14146.0,267.0,(주)한국경영인증원,,단일 사업장
761,산업통상자원부,서울냉열(주),2023,사업장,석유화학,10525.0,219.0,(주)한국경영인증원,,단일 사업장
763,환경부,서울대학교병원,2023,사업장,병원,93996.0,1961.0,한국표준협회,,단일 사업장
764,환경부,서울바이오시스(주),2023,사업장,반도체 제조업,59912.0,1239.0,로이드인증원㈜,,단일 사업장
765,산업통상자원부,서울반도체,2023,사업장,반도체,6289.0,128.0,로이드인증원㈜,,단일 사업장
767,환경부,서울시메트로 9호선(주),2023,사업장,육상 여객 운송업,50038.0,1043.0,(주)한국경영인증원,,단일 사업장
768,환경부,서울에너지공사,2023,업체,"증기, 냉ㆍ온수 및 공기 조절 공급업",319680.0,6695.0,한국표준협회,,업체 우선
769,농림축산식품부,서울우유협동조합,2023,업체,식료품 제조업,71579.0,1368.0,한국표준협회,,업체 우선
771,환경부,서울특별시,2023,업체,폐기물 처리업,1476742.0,12757.0,(재)한국품질재단,,업체 우선
772,환경부,서울특별시농수산식품공사,2023,사업장,부동산 임대 및 공급업,62806.0,1305.0,(주)한국경영인증원,,단일 사업장
773,산업통상자원부,서진산업(주),2023,사업장,자동차,18927.0,362.0,한국표준협회,,단일 사업장
775,환경부,서한이앤피주식회사,2023,사업장,기타 금속 가공제품 제조업,66864.0,1329.0,(주)한국경영인증원,,단일 사업장
776,환경부,서해그린환경(주),2023,사업장,폐기물 처리업,79384.0,218.0,(재)한국품질재단,,단일 사업장
777,산업통상자원부,선도화학(주),2023,사업장,석유화학,28995.0,605.0,한국가스안전공사,,단일 사업장
779,환경부,선진버스(주),2023,사업장,육상 여객 운송업,16755.0,306.0,(주)한국경영인증원,,단일 사업장
780,환경부,성남시,2023,업체,폐기물 처리업,255226.0,2189.0,㈜한국품질보증원,,업체 우선
781,환경부,성남시내버스(주),2023,사업장,육상 여객 운송업,25839.0,493.0,㈜한국품질보증원,,단일 사업장
782,환경부,성림유화 주식회사,2023,업체,폐기물 처리업,229505.0,209.0,로이드인증원㈜,,업체 우선
783,산업통상자원부,성보공업(주),2023,사업장,철강,13305.0,259.0,한국표준협회,,단일 사업장
785,환경부,성신씨엠 주식회사,2023,사업장,"시멘트, 석회, 플라스터 및 그 외 제품 제조업",21880.0,446.0,로이드인증원㈜,,단일 사업장
786,환경부,성신양회(주),2023,업체,"시멘트, 석회, 플라스터 및 그 외 제품 제조업",4989822.0,27628.0,한국표준협회,,업체 우선
787,환경부,성안합섬(주),2023,사업장,화학섬유 제조업,18570.0,379.0,(주)한국경영인증원,,단일 사업장
788,해양수산부,성우해운주식회사,2023,사업장,교통(해운),20137.0,275.0,한국표준협회,,단일 사업장
790,산업통상자원부,성일요업주식회사,2023,사업장,요업,17671.0,336.0,한국표준협회,,단일 사업장
792,산업통상자원부,성일하이텍(주),2023,사업장,비철금속,36401.0,550.0,(주)한국경영인증원,,단일 사업장
794,환경부,성창보드(주),2023,사업장,나무제품 제조업,30148.0,614.0,㈜한국품질보증원,,단일 사업장
795,환경부,성훈엔지니어링주식회사,2023,사업장,1차 비철금속 제조업,38801.0,774.0,한국가스안전공사,,단일 사업장
796,환경부,세메스(주),2023,사업장,특수 목적용 기계 제조업,38477.0,737.0,한국표준협회,,단일 사업장
797,환경부,세방(주),2023,사업장,도로 화물 운송업,28028.0,438.0,(주)한국경영인증원,,단일 사업장
798,환경부,세방전지(주),2023,업체,일차전지 및 축전지 제조업,136703.0,2822.0,(주)한국경영인증원,,업체 우선
799,환경부,세종특별자치시,2023,사업장,하수처리업,62871.0,595.0,(재)한국품질재단,,단일 사업장
801,환경부,셀트리온,2023,사업장,기초 의약 물질 및 생물학적 제제 제조업,64717.0,1352.0,(주)한국경영인증원,,단일 사업장
802,환경부,셰플러코리아 유한책임회사,2023,사업장,일반 목적용 기계 제조업,82674.0,1715.0,로이드인증원㈜,,단일 사업장
803,환경부,소신여객자동차(주),2023,사업장,육상 여객 운송업,17895.0,347.0,한국표준협회,,단일 사업장
804,환경부,속초시,2023,사업장,지정외 폐기물처리업,18598.0,279.0,(주)한국경영인증원,,단일 사업장
806,환경부,솔베이실리카코리아(주),2023,사업장,기초 화학물질 제조업,33440.0,715.0,대일이엔씨기술(주),,단일 사업장
807,환경부,솔브레인에스엘디 주식회사,2023,사업장,전자 부품 제조업,37047.0,711.0,한국표준협회,,단일 사업장
808,환경부,송원산업(주),2023,업체,기타 화학제품 제조업,128812.0,2619.0,한국표준협회,,업체 우선
809,환경부,송학제지(주),2023,사업장,"펄프, 종이 및 판지 제조업",27642.0,226.0,(주)한국경영인증원,,단일 사업장
810,환경부,수도권매립지관리공사,2023,업체,폐기물 처리업,1163222.0,4863.0,대일이엔씨기술(주),,업체 우선
811,환경부,수완에너지 주식회사,2023,업체,"증기, 냉ㆍ온수 및 공기 조절 공급업",156339.0,3104.0,대일이엔씨기술(주),,업체 우선
812,환경부,수원시,2023,업체,폐기물 처리업,177623.0,2098.0,㈜한국품질보증원,,업체 우선
813,국토교통부,수원애경역사 주식회사,2023,사업장,건물,14768.0,304.0,한국표준협회,,단일 사업장
815,환경부,수원여객운수(주),2023,사업장,육상 여객 운송업,23468.0,457.0,한국표준협회,,단일 사업장
816,국토교통부,수협노량진수산 주식회사,2023,사업장,건물,15940.0,332.0,(주)한국경영인증원,,단일 사업장
818,환경부,순천시,2023,사업장,"하수, 폐수 및 분뇨 처리업",71728.0,460.0,(주)한국경영인증원,,단일 사업장
819,환경부,스미토모세이카폴리머스코리아(주),2023,사업장,합성고무 및 플라스틱 물질 제조업,43122.0,1507.0,로이드인증원㈜,,단일 사업장
820,환경부,스테코(주),2023,사업장,전자 부품 제조업,42902.0,893.0,한국표준협회,,단일 사업장
821,환경부,스템코(주),2023,사업장,반도체 제조업,42450.0,899.0,(주)한국경영인증원,,단일 사업장
822,환경부,스틸싸이클 주식회사,2023,사업장,1차 비철금속 제조업,75182.0,765.0,한국표준협회,,단일 사업장
824,산업통상자원부,스틸싸이클에스씨(주),2023,업체,비철금속,32045.0,42.0,한국표준협회,,업체 우선
825,환경부,시그네틱스(주),2023,사업장,반도체 제조업,38048.0,789.0,(주)한국경영인증원,,단일 사업장
826,환경부,시흥시,2023,사업장,폐기물 처리업,98335.0,901.0,(재)한국품질재단,,단일 사업장
827,환경부,신대양제지(주),2023,업체,"펄프, 종이 및 판지 제조업",237744.0,1659.0,한국표준협회,,업체 우선
828,환경부,신대양제지반월(주),2023,사업장,"펄프, 종이 및 판지 제조업",100851.0,670.0,한국표준협회,,단일 사업장
829,환경부,신대일페이퍼 주식회사,2023,사업장,"펄프, 종이 및 판지 제조업",83230.0,867.0,(주)한국경영인증원,,단일 사업장
830,환경부,신대한정유산업 주식회사,2023,사업장,폐기물 처리업,78306.0,256.0,(주)한국경영인증원,,단일 사업장
831,국토교통부,신도림테크노마트 주식회사,2023,사업장,건물,15184.0,315.0,(주)한국경영인증원,,단일 사업장
833,환경부,신분당선(주),2023,사업장,육상 여객 운송업,26767.0,559.0,(주)한국경영인증원,,단일 사업장
834,환경부,신성교통(주),2023,사업장,육상 여객 운송업,13938.0,259.0,대일이엔씨기술(주),,단일 사업장
835,국토교통부,신안종합리조트(주),2023,사업장,건물,16252.0,326.0,(주)한국경영인증원,,단일 사업장
837,환경부,신창제지공업주식회사,2023,사업장,"펄프, 종이 및 판지 제조업",29475.0,601.0,한국표준협회,,단일 사업장
838,환경부,신평택발전(주),2023,업체,전기업,1857561.0,36895.0,로이드인증원㈜,,업체 우선
839,산업통상자원부,신화인터텍(주),2023,사업장,전기전자,14196.0,290.0,로이드인증원㈜,,단일 사업장
841,산업통상자원부,쌍용기초소재(주),2023,사업장,시멘트,25292.0,459.0,로이드인증원㈜,,단일 사업장
843,환경부,쌍용씨앤이(주),2023,업체,"시멘트, 석회, 플라스터 및 그 외 제품 제조업",10736622.0,64449.0,한국표준협회,,업체 우선
844,환경부,씨엔씨티에너지 주식회사,2023,사업장,"증기, 냉ㆍ온수 및 공기 조절 공급업",29286.0,575.0,로이드인증원㈜,,단일 사업장
845,환경부,씨월드고속훼리(주),2023,사업장,해상 운송업,98988.0,1364.0,(주)한국경영인증원,,단일 사업장
846,국토교통부,씨제이씨지브이 주식회사,2023,업체,건물,69730.0,1394.0,(주)한국경영인증원,,업체 우선
848,산업통상자원부,씨지앤대산전력(주),2023,업체,발전에너지,25672.0,388.0,㈜한국품질보증원,,업체 우선
850,환경부,씨지앤율촌전력 주식회사,2023,업체,전기업,2050099.0,40217.0,㈜한국품질보증원,,업체 우선
851,환경부,아반스트레이트코리아 주식회사,2023,사업장,유리 및 유리제품 제조업,13938.0,280.0,㈜한국품질보증원,,단일 사업장
852,환경부,아산시,2023,사업장,폐기물 처리업,103499.0,1009.0,㈜한국품질보증원,,단일 사업장
853,환경부,아세아시멘트 주식회사,2023,업체,"시멘트, 석회, 플라스터 및 그 외 제품 제조업",2403681.0,15324.0,한국표준협회,,업체 우선
854,환경부,아세아제지(주),2023,업체,"펄프, 종이 및 판지 제조업",455531.0,4341.0,한국표준협회,,업체 우선
855,환경부,아시아나항공,2023,업체,항공 여객 운송업,332356.0,4883.0,㈜디엔브이비즈니스어슈어런스코리아,,업체 우선
856,환경부,아주대학교의료원,2023,사업장,병원,29091.0,595.0,한국생산성본부인증원(주),,단일 사업장
857,산업통상자원부,아주스틸(주),2023,사업장,기계,10821.0,208.0,한국표준협회,,단일 사업장
859,환경부,안동시,2023,사업장,수도사업,15374.0,162.0,(재)한국품질재단,,단일 사업장
861,환경부,안산도시개발(주),2023,사업장,"증기, 냉ㆍ온수 및 공기 조절 공급업",21639.0,555.0,(재)한국품질재단,,단일 사업장
863,환경부,안산시,2023,업체,"하수, 폐수 및 분뇨 처리업",117917.0,1465.0,㈜한국품질보증원,,업체 우선
864,환경부,안양시,2023,사업장,"하수, 폐수 및 분뇨 처리업",97999.0,1047.0,㈜한국품질보증원,,단일 사업장
865,환경부,애경케미칼(주),2023,업체,기초 화학물질 제조업,180260.0,1880.0,(주)한국경영인증원,,업체 우선
866,환경부,앰코테크놀로지코리아(주),2023,업체,반도체 제조업,333053.0,6850.0,(주)비에스아이그룹코리아,,업체 우선
867,환경부,양산시,2023,사업장,폐기물 처리업,91005.0,797.0,㈜한국품질보증원,,단일 사업장
868,환경부,양주시,2023,사업장,폐기물 처리업,67323.0,869.0,㈜한국품질보증원,,단일 사업장
869,환경부,어프로티움 주식회사,2023,업체,기초 화학물질 제조업,452372.0,3492.0,(재)한국품질재단,,업체 우선
870,환경부,에너원(주),2023,사업장,"증기, 냉ㆍ온수 및 공기 조절 공급업",39413.0,453.0,(주)한국경영인증원,,단일 사업장
871,산업통상자원부,에스앤티모티브 주식회사,2023,사업장,자동차,20139.0,418.0,한국표준협회,,단일 사업장
873,산업통상자원부,에스에스엘엠 주식회사,2023,사업장,전기전자,23549.0,482.0,한국표준협회,,단일 사업장
875,환경부,에스엔에프코리아(주),2023,사업장,기타 화학제품 제조업,30220.0,752.0,(주)한국경영인증원,,단일 사업장
876,산업통상자원부,에스엘 주식회사,2023,업체,전기전자,55666.0,1157.0,(재)한국품질재단,,업체 우선
878,환경부,에스지씨솔루션 주식회사,2023,업체,유리 및 유리제품 제조업,163191.0,2706.0,(재)한국품질재단,,업체 우선
879,환경부,에스지씨에너지 주식회사,2023,업체,유리 및 유리제품 제조업,1722152.0,43694.0,㈜디엔브이비즈니스어슈어런스코리아,,업체 우선
880,환경부,에스케이 주식회사,2023,업체,"컴퓨터 프로그래밍, 시스템 통합 및 관리업",126634.0,2640.0,한국표준협회,,업체 우선
881,산업통상자원부,에스케이가스(주),2023,사업장,발전에너지,21052.0,347.0,(재)한국품질재단,,단일 사업장
883,국토교통부,에스케이네트웍스 주식회사,2023,사업장,건물,23016.0,469.0,(주)비에스아이그룹코리아,,단일 사업장
885,환경부,에스케이넥실리스 주식회사,2023,사업장,1차 비철금속 제조업,190594.0,3959.0,(주)한국경영인증원,,단일 사업장
886,환경부,에스케이마이크로웍스 주식회사,2023,업체,플라스틱 제품 제조업,145729.0,2990.0,한국표준협회,,업체 우선
887,환경부,에스케이마이크로웍스솔루션즈 주식회사,2023,사업장,플라스틱 제품 제조업,35739.0,661.0,(재)한국품질재단,,단일 사업장
888,환경부,에스케이머티리얼즈에어플러스 주식회사,2023,업체,기초 화학물질 제조업,312710.0,6541.0,한국표준협회,,업체 우선
889,환경부,에스케이멀티유틸리티 주식회사,2023,업체,"증기, 냉ㆍ온수 및 공기 조절 공급업",334853.0,4013.0,(재)한국품질재단,,업체 우선
890,산업통상자원부,에스케이바이오사이언스(주),2023,사업장,석유화학,17803.0,365.0,(재)한국품질재단,,단일 사업장
892,환경부,에스케이스페셜티 주식회사,2023,업체,기초 화학물질 제조업,249551.0,5168.0,한국가스안전공사,,업체 우선
893,환경부,에스케이실트론 주식회사,2023,업체,반도체 제조업,386319.0,8102.0,로이드인증원㈜,,업체 우선
894,환경부,에스케이씨 주식회사,2023,업체,플라스틱 제품 제조업,1911.0,38.0,한국표준협회,,업체 우선
895,환경부,에스케이아이이테크놀로지주식회사,2023,사업장,일차전지 및 축전지 제조업,80652.0,1654.0,한국표준협회,,단일 사업장
896,환경부,에스케이어드밴스드주식회사,2023,업체,기초 화학물질 제조업,525364.0,9465.0,한국표준협회,,업체 우선
897,환경부,에스케이에너지 주식회사,2023,업체,석유 정제품 제조업,7114805.0,79716.0,한국표준협회,,업체 우선
898,환경부,에스케이에코프라임 주식회사,2023,업체,기타 화학제품 제조업,33292.0,571.0,(재)한국품질재단,,업체 우선
899,환경부,에스케이엔무브 주식회사,2023,업체,석유 정제품 제조업,196078.0,6656.0,한국표준협회,,업체 우선
900,환경부,에스케이엔텀 주식회사,2023,업체,보관 및 창고업,26399.0,542.0,한국표준협회,,업체 우선
901,산업통상자원부,에스케이오션플랜트(주),2023,사업장,조선,25509.0,447.0,한국표준협회,,단일 사업장
903,환경부,에스케이온 주식회사,2023,업체,일차전지 및 축전지 제조업,169547.0,3505.0,한국표준협회,,업체 우선
904,환경부,에스케이이엔에스 주식회사,2023,업체,전기업,2149279.0,42714.0,대일이엔씨기술(주),,업체 우선
905,환경부,에스케이지오센트릭 주식회사,2023,업체,기초 화학물질 제조업,2559413.0,59471.0,한국표준협회,,업체 우선
906,환경부,에스케이케미칼(주),2023,업체,합성고무 및 플라스틱 물질 제조업,220838.0,3913.0,(재)한국품질재단,,업체 우선
907,환경부,에스케이키파운드리 주식회사,2023,업체,반도체 제조업,271185.0,3594.0,(주)비에스아이그룹코리아,"""주식회사 키파운드리"" 업체명 변경",업체 우선
908,환경부,에스케이텔레콤 주식회사,2023,업체,전기 통신업,1149239.0,23995.0,㈜디엔브이비즈니스어슈어런스코리아,,업체 우선
909,환경부,에스케이피아이씨글로벌 주식회사,2023,업체,기초 화학물질 제조업,359346.0,6851.0,한국표준협회,,업체 우선
910,산업통상자원부,에스케이피유코어 주식회사,2023,사업장,석유화학,45114.0,992.0,한국표준협회,,사업장 2개 합산
912,환경부,에스케이하이닉스 시스템아이씨(주),2023,업체,반도체 제조업,131.0,2.0,(주)비에스아이그룹코리아,,업체 우선
913,환경부,에스케이하이닉스 주식회사,2023,업체,반도체 제조업,4789833.0,94584.0,(주)비에스아이그룹코리아,,업체 우선
914,환경부,에스티엠 주식회사,2023,사업장,일차전지 및 축전지 제조업,51802.0,1072.0,한국표준협회,,단일 사업장
915,환경부,에스폼(주),2023,사업장,1차 비철금속 제조업,1.0,0.0,한국표준협회,,단일 사업장
916,환경부,에스피엘(주),2023,사업장,기타 식품 제조업,28309.0,642.0,(주)비에스아이그룹코리아,,단일 사업장
917,환경부,에어리퀴드코리아 주식회사,2023,업체,기초 화학물질 제조업,241790.0,2736.0,로이드인증원㈜,,업체 우선
918,환경부,에어부산(주),2023,업체,항공 여객 운송업,172964.0,2480.0,한국표준협회,,업체 우선
919,국토교통부,에어서울 주식회사,2023,업체,교통(항공),34550.0,495.0,한국표준협회,,업체 우선
921,환경부,에어프로덕츠코리아 주식회사,2023,업체,기초 화학물질 제조업,795152.0,16409.0,로이드인증원㈜,,업체 우선
922,환경부,에이에스이코리아주식회사,2023,사업장,반도체 제조업,108886.0,2255.0,㈜디엔브이비즈니스어슈어런스코리아,,단일 사업장
923,산업통상자원부,에이지씨디스플레이글라스오창주식회사,2023,사업장,유리,11815.0,246.0,㈜디엔브이비즈니스어슈어런스코리아,,단일 사업장
925,환경부,에이지씨화인테크노한국주식회사,2023,업체,유리 및 유리제품 제조업,197984.0,3984.0,㈜디엔브이비즈니스어슈어런스코리아,,업체 우선
926,산업통상자원부,에이치디 현대건설기계(주),2023,사업장,기계,13223.0,194.0,㈜디엔브이비즈니스어슈어런스코리아,,단일 사업장
928,국토교통부,에이치디씨리조트(주),2023,사업장,건물,15057.0,305.0,한국표준협회,,단일 사업장
930,국토교통부,에이치디씨아이파크몰 주식회사,2023,사업장,건물,19691.0,406.0,(주)한국경영인증원,,단일 사업장
932,산업통상자원부,에이치디씨폴리올(주),2023,사업장,석유화학,70171.0,1176.0,한국표준협회,,사업장 2개 합산
934,산업통상자원부,에이치디씨현대이피 주식회사,2023,사업장,석유화학,22948.0,423.0,한국표준협회,,단일 사업장
936,환경부,에이치디현대에너지솔루션(주),2023,사업장,반도체 제조업,41779.0,780.0,(주)한국경영인증원,,단일 사업장
937,환경부,에이치디현대오씨아이 주식회사,2023,업체,기초 화학물질 제조업,368689.0,4215.0,(재)한국품질재단,,업체 우선
938,환경부,에이치디현대인프라코어(주),2023,사업장,특수 목적용 기계 제조업,94451.0,1829.0,지속가능인증원주식회사,,단일 사업장
939,환경부,에이치디현대일렉트릭(주),2023,사업장,"전동기, 발전기 및 전기 변환ㆍ공급ㆍ제어 장치 제조업",35941.0,738.0,㈜디엔브이비즈니스어슈어런스코리아,,단일 사업장
940,환경부,에이치디현대중공업 주식회사,2023,업체,선박 및 보트 건조업,639878.0,11284.0,한국표준협회,,업체 우선
941,환경부,에이치디현대케미칼주식회사,2023,업체,기초 화학물질 제조업,2146776.0,39323.0,(재)한국품질재단,,업체 우선
942,환경부,에이치에스지성동조선 주식회사,2023,사업장,선박 및 보트 건조업,46136.0,866.0,한국표준협회,,단일 사업장
943,환경부,에이치엘만도 주식회사,2023,사업장,자동차 신품 부품 제조업,70598.0,1475.0,(주)비에스아이그룹코리아,,단일 사업장
944,환경부,에이치엘비에너지㈜,2023,사업장,폐기물,31771.0,78.0,(재)한국품질재단,,단일 사업장
946,해양수산부,에이치엠엠피에스에이신항만(주),2023,사업장,항만,28561.0,572.0,로이드인증원㈜,,단일 사업장
948,환경부,에코비트에너지정세,2023,업체,폐기물,70701.0,487.0,한국표준협회,,업체 우선
950,산업통상자원부,에코플라스틱(주),2023,사업장,자동차,17728.0,366.0,(재)한국품질재단,,단일 사업장
952,환경부,엘앤에프,2023,사업장,전자 부품 제조업,151192.0,3057.0,(재)한국품질재단,,단일 사업장
953,산업통상자원부,엘에스메탈 주식회사,2023,사업장,비철금속,21168.0,440.0,(주)한국경영인증원,,단일 사업장
955,환경부,엘에스엠앤엠 주식회사,2023,업체,1차 비철금속 제조업,508660.0,8606.0,한국표준협회,,업체 우선
956,산업통상자원부,엘에스일렉트릭(주),2023,사업장,전기전자,18486.0,384.0,(주)한국경영인증원,,단일 사업장
958,환경부,엘에스전선 주식회사,2023,업체,절연선 및 케이블 제조업,106681.0,2163.0,㈜한국품질보증원,,업체 우선
959,환경부,엘지디스플레이(주),2023,업체,전자 부품 제조업,3492475.0,55114.0,㈜디엔브이비즈니스어슈어런스코리아,,업체 우선
960,산업통상자원부,엘지마그나 이파워트레인 주식회사,2023,사업장,자동차,20177.0,420.0,(주)비에스아이그룹코리아,,단일 사업장
962,환경부,엘지유플러스(주),2023,업체,전기 통신업,1475170.0,30810.0,한국표준협회,,업체 우선
963,환경부,엘지이노텍 주식회사,2023,업체,전자 부품 제조업,403790.0,8495.0,(주)비에스아이그룹코리아,,업체 우선
964,환경부,엘지전자 주식회사,2023,업체,반도체 제조업,246433.0,5314.0,㈜디엔브이비즈니스어슈어런스코리아,,업체 우선
965,환경부,엠이엠씨코리아주식회사,2023,사업장,반도체 제조업,111356.0,2349.0,(주)신화엔지니어링종합건축사사무소,,단일 사업장
966,환경부,여수시,2023,업체,지정외 폐기물처리업 등,73442.0,763.0,지속가능인증원주식회사,,업체 우선
968,환경부,여천엔씨씨 주식회사,2023,업체,기초 화학물질 제조업,3582493.0,69070.0,(재)한국품질재단,,업체 우선
969,환경부,연천군,2023,사업장,폐기물,21312.0,28.0,(재)한국품질재단,,단일 사업장
971,산업통상자원부,영보화학(주),2023,사업장,석유화학,12126.0,231.0,(주)한국경영인증원,,단일 사업장
973,해양수산부,영우해운(주),2023,사업장,교통(해운),10409.0,146.0,한국표준협회,,단일 사업장
975,환경부,영주시,2023,사업장,폐기물 처리업,25776.0,6.0,(재)한국품질재단,,단일 사업장
977,환경부,영풍전자(주),2023,사업장,전자 부품 제조업,81875.0,1658.0,(주)한국경영인증원,,단일 사업장
978,환경부,영풍제지(주),2023,사업장,"펄프, 종이 및 판지 제조업",91010.0,1181.0,한국표준협회,,단일 사업장
979,환경부,영화금속(주),2023,사업장,금속 주조업,80900.0,1156.0,한국표준협회,,단일 사업장
980,환경부,오뚜기라면 주식회사,2023,업체,기타 식품 제조업,45725.0,920.0,(주)비에스아이그룹코리아,,업체 우선
981,환경부,오라이온코리아 주식회사,2023,업체,기초 화학물질 제조업,424727.0,742.0,㈜디엔브이비즈니스어슈어런스코리아,,업체 우선
982,환경부,오비맥주(주),2023,사업장,알코올 음료 제조업,92625.0,1944.0,(주)한국경영인증원,,단일 사업장
983,환경부,오산시,2023,사업장,하수처리업,19642.0,272.0,㈜한국품질보증원,,단일 사업장
985,산업통상자원부,오성연료전지 주식회사,2023,사업장,발전에너지,36466.0,0.0,한국표준협회,,단일 사업장
987,환경부,오씨아이주식회사,2023,업체,기타 화학제품 제조업,1164209.0,18039.0,㈜디엔브이비즈니스어슈어런스코리아,,업체 우선
988,환경부,오씨아이홀딩스 주식회사,2023,업체,기초 화학물질 제조업,1163.0,23.0,㈜디엔브이비즈니스어슈어런스코리아,,업체 우선
989,농림축산식품부,오케이에프음료(주),2023,사업장,음료제조업,19980.0,376.0,한국표준협회,,단일 사업장
991,환경부,온세미컨덕터코리아(주),2023,업체,반도체 제조업,195764.0,2967.0,(주)비에스아이그룹코리아,,업체 우선
992,환경부,와이케이스틸(주),2023,업체,1차 철강 제조업,248073.0,4451.0,한국표준협회,,업체 우선
993,환경부,용남고속(주),2023,사업장,육상 여객 운송업,24545.0,426.0,(주)한국경영인증원,,단일 사업장
994,환경부,용산화학(주),2023,사업장,기초 화학물질 제조업,111804.0,938.0,한국가스안전공사,,단일 사업장
995,환경부,용인시,2023,업체,폐기물 처리업,178471.0,2006.0,㈜한국품질보증원,,업체 우선
996,산업통상자원부,우지막코리아(주),2023,사업장,요업,6793.0,138.0,한국표준협회,,단일 사업장
998,환경부,우진환경개발(주),2023,사업장,폐기물 처리업,53661.0,774.0,㈜한국품질보증원,,단일 사업장
999,환경부,울산과학기술원,2023,사업장,고등 교육기관,37403.0,776.0,한국표준협회,,단일 사업장
1000,환경부,울산광역시,2023,업체,폐기물 처리업,324288.0,3100.0,㈜한국품질보증원,,업체 우선
1001,환경부,울산아로마틱스(주),2023,업체,기초 화학물질 제조업,432872.0,10073.0,㈜디엔브이비즈니스어슈어런스코리아,,업체 우선
1002,환경부,울산알루미늄 주식회사,2023,업체,1차 비철금속 제조업,151460.0,3076.0,(주)한국경영인증원,,업체 우선
1003,산업통상자원부,울산피피주식회사,2023,사업장,석유화학,41034.0,1087.0,(주)한국경영인증원,,단일 사업장
1005,환경부,원주시,2023,사업장,"하수, 폐수 및 분뇨 처리업",62800.0,718.0,(재)한국화학융합시험연구원,,단일 사업장
1006,환경부,위드인천에너지(주),2023,업체,"증기, 냉ㆍ온수 및 공기 조절 공급업",23073.0,483.0,(재)한국품질재단,,업체 우선
1007,환경부,유니온머티리얼(주),2023,사업장,"내화, 비내화 요업제품 제조업",38832.0,787.0,(재)한국품질재단,,단일 사업장
1008,환경부,유니투스 주식회사,2023,업체,자동차 신품 부품 제조업,68181.0,1414.0,(재)한국품질재단,,업체 우선
1009,산업통상자원부,유성기업(주),2023,사업장,자동차,14327.0,294.0,(주)비에스아이그룹코리아,,단일 사업장
1011,환경부,유한킴벌리 주식회사,2023,업체,"펄프, 종이 및 판지 제조업",191357.0,3865.0,(재)한국품질재단,,업체 우선
1012,환경부,유한회사 사조씨피케이,2023,업체,"곡물 가공품, 전분 및 전분제품 제조업",126734.0,2333.0,(재)한국품질재단,"""인그리디언코리아 유한회사"" 업체명 변경",업체 우선
1013,환경부,유한회사 스태츠칩팩코리아,2023,사업장,반도체 제조업,72323.0,1505.0,(주)신화엔지니어링종합건축사사무소,,단일 사업장
1014,산업통상자원부,유한회사 클라리오스델코,2023,사업장,전기전자,46094.0,954.0,(주)한국경영인증원,,단일 사업장
1016,환경부,율촌화학(주),2023,사업장,플라스틱 제품 제조업,84865.0,1572.0,(주)한국경영인증원,,단일 사업장
1017,국토교통부,의료법인 길 의료재단,2023,사업장,건물,22479.0,461.0,(재)한국화학융합시험연구원,,단일 사업장
1019,환경부,의정부시,2023,사업장,"하수, 폐수 및 분뇨 처리업",72306.0,719.0,㈜한국품질보증원,,단일 사업장
1020,산업통상자원부,이건에너지(주),2023,사업장,산업단지,15513.0,2613.0,㈜한국품질보증원,,단일 사업장
1022,환경부,이구산업(주),2023,사업장,1차 비철금속 제조업,34607.0,713.0,한국생산성본부인증원(주),,단일 사업장
1023,환경부,이누스 주식회사,2023,사업장,"내화, 비내화 요업제품 제조업",50392.0,900.0,한국표준협회,,단일 사업장
1024,환경부,이도에코오산(주),2023,업체,폐기물,57085.0,34.0,(재)한국품질재단,,업체 우선
1026,환경부,이도에코전주(주),2023,사업장,폐기물 처리업,45731.0,34.0,㈜한국품질보증원,,단일 사업장
1028,산업통상자원부,이래에이엠에스 주식회사,2023,사업장,자동차,26130.0,540.0,㈜한국품질보증원,,단일 사업장
1030,환경부,이스트만화이버코리아 주식회사,2023,사업장,화학섬유 제조업,37641.0,639.0,(주)한국경영인증원,,단일 사업장
1031,환경부,이천시,2023,사업장,폐기물 처리업,124566.0,1094.0,㈜한국품질보증원,,단일 사업장
1032,환경부,익산시,2023,사업장,폐기물 처리업,75533.0,598.0,㈜한국품질보증원,,단일 사업장
1033,환경부,인제군,2023,사업장,폐기물,20256.0,29.0,(주)한국경영인증원,,단일 사업장
1035,환경부,인천공항에너지,2023,업체,"증기, 냉ㆍ온수 및 공기 조절 공급업",212737.0,4221.0,㈜한국품질보증원,,업체 우선
1036,환경부,인천광역시,2023,업체,폐기물 처리업,400718.0,4989.0,(재)한국품질재단,,업체 우선
1037,환경부,인천교통공사,2023,사업장,육상 여객 운송업,114361.0,2358.0,한국표준협회,,단일 사업장
1038,환경부,인천국제공항공사,2023,업체,기타 운송관련 서비스업,245143.0,4721.0,한국표준협회,,업체 우선
1039,산업통상자원부,인천연료전지(주),2023,업체,발전에너지,162666.0,23.0,(주)한국경영인증원,,업체 우선
1041,환경부,인천종합에너지(주),2023,업체,"증기, 냉ㆍ온수 및 공기 조절 공급업",375972.0,7549.0,㈜디엔브이비즈니스어슈어런스코리아,,업체 우선
1042,환경부,인터지스(주),2023,사업장,도로 화물 운송업,32986.0,490.0,(주)한국경영인증원,,단일 사업장
1043,산업통상자원부,인프라에어홀딩스 주식회사,2023,업체,석유화학,248472.0,5191.0,한국표준협회,,업체 우선
1045,농림축산식품부,일산실업(주) 칠서에탄올공장,2023,사업장,음료제조업,8100.0,390.0,한국표준협회,,단일 사업장
1047,해양수산부,일신로지스틱스주식회사,2023,사업장,교통(해운),16187.0,237.0,㈜디엔브이비즈니스어슈어런스코리아,,단일 사업장
1049,환경부,일신방직(주),2023,사업장,방적 및 가공사 제조업,50724.0,1060.0,로이드인증원㈜,,단일 사업장
1050,환경부,일진디스플레이(주),2023,사업장,전자 부품 제조업,12202.0,254.0,한국표준협회,,단일 사업장
1051,환경부,일진제강(주),2023,사업장,1차 철강 제조업,51635.0,1046.0,한국표준협회,,단일 사업장
1052,환경부,재단법인 대구경북과학기술원,2023,사업장,고등 교육기관,30361.0,612.0,한국표준협회,,단일 사업장
1053,환경부,재단법인 아산사회복지재단,2023,사업장,병원,99532.0,2002.0,한국표준협회,,단일 사업장
1054,환경부,재원산업,2023,사업장,기초 화학물질 제조업,22608.0,581.0,(재)한국품질재단,,단일 사업장
1055,환경부,전기초자코리아(주),2023,업체,유리 및 유리제품 제조업,34307.0,697.0,한국표준협회,,업체 우선
1056,환경부,전남대학교,2023,사업장,고등 교육기관,36057.0,729.0,한국표준협회,,단일 사업장
1057,산업통상자원부,전방(주),2023,업체,섬유,35256.0,733.0,(주)한국경영인증원,,업체 우선
1059,환경부,전북대학교,2023,사업장,고등 교육기관,35859.0,739.0,(주)한국경영인증원,,단일 사업장
1060,국토교통부,전북대학교병원,2023,사업장,건물,22519.0,461.0,(재)한국화학융합시험연구원,,단일 사업장
1062,환경부,전북집단에너지 주식회사,2023,업체,"증기, 냉ㆍ온수 및 공기 조절 공급업",191154.0,2228.0,로이드인증원㈜,,업체 우선
1063,환경부,전주시,2023,업체,폐기물 처리업,177894.0,1839.0,㈜한국품질보증원,,업체 우선
1064,국토교통부,전차연물류(주),2023,사업장,교통(화물),17357.0,246.0,㈜한국품질보증원,,단일 사업장
1066,환경부,제이비 주식회사,2023,사업장,"증기, 냉ㆍ온수 및 공기 조절 공급업",24507.0,595.0,(재)한국품질재단,,단일 사업장
1067,환경부,제이셋스태츠칩팩코리아(유),2023,사업장,반도체 제조업,89434.0,1864.0,(주)신화엔지니어링종합건축사사무소,,단일 사업장
1068,환경부,제주특별자치도,2023,업체,폐기물 처리업,385683.0,3439.0,한국표준협회,,업체 우선
1069,환경부,제주특별자치도개발공사,2023,사업장,비알코올 음료 및 얼음 제조업,32104.0,645.0,한국표준협회,,단일 사업장
1070,환경부,제주항공(주),2023,업체,항공 여객 운송업,228974.0,3283.0,(재)한국화학융합시험연구원,,업체 우선
1071,환경부,제천시,2023,사업장,"하수, 폐수 및 분뇨 처리업",53681.0,341.0,(재)한국품질재단,,단일 사업장
1072,산업통상자원부,조선내화(주),2023,사업장,요업,19329.0,370.0,(재)한국품질재단,,단일 사업장
1074,국토교통부,조선대학교,2023,사업장,건물,14888.0,305.0,한국생산성본부인증원(주),,단일 사업장
1076,환경부,조일알미늄 주식회사,2023,사업장,1차 비철금속 제조업,82972.0,1680.0,(재)한국품질재단,,단일 사업장
1077,산업통상자원부,존슨일렉트릭오퍼레이션스(주),2023,사업장,자동차,16415.0,324.0,한국표준협회,,단일 사업장
1079,산업통상자원부,주성엔지니어링(주),2023,사업장,기계,3987.0,83.0,(재)한국품질재단,,단일 사업장
1081,환경부,주식회사 GS구미열병합발전,2023,업체,"증기, 냉ㆍ온수 및 공기 조절 공급업",1058705.0,12014.0,(재)한국품질재단,,업체 우선
1083,환경부,주식회사 GS반월열병합발전,2023,업체,"증기, 냉ㆍ온수 및 공기 조절 공급업",887504.0,10323.0,(재)한국품질재단,,업체 우선
1085,국토교통부,주식회사 경방,2023,사업장,건물,18160.0,375.0,한국생산성본부인증원(주),,단일 사업장
1087,환경부,주식회사 고려시멘트,2023,업체,"시멘트, 석회, 플라스터 및 그 외 제품 제조업",317492.0,2010.0,한국표준협회,,업체 우선
1088,환경부,주식회사 고려제지,2023,업체,"펄프, 종이 및 판지 제조업",130657.0,3650.0,(주)한국경영인증원,,업체 우선
1089,국토교통부,주식회사 국민은행,2023,업체,건물,93481.0,1504.0,한국표준협회,,업체 우선
1091,환경부,주식회사 그린바이로,2023,사업장,지정외 폐기물처리업,74968.0,16.0,한국표준협회,,단일 사업장
1093,환경부,주식회사 그린밸리,2023,사업장,폐기물,38478.0,23.0,㈜한국품질보증원,"""㈜이앤컴퍼니"" 업체명 변경",단일 사업장
1095,국토교통부,주식회사 남성버스,2023,사업장,교통(여객),16395.0,308.0,(주)한국경영인증원,,단일 사업장
1097,산업통상자원부,주식회사 녹수,2023,사업장,석유화학,25614.0,516.0,로이드인증원㈜,,단일 사업장
1099,환경부,주식회사 농심,2023,업체,기타 식품 제조업,183130.0,3623.0,한국표준협회,,업체 우선
1100,환경부,주식회사 뉴그린,2023,업체,폐기물 처리업,110785.0,230.0,(주)한국경영인증원,,업체 우선
1101,환경부,주식회사 대륜발전,2023,업체,"증기, 냉ㆍ온수 및 공기 조절 공급업",668733.0,13253.0,한국표준협회,,업체 우선
1102,환경부,주식회사 대유글로벌,2023,사업장,자동차 신품 부품 제조업,36187.0,740.0,(재)한국품질재단,,단일 사업장
1103,국토교통부,주식회사 대전신세계,2023,사업장,건물,22161.0,460.0,(주)한국경영인증원,,단일 사업장
1105,환경부,주식회사 대창,2023,사업장,1차 비철금속 제조업,31844.0,654.0,한국가스안전공사,,단일 사업장
1106,환경부,주식회사 대한세라믹스,2023,사업장,"내화, 비내화 요업제품 제조업",39660.0,729.0,(주)한국경영인증원,,단일 사업장
1107,환경부,주식회사 대호에이엘,2023,사업장,1차 비철금속 제조업,30266.0,612.0,(주)한국경영인증원,,단일 사업장
1108,환경부,주식회사 더블유티씨서울,2023,사업장,부동산 임대 및 공급업,56136.0,1158.0,(주)한국경영인증원,,단일 사업장
1109,환경부,주식회사 덕양에너젠,2023,업체,기초 화학물질 제조업,29057.0,602.0,지속가능인증원주식회사,,업체 우선
1110,국토교통부,주식회사 동부고속,2023,사업장,교통(여객),22747.0,333.0,(주)한국경영인증원,,단일 사업장
1112,환경부,주식회사 동성케미컬,2023,사업장,기초 화학물질 제조업,32141.0,624.0,한국생산성본부인증원(주),,단일 사업장
1113,산업통상자원부,주식회사 동아,2023,사업장,기계,21122.0,437.0,한국표준협회,,단일 사업장
1115,환경부,주식회사 디비메탈,2023,업체,1차 철강 제조업,547624.0,6269.0,(재)한국품질재단,,업체 우선
1116,환경부,주식회사 디비하이텍,2023,업체,반도체 제조업,271448.0,3956.0,(주)비에스아이그룹코리아,,업체 우선
1117,국토교통부,주식회사 디앤오,2023,사업장,건물,16604.0,339.0,(재)한국품질재단,,단일 사업장
1119,환경부,주식회사 디에스단석,2023,사업장,1차 비철금속 제조업,80850.0,1568.0,한국표준협회,,단일 사업장
1120,산업통상자원부,주식회사 디엔 오토모티브,2023,사업장,전기전자,18582.0,386.0,한국표준협회,,단일 사업장
1122,산업통상자원부,주식회사 메타즈,2023,사업장,기계,10564.0,218.0,㈜한국품질보증원,,단일 사업장
1124,환경부,주식회사 명성,2023,사업장,육상 여객 운송업,23481.0,393.0,(주)한국경영인증원,,단일 사업장
1125,환경부,주식회사 명성환경,2023,사업장,폐기물 처리업,17.0,279.0,(주)한국경영인증원,,단일 사업장
1126,국토교통부,주식회사 무주덕유산리조트,2023,사업장,건물,16508.0,305.0,(주)한국경영인증원,,단일 사업장
1128,국토교통부,주식회사 문화방송,2023,사업장,건물,16148.0,350.0,(주)한국경영인증원,,단일 사업장
1130,환경부,주식회사 범우,2023,사업장,폐기물 처리업,86077.0,76.0,한국표준협회,,단일 사업장
1131,환경부,주식회사 베어링아트,2023,사업장,자동차 신품 부품 제조업,61047.0,1263.0,한국표준협회,,단일 사업장
1132,환경부,주식회사 삼기,2023,사업장,자동차 신품 부품 제조업,65830.0,1264.0,(주)한국경영인증원,,단일 사업장
1133,환경부,주식회사 삼보광업,2023,업체,"시멘트, 석회, 플라스터 및 그 외 제품 제조업",157529.0,401.0,한국생산성본부인증원(주),,업체 우선
1134,환경부,주식회사 삼양사,2023,업체,"곡물 가공품, 전분 및 전분제품 제조업",260575.0,6152.0,한국표준협회,,업체 우선
1135,환경부,주식회사 삼양패키징,2023,업체,플라스틱 제품 제조업,135941.0,2866.0,한국표준협회,,업체 우선
1136,환경부,주식회사 삼영,2023,사업장,플라스틱 제품 제조업,29751.0,610.0,한국표준협회,,단일 사업장
1137,국토교통부,주식회사 서부티엔디,2023,사업장,건물,21029.0,432.0,한국표준협회,,단일 사업장
1139,환경부,주식회사 세아베스틸,2023,업체,1차 철강 제조업,1182414.0,18542.0,한국표준협회,,업체 우선
1140,환경부,주식회사 세아베스틸지주,2023,업체,1차 철강 제조업,467.0,9.0,한국표준협회,,업체 우선
1141,환경부,주식회사 세아창원특수강,2023,업체,1차 철강 제조업,455763.0,8330.0,한국표준협회,,업체 우선
1142,환경부,주식회사 세진메탈,2023,사업장,1차 비철금속 제조업,43257.0,692.0,(주)한국경영인증원,,단일 사업장
1143,환경부,주식회사 소노인터내셔널,2023,사업장,일반 및 생활 숙박시설 운영업,138824.0,2942.0,(주)한국경영인증원,,단일 사업장
1144,환경부,주식회사 수석,2023,사업장,유리 및 유리제품 제조업,44995.0,767.0,(주)한국경영인증원,,단일 사업장
1145,환경부,주식회사 스타필드고양,2023,사업장,부동산 임대 및 공급업,26746.0,608.0,㈜한국품질보증원,,단일 사업장
1146,국토교통부,주식회사 스타필드안성,2023,사업장,건물,17633.0,364.0,한국표준협회,,단일 사업장
1148,환경부,주식회사 스타필드하남,2023,사업장,부동산 임대 및 공급업,25608.0,533.0,㈜한국품질보증원,,단일 사업장
1149,국토교통부,주식회사 신세계동대구복합환승센터,2023,사업장,건물,23388.0,486.0,(주)한국경영인증원,,단일 사업장
1151,국토교통부,주식회사 신한은행,2023,업체,건물,72193.0,1178.0,㈜디엔브이비즈니스어슈어런스코리아,,업체 우선
1153,환경부,주식회사 심텍,2023,사업장,전자 부품 제조업,104764.0,2150.0,㈜디엔브이비즈니스어슈어런스코리아,,단일 사업장
1154,환경부,주식회사 심팩인더스트리,2023,업체,1차 철강 제조업,46224.0,965.0,(재)한국품질재단,,업체 우선
1155,산업통상자원부,주식회사 아이유제지,2023,사업장,제지,19422.0,290.0,(주)한국경영인증원,,단일 사업장
1157,환경부,주식회사 알테크노메탈,2023,사업장,금속 주조업,44703.0,746.0,(주)한국경영인증원,,단일 사업장
1158,산업통상자원부,주식회사 알트론김제,2023,사업장,자동차,15098.0,290.0,지속가능인증원주식회사,,단일 사업장
1160,환경부,주식회사 알트론전주,2023,사업장,자동차 신품 부품 제조업,33439.0,642.0,지속가능인증원주식회사,,단일 사업장
1161,환경부,주식회사 에너지네트웍,2023,업체,폐기물 처리업,173204.0,412.0,(주)한국경영인증원,,업체 우선
1162,환경부,주식회사 에스알,2023,업체,철도 운송업,162106.0,3387.0,(주)비에스아이그룹코리아,,업체 우선
1163,환경부,주식회사 에스에프에이반도체,2023,사업장,반도체 제조업,28393.0,573.0,(주)신화엔지니어링종합건축사사무소,,단일 사업장
1164,환경부,주식회사 에스엔엔씨,2023,업체,1차 비철금속 제조업,1416717.0,15144.0,(재)한국품질재단,,업체 우선
1165,환경부,주식회사 에스피씨삼립,2023,사업장,기타 식품 제조업,96085.0,1981.0,(주)비에스아이그룹코리아,,단일 사업장
1166,환경부,주식회사 에스피에스엔에이,2023,사업장,"시멘트, 석회, 플라스터 및 그 외 제품 제조업",42987.0,878.0,(재)한국품질재단,,단일 사업장
1167,환경부,주식회사 에쓰큐씨,2023,업체,"시멘트, 석회, 플라스터 및 그 외 제품 제조업",0.0,0.0,(주)신화엔지니어링종합건축사사무소,,업체 우선
1168,환경부,주식회사 에어퍼스트,2023,업체,기초 화학물질 제조업,654168.0,13452.0,한국가스안전공사,,업체 우선
1169,산업통상자원부,주식회사 에이팩트,2023,사업장,전기전자,27695.0,576.0,한국표준협회,,단일 사업장
1171,산업통상자원부,주식회사 에이프로젠바이오로직스,2023,사업장,석유화학,21973.0,451.0,로이드인증원㈜,,단일 사업장
1173,환경부,주식회사 에코라임,2023,업체,"시멘트, 석회, 플라스터 및 그 외 제품 제조업",107704.0,654.0,(주)신화엔지니어링종합건축사사무소,,업체 우선
1174,환경부,주식회사 에코비트에너지명성,2023,업체,폐기물 처리업,37291.0,48.0,(주)한국경영인증원,,업체 우선
1175,환경부,주식회사 에코비트에너지울산,2023,사업장,"증기, 냉ㆍ온수 및 공기 조절 공급업",89865.0,1068.0,한국표준협회,,단일 사업장
1176,환경부,주식회사 에코이앤이,2023,사업장,폐기물 처리업,45149.0,27.0,한국표준협회,,단일 사업장
1178,산업통상자원부,주식회사 에코프로이엠,2023,사업장,전기전자,116425.0,2432.0,(주)한국경영인증원,,단일 사업장
1180,산업통상자원부,주식회사 엘비루셈,2023,사업장,반도체,21079.0,439.0,(재)한국품질재단,,단일 사업장
1182,환경부,주식회사 엘엑스하우시스,2023,업체,플라스틱 제품 제조업,111501.0,2240.0,㈜디엔브이비즈니스어슈어런스코리아,,업체 우선
1183,환경부,주식회사 엘지에너지솔루션,2023,업체,일차전지 및 축전지 제조업,376451.0,8123.0,(재)한국품질재단,,업체 우선
1184,환경부,주식회사 엘지화학,2023,업체,기초 화학물질 제조업,8129057.0,155577.0,(재)한국품질재단,,업체 우선
1185,환경부,주식회사 영풍,2023,업체,1차 비철금속 제조업,1109762.0,18984.0,(재)한국품질재단,,업체 우선
1186,환경부,주식회사 영흥산업환경,2023,사업장,폐기물 처리업,128979.0,642.0,㈜한국품질보증원,,단일 사업장
1187,국토교통부,주식회사 우리은행,2023,업체,건물,72501.0,1116.0,㈜디엔브이비즈니스어슈어런스코리아,,업체 우선
1189,환경부,주식회사 윈팩,2023,사업장,반도체 제조업,23960.0,498.0,한국표준협회,,단일 사업장
1190,환경부,주식회사 유니드,2023,업체,기초 화학물질 제조업,285162.0,7132.0,로이드인증원㈜,,업체 우선
1191,환경부,주식회사 유니드비티플러스,2023,업체,나무제품 제조업,48546.0,1940.0,로이드인증원㈜,,업체 우선
1192,환경부,주식회사 유니큰,2023,업체,폐기물 처리업,88277.0,611.0,지속가능인증원주식회사,,업체 우선
1193,환경부,주식회사 이랜드리테일,2023,업체,종합 소매업,156824.0,3253.0,한국표준협회,,업체 우선
1194,환경부,주식회사 이엠케이승경,2023,사업장,폐기물 처리업,47379.0,492.0,(주)한국경영인증원,,단일 사업장
1195,환경부,주식회사 전주원파워,2023,사업장,전기업,42211.0,6052.0,한국표준협회,,단일 사업장
1196,환경부,주식회사 전주페이퍼,2023,업체,"펄프, 종이 및 판지 제조업",523240.0,9899.0,한국표준협회,,업체 우선
1197,환경부,주식회사 정선라임,2023,사업장,"시멘트, 석회, 플라스터 및 그 외 제품 제조업",61762.0,211.0,한국표준협회,,단일 사업장
1198,환경부,주식회사 지알엠,2023,사업장,1차 비철금속 제조업,83241.0,962.0,한국표준협회,,단일 사업장
1199,환경부,주식회사 지에스이앤알,2023,업체,"증기, 냉ㆍ온수 및 공기 조절 공급업",1946859.0,12.0,(재)한국품질재단,,업체 우선
1200,환경부,주식회사 지에스포천그린에너지,2023,업체,"증기, 냉ㆍ온수 및 공기 조절 공급업",1051930.0,13419.0,㈜디엔브이비즈니스어슈어런스코리아,,업체 우선
1201,환경부,주식회사 진로발효,2023,사업장,알코올 음료 제조업,30581.0,763.0,(재)한국품질재단,,단일 사업장
1202,환경부,주식회사 진에어,2023,업체,항공 여객 운송업,224824.0,3218.0,한국표준협회,,업체 우선
1203,환경부,주식회사 카프로,2023,업체,기초 화학물질 제조업,143088.0,875.0,(재)한국품질재단,,업체 우선
1204,환경부,주식회사 케이씨씨글라스,2023,업체,유리 및 유리제품 제조업,730329.0,9673.0,(재)한국품질재단,,업체 우선
1205,환경부,주식회사 케이씨씨실리콘,2023,업체,기초 화학물질 제조업,98302.0,1636.0,(재)한국품질재단,,업체 우선
1206,환경부,주식회사 케이티,2023,업체,전기 통신업,1127466.0,23242.0,㈜한국품질보증원,,업체 우선
1207,환경부,주식회사 케이티클라우드,2023,업체,"자료 처리, 호스팅, 포털 및 기타 인터넷 정보 매개 서비스업",330877.0,7057.0,㈜한국품질보증원,,업체 우선
1208,환경부,주식회사 케이피에프,2023,사업장,기타 금속 가공제품 제조업,44995.0,929.0,(주)한국경영인증원,,단일 사업장
1209,산업통상자원부,주식회사 케이피이그린에너지,2023,사업장,발전에너지,62453.0,9.0,한국표준협회,,단일 사업장
1211,산업통상자원부,주식회사 켐트로닉스,2023,사업장,디스플레이,15361.0,320.0,한국표준협회,,단일 사업장
1213,환경부,주식회사 코리아에어텍,2023,사업장,기초 화학물질 제조업,56634.0,1182.0,한국가스안전공사,,단일 사업장
1214,환경부,주식회사 코엔텍,2023,업체,폐기물 처리업,325970.0,526.0,한국표준협회,,업체 우선
1215,환경부,주식회사 태경비케이,2023,업체,"시멘트, 석회, 플라스터 및 그 외 제품 제조업",618225.0,2547.0,(주)한국경영인증원,,업체 우선
1216,환경부,주식회사 태영이엠씨,2023,업체,"시멘트, 석회, 플라스터 및 그 외 제품 제조업",141107.0,748.0,한국표준협회,,업체 우선
1217,환경부,주식회사 티웨이항공,2023,업체,항공 여객 운송업,199955.0,2866.0,(재)한국화학융합시험연구원,,업체 우선
1218,환경부,주식회사 파라다이스세가사미,2023,사업장,일반 및 생활 숙박시설 운영업,34730.0,717.0,한국표준협회,,단일 사업장
1219,환경부,주식회사 팜한농,2023,업체,"비료, 농약 및 살균ㆍ살충제 제조업",101492.0,1393.0,한국표준협회,,업체 우선
1220,산업통상자원부,주식회사 페트로코너지,2023,사업장,발전에너지,22283.0,1.0,(재)한국품질재단,,단일 사업장
1222,환경부,주식회사 포스코,2023,업체,1차 철강 제조업,71971881.0,372059.0,(재)한국품질재단,,업체 우선
1223,환경부,주식회사 포스코모빌리티솔루션,2023,사업장,1차 철강 제조업,58802.0,1200.0,㈜디엔브이비즈니스어슈어런스코리아,,단일 사업장
1224,환경부,주식회사 포스코엠씨머티리얼즈,2023,사업장,기초 화학물질 제조업,92275.0,1357.0,(재)한국품질재단,,단일 사업장
1225,환경부,주식회사 포스코인터내셔널,2023,업체,전기업,4218056.0,83814.0,(재)한국품질재단,,업체 우선
1226,환경부,주식회사 포스코퓨처엠,2023,업체,"시멘트, 석회, 플라스터 및 그 외 제품 제조업",2388829.0,17757.0,(재)한국품질재단,,업체 우선
1227,환경부,주식회사 풍산,2023,업체,1차 비철금속 제조업,224240.0,4600.0,한국표준협회,,업체 우선
1228,산업통상자원부,주식회사 피앤오케미칼,2023,사업장,석유화학,50747.0,926.0,(재)한국품질재단,,단일 사업장
1230,환경부,주식회사 피에스엠,2023,사업장,기타 금속 가공제품 제조업,21515.0,411.0,로이드인증원㈜,,단일 사업장
1231,환경부,주식회사 피엔알,2023,업체,"해체, 선별 및 원료 재생업",134728.0,1743.0,(재)한국품질재단,,업체 우선
1232,산업통상자원부,주식회사 피케이엘,2023,사업장,전기전자,15821.0,325.0,(주)한국경영인증원,,단일 사업장
1234,국토교통부,주식회사 하나은행,2023,업체,건물,64830.0,977.0,한국표준협회,,업체 우선
1236,환경부,주식회사 하이호휠,2023,사업장,자동차 신품 부품 제조업,27970.0,567.0,지속가능인증원주식회사,,단일 사업장
1237,환경부,주식회사 한국알스트롬,2023,사업장,"펄프, 종이 및 판지 제조업",41364.0,565.0,(재)한국품질재단,"""주식회사 한국알스트롬뭉쇼"" 업체명 변경",단일 사업장
1238,환경부,주식회사 호텔롯데,2023,업체,일반 및 생활 숙박시설 운영업,154040.0,3145.0,(주)한국경영인증원,,업체 우선
1239,국토교통부,주식회사 호텔신라,2023,사업장,건물,21390.0,436.0,한국표준협회,,단일 사업장
1241,환경부,주식회사 효성,2023,사업장,기타 섬유제품 제조업,29804.0,611.0,㈜디엔브이비즈니스어슈어런스코리아,,단일 사업장
1242,환경부,주식회사 후성,2023,업체,기초 화학물질 제조업,219379.0,854.0,한국가스안전공사,,업체 우선
1243,환경부,주식회사 휴스틸,2023,사업장,1차 철강 제조업,30462.0,623.0,(주)신화엔지니어링종합건축사사무소,,단일 사업장
1244,국토교통부,주식회사경기상운,2023,사업장,교통(여객),17273.0,303.0,(주)한국경영인증원,,단일 사업장
1246,환경부,주식회사금강고속,2023,사업장,육상 여객 운송업,23041.0,333.0,한국표준협회,,단일 사업장
1247,해양수산부,주식회사비엔씨티,2023,사업장,항만,35541.0,658.0,한국표준협회,,단일 사업장
1249,국토교통부,중소기업은행,2023,업체,건물,54947.0,795.0,한국표준협회,,업체 우선
1251,산업통상자원부,지에스에코메탈 주식회사,2023,사업장,비철금속,18471.0,254.0,대일이엔씨기술(주),,단일 사업장
1253,환경부,지에스이피에스,2023,업체,전기업,2895414.0,70658.0,로이드인증원㈜,,업체 우선
1254,환경부,지에스칼텍스 주식회사,2023,업체,석유 정제품 제조업,8485606.0,120538.0,(재)한국품질재단,,업체 우선
1255,국토교통부,지엠테크니컬센터코리아 주식회사,2023,사업장,건물,15880.0,323.0,한국표준협회,,단일 사업장
1257,환경부,진양특수강(주),2023,사업장,1차 철강 제조업,29224.0,584.0,한국표준협회,,단일 사업장
1258,환경부,진영페이퍼 주식회사,2023,사업장,"펄프, 종이 및 판지 제조업",89759.0,863.0,(주)한국경영인증원,,단일 사업장
1259,환경부,진주시,2023,사업장,폐기물 처리업,118930.0,622.0,지속가능인증원주식회사,,단일 사업장
1260,환경부,진천군,2023,사업장,지정외 폐기물처리업,17529.0,157.0,한국표준협회,,단일 사업장
1262,환경부,창원시,2023,업체,폐기물 처리업,246229.0,2565.0,㈜한국품질보증원,,업체 우선
1263,환경부,천안시,2023,업체,폐기물 처리업,148022.0,1319.0,㈜한국품질보증원,,업체 우선
1264,국토교통부,천일정기화물자동차(주),2023,사업장,수송,20732.0,300.0,한국표준협회,,단일 사업장
1266,환경부,천일제지(주),2023,사업장,"펄프, 종이 및 판지 제조업",59069.0,892.0,(주)한국경영인증원,,단일 사업장
1267,환경부,청주시,2023,업체,폐기물 처리업,231067.0,1825.0,(재)한국품질재단,,업체 우선
1268,산업통상자원부,청주에코파크 주식회사,2023,사업장,발전에너지,60513.0,3.0,한국표준협회,,단일 사업장
1270,환경부,초당환경(유),2023,사업장,폐기물 처리업,23383.0,72.0,(재)한국품질재단,,단일 사업장
1271,환경부,춘천시,2023,업체,폐기물 처리업,126959.0,683.0,(재)한국화학융합시험연구원,,업체 우선
1272,환경부,춘천에너지 주식회사,2023,업체,"증기, 냉ㆍ온수 및 공기 조절 공급업",814651.0,166.0,로이드인증원㈜,,업체 우선
1273,환경부,충남대학교,2023,사업장,고등 교육기관,29751.0,616.0,로이드인증원㈜,,단일 사업장
1274,국토교통부,충남대학교병원,2023,사업장,건물,21654.0,448.0,한국표준협회,,단일 사업장
1276,국토교통부,충북대학교,2023,사업장,건물,20829.0,406.0,한국표준협회,,단일 사업장
1278,환경부,충주시,2023,사업장,폐기물 처리업,80819.0,727.0,한국표준협회,,단일 사업장
1279,환경부,충청환경에너지(주),2023,사업장,폐기물 처리업,68421.0,107.0,(재)한국품질재단,,단일 사업장
1280,산업통상자원부,컬러스앤이펙츠코리아(주),2023,사업장,석유화학,11071.0,348.0,(재)한국품질재단,,단일 사업장
1282,산업통상자원부,케이브이머티리얼즈 주식회사,2023,사업장,유리,17416.0,443.0,로이드인증원㈜,,단일 사업장
1284,환경부,케이씨글라스(주),2023,사업장,유리 및 유리제품 제조업,36745.0,601.0,(주)신화엔지니어링종합건축사사무소,,단일 사업장
1285,환경부,케이씨씨,2023,업체,"시멘트, 석회, 플라스터 및 그 외 제품 제조업",637871.0,11914.0,(재)한국품질재단,,업체 우선
1286,환경부,케이씨주식회사,2023,업체,기초 화학물질 제조업,181514.0,2528.0,한국표준협회,,업체 우선
1287,환경부,케이씨환경서비스 주식회사,2023,업체,폐기물 처리업,264088.0,1725.0,(재)한국품질재단,,업체 우선
1288,환경부,케이알에너지(주),2023,사업장,"증기, 냉ㆍ온수 및 공기 조절 공급업",45241.0,475.0,한국표준협회,,단일 사업장
1289,환경부,케이알코폴리머 유한회사,2023,사업장,합성고무 및 플라스틱 물질 제조업,27348.0,370.0,(주)한국경영인증원,,단일 사업장
1290,산업통상자원부,케이에이에프 주식회사,2023,사업장,섬유,21637.0,383.0,한국표준협회,,단일 사업장
1292,환경부,케이엠씨해운 주식회사,2023,사업장,해상 운송업,46857.0,649.0,㈜디엔브이비즈니스어슈어런스코리아,,단일 사업장
1293,환경부,케이오씨(주),2023,사업장,기초 화학물질 제조업,40469.0,968.0,(주)한국경영인증원,,단일 사업장
1294,환경부,케이지모빌리티 주식회사,2023,업체,자동차용 엔진 및 자동차 제조업,115698.0,2337.0,㈜한국품질보증원,,업체 우선
1295,환경부,케이지스틸 주식회사,2023,업체,1차 철강 제조업,401511.0,8552.0,(재)한국품질재단,,업체 우선
1296,환경부,케이지이티에스 주식회사,2023,업체,폐기물 처리업,1761.0,31.0,로이드인증원㈜,,업체 우선
1297,환경부,케이지케미칼 주식회사,2023,사업장,"비료, 농약 및 살균ㆍ살충제 제조업",25315.0,413.0,(주)한국경영인증원,,단일 사업장
1299,환경부,코닝정밀소재 주식회사,2023,업체,유리 및 유리제품 제조업,526278.0,10579.0,로이드인증원㈜,,업체 우선
1300,환경부,코리아PTG(주),2023,사업장,기초 화학물질 제조업,106932.0,972.0,(재)한국품질재단,,단일 사업장
1301,환경부,코스모신소재(주),2023,사업장,기타 화학제품 제조업,51887.0,915.0,한국표준협회,,단일 사업장
1302,환경부,코스모화학,2023,사업장,기초 화학물질 제조업,80349.0,1409.0,한국표준협회,,단일 사업장
1303,환경부,코스포영남파워 주식회사,2023,업체,전기업,680475.0,13522.0,한국표준협회,,업체 우선
1304,환경부,코어엔텍 주식회사,2023,업체,폐기물 처리업,307485.0,1776.0,로이드인증원㈜,,업체 우선
1305,산업통상자원부,코오롱글로텍(주),2023,사업장,섬유,20503.0,328.0,한국표준협회,,단일 사업장
1307,환경부,코오롱바스프이노폼 주식회사,2023,사업장,합성고무 및 플라스틱 물질 제조업,89611.0,1421.0,한국표준협회,,단일 사업장
1308,환경부,코오롱인더스트리 주식회사,2023,업체,합성고무 및 플라스틱 물질 제조업,555252.0,10375.0,한국표준협회,,업체 우선
1309,환경부,코오롱플라스틱(주),2023,업체,합성고무 및 플라스틱 물질 제조업,113843.0,1856.0,한국표준협회,,업체 우선
1310,농림축산식품부,코카콜라음료(주),2023,사업장,음료제조업,20829.0,426.0,(재)한국품질재단,,단일 사업장
1312,국토교통부,쿠팡로지스틱스서비스 유한회사,2023,사업장,육상운송 및 파이프라인 운송업,189806.0,3066.0,㈜디엔브이비즈니스어슈어런스코리아,,사업장 2개 합산
1315,국토교통부,쿠팡풀필먼트서비스 유한회사,2023,업체,보관 및 창고업,174454.0,3634.0,㈜디엔브이비즈니스어슈어런스코리아,,업체 우선
1316,환경부,크나우프석고보드 주식회사,2023,업체,"시멘트, 석회, 플라스터 및 그 외 제품 제조업",119896.0,2384.0,(재)한국품질재단,,업체 우선
1317,산업통상자원부,타타대우상용차 주식회사,2023,사업장,자동차,17278.0,325.0,한국생산성본부인증원(주),,단일 사업장
1319,환경부,태경산업(주),2023,업체,1차 철강 제조업,109006.0,1472.0,(주)한국경영인증원,,업체 우선
1320,환경부,태광산업 주식회사,2023,업체,기초 화학물질 제조업,955839.0,14525.0,한국표준협회,,업체 우선
1321,환경부,태림페이퍼주식회사,2023,업체,"펄프, 종이 및 판지 제조업",355388.0,5917.0,㈜한국품질보증원,,업체 우선
1322,환경부,태백시 환경자원센터,2023,사업장,지정외 폐기물처리업 등,10339.0,169.0,한국표준협회,,단일 사업장
1324,환경부,태봉광업 주식회사,2023,업체,"시멘트, 석회, 플라스터 및 그 외 제품 제조업",261790.0,666.0,(주)비에스아이그룹코리아,,업체 우선
1325,산업통상자원부,태양금속공업(주),2023,사업장,기계,21302.0,409.0,(주)한국경영인증원,,단일 사업장
1327,환경부,태영세라믹(주),2023,사업장,"내화, 비내화 요업제품 제조업",25556.0,433.0,한국표준협회,,단일 사업장
1328,환경부,통영시,2023,사업장,폐기물 처리업,34765.0,310.0,(재)한국품질재단,,단일 사업장
1329,산업통상자원부,티케이지에코머티리얼 주식회사,2023,사업장,섬유,7728.0,204.0,(재)한국품질재단,,단일 사업장
1331,환경부,티케이지휴켐스 주식회사,2023,업체,기초 화학물질 제조업,79477.0,1544.0,(재)한국화학융합시험연구원,,업체 우선
1332,환경부,티케이케미칼,2023,업체,화학섬유 제조업,101603.0,1989.0,(주)한국경영인증원,,업체 우선
1333,국토교통부,파르나스호텔 주식회사,2023,사업장,건물,20580.0,424.0,한국표준협회,,단일 사업장
1335,환경부,파인트리포스마그네슘 주식회사,2023,사업장,금속 주조업,35804.0,76.0,(재)한국품질재단,,단일 사업장
1336,환경부,파주시,2023,업체,폐기물 처리업,156399.0,1215.0,㈜한국품질보증원,,업체 우선
1337,환경부,파주에너지서비스,2023,업체,전기업,3885296.0,75682.0,(주)한국경영인증원,,업체 우선
1338,산업통상자원부,파주에코에너지(주),2023,사업장,발전에너지,21546.0,0.0,(주)한국경영인증원,,단일 사업장
1340,환경부,파주전기초자 주식회사,2023,사업장,유리 및 유리제품 제조업,25794.0,425.0,㈜디엔브이비즈니스어슈어런스코리아,,단일 사업장
1341,산업통상자원부,팔미금속공업(주),2023,사업장,철강,16861.0,314.0,한국표준협회,,단일 사업장
1343,환경부,페이퍼코리아,2023,사업장,"펄프, 종이 및 판지 제조업",92403.0,1540.0,한국표준협회,,단일 사업장
1344,환경부,평택시,2023,업체,"하수, 폐수 및 분뇨 처리업",126432.0,1792.0,㈜한국품질보증원,,업체 우선
1345,환경부,평택에너지서비스(주),2023,업체,"증기, 냉ㆍ온수 및 공기 조절 공급업",1278920.0,25012.0,㈜디엔브이비즈니스어슈어런스코리아,,업체 우선
1346,환경부,평화산업(주),2023,사업장,고무제품 제조업,32191.0,656.0,지속가능인증원주식회사,,단일 사업장
1347,산업통상자원부,평화오일씰공업(주),2023,사업장,자동차,15061.0,313.0,지속가능인증원주식회사,,단일 사업장
1349,환경부,포스코스틸리온(주),2023,사업장,1차 철강 제조업,114417.0,2330.0,한국표준협회,,단일 사업장
1350,환경부,포스코홀딩스 주식회사,2023,업체,1차 철강 제조업,6645.0,136.0,(재)한국품질재단,,업체 우선
1351,환경부,포천민자발전 주식회사,2023,업체,전기업,1421820.0,28120.0,(재)한국품질재단,,업체 우선
1352,환경부,포천시,2023,사업장,폐기물 처리업,58762.0,626.0,㈜한국품질보증원,,단일 사업장
1353,환경부,포천파워(주),2023,업체,전기업,1829843.0,36356.0,(재)한국품질재단,,업체 우선
1354,환경부,포항시,2023,업체,폐기물 처리업,160629.0,2401.0,㈜한국품질보증원,,업체 우선
1355,환경부,폴리미래(주),2023,사업장,합성고무 및 플라스틱 물질 제조업,100997.0,1882.0,(재)한국화학융합시험연구원,,단일 사업장
1356,환경부,피아이첨단소재 주식회사,2023,사업장,플라스틱 제품 제조업,83003.0,1450.0,(재)한국품질재단,,단일 사업장
1357,환경부,하나마이크론,2023,사업장,반도체 제조업,38134.0,794.0,(주)한국경영인증원,,단일 사업장
1358,산업통상자원부,하나머티리얼즈(주),2023,사업장,반도체,20428.0,425.0,한국표준협회,,단일 사업장
1360,환경부,하남시,2023,사업장,폐기물 처리업,36998.0,493.0,(재)한국품질재단,,단일 사업장
1361,환경부,하이트진로(주),2023,업체,알코올 음료 제조업,116077.0,2288.0,(재)한국품질재단,,업체 우선
1362,환경부,하이트진로산업(주),2023,사업장,유리 및 유리제품 제조업,32411.0,477.0,(주)한국경영인증원,,단일 사업장
1363,환경부,하이호경금속 주식회사,2023,사업장,1차 비철금속 제조업,24395.0,402.0,㈜한국품질보증원,,단일 사업장
1364,환경부,학교법인 가톨릭학원,2023,사업장,병원,140421.0,2858.0,한국표준협회,,단일 사업장
1365,환경부,학교법인 건국대학교,2023,사업장,고등 교육기관,72202.0,1457.0,(주)한국경영인증원,,단일 사업장
1366,국토교통부,학교법인 경희학원,2023,업체,건물,60346.0,1240.0,로이드인증원㈜,,업체 우선
1368,국토교통부,학교법인 계명대학교,2023,사업장,건물,21292.0,434.0,(주)한국경영인증원,,단일 사업장
1370,환경부,학교법인 고려중앙학원,2023,사업장,고등 교육기관,108831.0,2241.0,㈜한국품질보증원,,단일 사업장
1371,환경부,학교법인 성균관대학,2023,사업장,고등 교육기관,69922.0,1410.0,(주)한국경영인증원,,단일 사업장
1372,환경부,학교법인 연세대학교,2023,업체,고등 교육기관,201772.0,4174.0,(재)한국품질재단,,업체 우선
1373,국토교통부,학교법인 영남학원,2023,사업장,건물,30794.0,633.0,㈜한국품질보증원,,단일 사업장
1375,환경부,학교법인 이화학당,2023,사업장,고등 교육기관,73133.0,3105.0,(주)한국경영인증원,,단일 사업장
1376,국토교통부,학교법인 중앙대학교,2023,사업장,건물,20141.0,415.0,한국표준협회,,단일 사업장
1378,환경부,학교법인 포항공과대학교,2023,사업장,고등 교육기관,75836.0,1733.0,㈜한국품질보증원,,단일 사업장
1379,환경부,학교법인 한양학원,2023,사업장,고등 교육기관,79289.0,1613.0,(주)한국경영인증원,,단일 사업장
1380,환경부,한국가스공사,2023,업체,연료용 가스 제조 및 배관공급업,654218.0,12626.0,(주)신화엔지니어링종합건축사사무소,,업체 우선
1381,환경부,한국경남태양유전(주),2023,사업장,전자 부품 제조업,84149.0,1662.0,(주)한국경영인증원,,단일 사업장
1382,환경부,한국공항공사,2023,사업장,기타 운송관련 서비스업,94111.0,1939.0,로이드인증원㈜,,단일 사업장
1383,국토교통부,한국과학기술연구원,2023,사업장,건물,18514.0,383.0,(주)한국경영인증원,,단일 사업장
1385,환경부,한국과학기술원,2023,사업장,고등 교육기관,85412.0,1723.0,(주)한국경영인증원,,단일 사업장
1386,국토교통부,한국과학기술정보연구원,2023,사업장,건물,20768.0,433.0,(주)신화엔지니어링종합건축사사무소,,단일 사업장
1388,산업통상자원부,한국기초소재(주),2023,사업장,시멘트,20818.0,424.0,한국표준협회,,단일 사업장
1390,환경부,한국남동발전,2023,업체,전기업,31642766.0,383625.0,한국표준협회,,업체 우선
1391,환경부,한국남부발전 주식회사,2023,업체,전기업,26749983.0,345098.0,(재)한국품질재단,,업체 우선
1392,환경부,한국넥슬렌유한회사,2023,업체,합성고무 및 플라스틱 물질 제조업,119806.0,2206.0,한국표준협회,,업체 우선
1393,환경부,한국니토옵티칼(주),2023,사업장,플라스틱 제품 제조업,33388.0,634.0,㈜디엔브이비즈니스어슈어런스코리아,,단일 사업장
1394,환경부,한국도로공사,2023,업체,기타 운송관련 서비스업,264087.0,5290.0,로이드인증원㈜,,업체 우선
1395,환경부,한국동서발전 주식회사,2023,업체,전기업,27175504.0,327976.0,㈜한국품질보증원,,업체 우선
1396,산업통상자원부,한국무브넥스(주),2023,사업장,철강,17429.0,362.0,한국표준협회,,단일 사업장
1398,환경부,한국바스프 주식회사,2023,업체,기초 화학물질 제조업,642191.0,9586.0,(재)한국품질재단,,업체 우선
1399,국토교통부,한국방송공사,2023,사업장,건물,16960.0,355.0,대일이엔씨기술(주),,단일 사업장
1401,국토교통부,한국보훈복지의료공단,2023,사업장,건물,15169.0,311.0,한국표준협회,,단일 사업장
1403,환경부,한국서부발전,2023,업체,전기업,29297637.0,363987.0,(주)신화엔지니어링종합건축사사무소,,업체 우선
1404,산업통상자원부,한국세큐리트(주),2023,사업장,유리,31271.0,650.0,(주)한국경영인증원,,단일 사업장
1406,환경부,한국수력원자력,2023,업체,전기업,3051212.0,62322.0,(재)한국품질재단,,업체 우선
1407,환경부,한국수자원공사,2023,업체,수도업,794143.0,16550.0,(주)한국경영인증원,,업체 우선
1408,환경부,한국수출포장공업(주),2023,업체,"펄프, 종이 및 판지 제조업",124898.0,1861.0,㈜디엔브이비즈니스어슈어런스코리아,,업체 우선
1409,환경부,한국쓰리엠(주),2023,사업장,플라스틱 제품 제조업,43292.0,882.0,한국표준협회,,단일 사업장
1410,환경부,한국씨엔티(주),2023,사업장,"시멘트, 석회, 플라스터 및 그 외 제품 제조업",58675.0,1147.0,(주)한국경영인증원,,단일 사업장
1411,환경부,한국알콜산업(주),2023,사업장,기초 화학물질 제조업,35201.0,1497.0,한국생산성본부인증원(주),,단일 사업장
1413,환경부,한국앤컴퍼니 주식회사,2023,업체,일차전지 및 축전지 제조업,76233.0,1574.0,(재)한국화학융합시험연구원,,업체 우선
1414,산업통상자원부,한국엔에스케이(주),2023,사업장,기계,19414.0,405.0,한국표준협회,,단일 사업장
1416,환경부,한국엔지니어링플라스틱,2023,업체,합성고무 및 플라스틱 물질 제조업,174975.0,3357.0,한국표준협회,,업체 우선
1417,환경부,한국오웬스코닝(주),2023,사업장,유리 및 유리제품 제조업,78110.0,1500.0,대일이엔씨기술(주),,단일 사업장
1418,국토교통부,한국원자력연구원,2023,사업장,건물,21384.0,441.0,로이드인증원㈜,,단일 사업장
1420,국토교통부,한국원자력의학원,2023,사업장,건물,16427.0,337.0,로이드인증원㈜,,단일 사업장
1422,환경부,한국유미코아 유한책임회사,2023,사업장,일차전지 및 축전지 제조업,84221.0,1689.0,(재)한국품질재단,,단일 사업장
1423,환경부,한국이네오스스티롤루션 주식회사,2023,사업장,합성고무 및 플라스틱 물질 제조업,71444.0,1568.0,(재)한국품질재단,,단일 사업장
1424,환경부,한국전력공사,2023,업체,전기업,870499.0,7868.0,지속가능인증원주식회사,,업체 우선
1425,국토교통부,한국전자통신연구원,2023,사업장,건물,19730.0,409.0,대일이엔씨기술(주),,단일 사업장
1427,환경부,한국제강 주식회사,2023,업체,1차 철강 제조업,233174.0,4322.0,한국표준협회,,업체 우선
1428,환경부,한국제지 주식회사,2023,업체,"펄프, 종이 및 판지 제조업",310138.0,6436.0,(재)한국품질재단,,업체 우선
1429,환경부,한국주철관공업(주),2023,사업장,1차 철강 제조업,60392.0,800.0,한국표준협회,,단일 사업장
1430,환경부,한국중부발전,2023,업체,전기업,31296813.0,400017.0,(재)한국품질재단,,업체 우선
1431,환경부,한국지엠 주식회사,2023,업체,자동차용 엔진 및 자동차 제조업,248449.0,5050.0,한국표준협회,,업체 우선
1432,환경부,한국지역난방공사,2023,업체,"증기, 냉ㆍ온수 및 공기 조절 공급업",5764532.0,115706.0,(주)신화엔지니어링종합건축사사무소,,업체 우선
1433,환경부,한국철강,2023,업체,1차 철강 제조업,374042.0,6713.0,㈜한국품질보증원,,업체 우선
1434,환경부,한국철도공사,2023,업체,철도 운송업,1504017.0,29835.0,한국표준협회,,업체 우선
1435,환경부,한국타이어앤테크놀로지(주),2023,업체,고무제품 제조업,408777.0,8445.0,(재)한국품질재단,,업체 우선
1436,환경부,한국토지주택공사,2023,업체,"증기, 냉ㆍ온수 및 공기 조절 공급업",236696.0,4713.0,㈜디엔브이비즈니스어슈어런스코리아,,업체 우선
1437,국토교통부,한국표준과학연구원,2023,사업장,건물,21175.0,437.0,(주)신화엔지니어링종합건축사사무소,,단일 사업장
1439,농림축산식품부,한국필립모리스(주),2023,사업장,담배제조업,22872.0,468.0,한국표준협회,,단일 사업장
1441,환경부,한국항공우주산업(주),2023,사업장,"항공기, 우주선 및 부품 제조업",65285.0,1299.0,(주)신화엔지니어링종합건축사사무소,,단일 사업장
1442,국토교통부,한국핵융합에너지연구원,2023,사업장,건물,11740.0,245.0,(주)신화엔지니어링종합건축사사무소,,단일 사업장
1444,환경부,한국환경개발(주),2023,업체,폐기물 처리업,96115.0,466.0,(주)한국경영인증원,,업체 우선
1446,환경부,한라시멘트주식회사,2023,업체,"시멘트, 석회, 플라스터 및 그 외 제품 제조업",4237627.0,24346.0,한국표준협회,,업체 우선
1447,환경부,한맥테코산업㈜,2023,업체,폐기물 처리업,44476.0,32.0,㈜한국품질보증원,,업체 우선
1449,국토교통부,한무쇼핑 주식회사,2023,업체,건물,64924.0,1365.0,한국표준협회,,업체 우선
1451,환경부,한미약품(주),2023,사업장,의약품 제조업,61238.0,1223.0,(주)한국경영인증원,,단일 사업장
1452,산업통상자원부,한미정밀화학(주),2023,사업장,석유화학,15842.0,366.0,(주)한국경영인증원,,단일 사업장
1454,국토교통부,한성운수(주),2023,사업장,교통(여객),15288.0,293.0,(주)한국경영인증원,,단일 사업장
1456,환경부,한세이프에너지(주),2023,업체,폐기물 처리업,50215.0,47.0,(재)한국품질재단,,업체 우선
1458,환경부,한솔제지,2023,업체,"펄프, 종이 및 판지 제조업",910726.0,14976.0,(주)한국경영인증원,,업체 우선
1459,산업통상자원부,한솔테크닉스(주),2023,사업장,전기전자,6950.0,144.0,한국표준협회,,단일 사업장
1461,환경부,한솔페이퍼텍주식회사,2023,사업장,"펄프, 종이 및 판지 제조업",112002.0,1393.0,(주)한국경영인증원,,단일 사업장
1462,환경부,한온시스템 주식회사,2023,사업장,자동차 신품 부품 제조업,62802.0,1321.0,㈜디엔브이비즈니스어슈어런스코리아,,단일 사업장
1463,산업통상자원부,한융금속(주),2023,사업장,비철금속,17569.0,282.0,(주)한국경영인증원,,단일 사업장
1465,환경부,한일시멘트 주식회사,2023,업체,"시멘트, 석회, 플라스터 및 그 외 제품 제조업",4370690.0,27990.0,한국표준협회,,업체 우선
1466,환경부,한일제관(주),2023,사업장,기타 금속 가공제품 제조업,58397.0,1188.0,(주)한국경영인증원,,단일 사업장
1467,산업통상자원부,한일캔 주식회사,2023,사업장,기계,25169.0,442.0,(주)한국경영인증원,,단일 사업장
1469,환경부,한일현대시멘트 주식회사,2023,업체,"시멘트, 석회, 플라스터 및 그 외 제품 제조업",2903539.0,19507.0,한국표준협회,,업체 우선
1470,산업통상자원부,한전원자력연료 주식회사,2023,사업장,석유화학,18030.0,373.0,한국표준협회,,단일 사업장
1472,산업통상자원부,한주라이트메탈 주식회사,2023,사업장,비철금속,17792.0,364.0,(재)한국품질재단,,단일 사업장
1474,해양수산부,한진부산컨테이너터미널,2023,사업장,항만,30913.0,616.0,(주)한국경영인증원,,단일 사업장
1476,환경부,한화솔루션 주식회사,2023,업체,기초 화학물질 제조업,2481024.0,48414.0,㈜디엔브이비즈니스어슈어런스코리아,,업체 우선
1477,환경부,한화에너지주식회사,2023,업체,"증기, 냉ㆍ온수 및 공기 조절 공급업",4957076.0,55185.0,한국표준협회,,업체 우선
1478,환경부,한화에어로스페이스 주식회사,2023,사업장,무기 및 총포탄 제조업,102289.0,1996.0,㈜디엔브이비즈니스어슈어런스코리아,,단일 사업장
1479,환경부,한화엔진 주식회사,2023,사업장,일반 목적용 기계 제조업,37488.0,670.0,㈜디엔브이비즈니스어슈어런스코리아,"""HSD엔진㈜"" 업체명 변경",단일 사업장
1480,환경부,한화오션(주),2023,업체,선박 및 보트 건조업,416679.0,7394.0,㈜디엔브이비즈니스어슈어런스코리아,,업체 우선
1481,산업통상자원부,한화오션에코텍(주),2023,사업장,조선,21505.0,333.0,(주)한국경영인증원,,단일 사업장
1483,환경부,한화임팩트 주식회사,2023,업체,기초 화학물질 제조업,516207.0,9002.0,㈜디엔브이비즈니스어슈어런스코리아,,업체 우선
1484,산업통상자원부,한화첨단소재,2023,사업장,석유화학,42977.0,885.0,㈜디엔브이비즈니스어슈어런스코리아,,단일 사업장
1486,환경부,한화토탈에너지스 주식회사,2023,업체,기초 화학물질 제조업,4571101.0,103864.0,한국가스안전공사,,업체 우선
1487,국토교통부,한화호텔앤드리조트 주식회사,2023,업체,건물,56254.0,1119.0,한국표준협회,,업체 우선
1489,환경부,한황산업주식회사,2023,사업장,자동차 신품 부품 제조업,42468.0,790.0,㈜한국품질보증원,,단일 사업장
1490,환경부,해성디에스 주식회사,2023,사업장,반도체 제조업,65732.0,1470.0,(주)비에스아이그룹코리아,,단일 사업장
1491,농림축산식품부,해태에이치티비(주),2023,사업장,음료제조업,18104.0,465.0,(재)한국품질재단,,단일 사업장
1493,환경부,핸즈식스주식회사,2023,사업장,자동차 신품 부품 제조업,73037.0,1494.0,(주)한국경영인증원,,단일 사업장
1494,환경부,핸즈코퍼레이션주식회사,2023,사업장,자동차 신품 부품 제조업,58536.0,1190.0,(재)한국품질재단,,단일 사업장
1495,국토교통부,현대건설(주),2023,업체,건설,87852.0,1722.0,로이드인증원㈜,,업체 우선
1497,환경부,현대글로비스(주),2023,사업장,도로 화물 운송업,79275.0,1207.0,한국표준협회,,단일 사업장
1498,산업통상자원부,현대로템 주식회사,2023,사업장,기계,18055.0,364.0,(주)한국경영인증원,,단일 사업장
1500,환경부,현대모비스(주),2023,업체,자동차 신품 부품 제조업,100704.0,2074.0,(재)한국품질재단,,업체 우선
1501,환경부,현대미포조선,2023,업체,선박 및 보트 건조업,163099.0,2905.0,한국표준협회,,업체 우선
1502,환경부,현대비앤지스틸(주),2023,사업장,1차 철강 제조업,82355.0,1686.0,㈜디엔브이비즈니스어슈어런스코리아,,단일 사업장
1503,환경부,현대삼호중공업 주식회사,2023,업체,선박 및 보트 건조업,266200.0,4552.0,㈜디엔브이비즈니스어슈어런스코리아,,업체 우선
1504,환경부,현대석회(주),2023,사업장,"시멘트, 석회, 플라스터 및 그 외 제품 제조업",84959.0,236.0,(주)한국경영인증원,,단일 사업장
1505,환경부,현대성우쏠라이트 주식회사,2023,사업장,일차전지 및 축전지 제조업,40265.0,830.0,한국표준협회,,단일 사업장
1506,환경부,현대성우캐스팅 주식회사,2023,업체,자동차 신품 부품 제조업,205747.0,4004.0,(재)한국품질재단,,업체 우선
1507,환경부,현대스틸파이프 주식회사,2023,사업장,1차 철강 제조업,33764.0,693.0,로이드인증원㈜,,단일 사업장
1508,환경부,현대아이에프씨 주식회사,2023,업체,1차 철강 제조업,245039.0,4524.0,로이드인증원㈜,,업체 우선
1509,환경부,현대오일뱅크,2023,업체,석유 정제품 제조업,6049520.0,75295.0,(재)한국품질재단,,업체 우선
1510,산업통상자원부,현대오토에버 주식회사,2023,사업장,통신,21379.0,446.0,대일이엔씨기술(주),,단일 사업장
1512,환경부,현대위아 주식회사,2023,업체,자동차 신품 부품 제조업,138476.0,2876.0,㈜디엔브이비즈니스어슈어런스코리아,,업체 우선
1513,환경부,현대자동차 주식회사,2023,업체,자동차용 엔진 및 자동차 제조업,1569435.0,32336.0,로이드인증원㈜,,업체 우선
1514,환경부,현대제철 주식회사,2023,업체,1차 철강 제조업,29269107.0,167110.0,로이드인증원㈜,,업체 우선
1515,산업통상자원부,현대종합금속(주),2023,사업장,기계,17435.0,357.0,로이드인증원㈜,,단일 사업장
1517,환경부,현대종합특수강 주식회사,2023,사업장,1차 철강 제조업,49081.0,988.0,한국표준협회,,단일 사업장
1518,환경부,현대트랜시스 주식회사,2023,업체,자동차 신품 부품 제조업,194917.0,4038.0,㈜디엔브이비즈니스어슈어런스코리아,,업체 우선
1519,산업통상자원부,현우산업(주),2023,사업장,전기전자,16564.0,345.0,한국표준협회,,단일 사업장
1521,산업통상자원부,호스트웨이아이디씨(주),2023,사업장,통신,16766.0,350.0,로이드인증원㈜,,단일 사업장
1523,환경부,홈플러스 주식회사,2023,업체,종합 소매업,395741.0,8060.0,로이드인증원㈜,,업체 우선
1524,환경부,홍덕산업(주),2023,사업장,1차 철강 제조업,73375.0,1642.0,한국생산성본부인증원(주),,단일 사업장
1525,환경부,홍원제지(주),2023,사업장,"펄프, 종이 및 판지 제조업",104008.0,1454.0,한국표준협회,,단일 사업장
1526,환경부,홍천군,2023,사업장,폐기물,16206.0,79.0,(재)한국품질재단,,단일 사업장
1528,환경부,화성시,2023,사업장,폐기물 처리업,131745.0,1254.0,㈜한국품질보증원,"""화성시청"" 업체명 변경",단일 사업장
1529,국토교통부,화영운수(주),2023,사업장,교통(여객),17681.0,293.0,한국표준협회,,단일 사업장
1531,환경부,환영철강공업,2023,업체,1차 철강 제조업,252775.0,4707.0,㈜한국품질보증원,,업체 우선
1532,환경부,효성중공업 주식회사,2023,사업장,"전동기, 발전기 및 전기 변환ㆍ공급ㆍ제어 장치 제조업",47870.0,1009.0,㈜디엔브이비즈니스어슈어런스코리아,,단일 사업장
1533,환경부,효성첨단소재 주식회사,2023,업체,화학섬유 제조업,168272.0,3759.0,㈜디엔브이비즈니스어슈어런스코리아,,업체 우선
1534,환경부,효성티앤씨 주식회사,2023,업체,화학섬유 제조업,259764.0,5961.0,㈜디엔브이비즈니스어슈어런스코리아,,업체 우선
1535,환경부,효성화학 주식회사,2023,업체,기초 화학물질 제조업,839757.0,18333.0,㈜디엔브이비즈니스어슈어런스코리아,,업체 우선
1536,국토교통부,휘닉스중앙 주식회사,2023,사업장,건물,21917.0,436.0,(주)한국경영인증원,,단일 사업장
1538,환경부,휴비스,2023,업체,화학섬유 제조업,393137.0,5860.0,한국표준협회,,업체 우선
1539,산업통상자원부,희성촉매(주),2023,사업장,석유화학,21525.0,439.0,한국표준협회,,단일 사업장
1,기후에너지환경부, 롯데이노베이트(주),2024,사업장,"컴퓨터 프로그래밍, 시스템 통합 및 관리업",120487.0,2514.0,한국표준협회,,단일 사업장
2,기후에너지환경부, 리뉴에너지경인 주식회사,2024,사업장,폐기물 처리업,51427.0,12.0,(주)한국경영인증원,,단일 사업장
3,기후에너지환경부,(유)남해환경,2024,사업장,폐기물 처리업,27986.0,178.0,(재)한국품질재단,,단일 사업장
4,기후에너지환경부,(유)에보닉페록사이드코리아,2024,사업장,기초 화학물질 제조업,36818.0,734.0,(재)한국품질재단,"""(유)에스케이보닉페록사이드코리아"" 업체명 변경",단일 사업장
5,기후에너지환경부,(유)청명,2024,사업장,폐기물,25597.0,511.0,㈜한국품질보증원,,단일 사업장
6,국토교통부,(유)호남고속,2024,사업장,교통(여객),20755.0,317.0,(주)한국경영인증원,,단일 사업장
7,국토교통부,(재)우체국물류지원단,2024,사업장,육상운송 및 파이프라인 운송업,18542.0,273.0,(재)한국품질재단,,단일 사업장
8,기후에너지환경부,(주)MSC,2024,사업장,기타 식품 제조업,29704.0,596.0,(주)한국경영인증원,,단일 사업장
9,기후에너지환경부,(주)SIMPAC,2024,업체,1차 철강 제조업,99791.0,1161.0,한국표준협회,,업체 우선
10,기후에너지환경부,(주)SUN&L,2024,사업장,나무제품 제조업,9998.0,271.0,한국표준협회,,단일 사업장
11,기후에너지환경부,(주)강동씨앤엘,2024,업체,"시멘트, 석회, 플라스터 및 그 외 제품 제조업",9576.0,181.0,한국표준협회,,업체 우선
12,기후에너지환경부,(주)강원랜드,2024,사업장,유원지 및 기타 오락관련 서비스업,79430.0,1602.0,로이드인증원㈜,,단일 사업장
13,기후에너지환경부,(주)건화,2024,사업장,선박 및 보트 건조업,36370.0,655.0,한국표준협회,,단일 사업장
14,기후에너지환경부,(주)경기고속,2024,업체,육상 여객 운송업,115254.0,1851.0,(주)한국경영인증원,,업체 우선
15,기후에너지환경부,(주)경동,2024,업체,석탄 광업,204871.0,383.0,(재)한국품질재단,,업체 우선
16,산업통상부,(주)경동원,2024,사업장,기계,8652.0,168.0,한국표준협회,,단일 사업장
17,산업통상부,(주)경보제약,2024,사업장,석유화학,11603.0,278.0,(주)한국경영인증원,,단일 사업장
18,기후에너지환경부,(주)경북고속,2024,사업장,육상 여객 운송업,31288.0,443.0,(주)한국경영인증원,,단일 사업장
19,산업통상부,(주)경신전선,2024,사업장,전기전자,14500.0,300.0,로이드인증원㈜,,단일 사업장
20,산업통상부,(주)국제금속,2024,사업장,비철금속,29525.0,293.0,(주)한국경영인증원,,단일 사업장
21,기후에너지환경부,(주)그린스코,2024,사업장,폐기물 처리업,59323.0,102.0,(주)한국경영인증원,,단일 사업장
22,기후에너지환경부,(주)금남고속,2024,사업장,육상 여객 운송업,22296.0,318.0,(주)한국경영인증원,,단일 사업장
23,기후에너지환경부,(주)금비,2024,사업장,유리 및 유리제품 제조업,84439.0,1195.0,한국표준협회,,단일 사업장
24,해양수산부,(주)남해고속,2024,사업장,교통(해운),23741.0,338.0,한국표준협회,,단일 사업장
25,산업통상부,(주)네오오토,2024,사업장,자동차,16901.0,350.0,(주)한국경영인증원,,단일 사업장
26,기후에너지환경부,(주)네이처이앤티경주,2024,사업장,지정외 폐기물처리업 등,30830.0,5.0,(주)비에스아이그룹코리아,,단일 사업장
27,산업통상부,(주)네패스,2024,사업장,반도체,15802.0,326.0,(주)비에스아이그룹코리아,,단일 사업장
28,산업통상부,(주)넥센,2024,사업장,석유화학,17306.0,357.0,한국표준협회,,단일 사업장
29,기후에너지환경부,(주)농협물류,2024,사업장,도로 화물 운송업,29600.0,433.0,한국표준협회,,단일 사업장
30,농림축산식품부,(주)농협사료,2024,업체,식료품 제조업,87275.0,1791.0,한국생산성본부인증원(주),,업체 우선
31,기후에너지환경부,(주)다나에너지솔루션,2024,사업장,폐기물 처리업,58590.0,222.0,(주)한국경영인증원,,단일 사업장
32,산업통상부,(주)대농,2024,사업장,섬유,3811.0,79.0,지속가능인증원주식회사,,단일 사업장
33,기후에너지환경부,(주)대동세라믹,2024,사업장,"내화, 비내화 요업제품 제조업",36887.0,677.0,(주)한국경영인증원,,단일 사업장
34,기후에너지환경부,(주)대림제지,2024,사업장,"펄프, 종이 및 판지 제조업",109561.0,1675.0,(재)한국품질재단,,단일 사업장
35,산업통상부,(주)대양금속,2024,사업장,기계,19950.0,395.0,(재)한국품질재단,,단일 사업장
36,국토교통부,(주)대우건설,2024,업체,건설,61064.0,1259.0,한국표준협회,,업체 우선
37,산업통상부,(주)대욱케스트,2024,사업장,철강,15522.0,289.0,(주)한국경영인증원,,단일 사업장
38,산업통상부,(주)대웅제약,2024,사업장,석유화학,20586.0,424.0,(주)한국경영인증원,,단일 사업장
39,기후에너지환경부,(주)대원고속,2024,업체,육상 여객 운송업,117728.0,1920.0,(주)한국경영인증원,,업체 우선
40,기후에너지환경부,(주)대원농산,2024,사업장,폐기물,20027.0,127.0,(재)한국품질재단,,단일 사업장
41,기후에너지환경부,(주)대원버스,2024,사업장,육상 여객 운송업,33811.0,583.0,(주)한국경영인증원,,단일 사업장
42,국토교통부,(주)대원여객,2024,사업장,교통(여객),16290.0,313.0,(주)한국경영인증원,,단일 사업장
43,기후에너지환경부,(주)대원운수,2024,사업장,육상 여객 운송업,35606.0,596.0,(주)한국경영인증원,,단일 사업장
44,기후에너지환경부,(주)대유코아,2024,사업장,"시멘트, 석회, 플라스터 및 그 외 제품 제조업",96217.0,736.0,로이드인증원㈜,,단일 사업장
45,산업통상부,(주)대천텍스타일,2024,사업장,섬유,15547.0,233.0,한국표준협회,,단일 사업장
46,산업통상부,(주)대호특수강,2024,사업장,철강,40263.0,806.0,로이드인증원㈜,,단일 사업장
47,산업통상부,(주)동광화학,2024,사업장,석유화학,25455.0,527.0,(주)한국경영인증원,,단일 사업장
48,기후에너지환경부,(주)동남,2024,사업장,1차 비철금속 제조업,53758.0,837.0,한국표준협회,,단일 사업장
49,기후에너지환경부,(주)동방,2024,사업장,도로 화물 운송업,57667.0,842.0,대일이엔씨기술(주),,단일 사업장
50,기후에너지환경부,(주)동서기공,2024,사업장,자동차 신품 부품 제조업,50632.0,1045.0,(주)한국경영인증원,,단일 사업장
51,기후에너지환경부,(주)동신포리마,2024,사업장,플라스틱 제품 제조업,37349.0,765.0,(주)한국경영인증원,,단일 사업장
52,기후에너지환경부,(주)동양고속,2024,사업장,육상 여객 운송업,53374.0,762.0,(주)한국경영인증원,,단일 사업장
53,기후에너지환경부,(주)동양환경,2024,업체,폐기물 처리업,239750.0,664.0,(재)한국품질재단,,업체 우선
54,농림축산식품부,(주)동우팜투테이블,2024,사업장,식료품 제조업,14515.0,292.0,(재)한국화학융합시험연구원,,단일 사업장
55,농림축산식품부,(주)동원F&B,2024,업체,식료품 제조업,84156.0,1832.0,(주)한국경영인증원,,업체 우선
56,산업통상부,(주)동진쎄미켐,2024,사업장,석유화학,27662.0,567.0,(주)한국경영인증원,,단일 사업장
57,산업통상부,(주)두산,2024,업체,전기전자,55371.0,1102.0,(재)한국품질재단,,업체 우선
58,산업통상부,(주)두산테스나,2024,사업장,반도체,58757.0,1227.0,(재)한국품질재단,,단일 사업장
59,산업통상부,(주)디알액시온,2024,사업장,비철금속,11424.0,233.0,(재)한국품질재단,,단일 사업장
60,기후에너지환경부,(주)디에이피,2024,사업장,전자 부품 제조업,77814.0,1613.0,(주)한국경영인증원,,단일 사업장
61,산업통상부,(주)디케이씨,2024,사업장,철강,17114.0,344.0,한국표준협회,,단일 사업장
62,산업통상부,(주)로옴코리아,2024,사업장,반도체,14770.0,308.0,㈜한국품질보증원,,단일 사업장
63,산업통상부,(주)메디톡스,2024,사업장,석유화학,16584.0,340.0,한국표준협회,,단일 사업장
64,농림축산식품부,(주)면사랑,2024,사업장,식료품 제조업,29600.0,571.0,한국표준협회,,단일 사업장
65,기후에너지환경부,(주)모나리자,2024,사업장,"펄프, 종이 및 판지 제조업",41925.0,781.0,(주)한국경영인증원,,단일 사업장
66,기후에너지환경부,(주)미래페이퍼,2024,사업장,"펄프, 종이 및 판지 제조업",66492.0,1039.0,한국표준협회,,단일 사업장
67,산업통상부,(주)방림,2024,사업장,섬유,19542.0,297.0,한국표준협회,,단일 사업장
68,기후에너지환경부,(주)베르상스퍼시픽,2024,사업장,유리 및 유리제품 제조업,28013.0,481.0,로이드인증원㈜,,단일 사업장
69,기후에너지환경부,(주)벽산,2024,사업장,유리 및 유리제품 제조업,118254.0,2177.0,한국표준협회,,단일 사업장
70,산업통상부,(주)보령,2024,사업장,석유화학,17158.0,303.0,(주)한국경영인증원,,단일 사업장
71,기후에너지환경부,(주)보림씨에스,2024,사업장,폐기물 처리업,52338.0,25.0,(재)한국품질재단,,단일 사업장
72,기후에너지환경부,(주)부산도시가스,2024,사업장,"증기, 냉ㆍ온수 및 공기 조절 공급업",58486.0,302.0,(주)한국경영인증원,,단일 사업장
73,산업통상부,(주)비에이치,2024,사업장,전기전자,18903.0,368.0,한국표준협회,,단일 사업장
74,산업통상부,(주)비엠금속,2024,사업장,철강,15365.0,282.0,(주)한국경영인증원,,단일 사업장
75,농림축산식품부,(주)빙그레,2024,업체,식료품 제조업,59696.0,1200.0,(주)한국경영인증원,,업체 우선
76,기후에너지환경부,(주)삼동,2024,사업장,절연선 및 케이블 제조업,46241.0,955.0,한국표준협회,,단일 사업장
77,국토교통부,(주)삼우에프앤지,2024,사업장,교통(화물),21539.0,357.0,한국표준협회,,단일 사업장
78,기후에너지환경부,(주)삼원강재,2024,사업장,자동차 신품 부품 제조업,31842.0,646.0,(재)한국품질재단,,단일 사업장
79,기후에너지환경부,(주)삼천리,2024,사업장,"증기, 냉ㆍ온수 및 공기 조절 공급업",98837.0,1733.0,한국가스안전공사,,단일 사업장
80,기후에너지환경부,(주)삼표산업,2024,업체,"시멘트, 석회, 플라스터 및 그 외 제품 제조업",89261.0,1559.0,(재)한국품질재단,,업체 우선
81,기후에너지환경부,(주)삼현,2024,사업장,"내화, 비내화 요업제품 제조업",25761.0,445.0,한국표준협회,,단일 사업장
82,산업통상부,(주)삼화양행,2024,업체,전기전자,51499.0,1065.0,(주)한국경영인증원,,업체 우선
83,기후에너지환경부,(주)상공에너지,2024,사업장,"증기, 냉ㆍ온수 및 공기 조절 공급업",4568.0,1601.0,㈜한국품질보증원,,단일 사업장
84,농림축산식품부,(주)샤니,2024,사업장,식료품 제조업,35410.0,719.0,(주)비에스아이그룹코리아,,단일 사업장
85,산업통상부,(주)서원,2024,사업장,비철금속,11134.0,229.0,한국가스안전공사,,단일 사업장
86,기후에너지환경부,(주)서흥,2024,사업장,기타 식품 제조업,37334.0,766.0,한국표준협회,,단일 사업장
87,산업통상부,(주)선일다이파스,2024,사업장,기계,20958.0,432.0,(주)한국경영인증원,,단일 사업장
88,기후에너지환경부,(주)선진운수,2024,사업장,육상 여객 운송업,24798.0,470.0,(재)한국품질재단,,단일 사업장
89,산업통상부,(주)성신미네필드,2024,사업장,시멘트,17752.0,349.0,한국표준협회,,단일 사업장
90,산업통상부,(주)성호금속,2024,사업장,철강,18936.0,338.0,(주)한국경영인증원,,단일 사업장
91,기후에너지환경부,(주)성호금속 경주2공장,2024,사업장,금속 주조업,28588.0,515.0,(주)한국경영인증원,,단일 사업장
92,산업통상부,(주)성호기업,2024,사업장,철강,13162.0,258.0,(주)한국경영인증원,,단일 사업장
93,기후에너지환경부,(주)세아씨엠,2024,사업장,1차 철강 제조업,80019.0,1519.0,한국표준협회,,단일 사업장
94,국토교통부,(주)세아엘앤에스,2024,사업장,교통(화물),14542.0,210.0,한국표준협회,,단일 사업장
95,기후에너지환경부,(주)세아제강,2024,사업장,1차 철강 제조업,63961.0,1305.0,한국표준협회,,단일 사업장
96,기후에너지환경부,(주)세아특수강,2024,사업장,1차 철강 제조업,54540.0,1100.0,한국표준협회,,단일 사업장
97,농림축산식품부,(주)세우,2024,사업장,식료품 제조업,17612.0,357.0,(재)한국품질재단,,단일 사업장
98,기후에너지환경부,(주)세주,2024,사업장,해상 운송업,28350.0,387.0,㈜디엔브이비즈니스어슈어런스코리아,,단일 사업장
99,산업통상부,(주)셀트리온제약,2024,사업장,석유화학,15490.0,317.0,한국표준협회,,단일 사업장
100,국토교통부,(주)시흥교통,2024,사업장,교통(여객),22048.0,401.0,한국표준협회,,단일 사업장
101,기후에너지환경부,(주)신동,2024,사업장,"시멘트, 석회, 플라스터 및 그 외 제품 제조업",79688.0,283.0,한국표준협회,,단일 사업장
102,기후에너지환경부,(주)신세계,2024,업체,종합 소매업,130801.0,2705.0,(주)한국경영인증원,,업체 우선
103,기후에너지환경부,(주)신승에너지,2024,사업장,폐기물 처리업,68270.0,322.0,(재)한국품질재단,,단일 사업장
104,산업통상부,(주)신안주철,2024,사업장,철강,16117.0,302.0,한국표준협회,,단일 사업장
105,농림축산식품부,(주)신영포르투,2024,사업장,나무제품 제조업,18426.0,685.0,(재)한국품질재단,,단일 사업장
106,산업통상부,(주)신우금속,2024,사업장,철강,16858.0,292.0,(재)한국품질재단,,단일 사업장
107,산업통상부,(주)신한중공업,2024,사업장,조선,15472.0,247.0,㈜한국품질보증원,,단일 사업장
108,기후에너지환경부,(주)쌍용씨앤비,2024,사업장,"펄프, 종이 및 판지 제조업",66006.0,1260.0,(주)한국경영인증원,,단일 사업장
109,기후에너지환경부,(주)씨텍,2024,업체,"증기, 냉ㆍ온수 및 공기 조절 공급업",763404.0,10981.0,(주)비에스아이그룹코리아,,업체 우선
110,산업통상부,(주)아바텍,2024,사업장,유리,16462.0,336.0,한국표준협회,,단일 사업장
111,기후에너지환경부,(주)아진피앤피,2024,사업장,"펄프, 종이 및 판지 제조업",138991.0,3288.0,지속가능인증원주식회사,,단일 사업장
112,기후에너지환경부,(주)애니테크,2024,사업장,폐기물 처리업,45268.0,204.0,(주)한국경영인증원,,단일 사업장
113,기후에너지환경부,(주)에너지 세종,2024,사업장,폐기물 처리업,72084.0,425.0,한국표준협회,"""(주)에코비트에너지세종"" 업체명 변경",단일 사업장
114,기후에너지환경부,(주)에너지정세,2024,사업장,폐기물 처리업,60000.0,481.0,한국표준협회,"""에코비트에너지정세"" 업체명 변경",단일 사업장
115,산업통상부,(주)에스이그린에너지,2024,사업장,전기업,55997.0,0.0,한국표준협회,,단일 사업장
116,산업통상부,(주)에스제이금속,2024,사업장,철강,19958.0,351.0,(재)한국품질재단,,단일 사업장
117,기후에너지환경부,(주)에스파워,2024,업체,전기업,1508447.0,29876.0,(재)한국품질재단,,업체 우선
118,기후에너지환경부,(주)에스피환경,2024,사업장,폐기물 처리업,73956.0,515.0,㈜한국품질보증원,,단일 사업장
119,해양수산부,(주)에이치해운,2024,사업장,교통(해운),17780.0,243.0,한국표준협회,,단일 사업장
120,기후에너지환경부,(주)에이티에너지,2024,사업장,폐기물 처리업,21500.0,18.0,대일이엔씨기술(주),,단일 사업장
121,기후에너지환경부,(주)에코프로머티리얼즈,2024,사업장,일차전지 및 축전지 제조업,70327.0,1432.0,(주)한국경영인증원,,단일 사업장
122,기후에너지환경부,(주)에코프로비엠,2024,사업장,일차전지 및 축전지 제조업,68312.0,1424.0,(주)한국경영인증원,,단일 사업장
123,기후에너지환경부,(주)엔아이티,2024,업체,폐기물 처리업,163208.0,283.0,㈜한국품질보증원,,업체 우선
124,기후에너지환경부,(주)엔이티,2024,사업장,"증기, 냉ㆍ온수 및 공기 조절 공급업",6977.0,82.0,한국표준협회,,단일 사업장
125,산업통상부,(주)엔피케이,2024,사업장,석유화학,15313.0,316.0,한국표준협회,,단일 사업장
126,기후에너지환경부,(주)엘엑스글라스,2024,업체,유리 및 유리제품 제조업,298344.0,3670.0,(주)한국경영인증원,,업체 우선
127,기후에너지환경부,(주)엘엑스판토스,2024,사업장,도로 화물 운송업,46415.0,558.0,㈜디엔브이비즈니스어슈어런스코리아,,단일 사업장
128,산업통상부,(주)엘지생활건강,2024,사업장,석유화학,47246.0,1041.0,(재)한국품질재단,,단일 사업장
129,기후에너지환경부,(주)엘지씨엔에스,2024,업체,"컴퓨터 프로그래밍, 시스템 통합 및 관리업",130641.0,2780.0,대일이엔씨기술(주),,업체 우선
130,기후에너지환경부,(주)영신물산,2024,사업장,"섬유제품 염색, 정리 및 마무리 가공업",29421.0,198.0,한국표준협회,,단일 사업장
131,기후에너지환경부,(주)오뚜기,2024,사업장,기타 식품 제조업,93135.0,1877.0,한국표준협회,,단일 사업장
132,기후에너지환경부,(주)오리온,2024,사업장,기타 식품 제조업,74067.0,1481.0,로이드인증원㈜,,단일 사업장
133,기후에너지환경부,(주)오미아코리아,2024,사업장,기초 화학물질 제조업,45800.0,935.0,㈜디엔브이비즈니스어슈어런스코리아,,단일 사업장
134,산업통상부,(주)오영,2024,사업장,석유화학,14127.0,308.0,(재)한국품질재단,,단일 사업장
135,기후에너지환경부,(주)온셀텍,2024,사업장,전자 부품 제조업,34623.0,722.0,한국표준협회,,단일 사업장
136,농림축산식품부,(주)올품,2024,사업장,식료품 제조업,22914.0,467.0,한국표준협회,,단일 사업장
137,산업통상부,(주)와이솔,2024,사업장,반도체,20144.0,319.0,한국표준협회,,단일 사업장
138,기후에너지환경부,(주)와이엔텍,2024,업체,폐기물 처리업,158406.0,975.0,(재)한국품질재단,,업체 우선
139,산업통상부,(주)와이엠,2024,사업장,기계,17196.0,354.0,(재)한국품질재단,,단일 사업장
140,산업통상부,(주)와이지-원,2024,사업장,기계,16506.0,344.0,한국표준협회,,단일 사업장
141,기후에너지환경부,(주)우룡,2024,업체,"시멘트, 석회, 플라스터 및 그 외 제품 제조업",168720.0,752.0,(재)한국화학융합시험연구원,,업체 우선
142,산업통상부,(주)우성염직,2024,사업장,섬유,12442.0,196.0,한국표준협회,,단일 사업장
143,산업통상부,(주)우신금속,2024,사업장,비철금속,23769.0,372.0,(재)한국품질재단,,단일 사업장
144,산업통상부,(주)우익반도체,2024,사업장,전기전자,31277.0,646.0,한국표준협회,,단일 사업장
145,산업통상부,(주)원익아이피에스,2024,사업장,특수 목적용 기계 제조업,27441.0,536.0,한국표준협회,,단일 사업장
146,기후에너지환경부,(주)유니온,2024,업체,"시멘트, 석회, 플라스터 및 그 외 제품 제조업",142490.0,1162.0,한국표준협회,,업체 우선
147,기후에너지환경부,(주)유성티엔에스,2024,사업장,도로 화물 운송업,26598.0,384.0,(주)한국경영인증원,,단일 사업장
148,기후에너지환경부,(주)유진로지스틱스,2024,사업장,도로 화물 운송업,22940.0,333.0,(재)한국품질재단,,단일 사업장
149,산업통상부,(주)유한양행,2024,사업장,석유화학,17597.0,362.0,(재)한국품질재단,,단일 사업장
150,산업통상부,(주)유한화학,2024,사업장,석유화학,20739.0,380.0,(주)한국경영인증원,,단일 사업장
151,기후에너지환경부,(주)이녹스첨단소재,2024,사업장,전자 부품 제조업,30420.0,556.0,㈜디엔브이비즈니스어슈어런스코리아,,단일 사업장
152,기후에너지환경부,(주)이마트,2024,업체,종합 소매업,522497.0,10881.0,한국표준협회,,업체 우선
153,기후에너지환경부,(주)이수페타시스,2024,사업장,전자 부품 제조업,49020.0,951.0,(주)한국경영인증원,,단일 사업장
154,기후에너지환경부,(주)이수화학,2024,업체,기초 화학물질 제조업,277942.0,5001.0,한국표준협회,,업체 우선
155,기후에너지환경부,(주)이스타항공,2024,업체,항공 여객 운송업,122762.0,1757.0,(재)한국화학융합시험연구원,,업체 우선
156,기후에너지환경부,(주)이알지서비스,2024,사업장,폐기물 처리업,83417.0,60.0,(재)한국화학융합시험연구원,,단일 사업장
157,기후에너지환경부,(주)이에스티,2024,사업장,폐기물 처리업,68030.0,11.0,(재)한국품질재단,,단일 사업장
158,기후에너지환경부,(주)인터플렉스,2024,사업장,전자 부품 제조업,36807.0,769.0,로이드인증원㈜,,단일 사업장
159,산업통상부,(주)일강,2024,사업장,자동차,19141.0,393.0,한국표준협회,,단일 사업장
160,기후에너지환경부,(주)일진글로벌,2024,사업장,자동차 신품 부품 제조업,122351.0,2549.0,(주)한국경영인증원,,단일 사업장
161,기후에너지환경부,(주)전북고속,2024,사업장,육상 여객 운송업,16758.0,238.0,(주)한국경영인증원,,단일 사업장
162,농림축산식품부,(주)정·식품,2024,사업장,음료제조업,17976.0,361.0,한국표준협회,,단일 사업장
163,국토교통부,(주)제때,2024,사업장,교통(화물),25825.0,463.0,한국표준협회,,단일 사업장
164,기후에너지환경부,(주)제양항공해운,2024,사업장,해상 운송업,718.0,10.0,로이드인증원㈜,,단일 사업장
165,기후에너지환경부,(주)제이엠씨,2024,사업장,기초 화학물질 제조업,33421.0,736.0,(주)한국경영인증원,,단일 사업장
166,산업통상부,(주)젤텍,2024,사업장,석유화학,14308.0,487.0,한국표준협회,,단일 사업장
167,농림축산식품부,(주)조흥,2024,사업장,식료품 제조업,16363.0,353.0,한국표준협회,,단일 사업장
168,산업통상부,(주)종근당,2024,사업장,석유화학,19934.0,554.0,(주)한국경영인증원,,단일 사업장
169,기후에너지환경부,(주)종근당바이오,2024,사업장,기초 의약 물질 및 생물학적 제제 제조업,92309.0,1937.0,(주)한국경영인증원,,단일 사업장
170,기후에너지환경부,(주)중앙고속,2024,사업장,육상 여객 운송업,47642.0,680.0,(주)한국경영인증원,,단일 사업장
171,기후에너지환경부,(주)중일,2024,사업장,1차 비철금속 제조업,29361.0,293.0,한국표준협회,,단일 사업장
172,기후에너지환경부,(주)지에스동해전력,2024,업체,전기업,2368116.0,26420.0,대일이엔씨기술(주),,업체 우선
173,산업통상부,(주)지엠씨,2024,사업장,광업,13954.0,290.0,(재)한국화학융합시험연구원,,단일 사업장
174,기후에너지환경부,(주)진합,2024,사업장,자동차 신품 부품 제조업,26316.0,546.0,한국표준협회,,단일 사업장
175,산업통상부,(주)진흥주물,2024,사업장,철강,30311.0,531.0,한국표준협회,,단일 사업장
176,기후에너지환경부,(주)참프레,2024,사업장,"도축, 육류 가공 및 저장 처리업",42987.0,860.0,한국표준협회,,단일 사업장
177,기후에너지환경부,(주)창원그린,2024,업체,폐기물 처리업,57512.0,21.0,한국표준협회,"""(주)에코비트그린"" 업체명 변경",업체 우선
178,기후에너지환경부,(주)창원에너텍,2024,사업장,폐기물 처리업,77277.0,1032.0,(재)한국품질재단,,단일 사업장
179,기후에너지환경부,(주)천일고속,2024,사업장,육상 여객 운송업,21368.0,305.0,(주)한국경영인증원,,단일 사업장
180,기후에너지환경부,(주)청송산업개발,2024,사업장,폐기물 처리업,71731.0,520.0,(재)한국품질재단,,단일 사업장
181,농림축산식품부,(주)체리부로,2024,사업장,식료품 제조업,15210.0,310.0,(주)한국경영인증원,,단일 사업장
182,기후에너지환경부,(주)충남고속,2024,사업장,육상 여객 운송업,23447.0,334.0,(주)한국경영인증원,,단일 사업장
183,기후에너지환경부,(주)충무화학,2024,업체,"시멘트, 석회, 플라스터 및 그 외 제품 제조업",155600.0,637.0,(주)한국경영인증원,,업체 우선
184,농림축산식품부,(주)카길애그리퓨리나,2024,사업장,식료품 제조업,21263.0,434.0,(재)한국품질재단,,단일 사업장
185,산업통상부,(주)카펙발레오,2024,사업장,자동차,22015.0,444.0,한국표준협회,,단일 사업장
186,산업통상부,(주)캐스텍코리아,2024,사업장,철강,17076.0,300.0,한국표준협회,,단일 사업장
187,기후에너지환경부,(주)케이비아이국인산업,2024,업체,폐기물 처리업,247354.0,114.0,(재)한국품질재단,,업체 우선
188,기후에너지환경부,(주)케이비아이텍,2024,업체,폐기물 처리업,151791.0,178.0,(재)한국품질재단,,업체 우선
189,산업통상부,(주)케이에프엔티,2024,사업장,석유화학,21733.0,458.0,(주)한국경영인증원,,단일 사업장
190,산업통상부,(주)케이원전자,2024,사업장,전기전자,23937.0,499.0,한국표준협회,,단일 사업장
191,기후에너지환경부,(주)케이이씨,2024,사업장,반도체 제조업,35594.0,648.0,㈜디엔브이비즈니스어슈어런스코리아,,단일 사업장
192,기후에너지환경부,(주)케이조선,2024,사업장,선박 및 보트 건조업,63962.0,1153.0,(재)한국품질재단,,단일 사업장
193,기후에너지환경부,(주)케이티앤지,2024,사업장,담배 제조업,104110.0,2109.0,(재)한국품질재단,,단일 사업장
194,산업통상부,(주)케이프,2024,사업장,조선,14825.0,264.0,한국표준협회,,단일 사업장
195,산업통상부,(주)케이피텍,2024,사업장,석유화학,9117.0,189.0,㈜디엔브이비즈니스어슈어런스코리아,,단일 사업장
196,기후에너지환경부,(주)코넥,2024,사업장,자동차 신품 부품 제조업,39621.0,786.0,(주)한국경영인증원,,단일 사업장
197,기후에너지환경부,(주)코다코,2024,사업장,자동차 신품 부품 제조업,39518.0,808.0,(재)한국품질재단,,단일 사업장
198,기후에너지환경부,(주)코리아써키트,2024,사업장,전자 부품 제조업,127197.0,2578.0,(주)비에스아이그룹코리아,,단일 사업장
199,기후에너지환경부,(주)코스틸,2024,사업장,1차 철강 제조업,10611.0,212.0,(주)한국경영인증원,,단일 사업장
200,기후에너지환경부,(주)태상,2024,사업장,기타 금속 가공제품 제조업,57201.0,1113.0,(주)한국경영인증원,,단일 사업장
201,국토교통부,(주)태영건설,2024,사업장,건설,19192.0,377.0,한국표준협회,,단일 사업장
202,산업통상부,(주)태영열처리,2024,사업장,기계,14249.0,294.0,한국표준협회,,단일 사업장
203,산업통상부,(주)태우,2024,사업장,비철금속,17165.0,334.0,한국가스안전공사,,단일 사업장
204,기후에너지환경부,(주)태웅,2024,업체,1차 철강 제조업,162294.0,2950.0,(재)한국품질재단,,업체 우선
205,기후에너지환경부,(주)태평양금속,2024,사업장,"내화, 비내화 요업제품 제조업",37112.0,754.0,(주)한국경영인증원,,단일 사업장
206,기후에너지환경부,(주)티씨씨스틸,2024,사업장,1차 철강 제조업,32724.0,676.0,(주)한국경영인증원,,단일 사업장
207,기후에너지환경부,(주)티씨케이,2024,사업장,기타 비금속 광물제품 제조업,34496.0,713.0,(재)한국품질재단,,단일 사업장
208,산업통상부,(주)티엘비,2024,사업장,전기전자,22682.0,456.0,(주)한국경영인증원,,단일 사업장
209,농림축산식품부,(주)파리크라상,2024,사업장,식료품 제조업,20408.0,422.0,한국표준협회,,단일 사업장
210,국토교통부,(주)평안운수,2024,사업장,교통(여객),12864.0,234.0,(주)한국경영인증원,,단일 사업장
211,기후에너지환경부,(주)포레스코,2024,사업장,나무제품 제조업,32212.0,771.0,한국표준협회,,단일 사업장
212,국토교통부,(주)포스코이앤씨,2024,사업장,건설,43843.0,884.0,로이드인증원㈜,,단일 사업장
213,기후에너지환경부,(주)포항그린,2024,사업장,폐기물 처리업,75079.0,17.0,한국표준협회,"""주식회사 그린바이로"" 업체명 변경",단일 사업장
214,산업통상부,(주)풍년그린텍,2024,사업장,제지,22977.0,469.0,(주)신화엔지니어링종합건축사사무소,,단일 사업장
215,산업통상부,(주)풍농,2024,사업장,석유화학,18535.0,340.0,(주)한국경영인증원,,단일 사업장
216,기후에너지환경부,(주)풍정주공,2024,사업장,금속 주조업,30214.0,558.0,(주)한국경영인증원,,단일 사업장
217,산업통상부,(주)퓨렉스,2024,사업장,반도체,16886.0,348.0,(주)한국경영인증원,,단일 사업장
218,산업통상부,(주)피엔디티,2024,사업장,자동차,17142.0,335.0,지속가능인증원주식회사,,단일 사업장
219,산업통상부,(주)피제이메탈,2024,사업장,비철금속,18099.0,327.0,(재)한국품질재단,,단일 사업장
220,기후에너지환경부,(주)필맥스,2024,사업장,플라스틱 제품 제조업,20861.0,427.0,㈜한국품질보증원,,단일 사업장
221,기후에너지환경부,(주)하림,2024,사업장,"도축, 육류 가공 및 저장 처리업",102619.0,2514.0,(재)한국품질재단,,단일 사업장
222,농림축산식품부,(주)한국인삼공사 고려인삼창,2024,사업장,식료품 제조업,32542.0,661.0,(주)한국경영인증원,,단일 사업장
223,기후에너지환경부,(주)한국특강,2024,업체,1차 철강 제조업,349281.0,6239.0,(주)한국경영인증원,,업체 우선
224,산업통상부,(주)한금,2024,사업장,철강,17179.0,371.0,한국표준협회,,단일 사업장
225,기후에너지환경부,(주)한솔케미칼,2024,사업장,기초 화학물질 제조업,133544.0,2813.0,대일이엔씨기술(주),,단일 사업장
226,기후에너지환경부,(주)한솔홈데코,2024,사업장,나무제품 제조업,63294.0,1804.0,(주)한국경영인증원,,단일 사업장
227,산업통상부,(주)한양에스앤씨,2024,사업장,자동차,19575.0,347.0,(주)한국경영인증원,,단일 사업장
228,기후에너지환경부,(주)한익스프레스,2024,사업장,도로 화물 운송업,23918.0,400.0,한국표준협회,,단일 사업장
229,기후에너지환경부,(주)한일고속,2024,사업장,육상 여객 운송업,70972.0,973.0,(주)한국경영인증원,,단일 사업장
230,기후에너지환경부,(주)한주,2024,업체,"증기, 냉ㆍ온수 및 공기 조절 공급업",1049220.0,12857.0,㈜디엔브이비즈니스어슈어런스코리아,,업체 우선
231,기후에너지환경부,(주)한진,2024,업체,도로 화물 운송업,102568.0,1644.0,한국표준협회,,업체 우선
232,기후에너지환경부,(주)한창제지,2024,업체,"펄프, 종이 및 판지 제조업",193116.0,2442.0,한국표준협회,,업체 우선
233,기후에너지환경부,(주)한화,2024,업체,기타 화학제품 제조업,64772.0,1213.0,㈜디엔브이비즈니스어슈어런스코리아,,업체 우선
234,기후에너지환경부,(주)현대백화점,2024,업체,종합 소매업,162990.0,3416.0,한국표준협회,,업체 우선
235,기후에너지환경부,(주)현대엘앤씨,2024,사업장,플라스틱 제품 제조업,38430.0,785.0,로이드인증원㈜,,단일 사업장
236,기후에너지환경부,(주)현대케피코,2024,사업장,자동차 신품 부품 제조업,24930.0,515.0,로이드인증원㈜,,단일 사업장
237,국토교통부,(주)화성여객,2024,사업장,교통(여객),25348.0,406.0,(주)한국경영인증원,,단일 사업장
238,산업통상부,(주)화승알앤에이,2024,사업장,석유화학,20734.0,426.0,한국표준협회,,단일 사업장
239,기후에너지환경부,(주)화승케미칼,2024,사업장,플라스틱 제품 제조업,25483.0,522.0,(주)한국경영인증원,,단일 사업장
240,산업통상부,(주)화인베스틸,2024,사업장,철강,18934.0,346.0,(주)한국경영인증원,,단일 사업장
241,기후에너지환경부,(합)경남여객,2024,사업장,육상 여객 운송업,41498.0,701.0,한국표준협회,,단일 사업장
242,기후에너지환경부,CJ대한통운(주),2024,업체,도로 화물 운송업,228750.0,4077.0,(주)한국경영인증원,,업체 우선
243,기후에너지환경부,CJ제일제당(주),2024,업체,"곡물 가공품, 전분 및 전분제품 제조업",421213.0,9704.0,(재)한국화학융합시험연구원,,업체 우선
244,국토교통부,GS건설(주),2024,업체,건설,116706.0,2166.0,(재)한국품질재단,,업체 우선
245,기후에너지환경부,GS파워,2024,업체,"증기, 냉ㆍ온수 및 공기 조절 공급업",2696279.0,52465.0,한국표준협회,,업체 우선
246,기후에너지환경부,JW 생명과학(주),2024,사업장,의약품 제조업,28248.0,577.0,한국표준협회,,단일 사업장
247,산업통상부,KPX케미칼(주),2024,사업장,석유화학,24270.0,770.0,(주)한국경영인증원,,단일 사업장
248,기후에너지환경부,LB세미콘(주),2024,사업장,반도체 제조업,48250.0,1442.0,(재)한국품질재단,,단일 사업장
249,기후에너지환경부,LX엠엠에이,2024,업체,기초 화학물질 제조업,327127.0,2974.0,(주)한국경영인증원,,업체 우선
250,기후에너지환경부,NC양산(주),2024,사업장,폐기물 처리업,32957.0,24.0,한국표준협회,,단일 사업장
251,기후에너지환경부,NC울산(주),2024,사업장,폐기물 처리업,71888.0,40.0,한국표준협회,,단일 사업장
252,기후에너지환경부,OCI SE 주식회사,2024,업체,"증기, 냉ㆍ온수 및 공기 조절 공급업",1290550.0,23775.0,㈜디엔브이비즈니스어슈어런스코리아,,업체 우선
253,기후에너지환경부,S-Oil(주),2024,업체,석유 정제품 제조업,9632037.0,127577.0,한국표준협회,,업체 우선
254,기후에너지환경부,SKbroadband(주),2024,업체,전기 통신업,455962.0,9485.0,㈜디엔브이비즈니스어슈어런스코리아,,업체 우선
255,기후에너지환경부,SK이노베이션(주),2024,업체,일차전지 및 축전지 제조업,2364006.0,47046.0,한국표준협회,,업체 우선
256,기후에너지환경부,SK인천석유화학(주),2024,업체,석유 정제품 제조업,1538765.0,45185.0,한국표준협회,,업체 우선
257,산업통상부,Y&T파워텍(주),2024,사업장,자동차,19258.0,401.0,(주)비에스아이그룹코리아,,단일 사업장
258,기후에너지환경부,㈜토탈,2024,사업장,폐기물 처리업,64339.0,70.0,(재)한국품질재단,,단일 사업장
259,산업통상부,가온전선주식회사,2024,사업장,전기전자,8572.0,175.0,(주)비에스아이그룹코리아,,단일 사업장
260,국토교통부,강남금융센터(주),2024,사업장,건물,17358.0,358.0,한국표준협회,,단일 사업장
261,산업통상부,강남화성(주),2024,사업장,석유화학,19455.0,314.0,한국표준협회,,단일 사업장
262,기후에너지환경부,강릉시,2024,사업장,폐기물 처리업,107713.0,764.0,(주)비에스아이그룹코리아,,단일 사업장
263,산업통상부,강릉에코파워(주),2024,업체,발전에너지,2627471.0,32364.0,로이드인증원㈜,,업체 우선
264,국토교통부,강변테크노마트 주식회사,2024,사업장,건물,13404.0,278.0,대일이엔씨기술(주),,단일 사업장
265,기후에너지환경부,강원고속,2024,사업장,육상 여객 운송업,16788.0,239.0,한국표준협회,,단일 사업장
266,국토교통부,강원대학교,2024,사업장,건물,19897.0,411.0,한국표준협회,,단일 사업장
267,기후에너지환경부,거제시,2024,사업장,폐기물 처리업,60696.0,487.0,(재)한국품질재단,,단일 사업장
268,산업통상부,경기그린에너지(주),2024,업체,전기업,118443.0,0.0,한국표준협회,,업체 우선
269,기후에너지환경부,경기도 광주시,2024,업체,수도업,59846.0,999.0,㈜한국품질보증원,,업체 우선
270,기후에너지환경부,경북대학교,2024,사업장,고등 교육기관,41113.0,864.0,㈜한국품질보증원,,단일 사업장
271,국토교통부,경북대학교병원,2024,사업장,건물,20752.0,426.0,한국표준협회,,단일 사업장
272,기후에너지환경부,경산시,2024,사업장,폐기물 처리업,74974.0,800.0,㈜한국품질보증원,,단일 사업장
273,기후에너지환경부,경산제지 주식회사,2024,사업장,"펄프, 종이 및 판지 제조업",107106.0,909.0,한국표준협회,,단일 사업장
274,국토교통부,경상국립대학교,2024,사업장,건물,20967.0,433.0,한국표준협회,,단일 사업장
275,기후에너지환경부,경상북도,2024,사업장,폐기물 처리업,71188.0,426.0,㈜한국품질보증원,,단일 사업장
276,기후에너지환경부,경원여객자동차(주),2024,사업장,육상 여객 운송업,46507.0,792.0,(주)한국경영인증원,소재지 : 경상남도 진주,사업장 2개 합산
278,기후에너지환경부,경주시,2024,사업장,폐기물 처리업,83421.0,682.0,㈜한국품질보증원,,단일 사업장
279,산업통상부,경진단조(주),2024,사업장,기계,14386.0,298.0,(주)한국경영인증원,,단일 사업장
280,기후에너지환경부,경진여객운수(주),2024,사업장,육상 여객 운송업,21107.0,373.0,(주)한국경영인증원,,단일 사업장
281,산업통상부,경창산업(주),2024,사업장,자동차,22326.0,465.0,(주)한국경영인증원,,단일 사업장
282,산업통상부,고덕그린에너지(주),2024,사업장,전기업,28909.0,17.0,한국표준협회,,단일 사업장
283,기후에너지환경부,고려강선(주),2024,사업장,1차 철강 제조업,57778.0,1210.0,한국생산성본부인증원(주),,단일 사업장
284,해양수산부,고려고속훼리(주),2024,사업장,해상 운송업,31118.0,447.0,한국표준협회,,단일 사업장
285,기후에너지환경부,고려기초소재,2024,사업장,기타 비금속 광물제품 제조업,20080.0,352.0,한국표준협회,,단일 사업장
286,기후에너지환경부,고려아연 주식회사,2024,업체,1차 비철금속 제조업,3199180.0,44425.0,㈜디엔브이비즈니스어슈어런스코리아,,업체 우선
287,산업통상부,고려용접봉 주식회사,2024,사업장,기계,16869.0,347.0,㈜한국품질보증원,,단일 사업장
288,기후에너지환경부,고려제강(주),2024,사업장,1차 철강 제조업,90621.0,1854.0,한국생산성본부인증원(주),,단일 사업장
289,산업통상부,고려특수선재(주),2024,사업장,철강,22134.0,461.0,한국생산성본부인증원(주),,단일 사업장
290,기후에너지환경부,고성그린파워 주식회사,2024,업체,전기업,8875485.0,96161.0,로이드인증원㈜,,업체 우선
291,기후에너지환경부,고양시,2024,업체,폐기물 처리업,140051.0,1147.0,㈜한국품질보증원,,업체 우선
292,기후에너지환경부,공주시,2024,사업장,폐기물,16080.0,43.0,(재)한국품질재단,,단일 사업장
293,기후에너지환경부,공항철도(주),2024,사업장,육상 여객 운송업,58108.0,1211.0,대일이엔씨기술(주),,단일 사업장
294,기후에너지환경부,과천시,2024,사업장,폐기물,14905.0,102.0,(재)한국화학융합시험연구원,,단일 사업장
295,기후에너지환경부,광명시,2024,사업장,폐기물 처리업,67729.0,326.0,㈜한국품질보증원,,단일 사업장
296,기후에너지환경부,광양시,2024,사업장,폐기물 처리업,45864.0,195.0,㈜한국품질보증원,,단일 사업장
297,국토교통부,광주과학기술원,2024,사업장,건물,24365.0,504.0,한국표준협회,,단일 사업장
298,기후에너지환경부,광주광역시,2024,업체,폐기물 처리업,174787.0,1635.0,(재)한국품질재단,,업체 우선
299,국토교통부,광주교통공사,2024,사업장,교통(철도),19368.0,403.0,한국표준협회,,단일 사업장
300,기후에너지환경부,광진산업(주),2024,사업장,"시멘트, 석회, 플라스터 및 그 외 제품 제조업",78427.0,196.0,한국생산성본부인증원(주),,단일 사업장
301,기후에너지환경부,괴산군,2024,사업장,폐기물,18411.0,113.0,(재)한국품질재단,,단일 사업장
302,국토교통부,구리농수산물공사,2024,사업장,건물,17502.0,364.0,한국표준협회,,단일 사업장
303,기후에너지환경부,구리시,2024,사업장,폐기물 처리업,55002.0,544.0,㈜한국품질보증원,,단일 사업장
304,기후에너지환경부,구미시,2024,업체,폐기물 처리업,148251.0,1167.0,㈜한국품질보증원,,업체 우선
305,기후에너지환경부,국도화학(주),2024,사업장,합성고무 및 플라스틱 물질 제조업,64136.0,2028.0,로이드인증원㈜,,단일 사업장
306,기후에너지환경부,국립대학법인 서울대학교,2024,업체,고등 교육기관,150776.0,3108.0,(재)한국품질재단,,업체 우선
307,국토교통부,국립암센터,2024,사업장,건물,20522.0,435.0,(주)한국경영인증원,,단일 사업장
308,국토교통부,국방과학연구소,2024,사업장,건물,22491.0,464.0,(재)한국품질재단,,단일 사업장
309,기후에너지환경부,국일제지(주),2024,사업장,"펄프, 종이 및 판지 제조업",31922.0,714.0,(주)한국경영인증원,,단일 사업장
310,국토교통부,국회사무처,2024,사업장,건물,22871.0,480.0,한국표준협회,,단일 사업장
311,기후에너지환경부,군산시,2024,사업장,폐기물 처리업,107270.0,597.0,㈜한국품질보증원,,단일 사업장
312,기후에너지환경부,군포시,2024,사업장,폐기물 처리업,42825.0,413.0,㈜한국품질보증원,,단일 사업장
313,산업통상부,그린에어 주식회사,2024,업체,기초 화학물질 제조업,585121.0,12125.0,로이드인증원㈜,,업체 우선
314,기후에너지환경부,그린케미칼 주식회사,2024,사업장,기초 화학물질 제조업,56908.0,1291.0,한국가스안전공사,,단일 사업장
315,산업통상부,금강공업(주),2024,사업장,비철금속,13809.0,238.0,(주)한국경영인증원,,단일 사업장
316,해양수산부,금진해운(주),2024,사업장,교통(해운),15981.0,221.0,㈜디엔브이비즈니스어슈어런스코리아,,단일 사업장
317,기후에너지환경부,금호고속(주),2024,업체,육상 여객 운송업,6064.0,126.0,(주)한국경영인증원,,업체 우선
318,기후에너지환경부,금호미쓰이화학 주식회사,2024,사업장,기초 화학물질 제조업,170330.0,3037.0,(재)한국품질재단,,단일 사업장
319,기후에너지환경부,금호석유화학 주식회사,2024,업체,합성고무 및 플라스틱 물질 제조업,3308643.0,41348.0,한국표준협회,,업체 우선
320,기후에너지환경부,금호익스프레스 주식회사,2024,업체,육상 여객 운송업,100236.0,1438.0,(주)한국경영인증원,,업체 우선
321,기후에너지환경부,금호타이어(주),2024,업체,고무제품 제조업,260704.0,5354.0,지속가능인증원주식회사,,업체 우선
322,기후에너지환경부,금호폴리켐주식회사,2024,업체,합성고무 및 플라스틱 물질 제조업,328101.0,5564.0,(재)한국품질재단,,업체 우선
323,기후에너지환경부,금호피앤비화학 주식회사,2024,업체,기초 화학물질 제조업,803074.0,10919.0,로이드인증원㈜,,업체 우선
324,기후에너지환경부,기아(주),2024,업체,자동차용 엔진 및 자동차 제조업,709750.0,14534.0,로이드인증원㈜,,업체 우선
325,국토교통부,기초과학연구원 ,2024,사업장,건물,22733.0,485.0,한국표준협회,,단일 사업장
326,기후에너지환경부,김천시,2024,사업장,"하수, 폐수 및 분뇨 처리업",43214.0,374.0,㈜한국품질보증원,,단일 사업장
327,기후에너지환경부,김천에너지서비스주식회사,2024,업체,"증기, 냉ㆍ온수 및 공기 조절 공급업",689186.0,8017.0,한국표준협회,,업체 우선
328,기후에너지환경부,김포시,2024,사업장,폐기물 처리업,54659.0,602.0,한국표준협회,,단일 사업장
329,기후에너지환경부,김포운수(주),2024,사업장,육상 여객 운송업,16961.0,315.0,(주)한국경영인증원,,단일 사업장
330,기후에너지환경부,김해시,2024,사업장,폐기물 처리업,117612.0,1324.0,㈜한국품질보증원,,단일 사업장
331,기후에너지환경부,깨끗한나라 주식회사,2024,업체,"펄프, 종이 및 판지 제조업",332386.0,4353.0,(재)한국품질재단,,업체 우선
332,기후에너지환경부,나래에너지서비스 주식회사,2024,업체,"증기, 냉ㆍ온수 및 공기 조절 공급업",1822245.0,36262.0,(주)한국경영인증원,,업체 우선
333,기후에너지환경부,나투라페이퍼 주식회사,2024,업체,"펄프, 종이 및 판지 제조업",165385.0,1215.0,한국표준협회,,업체 우선
334,기후에너지환경부,남강제지(주),2024,사업장,"펄프, 종이 및 판지 제조업",25510.0,223.0,(재)한국품질재단,,단일 사업장
335,기후에너지환경부,남양금속주식회사,2024,사업장,"구조용 금속제품, 탱크 및 증기발생기 제조업",97314.0,1811.0,(재)한국화학융합시험연구원,,단일 사업장
336,기후에너지환경부,남양유업(주),2024,사업장,낙농제품 및 식용 빙과류 제조업,80101.0,1864.0,로이드인증원㈜,,단일 사업장
337,기후에너지환경부,남양주시,2024,업체,폐기물,78397.0,1065.0,(재)한국품질재단,,업체 우선
338,기후에너지환경부,남해화학(주),2024,사업장,"비료, 농약 및 살균ㆍ살충제 제조업",65183.0,965.0,대일이엔씨기술(주),,단일 사업장
339,기후에너지환경부,내포그린에너지(주),2024,사업장,"증기, 냉ㆍ온수 및 공기 조절 공급업",1033275.0,20617.0,대일이엔씨기술(주),,단일 사업장
340,기후에너지환경부,네이버 주식회사,2024,사업장,"자료 처리, 호스팅, 포털 및 기타 인터넷 정보 매개 서비스업",121187.0,2531.0,한국표준협회,,단일 사업장
341,기후에너지환경부,네이처이앤티(주),2024,업체,폐기물 처리업,198107.0,438.0,(주)비에스아이그룹코리아,,업체 우선
342,기후에너지환경부,넥센타이어(주),2024,업체,고무제품 제조업,221463.0,4447.0,(주)한국경영인증원,,업체 우선
343,기후에너지환경부,노벨리스코리아 주식회사,2024,업체,1차 비철금속 제조업,294783.0,5978.0,(주)한국경영인증원,,업체 우선
344,산업통상부,노을그린에너지 주식회사,2024,사업장,전기업,76387.0,15.0,한국표준협회,,단일 사업장
345,기후에너지환경부,녹십자,2024,사업장,의약품 제조업,64761.0,1650.0,(재)한국품질재단,,단일 사업장
346,기후에너지환경부,논산시,2024,사업장,폐기물,21911.0,85.0,㈜한국품질보증원,,단일 사업장
347,국토교통부,농협은행 주식회사,2024,업체,건물,91650.0,1386.0,한국표준협회,,업체 우선
348,기후에너지환경부,능원금속공업 주식회사,2024,사업장,1차 비철금속 제조업,23499.0,483.0,(주)한국경영인증원,,단일 사업장
349,산업통상부,단일가스켐(주),2024,사업장,석유화학,43395.0,885.0,한국가스안전공사,,단일 사업장
350,기후에너지환경부,담우물산(주),2024,사업장,"시멘트, 석회, 플라스터 및 그 외 제품 제조업",63424.0,203.0,(주)한국경영인증원,,단일 사업장
351,기후에너지환경부,대구광역시,2024,업체,폐기물 처리업,474138.0,4905.0,㈜한국품질보증원,,업체 우선
352,기후에너지환경부,대구교통공사,2024,사업장,육상 여객 운송업,98437.0,2053.0,(주)한국경영인증원,,단일 사업장
353,기후에너지환경부,대구그린파워(주),2024,업체,"증기, 냉ㆍ온수 및 공기 조절 공급업",661138.0,13158.0,(주)한국경영인증원,,업체 우선
354,기후에너지환경부,대구염색산업단지관리공단,2024,업체,"증기, 냉ㆍ온수 및 공기 조절 공급업",620336.0,7033.0,(주)한국경영인증원,,업체 우선
355,기후에너지환경부,대구텍 유한책임회사,2024,사업장,1차 비철금속 제조업,,,한국표준협회,비공개 결정,단일 사업장
356,기후에너지환경부,대덕전자 주식회사,2024,사업장,전자 부품 제조업,136647.0,2848.0,한국표준협회,,단일 사업장
357,기후에너지환경부,대동금속(주),2024,사업장,금속 주조업,31710.0,609.0,(재)한국화학융합시험연구원,,단일 사업장
358,기후에너지환경부,대동산업주식회사,2024,사업장,"내화, 비내화 요업제품 제조업",19056.0,306.0,(주)한국경영인증원,,단일 사업장
359,기후에너지환경부,대상 주식회사,2024,업체,"곡물 가공품, 전분 및 전분제품 제조업",430747.0,10078.0,한국표준협회,,업체 우선
360,기후에너지환경부,대성엠디아이(주),2024,사업장,"시멘트, 석회, 플라스터 및 그 외 제품 제조업",164740.0,822.0,(주)한국경영인증원,,단일 사업장
361,기후에너지환경부,대성지엠텍(주),2024,업체,"시멘트, 석회, 플라스터 및 그 외 제품 제조업",112249.0,293.0,(주)한국경영인증원,,업체 우선
362,기후에너지환경부,대신정기화물자동차(주),2024,사업장,도로 화물 운송업,46233.0,658.0,한국표준협회,,단일 사업장
363,기후에너지환경부,대양제지공업(주),2024,업체,"펄프, 종이 및 판지 제조업",72126.0,844.0,한국표준협회,,업체 우선
364,산업통상부,대용산업,2024,사업장,기계,16021.0,330.0,한국표준협회,,단일 사업장
365,기후에너지환경부,대원강업(주),2024,사업장,자동차 신품 부품 제조업,48056.0,972.0,로이드인증원㈜,,단일 사업장
366,기후에너지환경부,대원알텍 주식회사,2024,사업장,자동차 신품 부품 제조업,36825.0,753.0,(재)한국품질재단,"""주식회사 대유글로벌"" 업체명 변경",단일 사업장
367,산업통상부,대원화성(주),2024,사업장,석유화학,9140.0,163.0,한국표준협회,,단일 사업장
368,기후에너지환경부,대일개발 주식회사,2024,사업장,폐기물 처리업,55847.0,155.0,로이드인증원㈜,,단일 사업장
369,기후에너지환경부,대전광역시,2024,업체,폐기물 처리업,362486.0,3059.0,(주)한국경영인증원,,업체 우선
370,국토교통부,대전교통공사,2024,사업장,교통(철도),19440.0,396.0,(주)신화엔지니어링종합건축사사무소,,단일 사업장
371,기후에너지환경부,대전열병합발전주식회사,2024,업체,"증기, 냉ㆍ온수 및 공기 조절 공급업",133814.0,2718.0,한국표준협회,,업체 우선
372,농림축산식품부,대전충남양돈농협 포크빌축산물공판장,2024,사업장,식료품 제조업,15999.0,329.0,㈜한국품질보증원,,단일 사업장
373,산업통상부,대창단조(주),2024,사업장,기계,9015.0,186.0,(주)한국경영인증원,,단일 사업장
374,기후에너지환경부,대창운수(주),2024,사업장,육상 여객 운송업,22580.0,423.0,한국표준협회,,단일 사업장
375,산업통상부,대한광통신 주식회사,2024,사업장,전기전자,7941.0,163.0,(주)한국경영인증원,,단일 사업장
376,기후에너지환경부,대한방직(주),2024,사업장,"섬유제품 염색, 정리 및 마무리 가공업",28193.0,442.0,한국표준협회,,단일 사업장
377,농림축산식품부,대한사료(주),2024,사업장,식료품 제조업,11356.0,232.0,대일이엔씨기술(주),,단일 사업장
378,기후에너지환경부,대한석탄공사,2024,업체,석탄 광업,61027.0,558.0,한국생산성본부인증원(주),,업체 우선
379,산업통상부,대한소결금속(주),2024,사업장,자동차,19361.0,395.0,로이드인증원㈜,,단일 사업장
380,기후에너지환경부,대한슬래그 주식회사,2024,사업장,기타 비금속 광물제품 제조업,29988.0,543.0,한국표준협회,,단일 사업장
381,기후에너지환경부,대한시멘트주식회사,2024,사업장,"시멘트, 석회, 플라스터 및 그 외 제품 제조업",55732.0,1013.0,한국표준협회,,단일 사업장
382,산업통상부,대한약품공업(주),2024,사업장,석유화학,26254.0,443.0,(주)한국경영인증원,,단일 사업장
383,기후에너지환경부,대한유화 주식회사,2024,업체,기초 화학물질 제조업,1697905.0,34203.0,한국가스안전공사,,업체 우선
384,기후에너지환경부,대한전선 주식회사,2024,사업장,절연선 및 케이블 제조업,48101.0,968.0,(주)한국경영인증원,,단일 사업장
385,기후에너지환경부,대한제강(주),2024,업체,1차 철강 제조업,298667.0,5419.0,한국표준협회,,업체 우선
386,기후에너지환경부,대한제당 주식회사,2024,사업장,기타 식품 제조업,63721.0,1272.0,㈜한국품질보증원,,단일 사업장
387,농림축산식품부,대한제분(주),2024,사업장,식료품 제조업,21785.0,454.0,대일이엔씨기술(주),,단일 사업장
388,기후에너지환경부,대한제지주식회사,2024,업체,"펄프, 종이 및 판지 제조업",201421.0,2391.0,한국표준협회,,업체 우선
389,기후에너지환경부,대한조선주식회사,2024,사업장,선박 및 보트 건조업,67444.0,1064.0,(주)한국경영인증원,,단일 사업장
390,기후에너지환경부,대한항공,2024,업체,항공 여객 운송업,425062.0,6505.0,㈜디엔브이비즈니스어슈어런스코리아,,업체 우선
391,기후에너지환경부,대한화섬(주),2024,사업장,화학섬유 제조업,47098.0,1033.0,한국표준협회,,단일 사업장
392,산업통상부,더블유스코프코리아(주),2024,사업장,석유화학,22707.0,900.0,㈜한국품질보증원,,단일 사업장
393,기후에너지환경부,더블유씨피 주식회사,2024,사업장,플라스틱 제품 제조업,96802.0,2086.0,㈜한국품질보증원,,단일 사업장
394,기후에너지환경부,도레이배터리세퍼레이터필름 한국유한회사,2024,사업장,일차전지 및 축전지 제조업,101441.0,2071.0,㈜한국품질보증원,,단일 사업장
395,기후에너지환경부,도레이비에스에프코팅한국 유한회사,2024,사업장,일차전지 및 축전지 제조업,86241.0,458.0,㈜디엔브이비즈니스어슈어런스코리아,,단일 사업장
396,기후에너지환경부,도레이첨단소재 주식회사,2024,업체,합성고무 및 플라스틱 물질 제조업,602557.0,12138.0,(주)비에스아이그룹코리아,,업체 우선
397,기후에너지환경부,도명특송(주),2024,사업장,도로 화물 운송업,20832.0,296.0,한국표준협회,,단일 사업장
398,기후에너지환경부,동국산업(주),2024,사업장,1차 철강 제조업,41354.0,840.0,한국표준협회,,단일 사업장
399,기후에너지환경부,동국씨엠 주식회사,2024,업체,1차 철강 제조업,287890.0,6267.0,(재)한국품질재단,,업체 우선
400,기후에너지환경부,동국제강 주식회사,2024,업체,1차 철강 제조업,1297673.0,22387.0,(재)한국품질재단,,업체 우선
401,기후에너지환경부,동국홀딩스 주식회사,2024,업체,부동산 임대 및 공급업,762.0,14.0,(재)한국품질재단,,업체 우선
402,기후에너지환경부,동두천드림파워,2024,업체,전기업,2843691.0,56502.0,대일이엔씨기술(주),,업체 우선
403,기후에너지환경부,동서석유화학 주식회사,2024,업체,기초 화학물질 제조업,334298.0,1953.0,로이드인증원㈜,,업체 우선
404,기후에너지환경부,동서식품(주),2024,사업장,기타 식품 제조업,119966.0,2604.0,(재)한국품질재단,,단일 사업장
405,산업통상부,동서페더럴모굴(주),2024,사업장,자동차,18570.0,377.0,(주)비에스아이그룹코리아,,단일 사업장
406,국토교통부,동성교통(주),2024,사업장,교통(여객),14904.0,282.0,(주)한국경영인증원,,단일 사업장
407,국토교통부,동성화물자동차(주),2024,사업장,교통(화물),13798.0,196.0,(주)한국경영인증원,,단일 사업장
408,산업통상부,동성화학공업(주),2024,사업장,석유화학,11609.0,237.0,한국표준협회,,단일 사업장
409,국토교통부,동아운수(주),2024,사업장,교통(여객),15685.0,297.0,(주)한국경영인증원,,단일 사업장
410,산업통상부,동양산업(주),2024,사업장,자동차,14751.0,307.0,(주)한국경영인증원,,단일 사업장
411,기후에너지환경부,동양피스톤(주),2024,사업장,자동차 신품 부품 제조업,26919.0,554.0,(주)한국경영인증원,,단일 사업장
412,기후에너지환경부,동우화인켐주식회사,2024,업체,사진장비 및 광학 기기 제조업,330980.0,5266.0,(재)한국품질재단,,업체 우선
413,기후에너지환경부,동원로엑스(주),2024,사업장,도로 화물 운송업,55333.0,900.0,한국표준협회,,단일 사업장
414,해양수산부,동원산업(주),2024,사업장,수산,6769.0,99.0,(주)한국경영인증원,,단일 사업장
415,기후에너지환경부,동원시스템즈(주),2024,업체,유리 및 유리제품 제조업,264278.0,4458.0,(재)한국품질재단,,업체 우선
416,기후에너지환경부,동원페이퍼(주),2024,사업장,"펄프, 종이 및 판지 제조업",105488.0,1508.0,㈜한국품질보증원,,단일 사업장
417,산업통상부,동은단조(주),2024,사업장,자동차,34576.0,717.0,㈜한국품질보증원,,단일 사업장
418,기후에너지환경부,동일산업주식회사,2024,업체,1차 철강 제조업,231725.0,2822.0,한국표준협회,,업체 우선
419,산업통상부,동일제강(주),2024,사업장,철강,18515.0,347.0,한국표준협회,,단일 사업장
420,기후에너지환경부,동일팩키지(주),2024,사업장,"펄프, 종이 및 판지 제조업",47189.0,409.0,(재)한국품질재단,,단일 사업장
421,기후에너지환경부,동해시,2024,사업장,폐기물,18802.0,8.0,(재)한국품질재단,,단일 사업장
422,산업통상부,동호칼슘(주),2024,사업장,석유화학,18229.0,284.0,한국표준협회,,단일 사업장
423,기후에너지환경부,동화기업(주),2024,사업장,나무제품 제조업,138621.0,2700.0,한국표준협회,,단일 사업장
424,산업통상부,동화지앤피 주식회사,2024,사업장,유리,22290.0,343.0,(재)한국화학융합시험연구원,,단일 사업장
425,기후에너지환경부,동희오토(주),2024,사업장,자동차용 엔진 및 자동차 제조업,40971.0,827.0,(주)한국경영인증원,,단일 사업장
426,기후에너지환경부,두산에너빌리티(주),2024,업체,1차 철강 제조업,235252.0,4498.0,(재)한국품질재단,,업체 우선
427,기후에너지환경부,두원중공업(주),2024,사업장,일반 목적용 기계 제조업,23166.0,497.0,(주)신화엔지니어링종합건축사사무소,,단일 사업장
428,산업통상부,디아이동일 주식회사,2024,사업장,비철금속,19058.0,396.0,한국표준협회,,단일 사업장
429,기후에너지환경부,디아이지에어가스 주식회사,2024,업체,기초 화학물질 제조업,844157.0,17586.0,㈜한국품질보증원,,업체 우선
430,기후에너지환경부,디에스파워 주식회사,2024,업체,"증기, 냉ㆍ온수 및 공기 조절 공급업",994942.0,19769.0,(주)한국경영인증원,,업체 우선
431,기후에너지환경부,디엘 주식회사,2024,업체,합성고무 및 플라스틱 물질 제조업,39.0,0.0,한국가스안전공사,,업체 우선
432,국토교통부,디엘건설(주),2024,사업장,건설,28938.0,525.0,한국표준협회,,단일 사업장
433,기후에너지환경부,디엘모터스(주),2024,사업장,자동차 신품 부품 제조업,50711.0,1040.0,(주)한국경영인증원,,단일 사업장
434,기후에너지환경부,디엘에프엔씨 주식회사,2024,사업장,플라스틱 제품 제조업,22822.0,472.0,한국가스안전공사,,단일 사업장
435,국토교통부,디엘이앤씨(주),2024,업체,건설,53238.0,1015.0,한국표준협회,,업체 우선
436,기후에너지환경부,디엘케미칼 주식회사,2024,업체,합성고무 및 플라스틱 물질 제조업,236065.0,4532.0,한국가스안전공사,,업체 우선
437,기후에너지환경부,디케이동신(주),2024,사업장,1차 철강 제조업,27447.0,508.0,한국표준협회,,단일 사업장
438,국토교통부,롯데건설(주),2024,업체,건설,52420.0,1031.0,한국표준협회,,업체 우선
439,국토교통부,롯데관광개발 주식회사,2024,사업장,일반 및 생활 숙박시설 운영업,32367.0,666.0,한국표준협회,,단일 사업장
440,기후에너지환경부,롯데글로벌로지스(주),2024,사업장,도로 화물 운송업,60296.0,1166.0,한국표준협회,,단일 사업장
441,기후에너지환경부,롯데네슬레코리아(주),2024,사업장,기타 식품 제조업,29848.0,617.0,(재)한국품질재단,,단일 사업장
442,기후에너지환경부,롯데물산(주),2024,사업장,부동산 임대 및 공급업,40273.0,773.0,(주)한국경영인증원,,단일 사업장
443,기후에너지환경부,롯데베르살리스엘라스토머스(주),2024,사업장,합성고무 및 플라스틱 물질 제조업,143286.0,2715.0,한국표준협회,,단일 사업장
444,기후에너지환경부,롯데쇼핑 주식회사,2024,업체,종합 소매업,717398.0,14600.0,한국표준협회,,업체 우선
445,기후에너지환경부,롯데에너지머티리얼즈(주),2024,사업장,전자 부품 제조업,98944.0,2153.0,㈜디엔브이비즈니스어슈어런스코리아,,단일 사업장
446,기후에너지환경부,롯데엠시시 주식회사,2024,업체,기초 화학물질 제조업,285111.0,2777.0,한국표준협회,,업체 우선
447,기후에너지환경부,롯데웰푸드(주),2024,업체,기타 식품 제조업,206189.0,4235.0,(주)한국경영인증원,,업체 우선
448,기후에너지환경부,롯데이네오스화학 주식회사,2024,업체,기초 화학물질 제조업,250209.0,3472.0,한국표준협회,,업체 우선
449,기후에너지환경부,롯데정밀화학 주식회사,2024,업체,기초 화학물질 제조업,677663.0,15626.0,로이드인증원㈜,,업체 우선
450,산업통상부,롯데지에스화학주식회사,2024,사업장,석유화학,126466.0,1959.0,(재)한국품질재단,,단일 사업장
451,기후에너지환경부,롯데칠성음료 주식회사,2024,업체,비알코올 음료 및 얼음 제조업,155782.0,2923.0,(주)한국경영인증원,,업체 우선
452,국토교통부,롯데컬처웍스 주식회사,2024,업체,건물,49958.0,1000.0,한국표준협회,,업체 우선
453,기후에너지환경부,롯데케미칼 주식회사,2024,업체,기초 화학물질 제조업,5902878.0,113070.0,(재)한국품질재단,,업체 우선
454,산업통상부,롯데패키징솔루션즈 주식회사,2024,업체,기계,54112.0,1034.0,(재)한국품질재단,,업체 우선
455,기후에너지환경부,르노코리아 주식회사,2024,사업장,자동차용 엔진 및 자동차 제조업,65292.0,1369.0,(주)한국경영인증원,,단일 사업장
456,기후에너지환경부,리뉴랜드경주 주식회사,2024,업체,폐기물 처리업,111733.0,31.0,대일이엔씨기술(주),,업체 우선
457,기후에너지환경부,리뉴에너지경기 주식회사,2024,사업장,폐기물 처리업,56518.0,90.0,대일이엔씨기술(주),,단일 사업장
458,기후에너지환경부,리뉴에너지경북 주식회사,2024,사업장,폐기물 처리업,70426.0,205.0,대일이엔씨기술(주),,단일 사업장
459,기후에너지환경부,리뉴에너지그린 주식회사,2024,사업장,폐기물 처리업,53590.0,40.0,대일이엔씨기술(주),,단일 사업장
460,기후에너지환경부,리뉴에너지대원 주식회사,2024,사업장,폐기물 처리업,67197.0,378.0,대일이엔씨기술(주),,단일 사업장
461,기후에너지환경부,리뉴에너지새한 주식회사,2024,사업장,폐기물 처리업,82836.0,135.0,대일이엔씨기술(주),,단일 사업장
462,기후에너지환경부,리뉴에너지충북(주),2024,업체,폐기물 처리업,191548.0,211.0,한국표준협회,,업체 우선
463,기후에너지환경부,리뉴에너지충청(주),2024,사업장,폐기물 처리업,58486.0,126.0,대일이엔씨기술(주),,단일 사업장
464,기후에너지환경부,린데코리아 주식회사,2024,업체,기초 화학물질 제조업,938587.0,18818.0,(재)한국품질재단,,업체 우선
465,산업통상부,마이크로소프트5673코리아 유한책임회사,2024,사업장,"자료 처리, 호스팅, 포털 및 기타 인터넷 정보 매개 서비스업",62662.0,1309.0,한국표준협회,,단일 사업장
466,기후에너지환경부,만호제강(주),2024,사업장,1차 철강 제조업,34404.0,700.0,한국표준협회,,단일 사업장
467,기후에너지환경부,매그나칩반도체(유),2024,업체,반도체 제조업,82292.0,1394.0,(주)비에스아이그룹코리아,,업체 우선
468,기후에너지환경부,매일유업(주),2024,사업장,낙농제품 및 식용 빙과류 제조업,110178.0,2196.0,(주)한국경영인증원,,단일 사업장
469,기후에너지환경부,명화공업(주),2024,사업장,자동차 신품 부품 제조업,39957.0,817.0,로이드인증원㈜,,단일 사업장
470,기후에너지환경부,모나용평 주식회사,2024,사업장,일반 및 생활 숙박시설 운영업,34759.0,693.0,(재)한국품질재단,,단일 사업장
471,기후에너지환경부,목포시,2024,사업장,폐기물 처리업,57706.0,375.0,㈜한국품질보증원,,단일 사업장
472,기후에너지환경부,무림에스피(주),2024,사업장,"펄프, 종이 및 판지 제조업",47064.0,950.0,한국표준협회,,단일 사업장
473,기후에너지환경부,무림파워텍 주식회사,2024,업체,"증기, 냉ㆍ온수 및 공기 조절 공급업",164636.0,2228.0,한국표준협회,,업체 우선
474,기후에너지환경부,무림페이퍼(주),2024,업체,"펄프, 종이 및 판지 제조업",179950.0,3523.0,한국표준협회,,업체 우선
475,기후에너지환경부,무림피앤피(주),2024,업체,"펄프, 종이 및 판지 제조업",252175.0,13867.0,한국표준협회,,업체 우선
476,기후에너지환경부,무안군,2024,사업장,폐기물,17472.0,110.0,㈜한국품질보증원,,단일 사업장
477,산업통상부,미래나노텍(주),2024,사업장,전기전자,32578.0,572.0,(주)한국경영인증원,,단일 사업장
478,산업통상부,미원상사(주),2024,사업장,석유화학,64934.0,1197.0,대일이엔씨기술(주),,단일 사업장
479,기후에너지환경부,미원스페셜티케미칼(주),2024,사업장,기초 화학물질 제조업,73595.0,1432.0,(주)한국경영인증원,,단일 사업장
480,기후에너지환경부,밀양시,2024,사업장,폐기물,5039.0,5.0,㈜한국품질보증원,,단일 사업장
481,기후에너지환경부,바스프퍼포먼스폴리아마이드코리아 주식회사,2024,사업장,기초 화학물질 제조업,71387.0,1625.0,한국표준협회,,단일 사업장
482,기후에너지환경부,버슘머트리얼즈피엠코리아,2024,사업장,기초 화학물질 제조업,19678.0,410.0,로이드인증원㈜,,단일 사업장
483,국토교통부,범일운수,2024,사업장,교통(여객),16294.0,307.0,(주)한국경영인증원,,단일 사업장
484,기후에너지환경부,베올리아워터코리아대산(주),2024,사업장,수도업,89082.0,1859.0,(주)한국경영인증원,,단일 사업장
485,산업통상부,베페사징크코리아(주),2024,사업장,1차 비철금속 제조업,106400.0,150.0,(재)한국화학융합시험연구원,,단일 사업장
486,기후에너지환경부,보령시,2024,사업장,폐기물 처리업,51879.0,312.0,㈜한국품질보증원,,단일 사업장
487,기후에너지환경부,보령엘엔지터미널 주식회사,2024,사업장,연료용 가스 제조 및 배관공급업,60929.0,1229.0,대일이엔씨기술(주),,단일 사업장
488,국토교통부,보영운수(주),2024,사업장,교통(여객),12874.0,230.0,한국표준협회,,단일 사업장
489,기후에너지환경부,보임열병합발전 주식회사,2024,업체,"증기, 냉ㆍ온수 및 공기 조절 공급업",910533.0,9795.0,로이드인증원㈜,,업체 우선
490,산업통상부,볼보그룹코리아(주),2024,사업장,기계,16157.0,318.0,한국표준협회,,단일 사업장
491,기후에너지환경부,부경산업(주),2024,사업장,폐기물 처리업,65958.0,132.0,로이드인증원㈜,,단일 사업장
492,기후에너지환경부,부산광역시,2024,업체,폐기물 처리업,745005.0,8114.0,지속가능인증원주식회사,,업체 우선
493,기후에너지환경부,부산교통공사,2024,업체,육상 여객 운송업,157182.0,3280.0,한국표준협회,,업체 우선
494,산업통상부,부산그린에너지(주),2024,사업장,발전에너지,123447.0,0.0,한국표준협회,,단일 사업장
495,기후에너지환경부,부산그린파워(주),2024,사업장,폐기물 처리업,35650.0,12.0,(주)한국경영인증원,,단일 사업장
496,국토교통부,부산대학교,2024,사업장,건물,28575.0,648.0,㈜한국품질보증원,,단일 사업장
497,국토교통부,부산대학교병원,2024,사업장,건물,39331.0,819.0,한국표준협회,,단일 사업장
498,해양수산부,부산신항국제터미널(주),2024,사업장,기타 운송관련 서비스업,29880.0,1822.0,로이드인증원㈜,,단일 사업장
499,해양수산부,부산신항만주식회사,2024,사업장,기타 운송관련 서비스업,51412.0,1018.0,한국표준협회,,단일 사업장
500,기후에너지환경부,부산정관에너지(주),2024,사업장,"증기, 냉ㆍ온수 및 공기 조절 공급업",70101.0,1396.0,(주)신화엔지니어링종합건축사사무소,,단일 사업장
501,기후에너지환경부,부산주공(주),2024,사업장,자동차 신품 부품 제조업,87529.0,1637.0,㈜한국품질보증원,,단일 사업장
502,기후에너지환경부,부산패션칼라산업협동조합,2024,업체,"증기, 냉ㆍ온수 및 공기 조절 공급업",115889.0,1636.0,(주)한국경영인증원,,업체 우선
503,기후에너지환경부,부천시,2024,업체,"하수, 폐수 및 분뇨 처리업",162602.0,1595.0,㈜한국품질보증원,,업체 우선
504,농림축산식품부,브리티쉬아메리칸토바코코리아제조(주),2024,사업장,담배제조업,17936.0,462.0,한국표준협회,,단일 사업장
505,기후에너지환경부,브이피에이치메탈 유한회사,2024,사업장,자동차 신품 부품 제조업,30954.0,574.0,㈜한국품질보증원,,단일 사업장
506,기후에너지환경부,비노텍 주식회사,2024,사업장,폐기물 처리업,107519.0,63.0,(주)한국경영인증원,,단일 사업장
507,기후에너지환경부,비를라카본코리아(주),2024,업체,기초 화학물질 제조업,124148.0,488.0,㈜디엔브이비즈니스어슈어런스코리아,,업체 우선
508,산업통상부,비테스코테크놀로지스코리아 유한책임회사,2024,사업장,자동차,17339.0,357.0,(주)한국경영인증원,,단일 사업장
509,산업통상부,빛고을에코에너지 주식회사,2024,사업장,발전에너지,51369.0,0.0,한국표준협회,,단일 사업장
510,기후에너지환경부,사천시,2024,사업장,지정외 폐기물처리업 등,33583.0,128.0,㈜한국품질보증원,,단일 사업장
511,기후에너지환경부,사회복지법인 삼성생명공익재단,2024,사업장,병원,85651.0,1757.0,(재)한국품질재단,,단일 사업장
512,기후에너지환경부,삼강에스앤씨(주),2024,사업장,선박 및 보트 건조업,18197.0,324.0,(재)한국품질재단,,단일 사업장
513,기후에너지환경부,삼남석유화학주식회사,2024,업체,기초 화학물질 제조업,185782.0,2416.0,한국표준협회,,업체 우선
514,기후에너지환경부,삼목에스폼(주),2024,업체,1차 비철금속 제조업,32565.0,598.0,한국표준협회,,업체 우선
515,산업통상부,삼미금속(주),2024,사업장,철강,15867.0,322.0,한국표준협회,,단일 사업장
516,기후에너지환경부,삼보산업 주식회사,2024,사업장,1차 비철금속 제조업,34132.0,523.0,한국표준협회,,단일 사업장
517,기후에너지환경부,삼성디스플레이 주식회사,2024,업체,전자 부품 제조업,4000544.0,60771.0,(재)한국품질재단,,업체 우선
518,기후에너지환경부,삼성물산 주식회사,2024,사업장,건물 건설업,93059.0,2036.0,(주)비에스아이그룹코리아,,단일 사업장
519,기후에너지환경부,삼성바이오로직스 주식회사,2024,사업장,기초 의약 물질 및 생물학적 제제 제조업,226519.0,4651.0,대일이엔씨기술(주),,단일 사업장
520,국토교통부,삼성생명보험 주식회사,2024,업체,건물,60113.0,763.0,(재)한국품질재단,,업체 우선
521,기후에너지환경부,삼성에스디아이 주식회사,2024,업체,일차전지 및 축전지 제조업,572209.0,11818.0,한국표준협회,,업체 우선
522,기후에너지환경부,삼성에스디에스(주),2024,사업장,"컴퓨터 프로그래밍, 시스템 통합 및 관리업",173674.0,3622.0,(주)한국경영인증원,,단일 사업장
523,기후에너지환경부,삼성전기 주식회사,2024,업체,전자 부품 제조업,456652.0,9783.0,(주)비에스아이그룹코리아,,업체 우선
524,기후에너지환경부,삼성전자 주식회사,2024,업체,반도체 제조업,13594735.0,258326.0,(재)한국품질재단,,업체 우선
525,기후에너지환경부,삼성중공업 주식회사,2024,업체,선박 및 보트 건조업,528395.0,9155.0,한국표준협회,,업체 우선
526,기후에너지환경부,삼성코닝어드밴스드글라스 유한회사,2024,사업장,유리 및 유리제품 제조업,49859.0,1017.0,로이드인증원㈜,,단일 사업장
527,산업통상부,삼신정밀(주),2024,사업장,철강,25602.0,527.0,한국표준협회,,단일 사업장
528,산업통상부,삼아알미늄주식회사,2024,사업장,비철금속,20535.0,399.0,한국표준협회,,단일 사업장
529,기후에너지환경부,삼양식품(주),2024,사업장,기타 식품 제조업,72404.0,1497.0,(주)비에스아이그룹코리아,,단일 사업장
530,기후에너지환경부,삼양이노켐 주식회사,2024,사업장,기초 화학물질 제조업,99485.0,1777.0,한국표준협회,,단일 사업장
531,기후에너지환경부,삼양화성주식회사,2024,사업장,합성고무 및 플라스틱 물질 제조업,80044.0,1853.0,한국표준협회,,단일 사업장
532,산업통상부,삼양화인테크놀로지(주),2024,사업장,합성고무 및 플라스틱 물질 제조업,31163.0,364.0,한국표준협회,,단일 사업장
533,기후에너지환경부,삼영운수(주),2024,사업장,육상 여객 운송업,20143.0,372.0,한국표준협회,,단일 사업장
534,기후에너지환경부,삼영전자공업(주),2024,업체,기타 금속 가공제품 제조업,29094.0,668.0,(주)한국경영인증원,,업체 우선
535,기후에너지환경부,삼정펄프(주),2024,업체,"펄프, 종이 및 판지 제조업",143169.0,1912.0,(주)비에스아이그룹코리아,,업체 우선
536,산업통상부,삼지금속공업 주식회사,2024,사업장,비철금속,17930.0,193.0,한국표준협회,,단일 사업장
537,기후에너지환경부,삼표시멘트,2024,업체,"시멘트, 석회, 플라스터 및 그 외 제품 제조업",4998174.0,31009.0,(재)한국품질재단,,업체 우선
538,기후에너지환경부,삼표자원개발주식회사,2024,사업장,토사석 광업,29506.0,524.0,(재)한국품질재단,,단일 사업장
539,기후에너지환경부,삼표해운주식회사,2024,사업장,해상 운송업,70239.0,969.0,(재)한국품질재단,,단일 사업장
540,산업통상부,삼호제강주식회사,2024,사업장,철강,12712.0,255.0,(주)한국경영인증원,,단일 사업장
541,산업통상부,삼화왕관(주),2024,사업장,기계,19197.0,387.0,한국표준협회,,단일 사업장
542,기후에너지환경부,삼화제지(주),2024,업체,"펄프, 종이 및 판지 제조업",28988.0,624.0,한국표준협회,,업체 우선
543,산업통상부,삼화콘덴서공업(주),2024,사업장,전기전자,25292.0,527.0,한국표준협회,,단일 사업장
544,기후에너지환경부,삼흥열처리,2024,사업장,기타 금속 가공제품 제조업,30191.0,622.0,(주)한국경영인증원,,단일 사업장
545,해양수산부,상지해운(주),2024,사업장,교통(해운),19349.0,266.0,(재)한국품질재단,,단일 사업장
546,산업통상부,새론오토모티브(주),2024,사업장,자동차,15659.0,317.0,(주)한국경영인증원,,단일 사업장
547,국토교통부,새한특수(주),2024,사업장,교통(화물),16865.0,239.0,한국표준협회,,단일 사업장
548,기후에너지환경부,생고뱅이소바코리아 주식회사,2024,사업장,유리 및 유리제품 제조업,38864.0,774.0,(주)한국경영인증원,,단일 사업장
549,기후에너지환경부,서산시,2024,사업장,하수처리업,20284.0,210.0,한국표준협회,,단일 사업장
550,농림축산식품부,서영주정(주),2024,사업장,알코올 음료 제조업,30156.0,412.0,한국표준협회,,단일 사업장
551,기후에너지환경부,서울교통공사,2024,업체,육상 여객 운송업,650164.0,13575.0,대일이엔씨기술(주),,업체 우선
552,국토교통부,서울교통네트웍(주),2024,사업장,교통(여객),13583.0,259.0,(주)한국경영인증원,,단일 사업장
553,산업통상부,서울냉열(주),2024,사업장,석유화학,17063.0,356.0,(주)한국경영인증원,,단일 사업장
554,기후에너지환경부,서울대학교병원,2024,사업장,병원,92838.0,1935.0,한국표준협회,,단일 사업장
555,기후에너지환경부,서울바이오시스(주),2024,사업장,반도체 제조업,61646.0,1276.0,로이드인증원㈜,,단일 사업장
556,기후에너지환경부,서울시메트로 9호선(주),2024,사업장,육상 여객 운송업,53211.0,1109.0,(주)한국경영인증원,,단일 사업장
557,기후에너지환경부,서울에너지공사,2024,업체,"증기, 냉ㆍ온수 및 공기 조절 공급업",300444.0,6361.0,한국표준협회,,업체 우선
558,농림축산식품부,서울우유협동조합,2024,업체,낙농제품 및 식용 빙과류 제조업,73904.0,1415.0,한국표준협회,,업체 우선
559,기후에너지환경부,서울특별시,2024,업체,폐기물 처리업,1360897.0,13003.0,(재)한국품질재단,,업체 우선
560,기후에너지환경부,서울특별시농수산식품공사,2024,사업장,부동산 임대 및 공급업,63908.0,1328.0,(주)한국경영인증원,,단일 사업장
561,산업통상부,서진산업(주),2024,사업장,자동차,16623.0,317.0,한국표준협회,,단일 사업장
562,기후에너지환경부,서한이앤피주식회사,2024,사업장,기타 금속 가공제품 제조업,57373.0,1141.0,(주)한국경영인증원,,단일 사업장
563,기후에너지환경부,서해그린환경(주),2024,사업장,폐기물 처리업,93483.0,212.0,(재)한국품질재단,,단일 사업장
564,산업통상부,선도화학(주),2024,사업장,기초 화학물질 제조업,23759.0,496.0,한국가스안전공사,,단일 사업장
565,기후에너지환경부,선진버스(주),2024,사업장,육상 여객 운송업,17365.0,321.0,(주)한국경영인증원,,단일 사업장
566,기후에너지환경부,성남시,2024,업체,폐기물 처리업,243032.0,2335.0,㈜한국품질보증원,,업체 우선
567,기후에너지환경부,성남시내버스(주),2024,사업장,육상 여객 운송업,24814.0,477.0,㈜한국품질보증원,,단일 사업장
568,기후에너지환경부,성림유화 주식회사,2024,업체,폐기물 처리업,255697.0,216.0,로이드인증원㈜,,업체 우선
569,산업통상부,성보공업(주),2024,사업장,철강,15007.0,292.0,한국표준협회,,단일 사업장
570,기후에너지환경부,성신씨엠 주식회사,2024,사업장,"시멘트, 석회, 플라스터 및 그 외 제품 제조업",16848.0,344.0,로이드인증원㈜,,단일 사업장
571,기후에너지환경부,성신양회(주),2024,업체,"시멘트, 석회, 플라스터 및 그 외 제품 제조업",4072874.0,22552.0,한국표준협회,,업체 우선
572,기후에너지환경부,성안합섬(주),2024,사업장,화학섬유 제조업,92.0,1.0,(주)한국경영인증원,,단일 사업장
573,해양수산부,성우해운주식회사,2024,사업장,교통(해운),20467.0,281.0,한국표준협회,,단일 사업장
574,산업통상부,성일요업주식회사,2024,사업장,요업,18605.0,323.0,한국표준협회,,단일 사업장
575,산업통상부,성일하이텍(주),2024,사업장,1차 비철금속 제조업,26083.0,440.0,(주)한국경영인증원,,단일 사업장
576,기후에너지환경부,성창보드(주),2024,사업장,나무제품 제조업,30386.0,619.0,㈜한국품질보증원,,단일 사업장
577,기후에너지환경부,성훈엔지니어링주식회사,2024,사업장,1차 비철금속 제조업,39339.0,784.0,한국가스안전공사,,단일 사업장
578,기후에너지환경부,세메스(주),2024,사업장,특수 목적용 기계 제조업,41805.0,727.0,한국표준협회,,단일 사업장
579,기후에너지환경부,세방(주),2024,사업장,도로 화물 운송업,27838.0,436.0,(주)한국경영인증원,,단일 사업장
580,기후에너지환경부,세방전지(주),2024,업체,일차전지 및 축전지 제조업,147941.0,3054.0,(주)한국경영인증원,,업체 우선
581,기후에너지환경부,세종특별자치시,2024,사업장,"하수, 폐수 및 분뇨 처리업",53883.0,595.0,(재)한국품질재단,,단일 사업장
582,기후에너지환경부,셀트리온,2024,사업장,기초 의약 물질 및 생물학적 제제 제조업,79174.0,1656.0,(주)한국경영인증원,,단일 사업장
583,기후에너지환경부,셰플러코리아 유한책임회사,2024,사업장,일반 목적용 기계 제조업,71392.0,1480.0,로이드인증원㈜,,단일 사업장
584,기후에너지환경부,소신여객자동차(주),2024,사업장,육상 여객 운송업,15756.0,310.0,한국표준협회,,단일 사업장
585,기후에너지환경부,속초시,2024,사업장,폐기물,35408.0,290.0,(주)한국경영인증원,,단일 사업장
586,기후에너지환경부,솔베이실리카코리아(주),2024,사업장,기초 화학물질 제조업,35404.0,757.0,대일이엔씨기술(주),,단일 사업장
587,산업통상부,솔브레인 주식회사,2024,사업장,석유화학,48230.0,1092.0,한국표준협회,,단일 사업장
588,기후에너지환경부,솔브레인에스엘디 주식회사,2024,사업장,전자 부품 제조업,30391.0,579.0,한국표준협회,,단일 사업장
589,기후에너지환경부,송원산업(주),2024,업체,기타 화학제품 제조업,143654.0,2913.0,한국표준협회,,업체 우선
590,기후에너지환경부,송학제지(주),2024,사업장,"펄프, 종이 및 판지 제조업",50.0,0.0,(주)한국경영인증원,,단일 사업장
591,기후에너지환경부,수도권매립지관리공사,2024,업체,폐기물 처리업,1006395.0,4386.0,(주)한국경영인증원,,업체 우선
592,국토교통부,수양물류주식회사,2024,사업장,육상운송 및 파이프라인 운송업,24132.0,343.0,한국표준협회,,단일 사업장
593,기후에너지환경부,수완에너지 주식회사,2024,업체,"증기, 냉ㆍ온수 및 공기 조절 공급업",158941.0,3154.0,대일이엔씨기술(주),,업체 우선
594,기후에너지환경부,수원시,2024,업체,폐기물 처리업,194918.0,2255.0,㈜한국품질보증원,,업체 우선
595,국토교통부,수원애경역사 주식회사,2024,사업장,건물,14845.0,306.0,한국표준협회,,단일 사업장
596,기후에너지환경부,수원여객운수(주),2024,사업장,육상 여객 운송업,19546.0,386.0,한국표준협회,,단일 사업장
597,국토교통부,수협노량진수산 주식회사,2024,사업장,건물,16654.0,347.0,(주)한국경영인증원,,단일 사업장
598,기후에너지환경부,순천시,2024,사업장,"하수, 폐수 및 분뇨 처리업",57853.0,436.0,(주)한국경영인증원,,단일 사업장
599,기후에너지환경부,스미토모세이카폴리머스코리아(주),2024,사업장,합성고무 및 플라스틱 물질 제조업,34627.0,1508.0,로이드인증원㈜,,단일 사업장
600,기후에너지환경부,스테코(주),2024,사업장,전자 부품 제조업,42075.0,876.0,한국표준협회,,단일 사업장
601,기후에너지환경부,스템코(주),2024,사업장,반도체 제조업,48982.0,1046.0,(주)한국경영인증원,,단일 사업장
602,기후에너지환경부,스틸싸이클 주식회사,2024,사업장,1차 비철금속 제조업,78531.0,803.0,한국표준협회,,단일 사업장
603,산업통상부,스틸싸이클에스씨(주),2024,사업장,1차 비철금속 제조업,5884.0,80.0,한국표준협회,,단일 사업장
604,기후에너지환경부,시그네틱스(주),2024,사업장,반도체 제조업,34225.0,710.0,(주)한국경영인증원,,단일 사업장
605,기후에너지환경부,시흥시,2024,사업장,폐기물 처리업,99448.0,1020.0,(주)비에스아이그룹코리아,,단일 사업장
606,기후에너지환경부,신대양제지(주),2024,업체,"펄프, 종이 및 판지 제조업",241875.0,2987.0,한국표준협회,,업체 우선
607,기후에너지환경부,신대양제지반월(주),2024,사업장,"펄프, 종이 및 판지 제조업",119528.0,1466.0,한국표준협회,,단일 사업장
608,기후에너지환경부,신대일페이퍼 주식회사,2024,사업장,"펄프, 종이 및 판지 제조업",85611.0,904.0,(주)한국경영인증원,,단일 사업장
609,기후에너지환경부,신대한정유산업 주식회사,2024,사업장,폐기물 처리업,96976.0,253.0,(주)한국경영인증원,,단일 사업장
610,국토교통부,신도림테크노마트 주식회사,2024,사업장,건물,15253.0,316.0,(주)한국경영인증원,,단일 사업장
611,기후에너지환경부,신분당선(주),2024,사업장,육상 여객 운송업,26382.0,550.0,(주)한국경영인증원,,단일 사업장
612,해양수산부,신선대감만터미널 주식회사,2024,사업장,항만,47455.0,886.0,(주)한국경영인증원,"""부산항터미널주식회사"" 업체명 변경",단일 사업장
613,기후에너지환경부,신성교통(주),2024,사업장,육상 여객 운송업,10449.0,194.0,대일이엔씨기술(주),,단일 사업장
614,국토교통부,신안종합리조트(주),2024,사업장,건물,16252.0,326.0,(주)한국경영인증원,,단일 사업장
615,기후에너지환경부,신창제지공업주식회사,2024,사업장,"펄프, 종이 및 판지 제조업",23065.0,556.0,한국표준협회,,단일 사업장
616,기후에너지환경부,신평택발전(주),2024,업체,전기업,1883760.0,37400.0,(주)신화엔지니어링종합건축사사무소,,업체 우선
617,산업통상부,신화인터텍(주),2024,사업장,전기전자,14440.0,295.0,로이드인증원㈜,,단일 사업장
618,산업통상부,쌍용기초소재(주),2024,사업장,시멘트,20512.0,377.0,로이드인증원㈜,,단일 사업장
619,기후에너지환경부,쌍용씨앤이(주),2024,업체,"시멘트, 석회, 플라스터 및 그 외 제품 제조업",10574492.0,62302.0,한국표준협회,,업체 우선
620,기후에너지환경부,씨엔씨티에너지 주식회사,2024,사업장,"증기, 냉ㆍ온수 및 공기 조절 공급업",25906.0,521.0,로이드인증원㈜,,단일 사업장
621,기후에너지환경부,씨월드고속훼리(주),2024,사업장,해상 운송업,108976.0,1498.0,(주)한국경영인증원,,단일 사업장
622,기후에너지환경부,씨이케이 주식회사,2024,업체,폐기물 처리업,226301.0,1306.0,(재)한국품질재단,,업체 우선
623,국토교통부,씨제이씨지브이 주식회사,2024,업체,건물,69504.0,1397.0,(주)한국경영인증원,,업체 우선
624,산업통상부,씨지앤대산전력(주),2024,업체,전기업,15848.0,242.0,㈜한국품질보증원,,업체 우선
625,기후에너지환경부,씨지앤율촌전력 주식회사,2024,업체,전기업,1988171.0,39590.0,㈜한국품질보증원,,업체 우선
626,기후에너지환경부,아반스트레이트코리아 주식회사,2024,사업장,유리 및 유리제품 제조업,0.0,0.0,㈜한국품질보증원,,단일 사업장
627,기후에너지환경부,아산시,2024,사업장,폐기물 처리업,108502.0,1048.0,㈜한국품질보증원,,단일 사업장
628,기후에너지환경부,아세아시멘트 주식회사,2024,업체,"시멘트, 석회, 플라스터 및 그 외 제품 제조업",2114034.0,13832.0,한국표준협회,,업체 우선
629,기후에너지환경부,아세아제지(주),2024,업체,"펄프, 종이 및 판지 제조업",466661.0,4339.0,한국표준협회,,업체 우선
630,기후에너지환경부,아시아나항공,2024,업체,항공 여객 운송업,306178.0,4511.0,㈜디엔브이비즈니스어슈어런스코리아,,업체 우선
631,기후에너지환경부,아주대학교의료원,2024,사업장,병원,28391.0,581.0,한국생산성본부인증원(주),,단일 사업장
632,산업통상부,아주스틸(주),2024,사업장,기계,13780.0,255.0,한국표준협회,,단일 사업장
633,기후에너지환경부,안동시,2024,사업장,수도사업,16774.0,166.0,(재)한국화학융합시험연구원,,단일 사업장
634,기후에너지환경부,안산도시개발(주),2024,사업장,"증기, 냉ㆍ온수 및 공기 조절 공급업",27470.0,615.0,(재)한국품질재단,,단일 사업장
635,기후에너지환경부,안산시,2024,업체,"하수, 폐수 및 분뇨 처리업",114730.0,1443.0,㈜한국품질보증원,,업체 우선
636,기후에너지환경부,안양시,2024,사업장,"하수, 폐수 및 분뇨 처리업",95365.0,1059.0,㈜한국품질보증원,,단일 사업장
637,기후에너지환경부,애경케미칼(주),2024,업체,기초 화학물질 제조업,165838.0,1828.0,(주)한국경영인증원,,업체 우선
638,기후에너지환경부,양산시,2024,사업장,폐기물 처리업,94700.0,830.0,㈜한국품질보증원,,단일 사업장
639,기후에너지환경부,양주시,2024,사업장,폐기물 처리업,70705.0,922.0,㈜한국품질보증원,,단일 사업장
640,기후에너지환경부,어프로티움 주식회사,2024,업체,기초 화학물질 제조업,328313.0,3503.0,(재)한국품질재단,,업체 우선
641,기후에너지환경부,에너원(주),2024,사업장,"증기, 냉ㆍ온수 및 공기 조절 공급업",41855.0,484.0,(주)한국경영인증원,,단일 사업장
642,산업통상부,에드워드코리아(주),2024,사업장,기계,12269.0,257.0,한국표준협회,,단일 사업장
643,산업통상부,에스앤에스아이앤씨(주),2024,사업장,자동차,18223.0,380.0,(재)한국품질재단,,단일 사업장
644,산업통상부,에스앤티모티브 주식회사,2024,사업장,자동차,19561.0,406.0,한국표준협회,,단일 사업장
645,산업통상부,에스에스엘엠 주식회사,2024,사업장,전기전자,19323.0,395.0,한국표준협회,,단일 사업장
646,기후에너지환경부,에스엔에프코리아(주),2024,사업장,기타 화학제품 제조업,45645.0,1063.0,(주)한국경영인증원,,단일 사업장
647,산업통상부,에스엘 주식회사,2024,업체,전기전자,54187.0,1126.0,(재)한국품질재단,,업체 우선
648,기후에너지환경부,에스와이에너지 주식회사,2024,사업장,나무제품 제조업,26030.0,800.0,(재)한국품질재단,"""SY에너지㈜"" 업체명 변경",단일 사업장
649,기후에너지환경부,에스지씨솔루션 주식회사,2024,업체,유리 및 유리제품 제조업,161621.0,2646.0,(재)한국품질재단,,업체 우선
650,기후에너지환경부,에스지씨에너지 주식회사,2024,업체,유리 및 유리제품 제조업,1780408.0,46581.0,㈜디엔브이비즈니스어슈어런스코리아,,업체 우선
651,기후에너지환경부,에스케이 주식회사,2024,업체,"컴퓨터 프로그래밍, 시스템 통합 및 관리업",136656.0,2846.0,한국표준협회,,업체 우선
652,산업통상부,에스케이가스(주),2024,사업장,발전에너지,14853.0,241.0,(재)한국품질재단,,단일 사업장
653,국토교통부,에스케이네트웍스 주식회사,2024,사업장,건물,23447.0,478.0,(주)비에스아이그룹코리아,,단일 사업장
654,기후에너지환경부,에스케이넥실리스 주식회사,2024,사업장,1차 비철금속 제조업,125554.0,2604.0,(주)한국경영인증원,,단일 사업장
655,기후에너지환경부,에스케이마이크로웍스 주식회사,2024,업체,플라스틱 제품 제조업,154240.0,3164.0,한국표준협회,,업체 우선
656,기후에너지환경부,에스케이마이크로웍스솔루션즈 주식회사,2024,사업장,플라스틱 제품 제조업,38406.0,673.0,(재)한국품질재단,,단일 사업장
657,기후에너지환경부,에스케이멀티유틸리티 주식회사,2024,업체,"증기, 냉ㆍ온수 및 공기 조절 공급업",356042.0,4286.0,(재)한국품질재단,,업체 우선
658,산업통상부,에스케이바이오사이언스(주),2024,사업장,석유화학,17352.0,356.0,(재)한국품질재단,,단일 사업장
659,기후에너지환경부,에스케이스페셜티 주식회사,2024,업체,기초 화학물질 제조업,261423.0,5416.0,한국가스안전공사,,업체 우선
660,기후에너지환경부,에스케이실트론 주식회사,2024,업체,반도체 제조업,410642.0,8623.0,로이드인증원㈜,,업체 우선
661,기후에너지환경부,에스케이씨 주식회사,2024,업체,플라스틱 제품 제조업,1437.0,28.0,한국표준협회,,업체 우선
662,기후에너지환경부,에스케이아이이테크놀로지주식회사,2024,사업장,일차전지 및 축전지 제조업,75145.0,1540.0,한국표준협회,,단일 사업장
663,기후에너지환경부,에스케이어드밴스드주식회사,2024,업체,기초 화학물질 제조업,529742.0,10547.0,한국표준협회,,업체 우선
664,기후에너지환경부,에스케이에너지 주식회사,2024,업체,석유 정제품 제조업,7146701.0,75417.0,한국표준협회,,업체 우선
665,기후에너지환경부,에스케이에어플러스 주식회사,2024,업체,기초 화학물질 제조업,331712.0,6936.0,한국표준협회,"""에스케이머티리얼즈 에어 플러스 주식회사"" 업체명 변경",업체 우선
666,기후에너지환경부,에스케이에코프라임 주식회사,2024,업체,기타 화학제품 제조업,34212.0,588.0,(재)한국품질재단,,업체 우선
667,국토교통부,에스케이에코플랜트(주),2024,사업장,건설,25242.0,516.0,(주)한국경영인증원,,단일 사업장
668,기후에너지환경부,에스케이엔무브 주식회사,2024,업체,석유 정제품 제조업,169022.0,5954.0,한국표준협회,,업체 우선
669,기후에너지환경부,에스케이엔텀 주식회사,2024,업체,보관 및 창고업,36958.0,1729.0,한국표준협회,,업체 우선
670,산업통상부,에스케이오션플랜트(주),2024,사업장,조선,18207.0,325.0,한국표준협회,,단일 사업장
671,기후에너지환경부,에스케이온 주식회사,2024,업체,일차전지 및 축전지 제조업,160618.0,3325.0,한국표준협회,,업체 우선
672,기후에너지환경부,에스케이지오센트릭 주식회사,2024,업체,기초 화학물질 제조업,2541554.0,59114.0,한국표준협회,,업체 우선
673,기후에너지환경부,에스케이케미칼(주),2024,업체,합성고무 및 플라스틱 물질 제조업,222379.0,4056.0,(재)한국품질재단,,업체 우선
674,기후에너지환경부,에스케이키파운드리 주식회사,2024,업체,반도체 제조업,290381.0,3648.0,(주)비에스아이그룹코리아,,업체 우선
675,기후에너지환경부,에스케이텔레콤 주식회사,2024,업체,전기 통신업,1166518.0,24364.0,㈜디엔브이비즈니스어슈어런스코리아,,업체 우선
676,기후에너지환경부,에스케이피아이씨글로벌 주식회사,2024,업체,기초 화학물질 제조업,540380.0,9598.0,한국표준협회,,업체 우선
677,기후에너지환경부,에스케이하이닉스 시스템아이씨(주),2024,업체,반도체 제조업,125.0,2.0,(주)비에스아이그룹코리아,,업체 우선
678,기후에너지환경부,에스케이하이닉스 주식회사,2024,업체,반도체 제조업,4848541.0,94903.0,(주)비에스아이그룹코리아,,업체 우선
679,기후에너지환경부,에스티엠 주식회사,2024,사업장,일차전지 및 축전지 제조업,54647.0,1141.0,한국표준협회,,단일 사업장
680,기후에너지환경부,에스폼(주),2024,사업장,1차 비철금속 제조업,0.0,0.0,한국표준협회,,단일 사업장
681,기후에너지환경부,에스피엘(주),2024,사업장,기타 식품 제조업,28691.0,646.0,(주)비에스아이그룹코리아,,단일 사업장
682,기후에너지환경부,에어리퀴드코리아 주식회사,2024,업체,기초 화학물질 제조업,258580.0,3048.0,로이드인증원㈜,,업체 우선
683,기후에너지환경부,에어부산(주),2024,업체,항공 여객 운송업,163093.0,2341.0,한국표준협회,,업체 우선
684,국토교통부,에어서울 주식회사,2024,사업장,항공 여객 운송업,21973.0,315.0,한국표준협회,,단일 사업장
685,기후에너지환경부,에어프로덕츠코리아 주식회사,2024,업체,기초 화학물질 제조업,792284.0,16358.0,로이드인증원㈜,,업체 우선
686,기후에너지환경부,에이에스이코리아주식회사,2024,사업장,반도체 제조업,103083.0,2134.0,㈜디엔브이비즈니스어슈어런스코리아,,단일 사업장
687,산업통상부,에이지씨디스플레이글라스오창주식회사,2024,사업장,유리,12558.0,262.0,㈜디엔브이비즈니스어슈어런스코리아,,단일 사업장
688,기후에너지환경부,에이지씨화인테크노한국주식회사,2024,업체,유리 및 유리제품 제조업,200216.0,4022.0,㈜디엔브이비즈니스어슈어런스코리아,,업체 우선
689,국토교통부,에이치디씨아이파크몰 주식회사,2024,사업장,건물,19898.0,410.0,(주)한국경영인증원,,단일 사업장
690,산업통상부,에이치디씨폴리올(주),2024,사업장,석유화학,33360.0,565.0,한국표준협회,,단일 사업장
691,국토교통부,에이치디씨현대산업개발(주),2024,사업장,건설,24640.0,504.0,한국표준협회,,단일 사업장
692,산업통상부,에이치디씨현대이피 주식회사,2024,사업장,석유화학,20719.0,388.0,한국표준협회,,단일 사업장
693,기후에너지환경부,에이치디현대미포 주식회사,2024,업체,선박 및 보트 건조업,166913.0,3009.0,한국표준협회,,업체 우선
694,기후에너지환경부,에이치디현대삼호 주식회사,2024,업체,선박 및 보트 건조업,276469.0,4802.0,㈜디엔브이비즈니스어슈어런스코리아,"""현대삼호중공업 주식회사"" 업체명 변경",업체 우선
695,기후에너지환경부,에이치디현대에너지솔루션(주),2024,사업장,반도체 제조업,19982.0,401.0,(주)한국경영인증원,,단일 사업장
696,기후에너지환경부,에이치디현대오씨아이 주식회사,2024,업체,기초 화학물질 제조업,352618.0,3992.0,(재)한국품질재단,,업체 우선
697,기후에너지환경부,에이치디현대오일뱅크,2024,업체,석유 정제품 제조업,6428458.0,80865.0,(재)한국품질재단,,업체 우선
698,기후에너지환경부,에이치디현대인프라코어(주),2024,사업장,특수 목적용 기계 제조업,87657.0,1700.0,(주)한국경영인증원,,단일 사업장
699,기후에너지환경부,에이치디현대일렉트릭(주),2024,사업장,"전동기, 발전기 및 전기 변환ㆍ공급ㆍ제어 장치 제조업",38225.0,785.0,㈜디엔브이비즈니스어슈어런스코리아,,단일 사업장
700,기후에너지환경부,에이치디현대중공업 주식회사,2024,업체,선박 및 보트 건조업,671156.0,11630.0,한국표준협회,,업체 우선
701,기후에너지환경부,에이치디현대케미칼주식회사,2024,업체,기초 화학물질 제조업,2719270.0,50104.0,(재)한국품질재단,,업체 우선
702,기후에너지환경부,에이치에스지성동조선 주식회사,2024,사업장,선박 및 보트 건조업,60206.0,1136.0,한국표준협회,,단일 사업장
703,기후에너지환경부,에이치에스효성첨단소재(주),2024,업체,화학섬유 제조업,186927.0,4152.0,㈜디엔브이비즈니스어슈어런스코리아,,업체 우선
704,기후에너지환경부,에이치엘만도 주식회사,2024,사업장,자동차 신품 부품 제조업,68160.0,1425.0,(주)비에스아이그룹코리아,,단일 사업장
705,기후에너지환경부,에이치엘비에너지㈜,2024,사업장,폐기물 처리업,27071.0,43.0,(주)한국경영인증원,,단일 사업장
706,해양수산부,에이치엠엠피에스에이신항만(주),2024,사업장,기타 운송관련 서비스업,29022.0,581.0,로이드인증원㈜,,단일 사업장
707,산업통상부,에이치케이이노엔(주),2024,사업장,석유화학,17964.0,369.0,(주)한국경영인증원,,단일 사업장
708,산업통상부,에코플라스틱(주),2024,사업장,자동차,17731.0,366.0,(재)한국품질재단,,단일 사업장
709,기후에너지환경부,엘앤에프,2024,사업장,전자 부품 제조업,138295.0,2842.0,(재)한국품질재단,,단일 사업장
710,산업통상부,엘에스메탈 주식회사,2024,사업장,비철금속,21335.0,444.0,(주)한국경영인증원,,단일 사업장
711,기후에너지환경부,엘에스엠앤엠 주식회사,2024,업체,1차 비철금속 제조업,493516.0,8509.0,한국표준협회,,업체 우선
712,산업통상부,엘에스일렉트릭(주),2024,사업장,전기전자,16427.0,340.0,(주)한국경영인증원,,단일 사업장
713,기후에너지환경부,엘에스전선 주식회사,2024,업체,절연선 및 케이블 제조업,99356.0,2013.0,㈜한국품질보증원,,업체 우선
714,기후에너지환경부,엘지디스플레이(주),2024,업체,전자 부품 제조업,3671012.0,53590.0,㈜디엔브이비즈니스어슈어런스코리아,,업체 우선
715,산업통상부,엘지마그나 이파워트레인 주식회사,2024,사업장,자동차,18891.0,393.0,(주)비에스아이그룹코리아,,단일 사업장
716,기후에너지환경부,엘지유플러스(주),2024,업체,전기 통신업,1418334.0,29633.0,한국표준협회,,업체 우선
717,기후에너지환경부,엘지이노텍 주식회사,2024,업체,전자 부품 제조업,426341.0,8861.0,(주)비에스아이그룹코리아,,업체 우선
718,기후에너지환경부,엘지전자 주식회사,2024,업체,반도체 제조업,257475.0,5469.0,㈜디엔브이비즈니스어슈어런스코리아,,업체 우선
719,기후에너지환경부,엠이엠씨코리아주식회사,2024,사업장,반도체 제조업,115124.0,2429.0,(주)신화엔지니어링종합건축사사무소,,단일 사업장
720,기후에너지환경부,엠코테크놀로지코리아(주),2024,업체,반도체 제조업,369182.0,7423.0,(주)비에스아이그룹코리아,,업체 우선
721,기후에너지환경부,여수시,2024,업체,폐기물,116702.0,803.0,지속가능인증원주식회사,,업체 우선
722,산업통상부,여주에너지서비스,2024,업체,발전에너지,2014575.0,40034.0,(주)한국경영인증원,,업체 우선
723,기후에너지환경부,여천엔씨씨 주식회사,2024,업체,기초 화학물질 제조업,3803197.0,73678.0,(재)한국품질재단,,업체 우선
724,기후에너지환경부,연천군,2024,사업장,폐기물,16906.0,25.0,(재)한국품질재단,,단일 사업장
725,해양수산부,영우해운(주),2024,사업장,교통(해운),13426.0,188.0,한국표준협회,,단일 사업장
726,기후에너지환경부,영주시,2024,사업장,폐기물 처리업,36061.0,133.0,(재)한국품질재단,,단일 사업장
727,기후에너지환경부,영풍전자(주),2024,사업장,전자 부품 제조업,38638.0,775.0,(주)한국경영인증원,,단일 사업장
728,기후에너지환경부,영풍제지(주),2024,사업장,"펄프, 종이 및 판지 제조업",91679.0,1329.0,한국표준협회,,단일 사업장
729,기후에너지환경부,영화금속(주),2024,사업장,금속 주조업,87847.0,1290.0,(재)한국품질재단,,단일 사업장
730,기후에너지환경부,오뚜기라면 주식회사,2024,업체,기타 식품 제조업,47742.0,960.0,(주)비에스아이그룹코리아,,업체 우선
731,기후에너지환경부,오라이온코리아 주식회사 ,2024,업체,기초 화학물질 제조업,360685.0,542.0,㈜디엔브이비즈니스어슈어런스코리아,,업체 우선
732,기후에너지환경부,오비맥주(주),2024,사업장,알코올 음료 제조업,90773.0,1918.0,(주)한국경영인증원,,단일 사업장
733,기후에너지환경부,오산시,2024,사업장,하수처리업,19899.0,263.0,㈜한국품질보증원,,단일 사업장
734,기후에너지환경부,오성연료전지 주식회사,2024,사업장,전기업,35002.0,0.0,한국표준협회,,단일 사업장
735,기후에너지환경부,오씨아이주식회사,2024,업체,기타 화학제품 제조업,1187244.0,18408.0,㈜디엔브이비즈니스어슈어런스코리아,,업체 우선
736,기후에너지환경부,오씨아이홀딩스 주식회사,2024,업체,기초 화학물질 제조업,1140.0,22.0,㈜디엔브이비즈니스어슈어런스코리아,,업체 우선
737,농림축산식품부,오케이에프음료(주),2024,사업장,음료제조업,20171.0,389.0,한국표준협회,,단일 사업장
738,기후에너지환경부,옥천군,2024,사업장,지정외 폐기물처리업 등,17258.0,60.0,한국표준협회,,단일 사업장
739,기후에너지환경부,온세미컨덕터코리아(주),2024,업체,반도체 제조업,193260.0,3199.0,(주)비에스아이그룹코리아,,업체 우선
740,국토교통부,와이이십이프로젝트금융투자 주식회사,2024,사업장,건물,17446.0,360.0,한국생산성본부인증원(주),,단일 사업장
741,기후에너지환경부,와이케이스틸(주),2024,업체,1차 철강 제조업,214963.0,3861.0,한국표준협회,,업체 우선
742,기후에너지환경부,용남고속(주),2024,사업장,육상 여객 운송업,21173.0,372.0,(주)한국경영인증원,,단일 사업장
743,기후에너지환경부,용산케미칼 주식회사,2024,사업장,기초 화학물질 제조업,113456.0,958.0,한국가스안전공사,,단일 사업장
744,기후에너지환경부,용인시,2024,업체,폐기물 처리업,191023.0,1987.0,㈜한국품질보증원,,업체 우선
745,해양수산부,우림해운(주),2024,사업장,교통(해운),24338.0,335.0,(주)한국경영인증원,,단일 사업장
746,산업통상부,우지막코리아(주),2024,사업장,요업,4201.0,85.0,한국표준협회,,단일 사업장
747,기후에너지환경부,우진환경개발(주),2024,사업장,폐기물 처리업,67813.0,771.0,㈜한국품질보증원,,단일 사업장
748,기후에너지환경부,울산과학기술원,2024,사업장,고등 교육기관,37607.0,786.0,한국표준협회,,단일 사업장
749,기후에너지환경부,울산광역시,2024,업체,폐기물 처리업,315968.0,3065.0,㈜한국품질보증원,,업체 우선
750,기후에너지환경부,울산아로마틱스(주),2024,업체,기초 화학물질 제조업,430585.0,10023.0,㈜디엔브이비즈니스어슈어런스코리아,,업체 우선
751,기후에너지환경부,울산알루미늄 주식회사,2024,업체,1차 비철금속 제조업,157457.0,3196.0,(주)한국경영인증원,,업체 우선
752,기후에너지환경부,울산피피주식회사,2024,사업장,합성고무 및 플라스틱 물질 제조업,49134.0,1389.0,(주)한국경영인증원,,단일 사업장
753,산업통상부,원강산업(주),2024,사업장,기계,21731.0,451.0,(주)한국경영인증원,,단일 사업장
754,기후에너지환경부,원주시,2024,사업장,"하수, 폐수 및 분뇨 처리업",57836.0,732.0,(재)한국화학융합시험연구원,,단일 사업장
755,기후에너지환경부,위드인천에너지(주),2024,업체,"증기, 냉ㆍ온수 및 공기 조절 공급업",22850.0,492.0,㈜디엔브이비즈니스어슈어런스코리아,,업체 우선
756,기후에너지환경부,유니온머티리얼(주),2024,사업장,"내화, 비내화 요업제품 제조업",37845.0,763.0,(재)한국품질재단,,단일 사업장
757,기후에너지환경부,유니투스 주식회사,2024,업체,자동차 신품 부품 제조업,68712.0,1426.0,(재)한국품질재단,,업체 우선
758,산업통상부,유성기업(주),2024,사업장,자동차,13596.0,279.0,(주)비에스아이그룹코리아,,단일 사업장
759,기후에너지환경부,유한킴벌리 주식회사,2024,업체,"펄프, 종이 및 판지 제조업",199589.0,3999.0,(재)한국품질재단,,업체 우선
760,기후에너지환경부,유한회사 사조씨피케이,2024,업체,"곡물 가공품, 전분 및 전분제품 제조업",135361.0,2432.0,(재)한국품질재단,,업체 우선
761,기후에너지환경부,유한회사 스태츠칩팩코리아,2024,사업장,반도체 제조업,76436.0,1572.0,(주)신화엔지니어링종합건축사사무소,,단일 사업장
762,산업통상부,유한회사 클라리오스델코,2024,사업장,전기전자,52469.0,1087.0,(주)한국경영인증원,,단일 사업장
763,기후에너지환경부,율촌화학(주),2024,사업장,플라스틱 제품 제조업,81954.0,1509.0,(주)한국경영인증원,,단일 사업장
764,산업통상부,음성에코파크(주),2024,사업장,발전에너지,60857.0,4.0,한국표준협회,,단일 사업장
765,국토교통부,의료법인 길 의료재단,2024,사업장,건물,21181.0,435.0,(재)한국화학융합시험연구원,,단일 사업장
766,기후에너지환경부,의정부시,2024,사업장,"하수, 폐수 및 분뇨 처리업",82379.0,400.0,㈜한국품질보증원,,단일 사업장
767,산업통상부,이건에너지(주),2024,사업장,산업단지,15254.0,2615.0,㈜한국품질보증원,,단일 사업장
768,기후에너지환경부,이구산업(주),2024,사업장,1차 비철금속 제조업,36264.0,748.0,한국생산성본부인증원(주),,단일 사업장
769,기후에너지환경부,이누스 주식회사,2024,사업장,"내화, 비내화 요업제품 제조업",52998.0,903.0,한국표준협회,,단일 사업장
770,기후에너지환경부,이도에코오산(주) ,2024,사업장,폐기물 처리업,47492.0,33.0,(주)한국경영인증원,,단일 사업장
771,기후에너지환경부,이도에코전주(주),2024,사업장,폐기물 처리업,42693.0,23.0,㈜한국품질보증원,,단일 사업장
772,기후에너지환경부,이스트만화이버코리아 주식회사,2024,사업장,화학섬유 제조업,42245.0,716.0,(주)한국경영인증원,,단일 사업장
773,국토교통부,이지스제210호전문투자형사모부동산투자회사,2024,사업장,건물,20982.0,435.0,(주)한국경영인증원,,단일 사업장
774,기후에너지환경부,이천시,2024,사업장,폐기물 처리업,120026.0,633.0,㈜한국품질보증원,,단일 사업장
775,기후에너지환경부,익산시,2024,사업장,폐기물 처리업,74429.0,572.0,㈜한국품질보증원,,단일 사업장
776,기후에너지환경부,인제군,2024,사업장,폐기물,24069.0,35.0,(주)한국경영인증원,,단일 사업장
777,산업통상부,인지에이엠티(주),2024,사업장,자동차,20590.0,424.0,(주)한국경영인증원,,단일 사업장
778,기후에너지환경부,인천공항에너지,2024,업체,"증기, 냉ㆍ온수 및 공기 조절 공급업",185004.0,3674.0,㈜한국품질보증원,,업체 우선
779,기후에너지환경부,인천광역시,2024,업체,폐기물 처리업,398065.0,4977.0,(재)한국화학융합시험연구원,,업체 우선
780,기후에너지환경부,인천교통공사,2024,사업장,육상 여객 운송업,117332.0,2421.0,한국표준협회,,단일 사업장
781,기후에너지환경부,인천국제공항공사,2024,업체,기타 운송관련 서비스업,267110.0,5157.0,(주)한국경영인증원,,업체 우선
782,산업통상부,인천연료전지(주),2024,업체,전기업,167926.0,18.0,(주)한국경영인증원,,업체 우선
783,기후에너지환경부,인천종합에너지(주),2024,업체,"증기, 냉ㆍ온수 및 공기 조절 공급업",397688.0,7984.0,㈜디엔브이비즈니스어슈어런스코리아,,업체 우선
784,기후에너지환경부,인터지스(주),2024,사업장,도로 화물 운송업,32691.0,485.0,(주)한국경영인증원,,단일 사업장
785,기후에너지환경부,인프라에어홀딩스 주식회사,2024,업체,기초 화학물질 제조업,260445.0,5441.0,한국표준협회,,업체 우선
786,해양수산부,일신로지스틱스주식회사,2024,사업장,교통(해운),15043.0,217.0,㈜디엔브이비즈니스어슈어런스코리아,,단일 사업장
787,기후에너지환경부,일신방직(주) ,2024,사업장,방적 및 가공사 제조업,50727.0,1059.0,로이드인증원㈜,,단일 사업장
788,기후에너지환경부,일진디스플레이(주),2024,사업장,전자 부품 제조업,15664.0,326.0,한국표준협회,,단일 사업장
789,기후에너지환경부,일진제강(주),2024,사업장,1차 철강 제조업,53130.0,1073.0,한국표준협회,,단일 사업장
790,기후에너지환경부,재단법인 대구경북과학기술원,2024,사업장,고등 교육기관,31474.0,643.0,한국표준협회,,단일 사업장
791,기후에너지환경부,재단법인 아산사회복지재단,2024,사업장,병원,95744.0,1928.0,한국표준협회,,단일 사업장
792,국토교통부,재단법인 오송첨단의료산업진흥재단,2024,사업장,건물,16372.0,335.0,한국표준협회,,단일 사업장
793,기후에너지환경부,재원산업,2024,사업장,기초 화학물질 제조업,25225.0,665.0,(재)한국품질재단,,단일 사업장
794,기후에너지환경부,전남대학교,2024,사업장,고등 교육기관,37811.0,769.0,한국표준협회,,단일 사업장
795,산업통상부,전방(주),2024,업체,섬유,17410.0,362.0,(주)한국경영인증원,,업체 우선
796,기후에너지환경부,전북대학교,2024,사업장,고등 교육기관,35713.0,735.0,(주)한국경영인증원,,단일 사업장
797,국토교통부,전북대학교병원,2024,사업장,건물,21845.0,458.0,(재)한국화학융합시험연구원,,단일 사업장
798,기후에너지환경부,전북집단에너지 주식회사,2024,업체,"증기, 냉ㆍ온수 및 공기 조절 공급업",195564.0,2313.0,로이드인증원㈜,,업체 우선
799,기후에너지환경부,전주시,2024,업체,폐기물 처리업,168919.0,1771.0,㈜한국품질보증원,,업체 우선
800,국토교통부,전차연물류(주),2024,사업장,교통(화물),14359.0,204.0,㈜한국품질보증원,,단일 사업장
801,기후에너지환경부,제이비 주식회사,2024,사업장,"증기, 냉ㆍ온수 및 공기 조절 공급업",28524.0,572.0,(재)한국품질재단,,단일 사업장
802,기후에너지환경부,제이셋스태츠칩팩코리아(유),2024,사업장,반도체 제조업,100223.0,2090.0,(주)신화엔지니어링종합건축사사무소,,단일 사업장
803,산업통상부,제이아이금속(주),2024,사업장,비철금속,19157.0,311.0,(주)한국경영인증원,,단일 사업장
804,기후에너지환경부,제주신화월드 주식회사,2024,사업장,일반 및 생활 숙박시설 운영업,44436.0,882.0,(주)한국경영인증원,"""람정제주개발 주식회사"" 업체명 변경",단일 사업장
805,기후에너지환경부,제주특별자치도,2024,업체,폐기물 처리업,354623.0,3359.0,한국표준협회,,업체 우선
806,기후에너지환경부,제주특별자치도개발공사,2024,사업장,비알코올 음료 및 얼음 제조업,32721.0,664.0,한국표준협회,,단일 사업장
807,기후에너지환경부,제주항공(주),2024,업체,항공 여객 운송업,228618.0,3278.0,(재)한국화학융합시험연구원,,업체 우선
808,기후에너지환경부,제천시,2024,사업장,"하수, 폐수 및 분뇨 처리업",45322.0,354.0,(재)한국품질재단,,단일 사업장
809,산업통상부,조선내화(주),2024,사업장,요업,18507.0,353.0,(재)한국품질재단,,단일 사업장
810,기후에너지환경부,조일알미늄 주식회사,2024,사업장,1차 비철금속 제조업,84268.0,1706.0,(재)한국품질재단,,단일 사업장
811,산업통상부,존슨일렉트릭오퍼레이션스(주),2024,사업장,자동차,16579.0,328.0,한국표준협회,,단일 사업장
812,산업통상부,주성엔지니어링(주),2024,사업장,기계,19662.0,406.0,㈜디엔브이비즈니스어슈어런스코리아,,단일 사업장
813,기후에너지환경부,주식회사 GS구미열병합발전,2024,업체,"증기, 냉ㆍ온수 및 공기 조절 공급업",1074616.0,12266.0,(재)한국품질재단,,업체 우선
814,기후에너지환경부,주식회사 GS반월열병합발전,2024,업체,"증기, 냉ㆍ온수 및 공기 조절 공급업",879990.0,10283.0,(재)한국품질재단,,업체 우선
815,국토교통부,주식회사 경방,2024,사업장,건물,18122.0,375.0,한국생산성본부인증원(주),,단일 사업장
816,기후에너지환경부,주식회사 고려제지,2024,업체,"펄프, 종이 및 판지 제조업",149257.0,3748.0,(주)한국경영인증원,,업체 우선
817,산업통상부,주식회사 광주글로벌모터스,2024,사업장,자동차,19065.0,388.0,(주)한국경영인증원,,단일 사업장
818,기후에너지환경부,주식회사 구미그린,2024,사업장,폐기물 처리업,56938.0,31.0,한국표준협회,"""주식회사 에코이앤이"" 업체명 변경",단일 사업장
819,국토교통부,주식회사 국민은행,2024,업체,건물,92871.0,1494.0,한국표준협회,,업체 우선
820,기후에너지환경부,주식회사 그린밸리,2024,사업장,폐기물 처리업,35571.0,33.0,㈜한국품질보증원,,단일 사업장
821,국토교통부,주식회사 남성버스,2024,사업장,교통(여객),15804.0,297.0,(주)한국경영인증원,,단일 사업장
822,산업통상부,주식회사 네패스 라웨,2024,사업장,반도체,6237.0,129.0,(주)한국경영인증원,,단일 사업장
823,산업통상부,주식회사 녹수,2024,사업장,석유화학,28682.0,581.0,로이드인증원㈜,,단일 사업장
824,기후에너지환경부,주식회사 농심,2024,업체,기타 식품 제조업,189047.0,3771.0,한국표준협회,,업체 우선
825,기후에너지환경부,주식회사 뉴그린,2024,업체,폐기물 처리업,104518.0,242.0,(주)한국경영인증원,,업체 우선
826,기후에너지환경부,주식회사 대륜발전,2024,업체,"증기, 냉ㆍ온수 및 공기 조절 공급업",658637.0,13051.0,한국표준협회,,업체 우선
827,국토교통부,주식회사 대전신세계,2024,사업장,건물,21912.0,454.0,(주)한국경영인증원,,단일 사업장
828,기후에너지환경부,주식회사 대창,2024,사업장,1차 비철금속 제조업,30155.0,617.0,한국가스안전공사,,단일 사업장
829,기후에너지환경부,주식회사 대한세라믹스,2024,사업장,"내화, 비내화 요업제품 제조업",33095.0,601.0,(주)한국경영인증원,,단일 사업장
830,기후에너지환경부,주식회사 대호에이엘,2024,사업장,1차 비철금속 제조업,26366.0,529.0,(주)한국경영인증원,,단일 사업장
831,기후에너지환경부,주식회사 더블유티씨서울,2024,사업장,부동산 임대 및 공급업,58002.0,1195.0,(주)한국경영인증원,,단일 사업장
832,기후에너지환경부,주식회사 덕양에너젠,2024,업체,기초 화학물질 제조업,32041.0,662.0,지속가능인증원주식회사,,업체 우선
833,국토교통부,주식회사 동부고속,2024,사업장,교통(여객),21853.0,321.0,(주)한국경영인증원,,단일 사업장
834,기후에너지환경부,주식회사 동성케미컬,2024,사업장,기초 화학물질 제조업,27046.0,535.0,한국생산성본부인증원(주),,단일 사업장
835,산업통상부,주식회사 동아,2024,사업장,기계,17198.0,356.0,한국표준협회,,단일 사업장
836,기후에너지환경부,주식회사 디비메탈,2024,업체,1차 철강 제조업,180424.0,2130.0,(재)한국품질재단,,업체 우선
837,기후에너지환경부,주식회사 디비하이텍 ,2024,업체,반도체 제조업,278302.0,4069.0,(주)비에스아이그룹코리아,,업체 우선
838,국토교통부,주식회사 디앤오,2024,사업장,건물,16937.0,346.0,(재)한국품질재단,,단일 사업장
839,기후에너지환경부,주식회사 디에스단석,2024,사업장,1차 비철금속 제조업,86023.0,1599.0,한국표준협회,,단일 사업장
840,산업통상부,주식회사 디엔 오토모티브,2024,사업장,전기전자,21476.0,447.0,한국표준협회,,단일 사업장
841,산업통상부,주식회사 메타즈,2024,사업장,기계,9327.0,192.0,㈜한국품질보증원,,단일 사업장
842,기후에너지환경부,주식회사 명성,2024,사업장,육상 여객 운송업,23450.0,406.0,(주)한국경영인증원,,단일 사업장
843,기후에너지환경부,주식회사 명성환경,2024,사업장,폐기물 처리업,38.0,116.0,(주)한국경영인증원,,단일 사업장
844,국토교통부,주식회사 무주덕유산리조트,2024,사업장,건물,17943.0,331.0,(주)한국경영인증원,,단일 사업장
845,국토교통부,주식회사 문화방송,2024,사업장,건물,15957.0,349.0,지속가능인증원주식회사,,단일 사업장
846,기후에너지환경부,주식회사 범우,2024,사업장,폐기물 처리업,95337.0,76.0,한국표준협회,,단일 사업장
847,기후에너지환경부,주식회사 베어링아트,2024,사업장,자동차 신품 부품 제조업,62874.0,1298.0,한국표준협회,,단일 사업장
848,기후에너지환경부,주식회사 삼기,2024,사업장,자동차 신품 부품 제조업,63431.0,1211.0,(주)한국경영인증원,,단일 사업장
849,기후에너지환경부,주식회사 삼보광업,2024,업체,"시멘트, 석회, 플라스터 및 그 외 제품 제조업",166725.0,382.0,한국생산성본부인증원(주),,업체 우선
850,기후에너지환경부,주식회사 삼양사,2024,업체,"곡물 가공품, 전분 및 전분제품 제조업",264263.0,6241.0,한국표준협회,,업체 우선
851,기후에너지환경부,주식회사 삼양패키징,2024,업체,플라스틱 제품 제조업,134673.0,2919.0,한국표준협회,,업체 우선
852,기후에너지환경부,주식회사 삼영 ,2024,사업장,플라스틱 제품 제조업,32488.0,667.0,한국표준협회,,단일 사업장
853,국토교통부,주식회사 서부티엔디,2024,사업장,건물,22314.0,459.0,(주)한국경영인증원,,단일 사업장
854,기후에너지환경부,주식회사 서원환경,2024,사업장,폐기물 처리업,31301.0,2.0,한국표준협회,"""㈜에코비트에너지청원"" 업체명 변경",단일 사업장
855,기후에너지환경부,주식회사 세아베스틸,2024,업체,1차 철강 제조업,1155808.0,18418.0,한국표준협회,,업체 우선
856,기후에너지환경부,주식회사 세아베스틸지주,2024,업체,1차 철강 제조업,485.0,9.0,한국표준협회,,업체 우선
857,기후에너지환경부,주식회사 세아창원특수강,2024,업체,1차 철강 제조업,436291.0,7917.0,한국표준협회,,업체 우선
858,기후에너지환경부,주식회사 세진메탈,2024,사업장,1차 비철금속 제조업,33018.0,532.0,(주)한국경영인증원,,단일 사업장
859,기후에너지환경부,주식회사 소노인터내셔널,2024,사업장,일반 및 생활 숙박시설 운영업,136468.0,2747.0,(주)한국경영인증원,,단일 사업장
860,기후에너지환경부,주식회사 스타필드고양,2024,사업장,부동산 임대 및 공급업,25819.0,576.0,㈜한국품질보증원,,단일 사업장
861,국토교통부,주식회사 스타필드안성,2024,사업장,건물,18077.0,374.0,㈜한국품질보증원,,단일 사업장
862,기후에너지환경부,주식회사 스타필드하남,2024,사업장,부동산 임대 및 공급업,24865.0,518.0,㈜한국품질보증원,,단일 사업장
863,국토교통부,주식회사 신세계동대구복합환승센터,2024,사업장,건물,23534.0,489.0,(주)한국경영인증원,,단일 사업장
864,국토교통부,주식회사 신한은행,2024,업체,건물,70718.0,1173.0,㈜디엔브이비즈니스어슈어런스코리아,,업체 우선
865,기후에너지환경부,주식회사 심텍,2024,사업장,전자 부품 제조업,106014.0,2306.0,㈜디엔브이비즈니스어슈어런스코리아,,단일 사업장
866,기후에너지환경부,주식회사 심팩인더스트리,2024,업체,1차 철강 제조업,673.0,12.0,(재)한국품질재단,,업체 우선
867,산업통상부,주식회사 아이유제지,2024,사업장,제지,16312.0,246.0,(주)한국경영인증원,,단일 사업장
868,기후에너지환경부,주식회사 알테크노메탈,2024,사업장,금속 주조업,32283.0,554.0,(주)한국경영인증원,,단일 사업장
869,기후에너지환경부,주식회사 알트론전주,2024,사업장,자동차 신품 부품 제조업,33439.0,0.0,,,단일 사업장
870,기후에너지환경부,주식회사 에너지네트웍,2024,업체,폐기물 처리업,168841.0,317.0,(주)한국경영인증원,,업체 우선
871,기후에너지환경부,주식회사 에너지명성,2024,업체,폐기물 처리업,39036.0,47.0,한국표준협회,"""주식회사 에코비트에너지명성"" 업체명 변경",업체 우선
872,기후에너지환경부,주식회사 에너지울산,2024,사업장,"증기, 냉ㆍ온수 및 공기 조절 공급업",90248.0,1075.0,한국표준협회,"""주식회사 에코비트에너지울산"" 업체명 변경",단일 사업장
873,기후에너지환경부,주식회사 에스알,2024,업체,철도 운송업,168201.0,3515.0,(주)비에스아이그룹코리아,,업체 우선
874,기후에너지환경부,주식회사 에스에프에이반도체,2024,사업장,반도체 제조업,30280.0,607.0,(주)신화엔지니어링종합건축사사무소,,단일 사업장
875,기후에너지환경부,주식회사 에스엔엔씨,2024,업체,1차 비철금속 제조업,1293791.0,15686.0,(재)한국품질재단,,업체 우선
876,기후에너지환경부,주식회사 에스피씨삼립,2024,사업장,기타 식품 제조업,97440.0,2018.0,(주)비에스아이그룹코리아,,단일 사업장
877,기후에너지환경부,주식회사 에스피에스엔에이,2024,사업장,"시멘트, 석회, 플라스터 및 그 외 제품 제조업",34359.0,702.0,(재)한국품질재단,,단일 사업장
878,기후에너지환경부,주식회사 에어퍼스트,2024,업체,기초 화학물질 제조업,674270.0,13928.0,한국가스안전공사,,업체 우선
879,산업통상부,주식회사 에이팩트,2024,사업장,전기전자,28331.0,589.0,(주)한국경영인증원,,단일 사업장
880,산업통상부,주식회사 에이프로젠바이오로직스,2024,사업장,의약품 제조업,17335.0,356.0,로이드인증원㈜,,단일 사업장
881,기후에너지환경부,주식회사 에코라임,2024,업체,"시멘트, 석회, 플라스터 및 그 외 제품 제조업",104213.0,521.0,(주)신화엔지니어링종합건축사사무소,,업체 우선
882,산업통상부,주식회사 에코프로에이피,2024,사업장,석유화학,31849.0,665.0,(주)한국경영인증원,,단일 사업장
883,산업통상부,주식회사 에코프로이엠,2024,사업장,일차전지 및 축전지 제조업,103448.0,2161.0,(주)한국경영인증원,,단일 사업장
884,기후에너지환경부,주식회사 엘엑스하우시스,2024,업체,플라스틱 제품 제조업,113467.0,2180.0,㈜디엔브이비즈니스어슈어런스코리아,,업체 우선
885,기후에너지환경부,주식회사 엘지에너지솔루션,2024,업체,일차전지 및 축전지 제조업,408140.0,8860.0,한국표준협회,,업체 우선
886,기후에너지환경부,주식회사 엘지화학,2024,업체,기초 화학물질 제조업,8351819.0,162537.0,(재)한국품질재단,,업체 우선
887,기후에너지환경부,주식회사 영풍,2024,업체,1차 비철금속 제조업,766796.0,13573.0,(재)한국품질재단,,업체 우선
888,기후에너지환경부,주식회사 영흥산업환경,2024,사업장,폐기물 처리업,136221.0,569.0,㈜한국품질보증원,,단일 사업장
889,국토교통부,주식회사 우리은행,2024,업체,건물,71633.0,1090.0,(주)한국경영인증원,,업체 우선
890,기후에너지환경부,주식회사 윈팩,2024,사업장,반도체 제조업,24045.0,500.0,한국표준협회,,단일 사업장
891,기후에너지환경부,주식회사 유니드,2024,업체,기초 화학물질 제조업,300606.0,7482.0,로이드인증원㈜,,업체 우선
892,기후에너지환경부,주식회사 유니드비티플러스,2024,업체,나무제품 제조업,54199.0,2217.0,로이드인증원㈜,,업체 우선
893,기후에너지환경부,주식회사 유니큰,2024,업체,폐기물 처리업,89177.0,490.0,지속가능인증원주식회사,,업체 우선
894,기후에너지환경부,주식회사 이랜드리테일,2024,업체,종합 소매업,155694.0,3235.0,한국표준협회,,업체 우선
895,기후에너지환경부,주식회사 이엠케이승경,2024,사업장,폐기물 처리업,45824.0,521.0,(주)한국경영인증원,,단일 사업장
896,기후에너지환경부,주식회사 전주원파워,2024,사업장,전기업,42794.0,6028.0,한국표준협회,,단일 사업장
897,기후에너지환경부,주식회사 전주페이퍼,2024,업체,"펄프, 종이 및 판지 제조업",449587.0,8181.0,한국표준협회,,업체 우선
898,기후에너지환경부,주식회사 정선라임,2024,사업장,"시멘트, 석회, 플라스터 및 그 외 제품 제조업",86578.0,284.0,한국표준협회,,단일 사업장
899,기후에너지환경부,주식회사 지알엠,2024,사업장,1차 비철금속 제조업,79123.0,963.0,한국표준협회,,단일 사업장
900,국토교통부,주식회사 지에스리테일 ,2024,업체,건물,52444.0,1081.0,(주)한국경영인증원,,업체 우선
901,기후에너지환경부,주식회사 지에스이앤알,2024,업체,"증기, 냉ㆍ온수 및 공기 조절 공급업",632.0,12.0,(재)한국품질재단,,업체 우선
902,기후에너지환경부,주식회사 지에스포천그린에너지,2024,업체,"증기, 냉ㆍ온수 및 공기 조절 공급업",959022.0,13074.0,㈜디엔브이비즈니스어슈어런스코리아,,업체 우선
903,기후에너지환경부,주식회사 진로발효,2024,사업장,알코올 음료 제조업,30278.0,734.0,(재)한국품질재단,,단일 사업장
904,기후에너지환경부,주식회사 진에어,2024,업체,항공 여객 운송업,217123.0,3108.0,한국표준협회,,업체 우선
905,기후에너지환경부,주식회사 카프로,2024,업체,기초 화학물질 제조업,12244.0,237.0,(재)한국품질재단,,업체 우선
906,기후에너지환경부,주식회사 케이씨씨글라스,2024,업체,유리 및 유리제품 제조업,718215.0,9619.0,(재)한국품질재단,,업체 우선
907,기후에너지환경부,주식회사 케이씨씨실리콘,2024,업체,기초 화학물질 제조업,108896.0,1765.0,(재)한국품질재단,,업체 우선
908,기후에너지환경부,주식회사 케이티,2024,업체,전기 통신업,1141171.0,23543.0,㈜한국품질보증원,,업체 우선
909,기후에너지환경부,주식회사 케이티클라우드,2024,업체,"자료 처리, 호스팅, 포털 및 기타 인터넷 정보 매개 서비스업",347380.0,7406.0,㈜한국품질보증원,,업체 우선
910,기후에너지환경부,주식회사 케이피에프,2024,사업장,기타 금속 가공제품 제조업,43892.0,906.0,(주)한국경영인증원,,단일 사업장
911,산업통상부,주식회사 케이피이그린에너지,2024,사업장,전기업,58289.0,7.0,한국표준협회,,단일 사업장
912,산업통상부,주식회사 켐트로닉스,2024,사업장,디스플레이,22102.0,461.0,한국표준협회,,단일 사업장
913,기후에너지환경부,주식회사 코리아에어텍,2024,사업장,기초 화학물질 제조업,59020.0,1232.0,한국가스안전공사,,단일 사업장
914,기후에너지환경부,주식회사 코엔텍,2024,업체,폐기물 처리업,328628.0,617.0,한국표준협회,,업체 우선
915,기후에너지환경부,주식회사 태경비케이,2024,업체,"시멘트, 석회, 플라스터 및 그 외 제품 제조업",611753.0,2532.0,(주)한국경영인증원,,업체 우선
916,기후에너지환경부,주식회사 태영이엠씨,2024,업체,"시멘트, 석회, 플라스터 및 그 외 제품 제조업",148256.0,773.0,한국표준협회,,업체 우선
917,기후에너지환경부,주식회사 티웨이항공,2024,업체,항공 여객 운송업,186993.0,2683.0,(재)한국화학융합시험연구원,,업체 우선
918,기후에너지환경부,주식회사 파라다이스세가사미,2024,사업장,일반 및 생활 숙박시설 운영업,38983.0,798.0,한국표준협회,,단일 사업장
919,기후에너지환경부,주식회사 팜한농,2024,업체,"비료, 농약 및 살균ㆍ살충제 제조업",60012.0,1024.0,한국표준협회,,업체 우선
920,산업통상부,주식회사 페트로코너지,2024,사업장,발전에너지,22739.0,1.0,(재)한국품질재단,,단일 사업장
921,기후에너지환경부,주식회사 포스코,2024,업체,1차 철강 제조업,71065143.0,377507.0,(재)한국품질재단,,업체 우선
922,기후에너지환경부,주식회사 포스코모빌리티솔루션,2024,사업장,1차 철강 제조업,54924.0,1121.0,㈜디엔브이비즈니스어슈어런스코리아,,단일 사업장
923,기후에너지환경부,주식회사 포스코엠씨머티리얼즈,2024,사업장,기초 화학물질 제조업,83843.0,1218.0,(재)한국품질재단,,단일 사업장
924,기후에너지환경부,주식회사 포스코인터내셔널,2024,업체,전기업,4831068.0,95999.0,(재)한국품질재단,,업체 우선
925,기후에너지환경부,주식회사 포스코퓨처엠,2024,업체,"시멘트, 석회, 플라스터 및 그 외 제품 제조업",2298133.0,18214.0,(재)한국품질재단,,업체 우선
926,국토교통부,주식회사 포항버스,2024,사업장,교통(여객),19454.0,373.0,(주)한국경영인증원,,단일 사업장
927,기후에너지환경부,주식회사 풍산,2024,업체,1차 비철금속 제조업,240625.0,4946.0,한국표준협회,,업체 우선
928,산업통상부,주식회사 피앤오케미칼,2024,사업장,석유화학,47914.0,871.0,(재)한국품질재단,,단일 사업장
929,기후에너지환경부,주식회사 피에스엠,2024,사업장,기타 금속 가공제품 제조업,9293.0,170.0,로이드인증원㈜,,단일 사업장
930,기후에너지환경부,주식회사 피엔알,2024,업체,"해체, 선별 및 원료 재생업",138340.0,1976.0,(재)한국품질재단,,업체 우선
931,산업통상부,주식회사 피케이엘,2024,사업장,전기전자,16047.0,330.0,(주)한국경영인증원,,단일 사업장
932,국토교통부,주식회사 하나은행,2024,업체,건물,65393.0,994.0,한국표준협회,,업체 우선
933,기후에너지환경부,주식회사 하이호휠,2024,사업장,자동차 신품 부품 제조업,22577.0,458.0,지속가능인증원주식회사,,단일 사업장
934,국토교통부,주식회사 한국거래소,2024,사업장,건물,18445.0,383.0,한국표준협회,,단일 사업장
935,기후에너지환경부,주식회사 한국알스트롬,2024,사업장,"펄프, 종이 및 판지 제조업",46832.0,615.0,(재)한국품질재단,,단일 사업장
936,기후에너지환경부,주식회사 호텔롯데,2024,업체,일반 및 생활 숙박시설 운영업,156449.0,3192.0,(주)한국경영인증원,,업체 우선
937,국토교통부,주식회사 호텔신라,2024,사업장,건물,21716.0,443.0,한국표준협회,,단일 사업장
938,기후에너지환경부,주식회사 효성,2024,사업장,기타 섬유제품 제조업,29477.0,602.0,㈜디엔브이비즈니스어슈어런스코리아,,단일 사업장
939,기후에너지환경부,주식회사 후성,2024,업체,기초 화학물질 제조업,218395.0,775.0,한국가스안전공사,,업체 우선
940,기후에너지환경부,주식회사 휴스틸,2024,사업장,1차 철강 제조업,30450.0,620.0,(주)신화엔지니어링종합건축사사무소,,단일 사업장
941,국토교통부,주식회사경기상운,2024,사업장,교통(여객),18284.0,321.0,(주)한국경영인증원,,단일 사업장
942,기후에너지환경부,주식회사금강고속,2024,사업장,육상 여객 운송업,23408.0,340.0,한국표준협회,,단일 사업장
943,해양수산부,주식회사비엔씨티,2024,사업장,기타 운송관련 서비스업,33079.0,613.0,한국표준협회,,단일 사업장
944,국토교통부,중소기업은행,2024,업체,건물,55321.0,799.0,한국표준협회,,업체 우선
945,산업통상부,지에스에코메탈 주식회사,2024,사업장,비철금속,25012.0,338.0,대일이엔씨기술(주),,단일 사업장
946,기후에너지환경부,지에스이피에스,2024,업체,전기업,3006264.0,70079.0,로이드인증원㈜,,업체 우선
947,기후에너지환경부,지에스칼텍스 주식회사,2024,업체,석유 정제품 제조업,8645917.0,120114.0,(재)한국품질재단,,업체 우선
948,국토교통부,지엠테크니컬센터코리아 주식회사,2024,사업장,건물,14310.0,291.0,한국표준협회,,단일 사업장
949,기후에너지환경부,진양특수강(주),2024,사업장,1차 철강 제조업,28105.0,561.0,한국표준협회,,단일 사업장
950,기후에너지환경부,진영페이퍼 주식회사,2024,사업장,"펄프, 종이 및 판지 제조업",90152.0,875.0,(주)한국경영인증원,,단일 사업장
951,기후에너지환경부,진주시,2024,사업장,폐기물 처리업,123714.0,605.0,지속가능인증원주식회사,,단일 사업장
952,기후에너지환경부,진천군,2024,사업장,폐기물,19877.0,163.0,한국표준협회,,단일 사업장
953,기후에너지환경부,창원시,2024,업체,폐기물 처리업,240936.0,2417.0,㈜한국품질보증원,,업체 우선
954,기후에너지환경부,천안시,2024,업체,폐기물 처리업,157838.0,1745.0,㈜한국품질보증원,,업체 우선
955,국토교통부,천일정기화물자동차(주),2024,사업장,교통(화물),20004.0,289.0,한국표준협회,,단일 사업장
956,기후에너지환경부,천일제지(주),2024,사업장,"펄프, 종이 및 판지 제조업",61416.0,1000.0,(주)한국경영인증원,,단일 사업장
957,국토교통부,청양산업 주식회사,2024,사업장,육상운송 및 파이프라인 운송업,11975.0,170.0,(주)한국경영인증원,,단일 사업장
958,기후에너지환경부,청주시,2024,업체,폐기물 처리업,223223.0,1892.0,(재)한국화학융합시험연구원,,업체 우선
959,산업통상부,청주에코파크 주식회사,2024,사업장,전기업,55904.0,2.0,한국표준협회,,단일 사업장
960,기후에너지환경부,초당환경(유),2024,사업장,폐기물 처리업,25578.0,72.0,(재)한국품질재단,,단일 사업장
961,기후에너지환경부,춘천시,2024,업체,폐기물 처리업,100615.0,1559.0,(재)한국화학융합시험연구원,,업체 우선
962,기후에너지환경부,춘천에너지 주식회사,2024,업체,"증기, 냉ㆍ온수 및 공기 조절 공급업",876707.0,15881.0,로이드인증원㈜,,업체 우선
963,기후에너지환경부,충남대학교,2024,사업장,고등 교육기관,30486.0,631.0,로이드인증원㈜,,단일 사업장
964,국토교통부,충남대학교병원,2024,사업장,건물,20156.0,418.0,한국표준협회,,단일 사업장
965,국토교통부,충북대학교,2024,사업장,건물,20700.0,419.0,한국표준협회,,단일 사업장
966,기후에너지환경부,충주시,2024,사업장,폐기물 처리업,74508.0,749.0,(재)한국품질재단,,단일 사업장
967,산업통상부,컬러스앤이펙츠코리아(주),2024,사업장,석유화학,15990.0,551.0,(재)한국품질재단,,단일 사업장
968,산업통상부,케이브이머티리얼즈 주식회사,2024,사업장,유리,17098.0,438.0,㈜한국품질보증원,,단일 사업장
969,기후에너지환경부,케이씨글라스(주),2024,사업장,유리 및 유리제품 제조업,42720.0,709.0,(주)신화엔지니어링종합건축사사무소,,단일 사업장
970,기후에너지환경부,케이씨씨,2024,업체,"시멘트, 석회, 플라스터 및 그 외 제품 제조업",611594.0,11491.0,(재)한국품질재단,,업체 우선
971,기후에너지환경부,케이씨주식회사,2024,업체,기초 화학물질 제조업,181558.0,2520.0,한국표준협회,,업체 우선
972,기후에너지환경부,케이알에너지(주),2024,사업장,"증기, 냉ㆍ온수 및 공기 조절 공급업",44016.0,472.0,한국표준협회,,단일 사업장
973,기후에너지환경부,케이알코폴리머 유한회사,2024,사업장,합성고무 및 플라스틱 물질 제조업,28916.0,387.0,(주)한국경영인증원,,단일 사업장
974,산업통상부,케이에이에프 주식회사,2024,사업장,섬유,24420.0,420.0,한국표준협회,,단일 사업장
975,기후에너지환경부,케이엠씨해운 주식회사,2024,사업장,해상 운송업,43505.0,603.0,㈜디엔브이비즈니스어슈어런스코리아,,단일 사업장
976,기후에너지환경부,케이오씨(주),2024,사업장,기초 화학물질 제조업,35161.0,842.0,(주)한국경영인증원,,단일 사업장
977,기후에너지환경부,케이지모빌리티 주식회사,2024,업체,자동차용 엔진 및 자동차 제조업,117223.0,2368.0,㈜한국품질보증원,,업체 우선
978,기후에너지환경부,케이지스틸 주식회사,2024,업체,1차 철강 제조업,404489.0,8639.0,(재)한국품질재단,,업체 우선
979,기후에너지환경부,케이지에코솔루션 주식회사,2024,업체,폐기물 처리업,1562.0,28.0,로이드인증원㈜,,업체 우선
980,기후에너지환경부,케이지케미칼 주식회사,2024,사업장,"비료, 농약 및 살균ㆍ살충제 제조업",37313.0,457.0,(주)한국경영인증원,,단일 사업장
981,기후에너지환경부,코닝정밀소재 주식회사,2024,업체,유리 및 유리제품 제조업,490292.0,9852.0,로이드인증원㈜,,업체 우선
982,기후에너지환경부,코리아PTG(주),2024,사업장,기초 화학물질 제조업,103089.0,900.0,(재)한국품질재단,,단일 사업장
983,기후에너지환경부,코스모신소재(주),2024,사업장,기타 화학제품 제조업,62428.0,1164.0,한국표준협회,,단일 사업장
984,기후에너지환경부,코스모화학,2024,사업장,기초 화학물질 제조업,94980.0,1720.0,한국표준협회,,단일 사업장
985,기후에너지환경부,코스포영남파워 주식회사,2024,업체,전기업,850361.0,16906.0,한국표준협회,,업체 우선
986,기후에너지환경부,코어엔텍 주식회사,2024,업체,폐기물 처리업,293163.0,1833.0,로이드인증원㈜,,업체 우선
987,산업통상부,코오롱글로텍(주),2024,사업장,섬유,20679.0,332.0,한국표준협회,,단일 사업장
988,기후에너지환경부,코오롱바스프이노폼 주식회사,2024,사업장,합성고무 및 플라스틱 물질 제조업,101273.0,1600.0,한국표준협회,,단일 사업장
989,기후에너지환경부,코오롱이앤피(주),2024,업체,합성고무 및 플라스틱 물질 제조업,131361.0,2125.0,한국표준협회,,업체 우선
990,기후에너지환경부,코오롱인더스트리 주식회사,2024,업체,합성고무 및 플라스틱 물질 제조업,554983.0,10324.0,한국표준협회,,업체 우선
991,농림축산식품부,코카콜라음료(주),2024,사업장,음료제조업,20014.0,408.0,(재)한국품질재단,,단일 사업장
992,국토교통부,쿠팡로지스틱스서비스 유한회사,2024,사업장,도로 화물 운송업,97956.0,1664.0,㈜디엔브이비즈니스어슈어런스코리아,,단일 사업장
993,국토교통부,쿠팡풀필먼트서비스 유한회사,2024,업체,보관 및 창고업,236793.0,4930.0,㈜디엔브이비즈니스어슈어런스코리아,,업체 우선
994,기후에너지환경부,크나우프석고보드 주식회사,2024,업체,"시멘트, 석회, 플라스터 및 그 외 제품 제조업",110088.0,2187.0,(재)한국품질재단,,업체 우선
995,산업통상부,타타대우모빌리티 주식회사,2024,사업장,자동차,16325.0,308.0,한국생산성본부인증원(주),"""타타대우상용차 주식회사"" 업체명 변경",단일 사업장
996,기후에너지환경부,태경산업(주),2024,업체,1차 철강 제조업,99941.0,1409.0,(주)한국경영인증원,,업체 우선
997,기후에너지환경부,태광산업 주식회사,2024,업체,기초 화학물질 제조업,895831.0,12933.0,한국표준협회,,업체 우선
998,기후에너지환경부,태림페이퍼주식회사,2024,업체,"펄프, 종이 및 판지 제조업",385762.0,5760.0,㈜한국품질보증원,,업체 우선
999,기후에너지환경부,태봉광업 주식회사,2024,업체,"시멘트, 석회, 플라스터 및 그 외 제품 제조업",241973.0,611.0,(주)비에스아이그룹코리아,,업체 우선
1000,산업통상부,태양금속공업(주),2024,사업장,기계,20806.0,399.0,(주)한국경영인증원,,단일 사업장
1001,기후에너지환경부,태영세라믹(주),2024,사업장,"내화, 비내화 요업제품 제조업",32550.0,539.0,한국표준협회,,단일 사업장
1002,기후에너지환경부,통영시,2024,사업장,폐기물 처리업,37643.0,354.0,(재)한국품질재단,,단일 사업장
1003,산업통상부,티케이지에코머티리얼 주식회사,2024,사업장,섬유,3154.0,91.0,(재)한국품질재단,,단일 사업장
1004,기후에너지환경부,티케이지휴켐스 주식회사,2024,업체,기초 화학물질 제조업,108678.0,1528.0,(재)한국화학융합시험연구원,,업체 우선
1005,기후에너지환경부,티케이케미칼,2024,업체,화학섬유 제조업,61590.0,1234.0,(주)한국경영인증원,,업체 우선
1006,국토교통부,파르나스호텔 주식회사,2024,사업장,건물,21033.0,434.0,한국표준협회,,단일 사업장
1007,기후에너지환경부,파인트리포스마그네슘 주식회사,2024,사업장,금속 주조업,35507.0,70.0,(재)한국품질재단,,단일 사업장
1008,기후에너지환경부,파주시,2024,업체,폐기물 처리업,162221.0,1505.0,㈜한국품질보증원,,업체 우선
1009,기후에너지환경부,파주에너지서비스,2024,업체,전기업,4132297.0,80560.0,대일이엔씨기술(주),,업체 우선
1010,산업통상부,파주에코에너지(주),2024,사업장,발전에너지,22169.0,0.0,(주)한국경영인증원,,단일 사업장
1011,기후에너지환경부,파주전기초자 주식회사,2024,사업장,유리 및 유리제품 제조업,21948.0,457.0,㈜디엔브이비즈니스어슈어런스코리아,,단일 사업장
1012,산업통상부,팔미금속공업(주),2024,사업장,철강,15615.0,291.0,한국표준협회,,단일 사업장
1013,기후에너지환경부,페이퍼코리아,2024,사업장,"펄프, 종이 및 판지 제조업",88730.0,1529.0,한국표준협회,,단일 사업장
1014,기후에너지환경부,평택시,2024,업체,"하수, 폐수 및 분뇨 처리업",123716.0,1899.0,㈜한국품질보증원,,업체 우선
1015,기후에너지환경부,평택에너지앤파워 주식회사,2024,업체,"증기, 냉ㆍ온수 및 공기 조절 공급업",1359985.0,26586.0,㈜디엔브이비즈니스어슈어런스코리아,"""평택에너지서비스㈜"" 업체명 변경",업체 우선
1016,기후에너지환경부,평화산업(주),2024,사업장,고무제품 제조업,31733.0,647.0,지속가능인증원주식회사,,단일 사업장
1017,산업통상부,평화오일씰공업(주),2024,사업장,자동차,14542.0,303.0,지속가능인증원주식회사,,단일 사업장
1018,기후에너지환경부,포스코스틸리온(주),2024,사업장,1차 철강 제조업,120953.0,2368.0,한국표준협회,,단일 사업장
1019,기후에너지환경부,포스코홀딩스 주식회사,2024,업체,1차 철강 제조업,10745.0,222.0,(재)한국품질재단,,업체 우선
1020,기후에너지환경부,포천민자발전 주식회사,2024,업체,전기업,1305244.0,25898.0,(주)한국경영인증원,,업체 우선
1021,기후에너지환경부,포천시,2024,사업장,폐기물 처리업,59149.0,615.0,㈜한국품질보증원,,단일 사업장
1022,기후에너지환경부,포천파워(주),2024,업체,전기업,1729578.0,34369.0,(재)한국품질재단,,업체 우선
1023,기후에너지환경부,포항시,2024,업체,폐기물 처리업,164383.0,2492.0,㈜한국품질보증원,,업체 우선
1024,기후에너지환경부,폴리미래(주),2024,사업장,합성고무 및 플라스틱 물질 제조업,100796.0,1876.0,(재)한국화학융합시험연구원,,단일 사업장
1025,기후에너지환경부,피아이첨단소재 주식회사,2024,사업장,플라스틱 제품 제조업,106164.0,1867.0,(재)한국품질재단,,단일 사업장
1026,산업통상부,피유코어 주식회사,2024,사업장,석유화학,23768.0,543.0,한국표준협회,"""에스케이피유코어 주식회사"" 업체명 변경",단일 사업장
1027,기후에너지환경부,피케이씨 주식회사,2024,업체,기초 화학물질 제조업,216598.0,4310.0,한국표준협회,"""백광산업 주식회사"" 업체명 변경",업체 우선
1028,기후에너지환경부,하나마이크론,2024,사업장,반도체 제조업,36237.0,754.0,(주)한국경영인증원,,단일 사업장
1029,산업통상부,하나머티리얼즈(주),2024,사업장,반도체,25908.0,540.0,한국표준협회,,단일 사업장
1030,기후에너지환경부,하남시,2024,사업장,폐기물 처리업,37725.0,496.0,(재)한국품질재단,,단일 사업장
1031,기후에너지환경부,하이트진로(주),2024,업체,알코올 음료 제조업,110066.0,2154.0,(재)한국품질재단,,업체 우선
1032,기후에너지환경부,하이트진로산업(주),2024,사업장,유리 및 유리제품 제조업,30886.0,483.0,(주)한국경영인증원,,단일 사업장
1033,기후에너지환경부,하이호경금속 주식회사,2024,사업장,1차 비철금속 제조업,30048.0,495.0,㈜한국품질보증원,,단일 사업장
1034,기후에너지환경부,학교법인 가톨릭학원,2024,사업장,병원,138419.0,2826.0,한국표준협회,,단일 사업장
1035,기후에너지환경부,학교법인 건국대학교,2024,사업장,고등 교육기관,75442.0,1526.0,(주)한국경영인증원,,단일 사업장
1036,국토교통부,학교법인 경희학원,2024,업체,건물,60644.0,1249.0,로이드인증원㈜,,업체 우선
1037,국토교통부,학교법인 계명대학교,2024,사업장,건물,21117.0,437.0,(주)한국경영인증원,,단일 사업장
1038,기후에너지환경부,학교법인 고려중앙학원,2024,사업장,고등 교육기관,111736.0,2302.0,㈜한국품질보증원,,단일 사업장
1039,기후에너지환경부,학교법인 성균관대학,2024,사업장,고등 교육기관,70474.0,1428.0,(주)한국경영인증원,,단일 사업장
1040,기후에너지환경부,학교법인 연세대학교,2024,업체,고등 교육기관,203451.0,4207.0,(재)한국품질재단,,업체 우선
1041,국토교통부,학교법인 영남학원,2024,사업장,건물,31385.0,645.0,㈜한국품질보증원,,단일 사업장
1042,기후에너지환경부,학교법인 이화학당,2024,사업장,고등 교육기관,74582.0,3285.0,(주)한국경영인증원,,단일 사업장
1043,국토교통부,학교법인 중앙대학교,2024,사업장,건물,20621.0,425.0,한국표준협회,,단일 사업장
1044,기후에너지환경부,학교법인 포항공과대학교,2024,사업장,고등 교육기관,82127.0,1855.0,㈜한국품질보증원,,단일 사업장
1045,기후에너지환경부,학교법인 한양학원,2024,사업장,고등 교육기관,80087.0,3199.0,(주)한국경영인증원,,단일 사업장
1046,기후에너지환경부,한국가스공사,2024,업체,연료용 가스 제조 및 배관공급업,580251.0,11045.0,(주)신화엔지니어링종합건축사사무소,,업체 우선
1047,기후에너지환경부,한국경남태양유전(주),2024,사업장,전자 부품 제조업,91403.0,1799.0,(주)한국경영인증원,,단일 사업장
1048,기후에너지환경부,한국공항공사,2024,사업장,기타 운송관련 서비스업,92395.0,1903.0,로이드인증원㈜,,단일 사업장
1049,국토교통부,한국과학기술연구원,2024,사업장,건물,18403.0,381.0,(주)한국경영인증원,,단일 사업장
1050,기후에너지환경부,한국과학기술원,2024,사업장,고등 교육기관,87144.0,1785.0,(주)한국경영인증원,,단일 사업장
1051,국토교통부,한국과학기술정보연구원,2024,사업장,건물,21435.0,447.0,(주)신화엔지니어링종합건축사사무소,,단일 사업장
1052,산업통상부,한국기초소재(주),2024,사업장,시멘트,14473.0,295.0,한국표준협회,,단일 사업장
1053,기후에너지환경부,한국남동발전,2024,업체,전기업,30710313.0,372122.0,대일이엔씨기술(주),,업체 우선
1054,기후에너지환경부,한국남부발전 주식회사,2024,업체,전기업,24346135.0,321462.0,(재)한국품질재단,,업체 우선
1055,기후에너지환경부,한국넥슬렌유한회사,2024,업체,합성고무 및 플라스틱 물질 제조업,87186.0,1750.0,한국표준협회,,업체 우선
1056,기후에너지환경부,한국니토옵티칼(주),2024,사업장,플라스틱 제품 제조업,35250.0,662.0,㈜디엔브이비즈니스어슈어런스코리아,,단일 사업장
1057,기후에너지환경부,한국도로공사,2024,업체,기타 운송관련 서비스업,257639.0,5158.0,로이드인증원㈜,,업체 우선
1058,기후에너지환경부,한국동서발전 주식회사,2024,업체,전기업,25977192.0,319406.0,(주)한국경영인증원,,업체 우선
1059,산업통상부,한국무브넥스(주),2024,사업장,철강,17533.0,364.0,한국표준협회,,단일 사업장
1060,기후에너지환경부,한국바스프 주식회사,2024,업체,기초 화학물질 제조업,679307.0,10140.0,(재)한국품질재단,,업체 우선
1061,국토교통부,한국방송공사,2024,사업장,건물,16045.0,336.0,대일이엔씨기술(주),,단일 사업장
1062,국토교통부,한국보훈복지의료공단,2024,사업장,건물,15104.0,310.0,한국표준협회,,단일 사업장
1063,기후에너지환경부,한국서부발전,2024,업체,전기업,26963939.0,333061.0,(주)신화엔지니어링종합건축사사무소,,업체 우선
1064,산업통상부,한국세큐리트(주),2024,사업장,유리,27085.0,564.0,(주)한국경영인증원,,단일 사업장
1065,기후에너지환경부,한국수력원자력,2024,업체,전기업,3681792.0,73864.0,(재)한국품질재단,,업체 우선
1066,기후에너지환경부,한국수자원공사,2024,업체,수도업,802871.0,17454.0,(주)한국경영인증원,,업체 우선
1067,기후에너지환경부,한국수출포장공업(주),2024,업체,"펄프, 종이 및 판지 제조업",127017.0,1890.0,㈜디엔브이비즈니스어슈어런스코리아,,업체 우선
1068,기후에너지환경부,한국쓰리엠(주),2024,사업장,플라스틱 제품 제조업,45247.0,928.0,한국표준협회,,단일 사업장
1069,기후에너지환경부,한국씨엔티(주),2024,사업장,"시멘트, 석회, 플라스터 및 그 외 제품 제조업",43544.0,852.0,(주)한국경영인증원,,단일 사업장
1070,산업통상부,한국알루미나(주),2024,사업장,석유화학,16483.0,244.0,한국표준협회,,단일 사업장
1071,기후에너지환경부,한국알콜산업(주),2024,사업장,기초 화학물질 제조업,32846.0,1479.0,한국생산성본부인증원(주),,단일 사업장
1072,기후에너지환경부,한국앤컴퍼니 주식회사,2024,업체,일차전지 및 축전지 제조업,83256.0,1718.0,(재)한국화학융합시험연구원,,업체 우선
1073,산업통상부,한국야금(주),2024,사업장,기계,16100.0,332.0,(주)한국경영인증원,,단일 사업장
1074,산업통상부,한국엔에스케이(주),2024,사업장,기계,19678.0,410.0,한국표준협회,,단일 사업장
1075,기후에너지환경부,한국엔지니어링플라스틱,2024,업체,합성고무 및 플라스틱 물질 제조업,175429.0,3445.0,한국표준협회,,업체 우선
1076,기후에너지환경부,한국오웬스코닝(주),2024,사업장,유리 및 유리제품 제조업,83641.0,1605.0,대일이엔씨기술(주),,단일 사업장
1077,국토교통부,한국원자력연구원,2024,사업장,건물,22817.0,471.0,로이드인증원㈜,,단일 사업장
1078,국토교통부,한국원자력의학원,2024,사업장,건물,16174.0,332.0,로이드인증원㈜,,단일 사업장
1079,기후에너지환경부,한국유미코아배터리머티리얼즈 유한책임회사,2024,사업장,일차전지 및 축전지 제조업,72926.0,1500.0,(재)한국품질재단,,단일 사업장
1080,기후에너지환경부,한국이네오스스티롤루션 주식회사,2024,사업장,합성고무 및 플라스틱 물질 제조업,76298.0,1655.0,(재)한국품질재단,,단일 사업장
1081,기후에너지환경부,한국전력공사,2024,업체,전기업,873710.0,8238.0,로이드인증원㈜,,업체 우선
1082,국토교통부,한국전자통신연구원,2024,사업장,건물,20310.0,421.0,(주)신화엔지니어링종합건축사사무소,,단일 사업장
1083,기후에너지환경부,한국제강 주식회사,2024,업체,1차 철강 제조업,223686.0,4126.0,한국표준협회,,업체 우선
1084,기후에너지환경부,한국제지 주식회사,2024,업체,"펄프, 종이 및 판지 제조업",311690.0,6433.0,(재)한국품질재단,,업체 우선
1085,기후에너지환경부,한국주철관공업(주),2024,사업장,1차 철강 제조업,57389.0,759.0,한국표준협회,,단일 사업장
1086,기후에너지환경부,한국중부발전,2024,업체,전기업,31166623.0,395111.0,(재)한국품질재단,,업체 우선
1087,기후에너지환경부,한국지엠 주식회사,2024,업체,자동차용 엔진 및 자동차 제조업,238049.0,4844.0,한국표준협회,,업체 우선
1088,기후에너지환경부,한국지역난방공사,2024,업체,"증기, 냉ㆍ온수 및 공기 조절 공급업",5621836.0,114897.0,(주)신화엔지니어링종합건축사사무소,,업체 우선
1089,기후에너지환경부,한국철강,2024,업체,1차 철강 제조업,305515.0,5516.0,(주)한국경영인증원,,업체 우선
1090,기후에너지환경부,한국철도공사,2024,업체,철도 운송업,1510796.0,30028.0,지속가능인증원주식회사,,업체 우선
1091,기후에너지환경부,한국타이어앤테크놀로지(주),2024,업체,고무제품 제조업,396117.0,8173.0,(재)한국품질재단,,업체 우선
1092,기후에너지환경부,한국토지주택공사,2024,업체,"증기, 냉ㆍ온수 및 공기 조절 공급업",251252.0,5017.0,㈜디엔브이비즈니스어슈어런스코리아,,업체 우선
1093,국토교통부,한국표준과학연구원,2024,사업장,건물,22712.0,468.0,(주)신화엔지니어링종합건축사사무소,,단일 사업장
1094,농림축산식품부,한국필립모리스(주),2024,사업장,담배제조업,14350.0,448.0,한국표준협회,,단일 사업장
1095,기후에너지환경부,한국항공우주산업(주),2024,사업장,"항공기, 우주선 및 부품 제조업",67159.0,1391.0,(주)신화엔지니어링종합건축사사무소,,단일 사업장
1096,국토교통부,한국핵융합에너지연구원,2024,사업장,건물,20157.0,420.0,(주)신화엔지니어링종합건축사사무소,,단일 사업장
1097,해양수산부,한국허치슨터미널(주),2024,사업장,항만,19177.0,342.0,(주)한국경영인증원,,단일 사업장
1098,기후에너지환경부,한국환경개발(주),2024,사업장,폐기물 처리업,74724.0,479.0,(주)한국경영인증원,,단일 사업장
1099,기후에너지환경부,한라시멘트주식회사,2024,업체,"시멘트, 석회, 플라스터 및 그 외 제품 제조업",3725709.0,22386.0,한국표준협회,,업체 우선
1100,기후에너지환경부,한맥테코산업㈜,2024,사업장,폐기물 처리업,40340.0,27.0,㈜한국품질보증원,,단일 사업장
1101,국토교통부,한무쇼핑 주식회사,2024,업체,건물,64007.0,1346.0,한국표준협회,,업체 우선
1102,기후에너지환경부,한미약품(주),2024,사업장,의약품 제조업,71770.0,1429.0,(주)한국경영인증원,,단일 사업장
1103,산업통상부,한미정밀화학(주),2024,사업장,석유화학,14605.0,338.0,(주)한국경영인증원,,단일 사업장
1104,국토교통부,한성운수(주),2024,사업장,교통(여객),15905.0,305.0,(주)한국경영인증원,,단일 사업장
1105,산업통상부,한세모빌리티 주식회사,2024,사업장,자동차,24600.0,509.0,㈜한국품질보증원,"""이래에이엠에스 주식회사"" 업체명 변경",단일 사업장
1106,기후에너지환경부,한세이프에너지(주),2024,사업장,폐기물 처리업,47986.0,47.0,(재)한국품질재단,,단일 사업장
1107,기후에너지환경부,한솔제지,2024,업체,"펄프, 종이 및 판지 제조업",923577.0,16580.0,(주)한국경영인증원,,업체 우선
1108,기후에너지환경부,한솔페이퍼텍주식회사,2024,사업장,"펄프, 종이 및 판지 제조업",125098.0,1135.0,(주)한국경영인증원,,단일 사업장
1109,기후에너지환경부,한온시스템 주식회사,2024,사업장,자동차 신품 부품 제조업,61700.0,1303.0,㈜디엔브이비즈니스어슈어런스코리아,,단일 사업장
1110,산업통상부,한융금속(주),2024,사업장,비철금속,17433.0,280.0,(주)한국경영인증원,,단일 사업장
1111,기후에너지환경부,한일시멘트 주식회사,2024,업체,"시멘트, 석회, 플라스터 및 그 외 제품 제조업",3668271.0,24489.0,한국표준협회,,업체 우선
1112,기후에너지환경부,한일제관(주),2024,사업장,기타 금속 가공제품 제조업,57100.0,1156.0,(주)한국경영인증원,,단일 사업장
1113,산업통상부,한일캔 주식회사,2024,사업장,기계,23393.0,454.0,(주)한국경영인증원,,단일 사업장
1114,기후에너지환경부,한일현대시멘트 주식회사,2024,업체,"시멘트, 석회, 플라스터 및 그 외 제품 제조업",3124044.0,21319.0,한국표준협회,,업체 우선
1115,산업통상부,한전원자력연료 주식회사,2024,사업장,석유화학,22208.0,459.0,한국표준협회,,단일 사업장
1116,산업통상부,한주라이트메탈 주식회사,2024,사업장,비철금속,20272.0,415.0,(재)한국품질재단,,단일 사업장
1117,해양수산부,한진부산컨테이너터미널,2024,사업장,기타 운송관련 서비스업,32876.0,657.0,(주)한국경영인증원,,단일 사업장
1118,기후에너지환경부,한화솔루션 주식회사,2024,업체,기초 화학물질 제조업,2501207.0,48748.0,㈜디엔브이비즈니스어슈어런스코리아,,업체 우선
1119,기후에너지환경부,한화에너지주식회사,2024,업체,"증기, 냉ㆍ온수 및 공기 조절 공급업",5014682.0,56941.0,한국표준협회,,업체 우선
1120,기후에너지환경부,한화에어로스페이스 주식회사,2024,사업장,무기 및 총포탄 제조업,114383.0,2230.0,㈜디엔브이비즈니스어슈어런스코리아,,단일 사업장
1121,기후에너지환경부,한화엔진 주식회사,2024,사업장,일반 목적용 기계 제조업,42358.0,762.0,㈜디엔브이비즈니스어슈어런스코리아,,단일 사업장
1122,기후에너지환경부,한화오션(주),2024,업체,선박 및 보트 건조업,455320.0,8160.0,㈜디엔브이비즈니스어슈어런스코리아,,업체 우선
1123,산업통상부,한화오션에코텍(주),2024,사업장,조선,20912.0,321.0,(주)한국경영인증원,,단일 사업장
1124,기후에너지환경부,한화임팩트 주식회사,2024,업체,기초 화학물질 제조업,516587.0,8982.0,㈜디엔브이비즈니스어슈어런스코리아,,업체 우선
1125,산업통상부,한화첨단소재,2024,사업장,석유화학,41748.0,858.0,㈜디엔브이비즈니스어슈어런스코리아,,단일 사업장
1126,기후에너지환경부,한화토탈에너지스 주식회사,2024,업체,기초 화학물질 제조업,4679895.0,106381.0,한국가스안전공사,,업체 우선
1127,국토교통부,한화호텔앤드리조트 주식회사,2024,업체,건물,51889.0,1035.0,한국표준협회,,업체 우선
1128,기후에너지환경부,한황산업주식회사,2024,사업장,자동차 신품 부품 제조업,40082.0,747.0,㈜한국품질보증원,,단일 사업장
1129,기후에너지환경부,해성디에스 주식회사,2024,사업장,반도체 제조업,66233.0,1450.0,(주)비에스아이그룹코리아,,단일 사업장
1130,농림축산식품부,해태에이치티비(주),2024,사업장,음료제조업,16119.0,474.0,(재)한국품질재단,,단일 사업장
1131,기후에너지환경부,핸즈식스주식회사,2024,사업장,자동차 신품 부품 제조업,67612.0,1384.0,(주)한국경영인증원,,단일 사업장
1132,기후에너지환경부,핸즈코퍼레이션주식회사,2024,사업장,자동차 신품 부품 제조업,59826.0,1214.0,(재)한국품질재단,,단일 사업장
1133,국토교통부,현대건설(주),2024,업체,건설,86306.0,1701.0,로이드인증원㈜,,업체 우선
1134,기후에너지환경부,현대글로비스(주),2024,사업장,도로 화물 운송업,79527.0,1209.0,한국표준협회,,단일 사업장
1135,산업통상부,현대로템 주식회사,2024,사업장,기계,18977.0,382.0,(주)한국경영인증원,,단일 사업장
1136,기후에너지환경부,현대모비스(주),2024,업체,자동차 신품 부품 제조업,105334.0,2172.0,(재)한국품질재단,,업체 우선
1137,기후에너지환경부,현대비앤지스틸(주),2024,사업장,1차 철강 제조업,72957.0,1494.0,㈜디엔브이비즈니스어슈어런스코리아,,단일 사업장
1138,기후에너지환경부,현대석회(주),2024,사업장,"시멘트, 석회, 플라스터 및 그 외 제품 제조업",86857.0,245.0,(주)한국경영인증원,,단일 사업장
1139,기후에너지환경부,현대성우쏠라이트 주식회사,2024,사업장,일차전지 및 축전지 제조업,40368.0,832.0,로이드인증원㈜,,단일 사업장
1140,기후에너지환경부,현대성우캐스팅 주식회사,2024,업체,자동차 신품 부품 제조업,194644.0,3784.0,(재)한국품질재단,,업체 우선
1141,기후에너지환경부,현대스틸파이프 주식회사,2024,사업장,1차 철강 제조업,38043.0,781.0,로이드인증원㈜,,단일 사업장
1142,기후에너지환경부,현대아이에프씨 주식회사,2024,업체,1차 철강 제조업,230030.0,4250.0,로이드인증원㈜,,업체 우선
1143,국토교통부,현대엔지니어링(주),2024,사업장,건설,33148.0,672.0,로이드인증원㈜,,단일 사업장
1144,산업통상부,현대오토에버 주식회사,2024,사업장,통신,20562.0,429.0,대일이엔씨기술(주),,단일 사업장
1145,기후에너지환경부,현대위아 주식회사,2024,업체,자동차 신품 부품 제조업,98202.0,2036.0,㈜디엔브이비즈니스어슈어런스코리아,,업체 우선
1146,기후에너지환경부,현대자동차 주식회사,2024,업체,자동차용 엔진 및 자동차 제조업,1526375.0,31463.0,로이드인증원㈜,,업체 우선
1147,기후에너지환경부,현대제철 주식회사,2024,업체,1차 철강 제조업,28817883.0,159662.0,로이드인증원㈜,,업체 우선
1148,산업통상부,현대종합금속(주),2024,사업장,기계,18437.0,378.0,로이드인증원㈜,,단일 사업장
1149,기후에너지환경부,현대종합특수강 주식회사,2024,사업장,1차 철강 제조업,46692.0,940.0,한국표준협회,,단일 사업장
1150,기후에너지환경부,현대트랜시스 주식회사,2024,업체,자동차 신품 부품 제조업,190651.0,3948.0,㈜디엔브이비즈니스어슈어런스코리아,,업체 우선
1151,산업통상부,현우산업(주),2024,사업장,전기전자,15014.0,313.0,한국표준협회,,단일 사업장
1152,산업통상부,호스트웨이아이디씨(주),2024,사업장,통신,16431.0,343.0,로이드인증원㈜,,단일 사업장
1153,기후에너지환경부,홈플러스 주식회사,2024,업체,종합 소매업,385477.0,7858.0,로이드인증원㈜,,업체 우선
1154,기후에너지환경부,홍덕산업(주),2024,사업장,1차 철강 제조업,61488.0,1374.0,한국생산성본부인증원(주),,단일 사업장
1155,기후에너지환경부,홍원제지(주),2024,사업장,"펄프, 종이 및 판지 제조업",92212.0,1289.0,한국표준협회,,단일 사업장
1156,기후에너지환경부,홍천군,2024,사업장,폐기물,16140.0,86.0,(재)한국품질재단,,단일 사업장
1157,기후에너지환경부,화성시,2024,사업장,폐기물 처리업,135511.0,1207.0,㈜한국품질보증원,,단일 사업장
1158,국토교통부,화영운수(주),2024,사업장,교통(여객),16404.0,280.0,한국표준협회,,단일 사업장
1159,기후에너지환경부,화천군,2024,사업장,폐기물,18363.0,34.0,㈜한국품질보증원,,단일 사업장
1160,기후에너지환경부,환영철강공업,2024,업체,1차 철강 제조업,223712.0,4076.0,㈜한국품질보증원,,업체 우선
1161,기후에너지환경부,효성네오켐 주식회사,2024,사업장,기초 화학물질 제조업,89671.0,1889.0,㈜디엔브이비즈니스어슈어런스코리아,,단일 사업장
1162,기후에너지환경부,효성중공업 주식회사,2024,사업장,"전동기, 발전기 및 전기 변환ㆍ공급ㆍ제어 장치 제조업",52593.0,1093.0,㈜디엔브이비즈니스어슈어런스코리아,,단일 사업장
1163,기후에너지환경부,효성티앤씨 주식회사,2024,업체,화학섬유 제조업,244092.0,5436.0,㈜디엔브이비즈니스어슈어런스코리아,,업체 우선
1164,기후에너지환경부,효성화학 주식회사,2024,업체,기초 화학물질 제조업,675406.0,14550.0,㈜디엔브이비즈니스어슈어런스코리아,,업체 우선
1165,국토교통부,휘닉스중앙 주식회사,2024,사업장,건물,20879.0,417.0,(주)한국경영인증원,,단일 사업장
1166,기후에너지환경부,휴비스,2024,업체,화학섬유 제조업,398301.0,5846.0,한국표준협회,,업체 우선
1167,산업통상부,희성촉매(주),2024,사업장,석유화학,23978.0,488.0,한국표준협회,,단일 사업장
1,기후에너지환경부, 롯데이노베이트(주),2025,사업장,"컴퓨터 프로그래밍, 시스템 통합 및 관리업",123522.0,2578,한국표준협회,,단일 사업장
2,기후에너지환경부, 리뉴에너지경인 주식회사,2025,사업장,폐기물 처리업,51995.0,102,(주)한국경영인증원,,단일 사업장
3,기후에너지환경부,(유)남해환경,2025,사업장,폐기물 처리업,32193.0,187,(재)한국품질재단,,단일 사업장
4,기후에너지환경부,(유)에보닉페록사이드코리아,2025,사업장,기초 화학물질 제조업,29655.0,676,(재)한국품질재단,,단일 사업장
5,기후에너지환경부,(유)청명,2025,사업장,폐기물,21175.0,423,㈜한국품질보증원,,단일 사업장
6,국토교통부,(유)호남고속,2025,사업장,교통(여객),19876.0,299,(주)한국경영인증원,,단일 사업장
7,국토교통부,(재)우체국물류지원단,2025,사업장,육상운송 및 파이프라인 운송업,18385.0,271,(재)한국품질재단,,단일 사업장
8,기후에너지환경부,(주)MSC,2025,사업장,기타 식품 제조업,28488.0,571,(주)한국경영인증원,,단일 사업장
9,기후에너지환경부,(주)SIMPAC,2025,업체,1차 철강 제조업,53373.0,670,한국표준협회,,업체 우선
10,기후에너지환경부,(주)SUN&L,2025,사업장,나무제품 제조업,8485.0,433,한국표준협회,,단일 사업장
11,기후에너지환경부,(주)강동씨앤엘,2025,업체,"시멘트, 석회, 플라스터 및 그 외 제품 제조업",17498.0,327,한국표준협회,,업체 우선
12,기후에너지환경부,(주)강원랜드,2025,사업장,유원지 및 기타 오락관련 서비스업,80594.0,1629,로이드인증원㈜,,단일 사업장
13,기후에너지환경부,(주)건화,2025,사업장,선박 및 보트 건조업,33252.0,607,한국표준협회,,단일 사업장
14,기후에너지환경부,(주)경기고속,2025,업체,육상 여객 운송업,110923.0,1800,(주)한국경영인증원,,업체 우선
15,기후에너지환경부,(주)경동,2025,업체,석탄 광업,184944.0,349,(재)한국품질재단,,업체 우선
16,산업통상부,(주)경보제약,2025,사업장,석유화학,10992.0,280,(주)한국경영인증원,,단일 사업장
17,기후에너지환경부,(주)경북고속,2025,사업장,육상 여객 운송업,31446.0,446,(주)한국경영인증원,,단일 사업장
18,산업통상부,(주)경신전선,2025,사업장,전기전자,14278.0,295,로이드인증원㈜,,단일 사업장
19,국토교통부,(주)공항리무진,2025,사업장,육상 여객 운송업,27568.0,392,(주)한국경영인증원,,단일 사업장
20,산업통상부,(주)국제금속,2025,업체,비철금속,28919.0,282,(주)한국경영인증원,,업체 우선
21,기후에너지환경부,(주)그린스코,2025,사업장,폐기물 처리업,62465.0,81,(주)한국경영인증원,,단일 사업장
22,기후에너지환경부,(주)금남고속,2025,사업장,육상 여객 운송업,21535.0,307,(주)한국경영인증원,,단일 사업장
23,기후에너지환경부,(주)금비,2025,사업장,유리 및 유리제품 제조업,75274.0,1124,한국표준협회,,단일 사업장
24,해양수산부,(주)남해고속,2025,사업장,교통(해운),23783.0,338,한국표준협회,,단일 사업장
25,산업통상부,(주)네오오토,2025,사업장,자동차,16645.0,344,(주)한국경영인증원,,단일 사업장
26,기후에너지환경부,(주)네이처이앤티경주,2025,사업장,지정외 폐기물처리업 등,33461.0,5,(주)비에스아이그룹코리아,,단일 사업장
27,산업통상부,(주)네패스,2025,사업장,반도체,14650.0,302,(주)비에스아이그룹코리아,,단일 사업장
28,산업통상부,(주)넥센,2025,사업장,석유화학,13768.0,344,한국표준협회,,단일 사업장
29,기후에너지환경부,(주)농협물류,2025,사업장,도로 화물 운송업,29641.0,432,한국표준협회,,단일 사업장
30,농림축산식품부,(주)농협사료,2025,업체,식료품 제조업,85090.0,1746,한국생산성본부인증원(주),,업체 우선
31,기후에너지환경부,(주)다나에너지솔루션,2025,사업장,폐기물 처리업,63255.0,253,(주)한국경영인증원,,단일 사업장
32,산업통상부,(주)대농,2025,사업장,섬유,1869.0,38,지속가능인증원주식회사,,단일 사업장
33,기후에너지환경부,(주)대동세라믹,2025,사업장,"내화, 비내화 요업제품 제조업",18064.0,326,(주)한국경영인증원,,단일 사업장
34,기후에너지환경부,(주)대림제지,2025,사업장,"펄프, 종이 및 판지 제조업",111224.0,1196,(재)한국품질재단,,단일 사업장
35,기후에너지환경부,(주)대성에코에너지센터,2025,업체,지정외 폐기물처리업,131682.0,410,㈜한국품질보증원,,업체 우선
36,산업통상부,(주)대양금속,2025,사업장,기계,19309.0,383,(재)한국품질재단,,단일 사업장
37,국토교통부,(주)대우건설,2025,업체,건설,55797.0,1161,한국표준협회,,업체 우선
38,산업통상부,(주)대욱케스트,2025,사업장,철강,16674.0,304,(주)한국경영인증원,,단일 사업장
39,산업통상부,(주)대웅제약,2025,사업장,석유화학,23211.0,478,한국표준협회,,단일 사업장
40,기후에너지환경부,(주)대원고속,2025,업체,육상 여객 운송업,110658.0,1825,(주)한국경영인증원,,업체 우선
41,기후에너지환경부,(주)대원농산,2025,사업장,폐기물,7411.0,138,(재)한국품질재단,,단일 사업장
42,기후에너지환경부,(주)대원버스,2025,사업장,육상 여객 운송업,32401.0,569,(주)한국경영인증원,,단일 사업장
43,국토교통부,(주)대원여객,2025,사업장,교통(여객),16421.0,316,(주)한국경영인증원,,단일 사업장
44,기후에너지환경부,(주)대원운수,2025,사업장,육상 여객 운송업,34327.0,584,(주)한국경영인증원,,단일 사업장
45,기후에너지환경부,(주)대유코아,2025,사업장,"시멘트, 석회, 플라스터 및 그 외 제품 제조업",92417.0,733,로이드인증원㈜,,단일 사업장
46,산업통상부,(주)대천텍스타일,2025,사업장,섬유,18174.0,274,한국표준협회,,단일 사업장
47,산업통상부,(주)대호특수강,2025,사업장,철강,39932.0,798,로이드인증원㈜,,단일 사업장
48,산업통상부,(주)동광화학,2025,사업장,석유화학,26002.0,539,(주)한국경영인증원,,단일 사업장
49,기후에너지환경부,(주)동남,2025,사업장,1차 비철금속 제조업,54189.0,846,한국표준협회,,단일 사업장
50,기후에너지환경부,(주)동방,2025,사업장,도로 화물 운송업,53060.0,775,대일이엔씨기술(주),,단일 사업장
51,기후에너지환경부,(주)동서기공,2025,사업장,자동차 신품 부품 제조업,44762.0,926,(주)한국경영인증원,,단일 사업장
52,기후에너지환경부,(주)동신포리마,2025,사업장,플라스틱 제품 제조업,43481.0,873,(주)한국경영인증원,,단일 사업장
53,기후에너지환경부,(주)동양고속,2025,사업장,육상 여객 운송업,52309.0,746,(주)한국경영인증원,,단일 사업장
54,기후에너지환경부,(주)동양환경,2025,업체,폐기물 처리업,153636.0,327,㈜디엔브이비즈니스어슈어런스코리아,,업체 우선
55,농림축산식품부,(주)동우팜투테이블,2025,사업장,식료품 제조업,14637.0,295,(재)한국화학융합시험연구원,,단일 사업장
56,농림축산식품부,(주)동원F&B,2025,업체,식료품 제조업,87410.0,1894,(주)한국경영인증원,,업체 우선
57,산업통상부,(주)동진쎄미켐,2025,사업장,석유화학,29560.0,606,(주)한국경영인증원,,단일 사업장
58,산업통상부,(주)두산,2025,업체,전기전자,61495.0,1210,(재)한국품질재단,,업체 우선
59,산업통상부,(주)두산테스나,2025,사업장,반도체,53336.0,1113,(재)한국품질재단,,단일 사업장
60,산업통상부,(주)디알액시온,2025,사업장,비철금속,15143.0,308,(재)한국품질재단,,단일 사업장
61,기후에너지환경부,(주)디에이피,2025,사업장,전자 부품 제조업,78630.0,1630,(주)한국경영인증원,,단일 사업장
62,산업통상부,(주)디케이씨,2025,사업장,철강,17533.0,353,한국표준협회,,단일 사업장
63,산업통상부,(주)로옴코리아,2025,사업장,반도체,15349.0,320,㈜한국품질보증원,,단일 사업장
64,산업통상부,(주)메디톡스,2025,사업장,석유화학,15965.0,327,한국표준협회,,단일 사업장
65,농림축산식품부,(주)면사랑,2025,사업장,식료품 제조업,28057.0,597,한국표준협회,,단일 사업장
66,기후에너지환경부,(주)모나리자,2025,사업장,"펄프, 종이 및 판지 제조업",42759.0,788,(주)한국경영인증원,,단일 사업장
67,기후에너지환경부,(주)미래페이퍼,2025,사업장,"펄프, 종이 및 판지 제조업",71022.0,1033,한국표준협회,,단일 사업장
68,산업통상부,(주)방림,2025,사업장,섬유,19047.0,292,한국표준협회,,단일 사업장
69,기후에너지환경부,(주)베르상스퍼시픽,2025,사업장,유리 및 유리제품 제조업,28893.0,490,로이드인증원㈜,,단일 사업장
70,기후에너지환경부,(주)벽산,2025,사업장,유리 및 유리제품 제조업,108302.0,1987,한국표준협회,,단일 사업장
71,산업통상부,(주)보령,2025,사업장,석유화학,16982.0,305,(주)한국경영인증원,,단일 사업장
72,기후에너지환경부,(주)보림씨에스,2025,사업장,폐기물 처리업,50042.0,25,(재)한국품질재단,,단일 사업장
73,기후에너지환경부,(주)부산도시가스,2025,사업장,"증기, 냉ㆍ온수 및 공기 조절 공급업",60985.0,487,(주)한국경영인증원,,단일 사업장
74,산업통상부,(주)비에이치,2025,사업장,전기전자,22374.0,365,한국표준협회,,단일 사업장
75,산업통상부,(주)비엠금속,2025,사업장,철강,12914.0,238,(주)한국경영인증원,,단일 사업장
76,농림축산식품부,(주)빙그레,2025,업체,식료품 제조업,57970.0,1166,(주)한국경영인증원,,업체 우선
77,기후에너지환경부,(주)삼동,2025,사업장,절연선 및 케이블 제조업,48652.0,1006,한국표준협회,,단일 사업장
78,국토교통부,(주)삼우에프앤지,2025,사업장,교통(화물),21606.0,358,한국표준협회,,단일 사업장
79,기후에너지환경부,(주)삼원강재,2025,사업장,자동차 신품 부품 제조업,32564.0,660,(재)한국품질재단,,단일 사업장
80,기후에너지환경부,(주)삼천리,2025,사업장,"증기, 냉ㆍ온수 및 공기 조절 공급업",72207.0,1264,한국가스안전공사,,단일 사업장
81,기후에너지환경부,(주)삼표산업,2025,업체,"시멘트, 석회, 플라스터 및 그 외 제품 제조업",77199.0,1338,(재)한국품질재단,,업체 우선
82,기후에너지환경부,(주)삼현,2025,사업장,"내화, 비내화 요업제품 제조업",21939.0,375,한국표준협회,,단일 사업장
83,산업통상부,(주)삼화양행,2025,업체,전기전자,59610.0,1235,(주)한국경영인증원,,업체 우선
84,기후에너지환경부,(주)상공에너지,2025,사업장,"증기, 냉ㆍ온수 및 공기 조절 공급업",7261.0,1456,㈜한국품질보증원,,단일 사업장
85,농림축산식품부,(주)샤니,2025,사업장,식료품 제조업,35233.0,715,(주)비에스아이그룹코리아,,단일 사업장
86,기후에너지환경부,(주)서흥,2025,사업장,기타 식품 제조업,38430.0,790,한국표준협회,,단일 사업장
87,산업통상부,(주)선일다이파스,2025,사업장,기계,20285.0,422,(주)한국경영인증원,,단일 사업장
88,기후에너지환경부,(주)선진운수,2025,사업장,육상 여객 운송업,23251.0,446,(재)한국품질재단,,단일 사업장
89,산업통상부,(주)성신미네필드,2025,사업장,시멘트,15548.0,305,한국표준협회,,단일 사업장
90,산업통상부,(주)성호금속,2025,사업장,철강,18971.0,338,(주)한국경영인증원,,단일 사업장
91,기후에너지환경부,(주)성호금속 경주2공장,2025,사업장,금속 주조업,29134.0,529,(주)한국경영인증원,,단일 사업장
92,산업통상부,(주)성호기업,2025,사업장,철강,13521.0,265,(주)한국경영인증원,,단일 사업장
93,기후에너지환경부,(주)세아씨엠,2025,사업장,1차 철강 제조업,71518.0,1407,한국표준협회,,단일 사업장
94,국토교통부,(주)세아엘앤에스,2025,사업장,교통(화물),13765.0,199,한국표준협회,,단일 사업장
95,기후에너지환경부,(주)세아제강,2025,사업장,1차 철강 제조업,60115.0,1215,한국표준협회,,단일 사업장
96,기후에너지환경부,(주)세아특수강,2025,사업장,1차 철강 제조업,54160.0,1094,한국표준협회,,단일 사업장
97,농림축산식품부,(주)세우,2025,사업장,식료품 제조업,17277.0,350,(재)한국품질재단,,단일 사업장
98,기후에너지환경부,(주)세주,2025,사업장,해상 운송업,28660.0,391,㈜디엔브이비즈니스어슈어런스코리아,,단일 사업장
99,산업통상부,(주)셀트리온제약,2025,사업장,석유화학,14717.0,301,한국표준협회,,단일 사업장
100,국토교통부,(주)시흥교통,2025,사업장,교통(여객),23244.0,426,한국표준협회,,단일 사업장
101,기후에너지환경부,(주)신동,2025,사업장,"시멘트, 석회, 플라스터 및 그 외 제품 제조업",85663.0,300,한국표준협회,,단일 사업장
102,기후에너지환경부,(주)신세계,2025,업체,종합 소매업,130937.0,2706,(주)한국경영인증원,,업체 우선
103,기후에너지환경부,(주)신승에너지,2025,사업장,폐기물 처리업,64212.0,338,(재)한국품질재단,,단일 사업장
104,산업통상부,(주)신안주철,2025,사업장,철강,15695.0,291,한국표준협회,,단일 사업장
105,기후에너지환경부,(주)신영포르투,2025,사업장,나무제품 제조업,17683.0,630,(재)한국품질재단,,단일 사업장
106,산업통상부,(주)신우금속,2025,사업장,철강,16606.0,288,(재)한국품질재단,,단일 사업장
107,산업통상부,(주)신화메탈,2025,사업장,철강,22484.0,436,지속가능인증원주식회사,,단일 사업장
108,기후에너지환경부,(주)쌍용씨앤비,2025,사업장,"펄프, 종이 및 판지 제조업",65421.0,1246,(주)한국경영인증원,,단일 사업장
109,기후에너지환경부,(주)씨텍,2025,업체,"증기, 냉ㆍ온수 및 공기 조절 공급업",677459.0,9162,(주)비에스아이그룹코리아,,업체 우선
110,산업통상부,(주)아바텍,2025,사업장,유리,14636.0,303,한국표준협회,,단일 사업장
111,기후에너지환경부,(주)아진피앤피,2025,사업장,"펄프, 종이 및 판지 제조업",137136.0,3244,지속가능인증원주식회사,,단일 사업장
112,기후에너지환경부,(주)애니테크,2025,사업장,폐기물 처리업,36022.0,424,(주)한국경영인증원,,단일 사업장
113,기후에너지환경부,(주)에너지 세종,2025,사업장,폐기물 처리업,56050.0,434,한국표준협회,,단일 사업장
114,기후에너지환경부,(주)에너지정세,2025,사업장,폐기물 처리업,60453.0,568,한국표준협회,,단일 사업장
115,기후에너지환경부,(주)에너지파크,2025,사업장,지정외 폐기물처리업,43044.0,529,(주)한국경영인증원,,단일 사업장
116,기후에너지환경부,(주)에스이그린에너지,2025,사업장,전기업,58303.0,0,한국표준협회,,단일 사업장
117,산업통상부,(주)에스제이금속,2025,사업장,철강,20735.0,364,(재)한국품질재단,,단일 사업장
118,기후에너지환경부,(주)에스파워,2025,업체,전기업,1490347.0,29591,(재)한국품질재단,,업체 우선
119,기후에너지환경부,(주)에스피환경,2025,사업장,폐기물 처리업,67395.0,531,㈜한국품질보증원,,단일 사업장
120,산업통상부,(주)에이치브이엠,2025,사업장,비철금속,15921.0,309,한국표준협회,,단일 사업장
121,산업통상부,(주)에이치제이중공업,2025,사업장,조선,33427.0,561,한국표준협회,,단일 사업장
122,해양수산부,(주)에이치해운,2025,사업장,교통(해운),13436.0,183,한국표준협회,,단일 사업장
123,기후에너지환경부,(주)에이티에너지,2025,사업장,폐기물 처리업,15807.0,20,대일이엔씨기술(주),,단일 사업장
124,기후에너지환경부,(주)에코프로머티리얼즈,2025,사업장,일차전지 및 축전지 제조업,55871.0,1141,(주)한국경영인증원,,단일 사업장
125,기후에너지환경부,(주)에코프로비엠,2025,사업장,일차전지 및 축전지 제조업,89198.0,1861,(주)한국경영인증원,,단일 사업장
126,기후에너지환경부,(주)엔아이티,2025,업체,폐기물 처리업,155030.0,528,㈜한국품질보증원,,업체 우선
127,기후에너지환경부,(주)엔이티,2025,사업장,"증기, 냉ㆍ온수 및 공기 조절 공급업",52791.0,604,한국표준협회,,단일 사업장
128,산업통상부,(주)엔피케이,2025,사업장,석유화학,17295.0,358,한국표준협회,,단일 사업장
129,기후에너지환경부,(주)엘엑스글라스,2025,업체,유리 및 유리제품 제조업,282530.0,3499,(주)한국경영인증원,,업체 우선
130,기후에너지환경부,(주)엘엑스판토스,2025,사업장,도로 화물 운송업,49602.0,657,㈜디엔브이비즈니스어슈어런스코리아,,단일 사업장
131,산업통상부,(주)엘지생활건강,2025,업체,석유화학,47593.0,1037,한국표준협회,,업체 우선
132,기후에너지환경부,(주)엘지씨엔에스,2025,업체,"컴퓨터 프로그래밍, 시스템 통합 및 관리업",152417.0,3224,대일이엔씨기술(주),,업체 우선
133,기후에너지환경부,(주)영신물산,2025,사업장,"섬유제품 염색, 정리 및 마무리 가공업",27214.0,197,한국표준협회,,단일 사업장
134,기후에너지환경부,(주)오뚜기,2025,사업장,기타 식품 제조업,87975.0,1840,한국표준협회,,단일 사업장
135,기후에너지환경부,(주)오리온,2025,사업장,기타 식품 제조업,75362.0,1504,로이드인증원㈜,,단일 사업장
136,기후에너지환경부,(주)오미아코리아,2025,사업장,기초 화학물질 제조업,40281.0,820,㈜디엔브이비즈니스어슈어런스코리아,,단일 사업장
137,산업통상부,(주)오영,2025,사업장,석유화학,14720.0,318,(재)한국품질재단,,단일 사업장
138,기후에너지환경부,(주)온셀텍,2025,사업장,전자 부품 제조업,35418.0,742,한국표준협회,,단일 사업장
139,농림축산식품부,(주)올품,2025,사업장,식료품 제조업,23464.0,477,한국표준협회,,단일 사업장
140,산업통상부,(주)와이솔,2025,사업장,반도체,18570.0,311,한국표준협회,,단일 사업장
141,기후에너지환경부,(주)와이엔텍,2025,업체,폐기물 처리업,165496.0,1055,(재)한국품질재단,,업체 우선
142,산업통상부,(주)와이엠,2025,사업장,기계,17448.0,359,(재)한국품질재단,,단일 사업장
143,산업통상부,(주)와이지-원,2025,사업장,기계,16493.0,344,한국표준협회,,단일 사업장
144,기후에너지환경부,(주)우룡,2025,업체,"시멘트, 석회, 플라스터 및 그 외 제품 제조업",160193.0,703,(재)한국화학융합시험연구원,,업체 우선
145,산업통상부,(주)우신금속,2025,사업장,비철금속,23597.0,374,(재)한국품질재단,,단일 사업장
146,산업통상부,(주)우익반도체,2025,사업장,전기전자,30964.0,639,한국표준협회,,단일 사업장
147,기후에너지환경부,(주)원익아이피에스,2025,사업장,특수 목적용 기계 제조업,35308.0,706,한국표준협회,,단일 사업장
148,기후에너지환경부,(주)유니온,2025,업체,"시멘트, 석회, 플라스터 및 그 외 제품 제조업",113709.0,907,한국표준협회,,업체 우선
149,기후에너지환경부,(주)유성티엔에스,2025,사업장,도로 화물 운송업,25318.0,362,(주)한국경영인증원,,단일 사업장
150,기후에너지환경부,(주)유진로지스틱스,2025,사업장,도로 화물 운송업,20360.0,297,(재)한국품질재단,,단일 사업장
151,산업통상부,(주)유한양행,2025,사업장,석유화학,17405.0,357,(재)한국품질재단,,단일 사업장
152,산업통상부,(주)유한화학,2025,사업장,석유화학,19951.0,367,(주)한국경영인증원,,단일 사업장
153,기후에너지환경부,(주)이녹스첨단소재,2025,사업장,전자 부품 제조업,29981.0,570,(재)한국품질재단,,단일 사업장
154,기후에너지환경부,(주)이마트,2025,업체,종합 소매업,551659.0,11488,한국표준협회,,업체 우선
155,기후에너지환경부,(주)이수페타시스,2025,사업장,전자 부품 제조업,53980.0,1046,(주)한국경영인증원,,단일 사업장
156,기후에너지환경부,(주)이수화학,2025,업체,기초 화학물질 제조업,264175.0,4732,한국표준협회,,업체 우선
157,기후에너지환경부,(주)이스타항공,2025,업체,항공 여객 운송업,123608.0,1770,(재)한국화학융합시험연구원,,업체 우선
158,기후에너지환경부,(주)이알지서비스,2025,사업장,폐기물 처리업,72528.0,101,(재)한국화학융합시험연구원,,단일 사업장
159,기후에너지환경부,(주)이에스티,2025,사업장,폐기물 처리업,61541.0,7,(재)한국품질재단,,단일 사업장
160,기후에너지환경부,(주)인터플렉스,2025,사업장,전자 부품 제조업,34977.0,732,로이드인증원㈜,,단일 사업장
161,산업통상부,(주)일강,2025,사업장,자동차,20961.0,430,한국표준협회,,단일 사업장
162,기후에너지환경부,(주)일진글로벌,2025,사업장,자동차 신품 부품 제조업,102537.0,2136,(주)한국경영인증원,,단일 사업장
163,산업통상부,(주)재세능원,2025,사업장,전기전자,46945.0,980,(주)한국경영인증원,,단일 사업장
164,기후에너지환경부,(주)전북고속,2025,사업장,육상 여객 운송업,16529.0,235,(주)한국경영인증원,,단일 사업장
165,농림축산식품부,(주)정·식품,2025,사업장,음료제조업,18346.0,369,한국표준협회,,단일 사업장
166,국토교통부,(주)제때,2025,사업장,교통(화물),27547.0,507,한국표준협회,,단일 사업장
167,기후에너지환경부,(주)제양항공해운,2025,사업장,해상 운송업,530.0,7,로이드인증원㈜,,단일 사업장
168,기후에너지환경부,(주)제이엠씨,2025,사업장,기초 화학물질 제조업,39276.0,853,(주)한국경영인증원,,단일 사업장
169,산업통상부,(주)젤텍,2025,사업장,석유화학,14464.0,478,한국표준협회,,단일 사업장
170,농림축산식품부,(주)조흥,2025,사업장,식료품 제조업,16678.0,359,한국표준협회,,단일 사업장
171,산업통상부,(주)종근당,2025,사업장,석유화학,20094.0,549,(주)한국경영인증원,,단일 사업장
172,기후에너지환경부,(주)종근당바이오,2025,사업장,기초 의약 물질 및 생물학적 제제 제조업,89316.0,1884,(주)한국경영인증원,,단일 사업장
173,기후에너지환경부,(주)중앙고속,2025,사업장,육상 여객 운송업,46294.0,660,(주)한국경영인증원,,단일 사업장
174,기후에너지환경부,(주)중일,2025,사업장,1차 비철금속 제조업,30169.0,300,한국표준협회,,단일 사업장
175,기후에너지환경부,(주)지에스동해전력,2025,업체,전기업,2693243.0,29924,(주)한국경영인증원,,업체 우선
176,기후에너지환경부,(주)진합,2025,사업장,자동차 신품 부품 제조업,25772.0,535,한국표준협회,,단일 사업장
177,산업통상부,(주)진흥주물,2025,사업장,철강,27963.0,492,한국표준협회,,단일 사업장
178,기후에너지환경부,(주)참프레,2025,사업장,"도축, 육류 가공 및 저장 처리업",41917.0,838,한국표준협회,,단일 사업장
179,기후에너지환경부,(주)창원그린,2025,업체,폐기물 처리업,56198.0,20,한국표준협회,,업체 우선
180,기후에너지환경부,(주)창원에너텍,2025,사업장,폐기물 처리업,65243.0,1024,(재)한국품질재단,,단일 사업장
181,기후에너지환경부,(주)천일고속,2025,사업장,육상 여객 운송업,21102.0,301,(주)한국경영인증원,,단일 사업장
182,기후에너지환경부,(주)청송산업개발,2025,사업장,폐기물 처리업,81606.0,521,(재)한국품질재단,,단일 사업장
183,농림축산식품부,(주)체리부로,2025,사업장,식료품 제조업,15271.0,312,(주)한국경영인증원,,단일 사업장
184,기후에너지환경부,(주)충남고속,2025,사업장,육상 여객 운송업,23363.0,333,(주)한국경영인증원,,단일 사업장
185,기후에너지환경부,(주)충무화학,2025,업체,"시멘트, 석회, 플라스터 및 그 외 제품 제조업",141476.0,608,(주)한국경영인증원,,업체 우선
186,농림축산식품부,(주)카길애그리퓨리나,2025,사업장,식료품 제조업,21889.0,447,(재)한국품질재단,,단일 사업장
187,산업통상부,(주)카펙발레오,2025,사업장,자동차,20515.0,414,한국표준협회,,단일 사업장
188,산업통상부,(주)캐스텍코리아,2025,사업장,철강,15792.0,278,한국표준협회,,단일 사업장
189,기후에너지환경부,(주)케이비아이국인산업,2025,업체,폐기물 처리업,240220.0,155,(재)한국품질재단,,업체 우선
190,기후에너지환경부,(주)케이비아이텍,2025,업체,폐기물 처리업,147106.0,202,(재)한국품질재단,,업체 우선
191,산업통상부,(주)케이원전자,2025,사업장,전기전자,24303.0,507,한국표준협회,,단일 사업장
192,기후에너지환경부,(주)케이이씨,2025,사업장,반도체 제조업,36175.0,659,㈜디엔브이비즈니스어슈어런스코리아,,단일 사업장
193,기후에너지환경부,(주)케이조선,2025,사업장,선박 및 보트 건조업,71537.0,1288,(재)한국품질재단,,단일 사업장
194,기후에너지환경부,(주)케이티앤지,2025,사업장,담배 제조업,101746.0,2063,(재)한국품질재단,,단일 사업장
195,산업통상부,(주)케이프,2025,사업장,조선,16791.0,296,한국표준협회,,단일 사업장
196,산업통상부,(주)케이피텍,2025,사업장,석유화학,8128.0,169,㈜디엔브이비즈니스어슈어런스코리아,,단일 사업장
197,기후에너지환경부,(주)코넥,2025,사업장,자동차 신품 부품 제조업,29707.0,593,(주)한국경영인증원,,단일 사업장
198,기후에너지환경부,(주)코다코,2025,사업장,자동차 신품 부품 제조업,40040.0,819,(재)한국품질재단,,단일 사업장
199,기후에너지환경부,(주)코리아써키트,2025,사업장,전자 부품 제조업,134543.0,2692,(주)비에스아이그룹코리아,,단일 사업장
200,기후에너지환경부,(주)코스틸,2025,사업장,1차 철강 제조업,3355.0,67,(주)한국경영인증원,,단일 사업장
201,기후에너지환경부,(주)태상,2025,사업장,기타 금속 가공제품 제조업,56650.0,1103,(주)한국경영인증원,,단일 사업장
202,국토교통부,(주)태영건설,2025,사업장,건설,17456.0,345,한국표준협회,,단일 사업장
203,산업통상부,(주)태우,2025,사업장,비철금속,16139.0,313,한국가스안전공사,,단일 사업장
204,기후에너지환경부,(주)태웅,2025,업체,1차 철강 제조업,151271.0,2753,(재)한국품질재단,,업체 우선
205,기후에너지환경부,(주)태평양금속,2025,사업장,"내화, 비내화 요업제품 제조업",32276.0,657,(주)한국경영인증원,,단일 사업장
206,기후에너지환경부,(주)티씨씨스틸,2025,사업장,1차 철강 제조업,30198.0,630,(주)한국경영인증원,,단일 사업장
207,기후에너지환경부,(주)티씨케이,2025,사업장,기타 비금속 광물제품 제조업,36433.0,754,(재)한국품질재단,,단일 사업장
208,산업통상부,(주)티엘비,2025,사업장,전기전자,23657.0,478,(주)한국경영인증원,,단일 사업장
209,기후에너지환경부,(주)티와이코퍼레이션,2025,사업장,"내화, 비내화 요업제품 제조업",23702.0,394,한국표준협회,"""태영세라믹㈜"" 업체명 변경",단일 사업장
210,농림축산식품부,(주)파리크라상,2025,사업장,식료품 제조업,19908.0,411,한국표준협회,,단일 사업장
211,기후에너지환경부,(주)포레스코,2025,사업장,나무제품 제조업,32599.0,780,한국표준협회,,단일 사업장
212,국토교통부,(주)포스코이앤씨,2025,사업장,건설,33992.0,682,로이드인증원㈜,,단일 사업장
213,기후에너지환경부,(주)포항그린,2025,사업장,폐기물 처리업,76396.0,20,한국표준협회,,단일 사업장
214,산업통상부,(주)풍년그린텍,2025,사업장,제지,24898.0,509,(주)신화엔지니어링종합건축사사무소,,단일 사업장
215,산업통상부,(주)풍농,2025,사업장,석유화학,18404.0,341,(주)한국경영인증원,,단일 사업장
216,산업통상부,(주)풍전비철,2025,사업장,비철금속,17513.0,346,(재)한국품질재단,,단일 사업장
217,기후에너지환경부,(주)풍정주공,2025,사업장,금속 주조업,28567.0,525,(주)한국경영인증원,,단일 사업장
218,산업통상부,(주)퓨렉스,2025,사업장,반도체,16246.0,331,(재)한국품질재단,,단일 사업장
219,산업통상부,(주)피엔디티,2025,사업장,자동차,15720.0,308,(주)한국경영인증원,,단일 사업장
220,산업통상부,(주)피제이메탈,2025,사업장,비철금속,18645.0,339,(재)한국품질재단,,단일 사업장
221,기후에너지환경부,(주)필맥스,2025,사업장,플라스틱 제품 제조업,19560.0,402,㈜한국품질보증원,,단일 사업장
222,기후에너지환경부,(주)하림,2025,사업장,"도축, 육류 가공 및 저장 처리업",103224.0,2509,(재)한국품질재단,,단일 사업장
223,농림축산식품부,(주)한강식품,2025,사업장,식료품 제조업,24338.0,499,한국표준협회,,단일 사업장
224,농림축산식품부,(주)한국인삼공사 고려인삼창,2025,사업장,식료품 제조업,29543.0,604,(주)한국경영인증원,,단일 사업장
225,기후에너지환경부,(주)한국특강,2025,업체,1차 철강 제조업,347035.0,6195,(주)한국경영인증원,,업체 우선
226,산업통상부,(주)한금,2025,사업장,철강,15491.0,340,한국표준협회,,단일 사업장
227,산업통상부,(주)한농화성,2025,사업장,석유화학,18040.0,348,한국표준협회,,단일 사업장
228,기후에너지환경부,(주)한솔케미칼,2025,사업장,기초 화학물질 제조업,143357.0,3030,대일이엔씨기술(주),,단일 사업장
229,기후에너지환경부,(주)한솔홈데코,2025,사업장,나무제품 제조업,62149.0,1759,(주)한국경영인증원,,단일 사업장
230,산업통상부,(주)한양에스앤씨,2025,사업장,자동차,19310.0,345,(주)한국경영인증원,,단일 사업장
231,기후에너지환경부,(주)한익스프레스,2025,사업장,도로 화물 운송업,23847.0,400,한국표준협회,,단일 사업장
232,기후에너지환경부,(주)한일고속,2025,사업장,육상 여객 운송업,58644.0,803,(주)한국경영인증원,,단일 사업장
233,기후에너지환경부,(주)한주,2025,업체,"증기, 냉ㆍ온수 및 공기 조절 공급업",1198619.0,17980,㈜디엔브이비즈니스어슈어런스코리아,,업체 우선
234,기후에너지환경부,(주)한진,2025,업체,도로 화물 운송업,98362.0,1596,한국표준협회,,업체 우선
235,기후에너지환경부,(주)한창제지,2025,업체,"펄프, 종이 및 판지 제조업",186009.0,2368,한국표준협회,,업체 우선
236,기후에너지환경부,(주)한화,2025,업체,기타 화학제품 제조업,76442.0,1277,㈜디엔브이비즈니스어슈어런스코리아,,업체 우선
237,기후에너지환경부,(주)현대백화점,2025,업체,종합 소매업,161447.0,3390,한국표준협회,,업체 우선
238,기후에너지환경부,(주)현대엘앤씨,2025,사업장,플라스틱 제품 제조업,36003.0,734,로이드인증원㈜,,단일 사업장
239,기후에너지환경부,(주)현대케피코,2025,사업장,자동차 신품 부품 제조업,26507.0,548,로이드인증원㈜,,단일 사업장
240,국토교통부,(주)화성여객,2025,사업장,교통(여객),25138.0,424,(주)한국경영인증원,,단일 사업장
241,산업통상부,(주)화승알앤에이,2025,사업장,석유화학,20131.0,413,한국표준협회,,단일 사업장
242,기후에너지환경부,(주)화승케미칼,2025,사업장,플라스틱 제품 제조업,24752.0,507,(주)한국경영인증원,,단일 사업장
243,산업통상부,(주)화인베스틸,2025,사업장,철강,27364.0,499,(주)한국경영인증원,,단일 사업장
244,산업통상부,(주)황조,2025,업체,비철금속,87076.0,89,(재)한국품질재단,,업체 우선
245,기후에너지환경부,(합)경남여객,2025,사업장,육상 여객 운송업,43213.0,742,한국표준협회,,단일 사업장
246,기후에너지환경부,CJ대한통운(주),2025,업체,도로 화물 운송업,239997.0,4267,(주)한국경영인증원,,업체 우선
247,기후에너지환경부,CJ제일제당(주),2025,업체,"곡물 가공품, 전분 및 전분제품 제조업",409189.0,9543,(재)한국화학융합시험연구원,,업체 우선
248,국토교통부,GS건설(주),2025,업체,건설,91198.0,1765,(주)한국경영인증원,,업체 우선
249,기후에너지환경부,GS파워,2025,업체,"증기, 냉ㆍ온수 및 공기 조절 공급업",2628659.0,51759,한국표준협회,,업체 우선
250,기후에너지환경부,JW 생명과학(주),2025,사업장,의약품 제조업,28876.0,590,한국표준협회,,단일 사업장
251,산업통상부,KPX케미칼(주),2025,사업장,석유화학,22975.0,733,(주)한국경영인증원,,단일 사업장
252,기후에너지환경부,LB세미콘(주),2025,사업장,반도체 제조업,70545.0,1463,(재)한국품질재단,,단일 사업장
253,기후에너지환경부,LX엠엠에이,2025,업체,기초 화학물질 제조업,311917.0,2970,(주)한국경영인증원,,업체 우선
254,기후에너지환경부,NC양산(주),2025,사업장,폐기물 처리업,28032.0,23,한국표준협회,,단일 사업장
255,기후에너지환경부,NC울산(주),2025,사업장,폐기물 처리업,67015.0,40,한국표준협회,,단일 사업장
256,기후에너지환경부,OCI SE 주식회사,2025,업체,"증기, 냉ㆍ온수 및 공기 조절 공급업",1159858.0,20899,㈜디엔브이비즈니스어슈어런스코리아,,업체 우선
257,기후에너지환경부,S-Oil(주),2025,업체,석유 정제품 제조업,9497500.0,129081,한국표준협회,,업체 우선
258,기후에너지환경부,SKbroadband(주),2025,업체,전기 통신업,627682.0,13081,㈜디엔브이비즈니스어슈어런스코리아,,업체 우선
259,산업통상부,SK바이오텍 주식회사,2025,사업장,석유화학,19650.0,370,(주)한국경영인증원,,단일 사업장
260,기후에너지환경부,SK이노베이션(주),2025,업체,일차전지 및 축전지 제조업,2192948.0,43626,한국표준협회,,업체 우선
261,기후에너지환경부,SK인천석유화학(주),2025,업체,석유 정제품 제조업,1446739.0,40883,한국표준협회,,업체 우선
262,산업통상부,Y&T파워텍(주),2025,사업장,자동차,19346.0,391,(주)비에스아이그룹코리아,,단일 사업장
263,기후에너지환경부,㈜토탈,2025,사업장,폐기물 처리업,66562.0,69,(재)한국품질재단,,단일 사업장
264,산업통상부,가온전선주식회사,2025,사업장,전기전자,8396.0,172,(주)비에스아이그룹코리아,,단일 사업장
265,국토교통부,강남금융센터(주),2025,사업장,건물,16354.0,338,한국표준협회,,단일 사업장
266,산업통상부,강남화성(주),2025,사업장,석유화학,18573.0,303,한국표준협회,,단일 사업장
267,산업통상부,강릉사천연료전지,2025,사업장,발전에너지,62670.0,8,(주)한국경영인증원,,단일 사업장
268,기후에너지환경부,강릉시,2025,사업장,폐기물 처리업,91175.0,596,(주)비에스아이그룹코리아,,단일 사업장
269,산업통상부,강릉에코파워(주),2025,업체,발전에너지,5265188.0,60227,로이드인증원㈜,,업체 우선
270,기후에너지환경부,강원고속,2025,사업장,육상 여객 운송업,15797.0,225,한국표준협회,,단일 사업장
271,국토교통부,강원대학교,2025,사업장,건물,20566.0,425,한국표준협회,,단일 사업장
272,국토교통부,강원여객자동차,2025,사업장,교통(여객),17715.0,260,한국표준협회,,단일 사업장
273,기후에너지환경부,거제시,2025,사업장,폐기물 처리업,58696.0,519,(재)한국품질재단,,단일 사업장
274,기후에너지환경부,경기그린에너지(주),2025,업체,전기업,133109.0,0,한국표준협회,,업체 우선
275,기후에너지환경부,경기도 광주시,2025,사업장,수도업,59576.0,1024,㈜한국품질보증원,,단일 사업장
276,국토교통부,경남고속뉴부산관광(주),2025,사업장,교통(여객),16647.0,238,(주)한국경영인증원,,단일 사업장
277,기후에너지환경부,경북대학교,2025,사업장,고등 교육기관,42418.0,894,㈜한국품질보증원,,단일 사업장
278,국토교통부,경북대학교병원,2025,사업장,건물,21601.0,443,한국표준협회,,단일 사업장
279,기후에너지환경부,경산시,2025,사업장,폐기물 처리업,62851.0,818,㈜한국품질보증원,,단일 사업장
280,기후에너지환경부,경산제지 주식회사,2025,사업장,"펄프, 종이 및 판지 제조업",104097.0,1492,한국표준협회,,단일 사업장
281,국토교통부,경상국립대학교,2025,사업장,건물,21965.0,454,한국표준협회,,단일 사업장
282,기후에너지환경부,경상북도,2025,사업장,폐기물 처리업,75515.0,354,㈜한국품질보증원,,단일 사업장
283,기후에너지환경부,경원여객자동차(주),2025,사업장,육상 여객 운송업,45106.0,770,(주)한국경영인증원,소재지 : 경상남도 진주,사업장 2개 합산
285,기후에너지환경부,경주시,2025,사업장,폐기물 처리업,84212.0,681,㈜한국품질보증원,,단일 사업장
286,산업통상부,경진단조(주),2025,사업장,기계,13846.0,287,(주)한국경영인증원,,단일 사업장
287,기후에너지환경부,경진여객운수(주),2025,사업장,육상 여객 운송업,20917.0,372,(주)한국경영인증원,,단일 사업장
288,산업통상부,경창산업(주),2025,사업장,자동차,25303.0,527,(주)한국경영인증원,,단일 사업장
289,기후에너지환경부,고덕그린에너지(주),2025,사업장,전기업,21810.0,12,한국표준협회,,단일 사업장
290,산업통상부,고덕청정에너지주식회사,2025,업체,발전에너지,79727.0,12,한국표준협회,,업체 우선
291,기후에너지환경부,고려강선(주),2025,사업장,1차 철강 제조업,50859.0,1071,한국생산성본부인증원(주),,단일 사업장
292,기후에너지환경부,고려고속훼리(주),2025,사업장,해상 운송업,34698.0,499,한국표준협회,,단일 사업장
293,기후에너지환경부,고려기초소재,2025,사업장,기타 비금속 광물제품 제조업,22876.0,403,한국표준협회,,단일 사업장
294,기후에너지환경부,고려아연 주식회사,2025,업체,1차 비철금속 제조업,3275801.0,44204,㈜디엔브이비즈니스어슈어런스코리아,,업체 우선
295,산업통상부,고려용접봉 주식회사,2025,사업장,기계,16294.0,335,㈜한국품질보증원,,단일 사업장
296,기후에너지환경부,고려제강(주),2025,사업장,1차 철강 제조업,93418.0,1909,한국생산성본부인증원(주),,단일 사업장
297,산업통상부,고려특수선재(주),2025,사업장,철강,20973.0,437,한국생산성본부인증원(주),,단일 사업장
298,기후에너지환경부,고성그린파워 주식회사,2025,업체,전기업,8740826.0,97321,로이드인증원㈜,,업체 우선
299,기후에너지환경부,고양시,2025,업체,폐기물 처리업,141883.0,1158,㈜한국품질보증원,,업체 우선
300,기후에너지환경부,공항철도(주),2025,사업장,육상 여객 운송업,59677.0,1243,대일이엔씨기술(주),,단일 사업장
301,기후에너지환경부,과천시,2025,사업장,폐기물,12616.0,106,(재)한국화학융합시험연구원,,단일 사업장
302,기후에너지환경부,광명시,2025,사업장,폐기물 처리업,69145.0,316,㈜한국품질보증원,,단일 사업장
303,기후에너지환경부,광양시,2025,사업장,폐기물 처리업,46623.0,203,㈜한국품질보증원,,단일 사업장
304,산업통상부,광양알루미늄 주식회사,2025,사업장,비철금속,52705.0,1076,(주)한국경영인증원,,단일 사업장
305,국토교통부,광주과학기술원,2025,사업장,건물,24947.0,521,한국표준협회,,단일 사업장
306,기후에너지환경부,광주광역시,2025,업체,폐기물 처리업,164399.0,1570,(재)한국품질재단,,업체 우선
307,국토교통부,광주교통공사,2025,사업장,교통(철도),18993.0,396,한국표준협회,,단일 사업장
308,기후에너지환경부,광진산업(주),2025,사업장,"시멘트, 석회, 플라스터 및 그 외 제품 제조업",84549.0,221,한국생산성본부인증원(주),,단일 사업장
309,기후에너지환경부,괴산군,2025,사업장,폐기물,15124.0,105,(재)한국품질재단,,단일 사업장
310,국토교통부,구리농수산물공사,2025,사업장,건물,17390.0,361,한국표준협회,,단일 사업장
311,기후에너지환경부,구리시,2025,사업장,폐기물 처리업,53157.0,1014,㈜한국품질보증원,,단일 사업장
312,기후에너지환경부,구미시,2025,업체,폐기물 처리업,141562.0,1168,㈜한국품질보증원,,업체 우선
313,기후에너지환경부,국도화학(주),2025,사업장,합성고무 및 플라스틱 물질 제조업,64624.0,1959,로이드인증원㈜,,단일 사업장
314,기후에너지환경부,국립대학법인 서울대학교,2025,업체,고등 교육기관,159014.0,3279,(재)한국품질재단,,업체 우선
315,국토교통부,국립암센터,2025,사업장,건물,21081.0,446,(주)한국경영인증원,,단일 사업장
316,국토교통부,국방과학연구소,2025,사업장,건물,24339.0,503,(재)한국품질재단,,단일 사업장
317,기후에너지환경부,국일제지(주),2025,사업장,"펄프, 종이 및 판지 제조업",18941.0,383,(주)한국경영인증원,,단일 사업장
318,국토교통부,국회사무처,2025,사업장,건물,23601.0,494,한국표준협회,,단일 사업장
319,기후에너지환경부,군산시,2025,사업장,폐기물 처리업,108794.0,596,㈜한국품질보증원,,단일 사업장
320,기후에너지환경부,군포시,2025,사업장,폐기물 처리업,43286.0,420,㈜한국품질보증원,,단일 사업장
321,기후에너지환경부,그린에어 주식회사,2025,업체,기초 화학물질 제조업,573394.0,11934,로이드인증원㈜,,업체 우선
322,기후에너지환경부,그린케미칼 주식회사,2025,사업장,기초 화학물질 제조업,49942.0,1129,한국가스안전공사,,단일 사업장
323,산업통상부,금강공업(주),2025,사업장,비철금속,15170.0,263,(주)한국경영인증원,,단일 사업장
324,해양수산부,금성수산(주),2025,사업장,수산,14836.0,212,(주)한국경영인증원,,단일 사업장
325,해양수산부,금진해운(주),2025,사업장,교통(해운),17337.0,240,㈜디엔브이비즈니스어슈어런스코리아,,단일 사업장
326,기후에너지환경부,금호고속(주),2025,업체,육상 여객 운송업,4866.0,100,(주)한국경영인증원,,업체 우선
327,기후에너지환경부,금호미쓰이화학 주식회사,2025,사업장,기초 화학물질 제조업,273570.0,4984,(재)한국품질재단,,단일 사업장
328,기후에너지환경부,금호석유화학 주식회사,2025,업체,합성고무 및 플라스틱 물질 제조업,3301804.0,42560,(재)한국품질재단,,업체 우선
329,기후에너지환경부,금호익스프레스 주식회사,2025,업체,육상 여객 운송업,94019.0,1343,(주)한국경영인증원,,업체 우선
330,기후에너지환경부,금호타이어(주),2025,업체,고무제품 제조업,198255.0,4135,지속가능인증원주식회사,,업체 우선
331,기후에너지환경부,금호폴리켐주식회사,2025,업체,합성고무 및 플라스틱 물질 제조업,330277.0,5742,(재)한국품질재단,,업체 우선
332,기후에너지환경부,금호피앤비화학 주식회사,2025,업체,기초 화학물질 제조업,768865.0,10728,로이드인증원㈜,,업체 우선
333,기후에너지환경부,기아(주),2025,업체,자동차용 엔진 및 자동차 제조업,734837.0,14993,로이드인증원㈜,,업체 우선
334,국토교통부,기초과학연구원 ,2025,사업장,건물,22037.0,474,(주)한국경영인증원,,단일 사업장
335,기후에너지환경부,김천시,2025,사업장,"하수, 폐수 및 분뇨 처리업",42422.0,505,㈜한국품질보증원,,단일 사업장
336,기후에너지환경부,김천에너지서비스주식회사,2025,업체,"증기, 냉ㆍ온수 및 공기 조절 공급업",652255.0,7777,한국표준협회,,업체 우선
337,기후에너지환경부,김포시,2025,사업장,폐기물 처리업,51992.0,608,(재)한국품질재단,,단일 사업장
338,기후에너지환경부,김포운수(주),2025,사업장,육상 여객 운송업,18773.0,353,(주)한국경영인증원,,단일 사업장
339,기후에너지환경부,김해시,2025,사업장,폐기물 처리업,94148.0,1190,㈜한국품질보증원,,단일 사업장
340,기후에너지환경부,깨끗한나라 주식회사,2025,업체,"펄프, 종이 및 판지 제조업",302344.0,4003,(재)한국품질재단,,업체 우선
341,기후에너지환경부,나래에너지서비스 주식회사,2025,업체,"증기, 냉ㆍ온수 및 공기 조절 공급업",1742211.0,34737,(주)한국경영인증원,,업체 우선
342,기후에너지환경부,나투라페이퍼 주식회사,2025,업체,"펄프, 종이 및 판지 제조업",166269.0,1182,한국표준협회,,업체 우선
343,기후에너지환경부,남강제지(주),2025,사업장,"펄프, 종이 및 판지 제조업",27203.0,227,(재)한국품질재단,,단일 사업장
344,기후에너지환경부,남양금속주식회사,2025,사업장,"구조용 금속제품, 탱크 및 증기발생기 제조업",90565.0,1694,(재)한국화학융합시험연구원,,단일 사업장
345,기후에너지환경부,남양유업(주),2025,사업장,낙농제품 및 식용 빙과류 제조업,69833.0,1666,로이드인증원㈜,,단일 사업장
346,기후에너지환경부,남양주시,2025,업체,폐기물,75273.0,1088,㈜한국품질보증원,,업체 우선
347,기후에너지환경부,남해화학(주),2025,사업장,"비료, 농약 및 살균ㆍ살충제 제조업",72555.0,1123,대일이엔씨기술(주),,단일 사업장
348,기후에너지환경부,내포그린에너지(주),2025,사업장,"증기, 냉ㆍ온수 및 공기 조절 공급업",1079416.0,21535,대일이엔씨기술(주),,단일 사업장
349,기후에너지환경부,네이버 주식회사,2025,사업장,"자료 처리, 호스팅, 포털 및 기타 인터넷 정보 매개 서비스업",151019.0,3155,한국표준협회,,단일 사업장
350,기후에너지환경부,네이처이앤티(주),2025,업체,폐기물 처리업,200547.0,422,(주)비에스아이그룹코리아,,업체 우선
351,기후에너지환경부,넥센타이어(주),2025,업체,고무제품 제조업,219667.0,4420,(주)한국경영인증원,,업체 우선
352,산업통상부,넥스틸(주),2025,사업장,철강,20752.0,433,(주)한국경영인증원,,단일 사업장
353,기후에너지환경부,노벨리스코리아 주식회사,2025,업체,1차 비철금속 제조업,296887.0,6021,(주)한국경영인증원,,업체 우선
354,기후에너지환경부,노을그린에너지 주식회사,2025,사업장,전기업,78874.0,16,한국표준협회,,단일 사업장
355,기후에너지환경부,녹십자,2025,사업장,의약품 제조업,62706.0,1629,(재)한국품질재단,,단일 사업장
356,기후에너지환경부,논산시,2025,사업장,폐기물,22022.0,82,㈜한국품질보증원,,단일 사업장
357,국토교통부,농협은행 주식회사,2025,업체,건물,89559.0,1468,한국표준협회,,업체 우선
358,기후에너지환경부,능원금속공업 주식회사,2025,사업장,1차 비철금속 제조업,23185.0,478,(주)한국경영인증원,,단일 사업장
359,산업통상부,단일가스켐(주),2025,사업장,석유화학,43006.0,880,한국가스안전공사,,단일 사업장
360,기후에너지환경부,담우물산(주),2025,사업장,"시멘트, 석회, 플라스터 및 그 외 제품 제조업",64083.0,205,(주)한국경영인증원,,단일 사업장
361,기후에너지환경부,대구광역시,2025,업체,폐기물 처리업,447413.0,5229,㈜한국품질보증원,,업체 우선
362,기후에너지환경부,대구교통공사,2025,사업장,육상 여객 운송업,100991.0,2106,(주)한국경영인증원,,단일 사업장
363,기후에너지환경부,대구그린파워(주),2025,업체,"증기, 냉ㆍ온수 및 공기 조절 공급업",553808.0,11018,(주)한국경영인증원,,업체 우선
364,기후에너지환경부,대구염색산업단지관리공단,2025,업체,"증기, 냉ㆍ온수 및 공기 조절 공급업",575691.0,6527,(주)한국경영인증원,,업체 우선
365,기후에너지환경부,대구텍 유한책임회사,2025,사업장,1차 비철금속 제조업,49968.0,1034,한국표준협회,,단일 사업장
366,기후에너지환경부,대덕전자 주식회사,2025,사업장,전자 부품 제조업,147873.0,3091,한국표준협회,,단일 사업장
367,기후에너지환경부,대동금속(주),2025,사업장,금속 주조업,32840.0,632,(재)한국화학융합시험연구원,,단일 사업장
368,산업통상부,대동기어(주),2025,사업장,기계,15216.0,313,한국표준협회,,단일 사업장
369,기후에너지환경부,대동산업주식회사,2025,사업장,"내화, 비내화 요업제품 제조업",5026.0,82,(주)한국경영인증원,,단일 사업장
370,기후에너지환경부,대상 주식회사,2025,업체,"곡물 가공품, 전분 및 전분제품 제조업",416987.0,9600,한국표준협회,,업체 우선
371,기후에너지환경부,대성라임켐 주식회사,2025,업체,"시멘트, 석회, 플라스터 및 그 외 제품 제조업",149839.0,558,(재)한국화학융합시험연구원,,업체 우선
372,기후에너지환경부,대성지엠텍(주),2025,업체,"시멘트, 석회, 플라스터 및 그 외 제품 제조업",119669.0,317,(재)한국화학융합시험연구원,,업체 우선
373,기후에너지환경부,대신정기화물자동차(주),2025,사업장,도로 화물 운송업,45391.0,646,한국표준협회,,단일 사업장
374,기후에너지환경부,대양제지공업(주),2025,업체,"펄프, 종이 및 판지 제조업",68808.0,805,한국표준협회,,업체 우선
375,해양수산부,대양해운(주),2025,사업장,교통(해운),18325.0,258,(주)한국경영인증원,,단일 사업장
376,산업통상부,대용산업,2025,사업장,기계,19806.0,408,한국표준협회,,단일 사업장
377,기후에너지환경부,대원강업(주),2025,사업장,자동차 신품 부품 제조업,46295.0,930,로이드인증원㈜,,단일 사업장
378,기후에너지환경부,대원알텍 주식회사,2025,사업장,자동차 신품 부품 제조업,40500.0,828,(재)한국품질재단,,단일 사업장
379,산업통상부,대원화성(주),2025,사업장,석유화학,10694.0,189,한국표준협회,,단일 사업장
380,기후에너지환경부,대일개발 주식회사,2025,사업장,폐기물 처리업,102114.0,167,로이드인증원㈜,,단일 사업장
381,기후에너지환경부,대전광역시,2025,업체,폐기물 처리업,335060.0,2933,(주)신화엔지니어링종합건축사사무소,,업체 우선
382,국토교통부,대전교통공사,2025,사업장,교통(철도),20057.0,410,(주)신화엔지니어링종합건축사사무소,,단일 사업장
383,기후에너지환경부,대전열병합발전주식회사,2025,업체,"증기, 냉ㆍ온수 및 공기 조절 공급업",150012.0,2964,한국표준협회,,업체 우선
384,농림축산식품부,대전충남양돈농협 포크빌축산물공판장,2025,사업장,식료품 제조업,15925.0,327,㈜한국품질보증원,,단일 사업장
385,기후에너지환경부,대창운수(주),2025,사업장,육상 여객 운송업,22756.0,427,한국표준협회,,단일 사업장
386,산업통상부,대한광통신 주식회사,2025,사업장,전기전자,7060.0,144,(주)한국경영인증원,,단일 사업장
387,기후에너지환경부,대한방직(주),2025,사업장,"섬유제품 염색, 정리 및 마무리 가공업",28076.0,434,한국표준협회,,단일 사업장
388,기후에너지환경부,대한석탄공사,2025,업체,석탄 광업,12433.0,181,한국생산성본부인증원(주),,업체 우선
389,산업통상부,대한소결금속(주),2025,사업장,자동차,19270.0,393,로이드인증원㈜,,단일 사업장
390,기후에너지환경부,대한슬래그 주식회사,2025,사업장,기타 비금속 광물제품 제조업,25771.0,470,한국표준협회,,단일 사업장
391,기후에너지환경부,대한시멘트주식회사,2025,사업장,"시멘트, 석회, 플라스터 및 그 외 제품 제조업",47095.0,861,한국표준협회,,단일 사업장
392,산업통상부,대한약품공업(주),2025,사업장,석유화학,26469.0,450,(주)한국경영인증원,,단일 사업장
393,기후에너지환경부,대한유화 주식회사,2025,업체,기초 화학물질 제조업,1715677.0,34844,한국가스안전공사,,업체 우선
394,기후에너지환경부,대한전선 주식회사,2025,사업장,절연선 및 케이블 제조업,49916.0,996,(재)한국품질재단,,단일 사업장
395,기후에너지환경부,대한제강(주),2025,업체,1차 철강 제조업,338935.0,6080,한국표준협회,,업체 우선
396,기후에너지환경부,대한제당 주식회사,2025,사업장,기타 식품 제조업,61813.0,1234,㈜한국품질보증원,,단일 사업장
397,농림축산식품부,대한제분(주),2025,사업장,식료품 제조업,21386.0,446,대일이엔씨기술(주),,단일 사업장
398,기후에너지환경부,대한제지주식회사,2025,업체,"펄프, 종이 및 판지 제조업",208911.0,2298,한국표준협회,,업체 우선
399,기후에너지환경부,대한조선주식회사,2025,사업장,선박 및 보트 건조업,56866.0,950,(재)한국품질재단,,단일 사업장
400,기후에너지환경부,대한항공,2025,업체,항공 여객 운송업,459700.0,7010,㈜디엔브이비즈니스어슈어런스코리아,,업체 우선
401,기후에너지환경부,대한화섬(주),2025,사업장,화학섬유 제조업,42870.0,940,한국표준협회,,단일 사업장
402,산업통상부,더블유스코프코리아(주),2025,사업장,석유화학,15907.0,644,㈜한국품질보증원,,단일 사업장
403,기후에너지환경부,더블유씨피 주식회사,2025,사업장,플라스틱 제품 제조업,75571.0,1641,㈜한국품질보증원,,단일 사업장
404,기후에너지환경부,도레이배터리세퍼레이터필름 한국유한회사,2025,사업장,일차전지 및 축전지 제조업,66621.0,1359,㈜한국품질보증원,,단일 사업장
405,기후에너지환경부,도레이비에스에프코팅한국 유한회사,2025,사업장,일차전지 및 축전지 제조업,74985.0,294,㈜디엔브이비즈니스어슈어런스코리아,,단일 사업장
406,기후에너지환경부,도레이첨단소재 주식회사,2025,업체,합성고무 및 플라스틱 물질 제조업,576710.0,11611,(주)비에스아이그룹코리아,,업체 우선
407,기후에너지환경부,도명특송(주),2025,사업장,도로 화물 운송업,19508.0,277,한국표준협회,,단일 사업장
408,기후에너지환경부,동국산업(주),2025,사업장,1차 철강 제조업,43354.0,881,한국표준협회,,단일 사업장
409,기후에너지환경부,동국씨엠 주식회사,2025,업체,1차 철강 제조업,276861.0,6033,(재)한국품질재단,,업체 우선
410,기후에너지환경부,동국제강 주식회사,2025,업체,1차 철강 제조업,1193870.0,20656,(재)한국품질재단,,업체 우선
411,기후에너지환경부,동국홀딩스 주식회사,2025,업체,부동산 임대 및 공급업,654.0,12,(재)한국품질재단,,업체 우선
412,기후에너지환경부,동두천드림파워,2025,업체,전기업,2614522.0,52187,대일이엔씨기술(주),,업체 우선
413,기후에너지환경부,동서석유화학 주식회사,2025,업체,기초 화학물질 제조업,403359.0,2575,로이드인증원㈜,,업체 우선
414,기후에너지환경부,동서식품(주),2025,사업장,기타 식품 제조업,115040.0,2492,(재)한국품질재단,,단일 사업장
415,산업통상부,동서페더럴모굴(주),2025,사업장,자동차,18275.0,372,(주)비에스아이그룹코리아,,단일 사업장
416,국토교통부,동성교통(주),2025,사업장,교통(여객),15251.0,289,(주)한국경영인증원,,단일 사업장
417,국토교통부,동성화물자동차(주),2025,사업장,교통(화물),13046.0,185,(주)한국경영인증원,,단일 사업장
418,산업통상부,동성화학공업(주),2025,사업장,석유화학,11975.0,244,한국표준협회,,단일 사업장
419,산업통상부,동아에코팩 주식회사,2025,사업장,유리,26797.0,511,(주)한국경영인증원,,단일 사업장
420,국토교통부,동아운수(주),2025,사업장,교통(여객),15823.0,301,(주)한국경영인증원,,단일 사업장
421,기후에너지환경부,동우화인켐주식회사,2025,업체,사진장비 및 광학 기기 제조업,328296.0,5413,(재)한국품질재단,,업체 우선
422,기후에너지환경부,동원로엑스(주),2025,사업장,도로 화물 운송업,57887.0,936,한국표준협회,,단일 사업장
423,기후에너지환경부,동원시스템즈(주),2025,업체,유리 및 유리제품 제조업,245659.0,4454,(재)한국품질재단,,업체 우선
424,기후에너지환경부,동원페이퍼(주),2025,사업장,"펄프, 종이 및 판지 제조업",94318.0,1470,㈜한국품질보증원,,단일 사업장
425,산업통상부,동은단조(주),2025,사업장,자동차,19734.0,410,㈜한국품질보증원,,단일 사업장
426,기후에너지환경부,동일산업주식회사,2025,업체,1차 철강 제조업,145901.0,1803,한국표준협회,,업체 우선
427,산업통상부,동일제강(주),2025,사업장,철강,16911.0,319,한국표준협회,,단일 사업장
428,기후에너지환경부,동일팩키지(주),2025,사업장,"펄프, 종이 및 판지 제조업",51020.0,443,(재)한국품질재단,,단일 사업장
429,기후에너지환경부,동해시,2025,사업장,폐기물,17349.0,8,(재)한국품질재단,,단일 사업장
430,산업통상부,동호칼슘(주),2025,사업장,석유화학,17789.0,273,한국표준협회,,단일 사업장
431,기후에너지환경부,동화기업(주),2025,사업장,나무제품 제조업,111710.0,2242,한국표준협회,,단일 사업장
432,산업통상부,동화지앤피 주식회사,2025,사업장,유리,22491.0,346,(재)한국화학융합시험연구원,,단일 사업장
433,기후에너지환경부,동희오토(주),2025,사업장,자동차용 엔진 및 자동차 제조업,40398.0,815,(주)한국경영인증원,,단일 사업장
434,기후에너지환경부,두산에너빌리티(주),2025,업체,1차 철강 제조업,225464.0,4296,(재)한국품질재단,,업체 우선
435,기후에너지환경부,두원중공업(주),2025,사업장,일반 목적용 기계 제조업,23025.0,493,(주)신화엔지니어링종합건축사사무소,,단일 사업장
436,산업통상부,디아이동일 주식회사,2025,사업장,비철금속,18594.0,386,한국표준협회,,단일 사업장
437,기후에너지환경부,디아이지에어가스 주식회사,2025,업체,기초 화학물질 제조업,852429.0,17751,㈜한국품질보증원,,업체 우선
438,기후에너지환경부,디에스파워 주식회사,2025,업체,"증기, 냉ㆍ온수 및 공기 조절 공급업",1013891.0,20269,(주)한국경영인증원,,업체 우선
439,기후에너지환경부,디엘 주식회사,2025,업체,합성고무 및 플라스틱 물질 제조업,62.0,0,한국가스안전공사,,업체 우선
440,국토교통부,디엘건설(주),2025,사업장,건설,19988.0,370,한국표준협회,,단일 사업장
441,기후에너지환경부,디엘모터스(주),2025,사업장,자동차 신품 부품 제조업,49090.0,1006,(주)한국경영인증원,,단일 사업장
442,기후에너지환경부,디엘에프엔씨 주식회사,2025,사업장,플라스틱 제품 제조업,21898.0,453,한국가스안전공사,,단일 사업장
443,국토교통부,디엘이앤씨(주),2025,업체,건설,52161.0,992,한국표준협회,,업체 우선
444,기후에너지환경부,디엘케미칼 주식회사,2025,업체,합성고무 및 플라스틱 물질 제조업,206086.0,3928,한국가스안전공사,,업체 우선
445,기후에너지환경부,디와이피(주),2025,사업장,자동차 신품 부품 제조업,25906.0,534,(주)한국경영인증원,"""동양피스톤"" 업체명 변경",단일 사업장
446,기후에너지환경부,디케이동신(주),2025,사업장,1차 철강 제조업,32542.0,598,한국표준협회,,단일 사업장
447,국토교통부,롯데건설(주),2025,사업장,건설,51121.0,1020,한국표준협회,,단일 사업장
448,기후에너지환경부,롯데관광개발 주식회사,2025,사업장,일반 및 생활 숙박시설 운영업,34593.0,701,한국표준협회,,단일 사업장
449,기후에너지환경부,롯데글로벌로지스(주),2025,사업장,도로 화물 운송업,62920.0,1222,한국표준협회,,단일 사업장
450,기후에너지환경부,롯데네슬레코리아(주),2025,사업장,기타 식품 제조업,29677.0,601,(재)한국품질재단,,단일 사업장
451,기후에너지환경부,롯데물산(주),2025,사업장,부동산 임대 및 공급업,39834.0,769,(주)한국경영인증원,,단일 사업장
452,기후에너지환경부,롯데베르살리스엘라스토머스(주),2025,사업장,합성고무 및 플라스틱 물질 제조업,158410.0,3030,한국표준협회,,단일 사업장
453,기후에너지환경부,롯데쇼핑 주식회사,2025,업체,종합 소매업,705211.0,14369,한국표준협회,,업체 우선
454,기후에너지환경부,롯데에너지머티리얼즈(주),2025,사업장,전자 부품 제조업,78928.0,1734,(재)한국품질재단,,단일 사업장
455,기후에너지환경부,롯데엠시시 주식회사,2025,업체,기초 화학물질 제조업,266795.0,2581,한국표준협회,,업체 우선
456,기후에너지환경부,롯데웰푸드(주),2025,업체,기타 식품 제조업,207034.0,4227,(주)한국경영인증원,,업체 우선
457,기후에너지환경부,롯데이네오스화학 주식회사,2025,업체,기초 화학물질 제조업,256844.0,3366,한국표준협회,,업체 우선
458,기후에너지환경부,롯데정밀화학 주식회사,2025,업체,기초 화학물질 제조업,667013.0,15383,로이드인증원㈜,,업체 우선
459,산업통상부,롯데지에스화학주식회사,2025,업체,석유화학,414044.0,5538,(재)한국품질재단,,업체 우선
460,기후에너지환경부,롯데칠성음료 주식회사,2025,업체,비알코올 음료 및 얼음 제조업,145314.0,2800,(주)한국경영인증원,,업체 우선
461,국토교통부,롯데컬처웍스 주식회사,2025,업체,건물,47467.0,952,한국표준협회,,업체 우선
462,기후에너지환경부,롯데케미칼 주식회사,2025,업체,기초 화학물질 제조업,5372049.0,94328,(재)한국품질재단,,업체 우선
463,산업통상부,롯데패키징솔루션즈 주식회사,2025,업체,기계,50364.0,969,(재)한국품질재단,,업체 우선
464,기후에너지환경부,르노코리아 주식회사,2025,사업장,자동차용 엔진 및 자동차 제조업,60365.0,1274,(주)한국경영인증원,,단일 사업장
465,기후에너지환경부,리뉴랜드경주 주식회사,2025,업체,폐기물 처리업,100519.0,25,(재)한국품질재단,,업체 우선
466,기후에너지환경부,리뉴에너지경기 주식회사,2025,사업장,폐기물 처리업,51085.0,98,(재)한국품질재단,,단일 사업장
467,기후에너지환경부,리뉴에너지경북 주식회사,2025,사업장,폐기물 처리업,76011.0,161,(재)한국품질재단,,단일 사업장
468,기후에너지환경부,리뉴에너지그린 주식회사,2025,사업장,폐기물 처리업,62069.0,38,(재)한국품질재단,,단일 사업장
469,기후에너지환경부,리뉴에너지대원 주식회사,2025,사업장,폐기물 처리업,56508.0,433,(재)한국품질재단,,단일 사업장
470,기후에너지환경부,리뉴에너지새한 주식회사,2025,사업장,폐기물 처리업,70450.0,149,(재)한국품질재단,,단일 사업장
471,기후에너지환경부,리뉴에너지충북(주),2025,업체,폐기물 처리업,275278.0,217,한국표준협회,,업체 우선
472,기후에너지환경부,리뉴에너지충청(주),2025,사업장,폐기물 처리업,63747.0,129,(재)한국품질재단,,단일 사업장
473,기후에너지환경부,린데코리아 주식회사,2025,업체,기초 화학물질 제조업,943505.0,18813,(재)한국품질재단,,업체 우선
474,기후에너지환경부,마이크로소프트5673코리아 유한책임회사,2025,사업장,"자료 처리, 호스팅, 포털 및 기타 인터넷 정보 매개 서비스업",106307.0,2220,한국표준협회,,단일 사업장
475,기후에너지환경부,마이크로웍스 주식회사,2025,업체,플라스틱 제품 제조업,181901.0,3715,한국표준협회,"""에스케이마이크로웍스솔루션즈 주식회사"" 업체명 변경",업체 우선
476,기후에너지환경부,마이크로웍스솔루션즈 주식회사,2025,사업장,플라스틱 제품 제조업,37964.0,729,(재)한국품질재단,,단일 사업장
477,기후에너지환경부,만호제강(주),2025,사업장,1차 철강 제조업,32838.0,669,한국표준협회,,단일 사업장
478,기후에너지환경부,매그나칩반도체(유),2025,업체,반도체 제조업,80849.0,1361,(주)비에스아이그룹코리아,,업체 우선
479,기후에너지환경부,매일유업(주),2025,사업장,낙농제품 및 식용 빙과류 제조업,109245.0,2199,(주)한국경영인증원,,단일 사업장
480,기후에너지환경부,명화공업(주),2025,사업장,자동차 신품 부품 제조업,40932.0,836,로이드인증원㈜,,단일 사업장
481,기후에너지환경부,모나용평 주식회사,2025,사업장,일반 및 생활 숙박시설 운영업,34009.0,678,(재)한국품질재단,,단일 사업장
482,기후에너지환경부,목포시,2025,사업장,폐기물 처리업,56084.0,379,㈜한국품질보증원,,단일 사업장
483,기후에너지환경부,무림에스피(주),2025,사업장,"펄프, 종이 및 판지 제조업",44896.0,907,한국표준협회,,단일 사업장
484,기후에너지환경부,무림파워텍 주식회사,2025,업체,"증기, 냉ㆍ온수 및 공기 조절 공급업",155065.0,2142,한국표준협회,,업체 우선
485,기후에너지환경부,무림페이퍼(주),2025,업체,"펄프, 종이 및 판지 제조업",173720.0,3497,한국표준협회,,업체 우선
486,기후에너지환경부,무림피앤피(주),2025,업체,"펄프, 종이 및 판지 제조업",247341.0,13312,한국표준협회,,업체 우선
487,기후에너지환경부,무안군,2025,사업장,폐기물,18187.0,94,㈜한국품질보증원,,단일 사업장
488,산업통상부,미래나노텍(주),2025,사업장,전기전자,29613.0,550,(주)한국경영인증원,,단일 사업장
489,산업통상부,미원상사(주),2025,사업장,석유화학,65023.0,1189,대일이엔씨기술(주),,단일 사업장
490,기후에너지환경부,미원스페셜티케미칼(주),2025,사업장,기초 화학물질 제조업,72918.0,1402,(주)한국경영인증원,,단일 사업장
491,기후에너지환경부,밀양시,2025,사업장,폐기물,26862.0,120,㈜한국품질보증원,,단일 사업장
492,기후에너지환경부,바스프퍼포먼스폴리아마이드코리아 주식회사,2025,사업장,기초 화학물질 제조업,60058.0,1355,한국표준협회,,단일 사업장
493,기후에너지환경부,버슘머트리얼즈피엠코리아,2025,사업장,기초 화학물질 제조업,26809.0,559,로이드인증원㈜,,단일 사업장
494,국토교통부,범일운수,2025,사업장,교통(여객),16663.0,315,(주)한국경영인증원,,단일 사업장
495,기후에너지환경부,베올리아산업개발코리아 주식회사,2025,사업장,수도업,78019.0,1620,(주)한국경영인증원,,단일 사업장
496,기후에너지환경부,베페사징크코리아(주),2025,사업장,1차 비철금속 제조업,118140.0,161,(재)한국화학융합시험연구원,,단일 사업장
497,기후에너지환경부,보령시,2025,사업장,폐기물 처리업,44772.0,320,㈜한국품질보증원,,단일 사업장
498,기후에너지환경부,보령엘엔지터미널 주식회사,2025,사업장,연료용 가스 제조 및 배관공급업,56906.0,1149,대일이엔씨기술(주),,단일 사업장
499,국토교통부,보영운수(주),2025,사업장,교통(여객),11098.0,209,한국표준협회,,단일 사업장
500,기후에너지환경부,보임열병합발전 주식회사,2025,업체,"증기, 냉ㆍ온수 및 공기 조절 공급업",937799.0,10105,로이드인증원㈜,,업체 우선
501,산업통상부,볼보그룹코리아(주),2025,사업장,기계,17644.0,357,한국표준협회,,단일 사업장
502,기후에너지환경부,부경산업(주),2025,사업장,폐기물 처리업,65606.0,145,로이드인증원㈜,,단일 사업장
503,기후에너지환경부,부산광역시,2025,업체,폐기물 처리업,721968.0,8422,(주)한국경영인증원,,업체 우선
504,기후에너지환경부,부산교통공사,2025,업체,육상 여객 운송업,150099.0,3132,한국표준협회,,업체 우선
505,산업통상부,부산그린에너지(주),2025,업체,발전에너지,117532.0,11,한국표준협회,,업체 우선
506,기후에너지환경부,부산그린파워(주),2025,사업장,폐기물 처리업,36826.0,15,(주)한국경영인증원,,단일 사업장
507,기후에너지환경부,부산대학교,2025,사업장,고등 교육기관,38129.0,851,㈜한국품질보증원,,단일 사업장
508,국토교통부,부산대학교병원,2025,사업장,건물,41089.0,855,한국표준협회,,단일 사업장
509,기후에너지환경부,부산신항국제터미널(주),2025,사업장,기타 운송관련 서비스업,29931.0,1891,로이드인증원㈜,,단일 사업장
510,기후에너지환경부,부산신항만주식회사,2025,사업장,기타 운송관련 서비스업,51521.0,1024,한국표준협회,,단일 사업장
511,기후에너지환경부,부산주공(주),2025,사업장,자동차 신품 부품 제조업,87057.0,1634,㈜한국품질보증원,,단일 사업장
512,기후에너지환경부,부산패션칼라산업협동조합,2025,업체,"증기, 냉ㆍ온수 및 공기 조절 공급업",105723.0,1499,(주)한국경영인증원,,업체 우선
513,기후에너지환경부,부천시,2025,업체,"하수, 폐수 및 분뇨 처리업",151674.0,1609,㈜한국품질보증원,,업체 우선
514,농림축산식품부,브리티쉬아메리칸토바코코리아제조(주),2025,사업장,담배제조업,13787.0,417,한국표준협회,,단일 사업장
515,기후에너지환경부,브이피에이치메탈 유한회사,2025,사업장,자동차 신품 부품 제조업,31350.0,581,㈜한국품질보증원,,단일 사업장
516,기후에너지환경부,블루산업개발 주식회사,2025,사업장,"펄프, 종이 및 판지 제조업",100936.0,1455,한국표준협회,"""영풍제지㈜"" 업체명 변경",단일 사업장
517,기후에너지환경부,비노텍 주식회사,2025,사업장,폐기물 처리업,51655.0,123,(주)한국경영인증원,,단일 사업장
518,기후에너지환경부,비를라카본코리아(주),2025,업체,기초 화학물질 제조업,111673.0,459,㈜디엔브이비즈니스어슈어런스코리아,,업체 우선
519,산업통상부,비테스코테크놀로지스코리아 유한책임회사,2025,사업장,자동차,16613.0,343,(주)한국경영인증원,,단일 사업장
520,산업통상부,빛고을에코에너지 주식회사,2025,사업장,발전에너지,49311.0,0,한국표준협회,,단일 사업장
521,기후에너지환경부,사천시,2025,사업장,지정외 폐기물처리업 등,30896.0,136,㈜한국품질보증원,,단일 사업장
522,기후에너지환경부,사회복지법인 삼성생명공익재단,2025,사업장,병원,91137.0,1866,(재)한국품질재단,,단일 사업장
523,기후에너지환경부,삼강에스앤씨(주),2025,사업장,선박 및 보트 건조업,14917.0,266,(재)한국품질재단,,단일 사업장
524,기후에너지환경부,삼남석유화학주식회사,2025,업체,기초 화학물질 제조업,180096.0,2428,한국표준협회,,업체 우선
525,기후에너지환경부,삼목에스폼(주),2025,업체,1차 비철금속 제조업,33968.0,626,한국표준협회,,업체 우선
526,산업통상부,삼미금속(주),2025,사업장,철강,14181.0,288,한국표준협회,,단일 사업장
527,기후에너지환경부,삼보산업 주식회사,2025,사업장,1차 비철금속 제조업,20711.0,305,한국표준협회,,단일 사업장
528,기후에너지환경부,삼성디스플레이 주식회사,2025,업체,전자 부품 제조업,3855361.0,60869,(재)한국품질재단,,업체 우선
529,기후에너지환경부,삼성물산 주식회사,2025,사업장,건물 건설업,76502.0,1692,(주)비에스아이그룹코리아,,단일 사업장
530,기후에너지환경부,삼성바이오로직스 주식회사,2025,사업장,기초 의약 물질 및 생물학적 제제 제조업,262119.0,5753,대일이엔씨기술(주),,단일 사업장
531,국토교통부,삼성생명보험 주식회사,2025,업체,건물,58581.0,1099,(재)한국품질재단,,업체 우선
532,기후에너지환경부,삼성에스디아이 주식회사,2025,업체,일차전지 및 축전지 제조업,504113.0,10585,한국표준협회,,업체 우선
533,기후에너지환경부,삼성에스디에스(주),2025,사업장,"컴퓨터 프로그래밍, 시스템 통합 및 관리업",177783.0,3724,(주)한국경영인증원,,단일 사업장
534,기후에너지환경부,삼성전기 주식회사,2025,업체,전자 부품 제조업,473182.0,10160,(주)비에스아이그룹코리아,,업체 우선
535,기후에너지환경부,삼성전자 주식회사,2025,업체,반도체 제조업,14091061.0,269424,(재)한국품질재단,,업체 우선
536,기후에너지환경부,삼성중공업 주식회사,2025,업체,선박 및 보트 건조업,379129.0,6989,한국표준협회,,업체 우선
537,기후에너지환경부,삼성코닝어드밴스드글라스 유한회사,2025,사업장,유리 및 유리제품 제조업,53409.0,1088,로이드인증원㈜,,단일 사업장
538,산업통상부,삼신정밀(주),2025,사업장,철강,27047.0,556,한국표준협회,,단일 사업장
539,산업통상부,삼아알미늄주식회사,2025,사업장,비철금속,23731.0,475,한국표준협회,,단일 사업장
540,기후에너지환경부,삼양식품(주),2025,사업장,기타 식품 제조업,79637.0,1795,㈜디엔브이비즈니스어슈어런스코리아,,단일 사업장
541,기후에너지환경부,삼양이노켐 주식회사,2025,사업장,기초 화학물질 제조업,96834.0,1743,한국표준협회,,단일 사업장
542,기후에너지환경부,삼양화성주식회사,2025,사업장,합성고무 및 플라스틱 물질 제조업,88636.0,1805,한국표준협회,,단일 사업장
543,기후에너지환경부,삼양화인테크놀로지(주),2025,사업장,합성고무 및 플라스틱 물질 제조업,30389.0,354,한국표준협회,,단일 사업장
544,기후에너지환경부,삼영운수(주),2025,사업장,육상 여객 운송업,20001.0,373,한국표준협회,,단일 사업장
545,기후에너지환경부,삼영전자공업(주),2025,업체,기타 금속 가공제품 제조업,24009.0,547,(주)한국경영인증원,,업체 우선
546,기후에너지환경부,삼정펄프(주),2025,업체,"펄프, 종이 및 판지 제조업",127206.0,1668,(주)비에스아이그룹코리아,,업체 우선
547,산업통상부,삼지금속공업 주식회사,2025,사업장,비철금속,17428.0,187,한국표준협회,,단일 사업장
548,산업통상부,삼척블루파워 주식회사,2025,업체,발전에너지,3192789.0,36013,대일이엔씨기술(주),,업체 우선
549,기후에너지환경부,삼표시멘트,2025,업체,"시멘트, 석회, 플라스터 및 그 외 제품 제조업",4269882.0,27332,(재)한국품질재단,,업체 우선
550,기후에너지환경부,삼표자원개발주식회사,2025,사업장,토사석 광업,24811.0,438,(재)한국품질재단,,단일 사업장
551,기후에너지환경부,삼표해운주식회사,2025,사업장,해상 운송업,58204.0,802,(재)한국품질재단,,단일 사업장
552,산업통상부,삼호제강주식회사,2025,사업장,철강,11055.0,222,(주)한국경영인증원,,단일 사업장
553,산업통상부,삼화왕관(주),2025,사업장,기계,18193.0,369,한국표준협회,,단일 사업장
554,기후에너지환경부,삼화제지(주),2025,업체,"펄프, 종이 및 판지 제조업",15818.0,567,한국표준협회,,업체 우선
555,산업통상부,삼화콘덴서공업(주),2025,사업장,전기전자,26595.0,555,한국표준협회,,단일 사업장
556,기후에너지환경부,삼흥열처리,2025,사업장,기타 금속 가공제품 제조업,29468.0,608,(주)한국경영인증원,,단일 사업장
557,산업통상부,새론오토모티브(주),2025,사업장,자동차,14425.0,291,(주)한국경영인증원,,단일 사업장
558,국토교통부,새한특수(주),2025,사업장,교통(화물),15722.0,223,한국표준협회,,단일 사업장
559,기후에너지환경부,생고뱅이소바코리아 주식회사,2025,사업장,유리 및 유리제품 제조업,36557.0,723,(주)한국경영인증원,,단일 사업장
560,기후에너지환경부,서산시,2025,사업장,하수처리업,19355.0,210,한국표준협회,,단일 사업장
561,기후에너지환경부,서영주정(주),2025,사업장,알코올 음료 제조업,20601.0,404,한국표준협회,,단일 사업장
562,기후에너지환경부,서울교통공사,2025,업체,육상 여객 운송업,650298.0,13575,(재)한국품질재단,,업체 우선
563,기후에너지환경부,서울대학교병원,2025,사업장,병원,96289.0,2009,한국표준협회,,단일 사업장
564,기후에너지환경부,서울바이오시스(주),2025,사업장,반도체 제조업,44548.0,916,로이드인증원㈜,,단일 사업장
565,기후에너지환경부,서울시메트로 9호선(주),2025,사업장,육상 여객 운송업,56709.0,1183,(주)한국경영인증원,,단일 사업장
566,기후에너지환경부,서울에너지공사,2025,업체,"증기, 냉ㆍ온수 및 공기 조절 공급업",375873.0,7805,한국표준협회,,업체 우선
567,기후에너지환경부,서울우유협동조합,2025,사업장,낙농제품 및 식용 빙과류 제조업,70117.0,1440,한국표준협회,,단일 사업장
568,기후에너지환경부,서울특별시,2025,업체,폐기물 처리업,1337356.0,13005,(재)한국품질재단,,업체 우선
569,기후에너지환경부,서울특별시농수산식품공사,2025,사업장,부동산 임대 및 공급업,64181.0,1340,(주)한국경영인증원,,단일 사업장
570,산업통상부,서진산업(주),2025,사업장,자동차,15696.0,303,한국표준협회,,단일 사업장
571,기후에너지환경부,서한이앤피주식회사,2025,사업장,기타 금속 가공제품 제조업,48408.0,962,(주)한국경영인증원,,단일 사업장
572,기후에너지환경부,서해그린환경(주),2025,사업장,폐기물 처리업,80710.0,84,(재)한국품질재단,,단일 사업장
573,기후에너지환경부,선도화학(주),2025,사업장,기초 화학물질 제조업,22060.0,460,(주)한국경영인증원,,단일 사업장
574,기후에너지환경부,선진버스(주),2025,사업장,육상 여객 운송업,16904.0,317,(주)한국경영인증원,,단일 사업장
575,기후에너지환경부,성남시,2025,업체,폐기물 처리업,236446.0,2262,㈜한국품질보증원,,업체 우선
576,기후에너지환경부,성남시내버스(주),2025,사업장,육상 여객 운송업,23528.0,458,㈜한국품질보증원,,단일 사업장
577,기후에너지환경부,성림유화 주식회사,2025,업체,폐기물 처리업,233751.0,209,로이드인증원㈜,,업체 우선
578,기후에너지환경부,성신씨엠 주식회사,2025,사업장,"시멘트, 석회, 플라스터 및 그 외 제품 제조업",15608.0,318,로이드인증원㈜,,단일 사업장
579,기후에너지환경부,성신양회(주),2025,업체,"시멘트, 석회, 플라스터 및 그 외 제품 제조업",3583961.0,24687,한국표준협회,,업체 우선
580,기후에너지환경부,성안합섬(주),2025,사업장,화학섬유 제조업,47.0,0,(주)한국경영인증원,,단일 사업장
581,해양수산부,성우해운주식회사,2025,사업장,교통(해운),21058.0,291,한국표준협회,,단일 사업장
582,산업통상부,성일요업주식회사,2025,사업장,요업,12303.0,213,한국표준협회,,단일 사업장
583,기후에너지환경부,성일하이텍(주),2025,사업장,1차 비철금속 제조업,31956.0,642,(재)한국품질재단,,단일 사업장
584,기후에너지환경부,성창보드(주),2025,사업장,나무제품 제조업,28878.0,589,㈜한국품질보증원,,단일 사업장
585,기후에너지환경부,성훈엔지니어링주식회사,2025,사업장,1차 비철금속 제조업,39887.0,797,한국가스안전공사,,단일 사업장
586,기후에너지환경부,세메스(주),2025,사업장,특수 목적용 기계 제조업,41407.0,742,한국표준협회,,단일 사업장
587,기후에너지환경부,세방(주),2025,사업장,도로 화물 운송업,27932.0,435,(주)한국경영인증원,,단일 사업장
588,기후에너지환경부,세방전지(주),2025,업체,일차전지 및 축전지 제조업,147189.0,3040,(주)한국경영인증원,,업체 우선
589,기후에너지환경부,세종특별자치시,2025,사업장,"하수, 폐수 및 분뇨 처리업",55064.0,603,(재)한국품질재단,,단일 사업장
590,기후에너지환경부,셀트리온,2025,사업장,기초 의약 물질 및 생물학적 제제 제조업,84191.0,1763,(주)한국경영인증원,,단일 사업장
591,기후에너지환경부,셰플러코리아 유한책임회사,2025,사업장,일반 목적용 기계 제조업,61930.0,1285,로이드인증원㈜,,단일 사업장
592,기후에너지환경부,소신여객자동차(주),2025,사업장,육상 여객 운송업,14637.0,292,한국표준협회,,단일 사업장
593,기후에너지환경부,속초시,2025,사업장,폐기물,34150.0,280,(주)한국경영인증원,,단일 사업장
594,기후에너지환경부,솔베이실리카코리아(주),2025,사업장,기초 화학물질 제조업,35403.0,750,대일이엔씨기술(주),,단일 사업장
595,산업통상부,솔브레인 주식회사,2025,업체,석유화학,50868.0,1145,한국표준협회,,업체 우선
596,기후에너지환경부,솔브레인에스엘디 주식회사,2025,사업장,전자 부품 제조업,26963.0,518,한국표준협회,,단일 사업장
597,기후에너지환경부,송원산업(주),2025,업체,기타 화학제품 제조업,120436.0,2653,한국표준협회,,업체 우선
598,기후에너지환경부,송학제지(주),2025,사업장,"펄프, 종이 및 판지 제조업",34.0,0,(주)한국경영인증원,,단일 사업장
599,기후에너지환경부,수도권매립지관리공사,2025,업체,폐기물 처리업,996488.0,4592,(주)한국경영인증원,,업체 우선
600,국토교통부,수양물류주식회사,2025,사업장,육상운송 및 파이프라인 운송업,22978.0,327,한국표준협회,,단일 사업장
601,기후에너지환경부,수완에너지 주식회사,2025,업체,"증기, 냉ㆍ온수 및 공기 조절 공급업",164746.0,3269,대일이엔씨기술(주),,업체 우선
602,기후에너지환경부,수원시,2025,업체,폐기물 처리업,197096.0,2627,㈜한국품질보증원,,업체 우선
603,기후에너지환경부,수원여객운수(주),2025,사업장,육상 여객 운송업,17256.0,350,한국표준협회,,단일 사업장
604,국토교통부,수협노량진수산 주식회사,2025,사업장,건물,16728.0,349,(주)한국경영인증원,,단일 사업장
605,기후에너지환경부,순천시,2025,사업장,"하수, 폐수 및 분뇨 처리업",52323.0,447,(주)한국경영인증원,,단일 사업장
606,기후에너지환경부,스미토모세이카폴리머스코리아(주),2025,사업장,합성고무 및 플라스틱 물질 제조업,32154.0,1406,로이드인증원㈜,,단일 사업장
607,기후에너지환경부,스테코(주),2025,사업장,전자 부품 제조업,39454.0,820,한국표준협회,,단일 사업장
608,기후에너지환경부,스템코(주),2025,사업장,반도체 제조업,51539.0,1115,(주)한국경영인증원,,단일 사업장
609,기후에너지환경부,스틸싸이클 주식회사,2025,사업장,1차 비철금속 제조업,70785.0,779,한국표준협회,,단일 사업장
610,기후에너지환경부,스틸싸이클에스씨(주),2025,사업장,1차 비철금속 제조업,9186.0,101,한국표준협회,,단일 사업장
611,기후에너지환경부,시그네틱스(주),2025,사업장,반도체 제조업,26171.0,543,(주)한국경영인증원,,단일 사업장
612,기후에너지환경부,시흥시,2025,사업장,폐기물 처리업,109879.0,1197,(재)한국품질재단,,단일 사업장
613,기후에너지환경부,신대양제지(주),2025,업체,"펄프, 종이 및 판지 제조업",229035.0,1581,한국표준협회,,업체 우선
614,기후에너지환경부,신대양제지반월(주),2025,사업장,"펄프, 종이 및 판지 제조업",116986.0,740,한국표준협회,,단일 사업장
615,기후에너지환경부,신대일페이퍼 주식회사,2025,사업장,"펄프, 종이 및 판지 제조업",82680.0,914,(주)한국경영인증원,,단일 사업장
616,기후에너지환경부,신대한정유산업 주식회사,2025,사업장,폐기물 처리업,97603.0,257,(주)한국경영인증원,,단일 사업장
617,국토교통부,신도림테크노마트 주식회사,2025,사업장,건물,15399.0,319,(주)한국경영인증원,,단일 사업장
618,기후에너지환경부,신분당선(주),2025,사업장,육상 여객 운송업,27004.0,564,(주)한국경영인증원,,단일 사업장
619,해양수산부,신선대감만터미널 주식회사,2025,사업장,항만,47856.0,897,(주)한국경영인증원,,단일 사업장
620,기후에너지환경부,신성교통(주),2025,사업장,육상 여객 운송업,2802.0,55,대일이엔씨기술(주),,단일 사업장
621,국토교통부,신안종합리조트(주),2025,사업장,건물,15845.0,317,(주)한국경영인증원,,단일 사업장
622,기후에너지환경부,신창제지공업주식회사,2025,사업장,"펄프, 종이 및 판지 제조업",21756.0,569,한국표준협회,,단일 사업장
623,기후에너지환경부,신평택발전(주),2025,업체,전기업,1676398.0,33398,(주)신화엔지니어링종합건축사사무소,,업체 우선
624,산업통상부,신화인터텍(주),2025,사업장,전기전자,13230.0,269,로이드인증원㈜,,단일 사업장
625,기후에너지환경부,쌍용씨앤이(주),2025,업체,"시멘트, 석회, 플라스터 및 그 외 제품 제조업",9571870.0,55725,한국표준협회,,업체 우선
626,산업통상부,썬시멘트주식회사,2025,사업장,시멘트,19152.0,349,로이드인증원㈜,,단일 사업장
627,기후에너지환경부,씨엔씨티에너지 주식회사,2025,사업장,"증기, 냉ㆍ온수 및 공기 조절 공급업",29356.0,589,로이드인증원㈜,,단일 사업장
628,기후에너지환경부,씨월드고속훼리(주),2025,사업장,해상 운송업,101599.0,1395,(주)한국경영인증원,,단일 사업장
629,기후에너지환경부,씨이케이 주식회사,2025,업체,폐기물 처리업,223723.0,1279,(재)한국품질재단,,업체 우선
630,국토교통부,씨제이씨지브이 주식회사,2025,업체,건물,62590.0,1257,(주)한국경영인증원,,업체 우선
631,기후에너지환경부,씨지앤대산전력 주식회사,2025,사업장,전기업,55075.0,7256,㈜한국품질보증원,,단일 사업장
632,기후에너지환경부,씨지앤율촌전력 주식회사,2025,업체,전기업,1828820.0,36461,㈜한국품질보증원,,업체 우선
633,기후에너지환경부,아반스트레이트코리아 주식회사,2025,사업장,유리 및 유리제품 제조업,0.0,0,㈜한국품질보증원,,단일 사업장
634,기후에너지환경부,아산시,2025,사업장,폐기물 처리업,91841.0,1076,㈜한국품질보증원,,단일 사업장
635,기후에너지환경부,아세아시멘트 주식회사,2025,업체,"시멘트, 석회, 플라스터 및 그 외 제품 제조업",2189851.0,13593,한국표준협회,,업체 우선
636,기후에너지환경부,아세아제지(주),2025,업체,"펄프, 종이 및 판지 제조업",445541.0,4270,한국표준협회,,업체 우선
637,기후에너지환경부,아시아나항공,2025,업체,항공 여객 운송업,326401.0,4795,㈜디엔브이비즈니스어슈어런스코리아,,업체 우선
638,기후에너지환경부,아주대학교의료원,2025,사업장,병원,29436.0,603,한국생산성본부인증원(주),,단일 사업장
639,산업통상부,아주스틸(주),2025,사업장,기계,13577.0,251,한국표준협회,,단일 사업장
640,기후에너지환경부,안동시,2025,업체,지정외 폐기물처리업,49242.0,391,(재)한국화학융합시험연구원,,업체 우선
641,기후에너지환경부,안산도시개발(주),2025,사업장,"증기, 냉ㆍ온수 및 공기 조절 공급업",28612.0,634,(재)한국품질재단,,단일 사업장
642,기후에너지환경부,안산시,2025,업체,"하수, 폐수 및 분뇨 처리업",113028.0,1423,㈜한국품질보증원,,업체 우선
643,기후에너지환경부,안양시,2025,사업장,"하수, 폐수 및 분뇨 처리업",100247.0,1113,㈜한국품질보증원,,단일 사업장
644,기후에너지환경부,애경케미칼(주),2025,업체,기초 화학물질 제조업,146386.0,1633,(주)한국경영인증원,,업체 우선
645,기후에너지환경부,양산시,2025,사업장,폐기물 처리업,89311.0,851,㈜한국품질보증원,,단일 사업장
646,기후에너지환경부,양주시,2025,사업장,폐기물 처리업,70965.0,972,㈜한국품질보증원,,단일 사업장
647,기후에너지환경부,어프로티움 주식회사,2025,업체,기초 화학물질 제조업,273308.0,3526,(재)한국품질재단,,업체 우선
648,기후에너지환경부,에너원(주),2025,사업장,"증기, 냉ㆍ온수 및 공기 조절 공급업",32928.0,383,(주)한국경영인증원,,단일 사업장
649,산업통상부,에스앤에스아이앤씨(주),2025,사업장,자동차,17771.0,371,(재)한국품질재단,,단일 사업장
650,산업통상부,에스앤티모티브 주식회사,2025,사업장,자동차,18551.0,385,한국표준협회,,단일 사업장
651,산업통상부,에스에스엘엠 주식회사,2025,사업장,전기전자,19529.0,399,한국표준협회,,단일 사업장
652,기후에너지환경부,에스엔에프코리아(주),2025,사업장,기타 화학제품 제조업,46250.0,1091,(주)한국경영인증원,,단일 사업장
653,산업통상부,에스엘 주식회사,2025,사업장,전기전자,52904.0,1099,(재)한국품질재단,,단일 사업장
654,기후에너지환경부,에스와이에너지 주식회사,2025,사업장,나무제품 제조업,21521.0,656,(재)한국품질재단,,단일 사업장
655,기후에너지환경부,에스지씨솔루션 주식회사,2025,업체,유리 및 유리제품 제조업,163480.0,2614,(재)한국품질재단,,업체 우선
656,기후에너지환경부,에스지씨에너지 주식회사,2025,업체,유리 및 유리제품 제조업,1619831.0,47274,㈜디엔브이비즈니스어슈어런스코리아,,업체 우선
657,기후에너지환경부,에스케이 주식회사,2025,업체,"컴퓨터 프로그래밍, 시스템 통합 및 관리업",24985.0,515,한국표준협회,,업체 우선
658,산업통상부,에스케이가스(주),2025,업체,발전에너지,8485.0,147,(재)한국품질재단,,업체 우선
659,국토교통부,에스케이네트웍스 주식회사,2025,사업장,건물,23852.0,486,(주)비에스아이그룹코리아,,단일 사업장
660,기후에너지환경부,에스케이넥실리스 주식회사,2025,사업장,1차 비철금속 제조업,143147.0,2974,(주)한국경영인증원,,단일 사업장
661,기후에너지환경부,에스케이멀티유틸리티 주식회사,2025,업체,"증기, 냉ㆍ온수 및 공기 조절 공급업",694123.0,11883,(재)한국품질재단,,업체 우선
662,산업통상부,에스케이바이오사이언스(주),2025,사업장,석유화학,19074.0,391,(재)한국품질재단,,단일 사업장
663,기후에너지환경부,에스케이스페셜티 주식회사,2025,업체,기초 화학물질 제조업,310914.0,6451,한국가스안전공사,,업체 우선
664,기후에너지환경부,에스케이실트론 주식회사,2025,업체,반도체 제조업,446985.0,9391,로이드인증원㈜,,업체 우선
665,기후에너지환경부,에스케이씨 주식회사,2025,업체,플라스틱 제품 제조업,1502.0,30,한국표준협회,,업체 우선
666,기후에너지환경부,에스케이아이이테크놀로지주식회사,2025,사업장,일차전지 및 축전지 제조업,72082.0,1479,한국표준협회,,단일 사업장
667,기후에너지환경부,에스케이어드밴스드주식회사,2025,업체,기초 화학물질 제조업,501048.0,10024,한국표준협회,,업체 우선
668,기후에너지환경부,에스케이에너지 주식회사,2025,업체,석유 정제품 제조업,6896387.0,74277,한국표준협회,,업체 우선
669,기후에너지환경부,에스케이에어플러스 주식회사,2025,업체,기초 화학물질 제조업,311898.0,6524,한국표준협회,,업체 우선
670,기후에너지환경부,에스케이에코프라임 주식회사,2025,업체,기타 화학제품 제조업,33277.0,596,(재)한국품질재단,,업체 우선
671,국토교통부,에스케이에코플랜트(주),2025,사업장,건설,15844.0,313,(주)한국경영인증원,,단일 사업장
672,산업통상부,에스케이오션플랜트(주),2025,사업장,조선,17920.0,326,한국표준협회,,단일 사업장
673,기후에너지환경부,에스케이온 주식회사,2025,업체,일차전지 및 축전지 제조업,334062.0,9873,한국표준협회,,업체 우선
674,기후에너지환경부,에스케이지오센트릭 주식회사,2025,업체,기초 화학물질 제조업,2440706.0,55408,한국표준협회,,업체 우선
675,기후에너지환경부,에스케이케미칼(주),2025,업체,합성고무 및 플라스틱 물질 제조업,197002.0,4058,(재)한국품질재단,,업체 우선
676,기후에너지환경부,에스케이키파운드리 주식회사,2025,업체,반도체 제조업,319903.0,3781,(주)비에스아이그룹코리아,,업체 우선
677,기후에너지환경부,에스케이텔레콤 주식회사,2025,업체,전기 통신업,1173903.0,24512,㈜디엔브이비즈니스어슈어런스코리아,,업체 우선
678,기후에너지환경부,에스케이피아이씨글로벌 주식회사,2025,업체,기초 화학물질 제조업,499609.0,9536,한국표준협회,,업체 우선
679,기후에너지환경부,에스케이하이닉스 시스템아이씨(주),2025,업체,반도체 제조업,113.0,2,(주)비에스아이그룹코리아,,업체 우선
680,기후에너지환경부,에스케이하이닉스 주식회사,2025,업체,반도체 제조업,5006399.0,98070,(주)비에스아이그룹코리아,,업체 우선
681,기후에너지환경부,에스티엠 주식회사,2025,사업장,일차전지 및 축전지 제조업,70005.0,1462,한국표준협회,,단일 사업장
682,산업통상부,에스티팜 주식회사,2025,사업장,석유화학,24014.0,437,㈜디엔브이비즈니스어슈어런스코리아,,단일 사업장
683,기후에너지환경부,에스폼(주),2025,사업장,1차 비철금속 제조업,0.0,0,한국표준협회,,단일 사업장
684,기후에너지환경부,에스피엘(주),2025,사업장,기타 식품 제조업,32006.0,725,(주)비에스아이그룹코리아,,단일 사업장
685,기후에너지환경부,에어리퀴드코리아 주식회사,2025,업체,기초 화학물질 제조업,263263.0,3300,로이드인증원㈜,,업체 우선
686,기후에너지환경부,에어부산(주),2025,업체,항공 여객 운송업,121442.0,1744,한국표준협회,,업체 우선
687,기후에너지환경부,에어서울 주식회사,2025,사업장,항공 여객 운송업,23400.0,334,한국표준협회,,단일 사업장
688,기후에너지환경부,에어프로덕츠코리아 주식회사,2025,업체,기초 화학물질 제조업,795343.0,16406,로이드인증원㈜,,업체 우선
689,기후에너지환경부,에이에스이코리아주식회사,2025,사업장,반도체 제조업,116477.0,2413,㈜디엔브이비즈니스어슈어런스코리아,,단일 사업장
690,산업통상부,에이지씨디스플레이글라스오창주식회사,2025,사업장,유리,13390.0,279,㈜디엔브이비즈니스어슈어런스코리아,,단일 사업장
691,기후에너지환경부,에이지씨화인테크노한국주식회사,2025,업체,유리 및 유리제품 제조업,170358.0,3423,㈜디엔브이비즈니스어슈어런스코리아,,업체 우선
692,국토교통부,에이치디씨아이파크몰 주식회사,2025,사업장,건물,21146.0,437,(주)한국경영인증원,,단일 사업장
693,산업통상부,에이치디씨폴리올(주),2025,사업장,석유화학,22424.0,423,한국표준협회,,단일 사업장
694,국토교통부,에이치디씨현대산업개발(주),2025,사업장,건설,19934.0,416,한국표준협회,,단일 사업장
695,산업통상부,에이치디씨현대이피 주식회사,2025,사업장,석유화학,19199.0,376,한국표준협회,,단일 사업장
696,기후에너지환경부,에이치디현대삼호 주식회사,2025,업체,선박 및 보트 건조업,272826.0,4724,㈜디엔브이비즈니스어슈어런스코리아,,업체 우선
697,기후에너지환경부,에이치디현대에너지솔루션(주),2025,사업장,반도체 제조업,29555.0,578,(주)한국경영인증원,,단일 사업장
698,기후에너지환경부,에이치디현대오씨아이 주식회사,2025,업체,기초 화학물질 제조업,339554.0,3775,(재)한국품질재단,,업체 우선
699,기후에너지환경부,에이치디현대오일뱅크,2025,업체,석유 정제품 제조업,6592135.0,80539,(재)한국품질재단,,업체 우선
700,기후에너지환경부,에이치디현대인프라코어(주),2025,사업장,특수 목적용 기계 제조업,87786.0,1706,(주)한국경영인증원,,단일 사업장
701,기후에너지환경부,에이치디현대일렉트릭(주),2025,사업장,"전동기, 발전기 및 전기 변환ㆍ공급ㆍ제어 장치 제조업",38017.0,778,㈜디엔브이비즈니스어슈어런스코리아,,단일 사업장
702,기후에너지환경부,에이치디현대중공업 주식회사,2025,업체,선박 및 보트 건조업,826449.0,14402,한국표준협회,,업체 우선
703,기후에너지환경부,에이치디현대케미칼주식회사,2025,업체,기초 화학물질 제조업,2579155.0,46472,(재)한국품질재단,,업체 우선
704,기후에너지환경부,에이치에스지성동조선 주식회사,2025,사업장,선박 및 보트 건조업,51124.0,958,한국표준협회,,단일 사업장
705,기후에너지환경부,에이치에스효성첨단소재(주),2025,업체,화학섬유 제조업,137770.0,3588,㈜디엔브이비즈니스어슈어런스코리아,,업체 우선
706,기후에너지환경부,에이치엘만도 주식회사,2025,사업장,자동차 신품 부품 제조업,67779.0,1420,(주)비에스아이그룹코리아,,단일 사업장
707,기후에너지환경부,에이치엘비에너지㈜,2025,사업장,폐기물 처리업,22349.0,42,(주)한국경영인증원,,단일 사업장
708,기후에너지환경부,에이치엠엠피에스에이신항만(주),2025,사업장,기타 운송관련 서비스업,28037.0,560,로이드인증원㈜,,단일 사업장
709,산업통상부,에이치케이이노엔(주),2025,사업장,석유화학,17658.0,363,(주)한국경영인증원,,단일 사업장
710,산업통상부,에코플라스틱(주),2025,사업장,자동차,17782.0,367,(재)한국품질재단,,단일 사업장
711,기후에너지환경부,엔솔브 주식회사,2025,사업장,"증기, 냉ㆍ온수 및 공기 조절 공급업",72063.0,1430,(주)신화엔지니어링종합건축사사무소,"""부산정관에너지㈜"" 업체명 변경",단일 사업장
712,기후에너지환경부,엘앤에프,2025,사업장,전자 부품 제조업,138417.0,2835,(재)한국품질재단,,단일 사업장
713,산업통상부,엘에스메탈 주식회사,2025,사업장,비철금속,21026.0,437,(주)한국경영인증원,,단일 사업장
714,기후에너지환경부,엘에스엠앤엠 주식회사,2025,업체,1차 비철금속 제조업,482672.0,8297,한국표준협회,,업체 우선
715,산업통상부,엘에스일렉트릭(주),2025,사업장,전기전자,18630.0,386,(주)한국경영인증원,,단일 사업장
716,기후에너지환경부,엘에스전선 주식회사,2025,업체,절연선 및 케이블 제조업,97442.0,1978,㈜한국품질보증원,,업체 우선
717,기후에너지환경부,엘지디스플레이(주),2025,업체,전자 부품 제조업,3347075.0,48825,㈜디엔브이비즈니스어슈어런스코리아,,업체 우선
718,산업통상부,엘지마그나 이파워트레인 주식회사,2025,사업장,자동차,16076.0,334,(주)비에스아이그룹코리아,,단일 사업장
719,기후에너지환경부,엘지유플러스(주),2025,업체,전기 통신업,1428936.0,29860,한국표준협회,,업체 우선
720,기후에너지환경부,엘지이노텍 주식회사,2025,업체,전자 부품 제조업,405136.0,8478,(주)비에스아이그룹코리아,,업체 우선
721,기후에너지환경부,엘지전자 주식회사,2025,업체,반도체 제조업,252845.0,5441,㈜디엔브이비즈니스어슈어런스코리아,,업체 우선
722,기후에너지환경부,엠이엠씨코리아주식회사,2025,사업장,반도체 제조업,119562.0,2543,(주)신화엔지니어링종합건축사사무소,,단일 사업장
723,기후에너지환경부,엠코테크놀로지코리아(주),2025,업체,반도체 제조업,394721.0,8054,(주)비에스아이그룹코리아,,업체 우선
724,기후에너지환경부,여수시,2025,업체,폐기물,119206.0,742,지속가능인증원주식회사,,업체 우선
725,산업통상부,여주에너지서비스,2025,사업장,발전에너지,2116043.0,42127,대일이엔씨기술(주),,단일 사업장
726,기후에너지환경부,여천엔씨씨 주식회사,2025,업체,기초 화학물질 제조업,3529606.0,68679,(재)한국품질재단,,업체 우선
727,기후에너지환경부,연천군,2025,사업장,폐기물,16441.0,28,(재)한국품질재단,,단일 사업장
728,해양수산부,영우해운(주),2025,사업장,교통(해운),18674.0,262,한국표준협회,,단일 사업장
729,기후에너지환경부,영주시,2025,사업장,폐기물 처리업,34198.0,138,(재)한국품질재단,,단일 사업장
730,기후에너지환경부,영풍전자(주),2025,사업장,전자 부품 제조업,25185.0,512,(주)한국경영인증원,,단일 사업장
731,기후에너지환경부,영화금속(주),2025,사업장,금속 주조업,89054.0,1316,(재)한국품질재단,,단일 사업장
732,기후에너지환경부,오뚜기라면 주식회사,2025,업체,기타 식품 제조업,49351.0,994,(주)비에스아이그룹코리아,,업체 우선
733,기후에너지환경부,오라이온코리아 주식회사 ,2025,업체,기초 화학물질 제조업,356721.0,1350,㈜디엔브이비즈니스어슈어런스코리아,,업체 우선
734,기후에너지환경부,오비맥주(주),2025,사업장,알코올 음료 제조업,88922.0,1887,(주)한국경영인증원,,단일 사업장
735,기후에너지환경부,오산시,2025,사업장,하수처리업,19050.0,263,(재)한국품질재단,,단일 사업장
736,기후에너지환경부,오성연료전지 주식회사,2025,사업장,전기업,35248.0,0,한국표준협회,,단일 사업장
737,기후에너지환경부,오씨아이주식회사,2025,업체,기초 화학물질 제조업,1181847.0,18549,㈜디엔브이비즈니스어슈어런스코리아,,업체 우선
738,기후에너지환경부,오씨아이홀딩스 주식회사,2025,업체,기초 화학물질 제조업,1098.0,22,㈜디엔브이비즈니스어슈어런스코리아,,업체 우선
739,농림축산식품부,오케이에프음료(주),2025,사업장,음료제조업,19488.0,378,한국표준협회,,단일 사업장
740,기후에너지환경부,옥천군,2025,사업장,지정외 폐기물처리업 등,14336.0,27,한국표준협회,,단일 사업장
741,기후에너지환경부,온세미컨덕터코리아(주),2025,업체,반도체 제조업,185718.0,3067,(주)비에스아이그룹코리아,,업체 우선
742,국토교통부,와이이십이프로젝트금융투자 주식회사,2025,사업장,건물,17425.0,360,한국생산성본부인증원(주),,단일 사업장
743,기후에너지환경부,와이케이스틸(주),2025,업체,1차 철강 제조업,181566.0,3151,한국표준협회,,업체 우선
744,기후에너지환경부,용남고속(주),2025,사업장,육상 여객 운송업,19635.0,360,(주)한국경영인증원,,단일 사업장
745,기후에너지환경부,용산케미칼 주식회사,2025,사업장,기초 화학물질 제조업,93253.0,799,한국가스안전공사,,단일 사업장
746,기후에너지환경부,용인시,2025,업체,폐기물 처리업,174448.0,1845,㈜한국품질보증원,,업체 우선
747,해양수산부,우림해운(주),2025,사업장,교통(해운),23223.0,321,(주)한국경영인증원,,단일 사업장
748,기후에너지환경부,우진환경개발(주),2025,사업장,폐기물 처리업,64050.0,772,㈜한국품질보증원,,단일 사업장
749,산업통상부,울산 지피에스 주식회사,2025,업체,발전에너지,1881712.0,36537,(재)한국품질재단,,업체 우선
750,기후에너지환경부,울산과학기술원,2025,사업장,고등 교육기관,37020.0,773,한국표준협회,,단일 사업장
751,기후에너지환경부,울산광역시,2025,업체,폐기물 처리업,308910.0,3197,㈜한국품질보증원,,업체 우선
752,기후에너지환경부,울산아로마틱스(주),2025,업체,기초 화학물질 제조업,404323.0,9607,㈜디엔브이비즈니스어슈어런스코리아,,업체 우선
753,기후에너지환경부,울산알루미늄 주식회사,2025,업체,1차 비철금속 제조업,181530.0,3682,(주)한국경영인증원,,업체 우선
754,기후에너지환경부,울산피피주식회사,2025,사업장,합성고무 및 플라스틱 물질 제조업,37981.0,1096,(주)한국경영인증원,,단일 사업장
755,산업통상부,원강산업(주),2025,업체,기계,20620.0,427,(주)한국경영인증원,,업체 우선
756,기후에너지환경부,원주시,2025,사업장,"하수, 폐수 및 분뇨 처리업",64314.0,766,(재)한국화학융합시험연구원,,단일 사업장
757,기후에너지환경부,위드인천에너지(주),2025,업체,"증기, 냉ㆍ온수 및 공기 조절 공급업",35559.0,769,㈜디엔브이비즈니스어슈어런스코리아,,업체 우선
758,기후에너지환경부,유니온머티리얼(주),2025,사업장,"내화, 비내화 요업제품 제조업",35633.0,720,(재)한국품질재단,,단일 사업장
759,기후에너지환경부,유니투스 주식회사,2025,업체,자동차 신품 부품 제조업,69047.0,1433,(재)한국품질재단,,업체 우선
760,산업통상부,유성기업(주),2025,사업장,자동차,13750.0,275,(주)비에스아이그룹코리아,,단일 사업장
761,기후에너지환경부,유한킴벌리 주식회사,2025,업체,"펄프, 종이 및 판지 제조업",202680.0,4074,(재)한국품질재단,,업체 우선
762,기후에너지환경부,유한회사 사조씨피케이,2025,업체,"곡물 가공품, 전분 및 전분제품 제조업",128969.0,2318,(재)한국품질재단,,업체 우선
763,기후에너지환경부,유한회사 스태츠칩팩코리아,2025,사업장,반도체 제조업,80438.0,1655,(주)신화엔지니어링종합건축사사무소,,단일 사업장
764,산업통상부,유한회사 클라리오스델코,2025,사업장,전기전자,52652.0,1091,(주)한국경영인증원,,단일 사업장
765,기후에너지환경부,율촌화학(주),2025,사업장,플라스틱 제품 제조업,87772.0,1601,(주)한국경영인증원,,단일 사업장
766,산업통상부,음성에코파크(주),2025,사업장,발전에너지,56154.0,3,한국표준협회,,단일 사업장
767,국토교통부,의료법인 길 의료재단,2025,사업장,건물,20531.0,422,(재)한국화학융합시험연구원,,단일 사업장
768,기후에너지환경부,의정부시,2025,사업장,"하수, 폐수 및 분뇨 처리업",81861.0,681,(재)한국화학융합시험연구원,,단일 사업장
769,산업통상부,이건에너지(주),2025,사업장,산업단지,15221.0,2660,㈜한국품질보증원,,단일 사업장
770,기후에너지환경부,이구산업(주),2025,사업장,1차 비철금속 제조업,35955.0,744,한국생산성본부인증원(주),,단일 사업장
771,기후에너지환경부,이누스 주식회사,2025,사업장,"내화, 비내화 요업제품 제조업",32885.0,543,한국표준협회,,단일 사업장
772,기후에너지환경부,이도에코오산(주) ,2025,사업장,폐기물 처리업,42239.0,36,(주)한국경영인증원,,단일 사업장
773,기후에너지환경부,이도에코전주(주),2025,사업장,폐기물 처리업,34422.0,21,㈜한국품질보증원,,단일 사업장
774,기후에너지환경부,이스트만화이버코리아 주식회사,2025,사업장,화학섬유 제조업,32611.0,218,(주)한국경영인증원,,단일 사업장
775,국토교통부,이지스제210호전문투자형사모부동산투자회사,2025,사업장,건물,21336.0,443,(주)한국경영인증원,,단일 사업장
776,기후에너지환경부,이천시,2025,사업장,폐기물 처리업,115883.0,621,㈜한국품질보증원,,단일 사업장
777,기후에너지환경부,익산시,2025,사업장,폐기물 처리업,72615.0,574,㈜한국품질보증원,,단일 사업장
778,기후에너지환경부,인제군,2025,사업장,폐기물,20775.0,35,(주)한국경영인증원,,단일 사업장
779,산업통상부,인지에이엠티(주),2025,사업장,자동차,21279.0,439,(주)한국경영인증원,,단일 사업장
780,기후에너지환경부,인천공항에너지,2025,업체,"증기, 냉ㆍ온수 및 공기 조절 공급업",218499.0,4334,㈜한국품질보증원,,업체 우선
781,기후에너지환경부,인천광역시,2025,업체,폐기물 처리업,385039.0,4927,(재)한국화학융합시험연구원,,업체 우선
782,기후에너지환경부,인천교통공사,2025,사업장,육상 여객 운송업,119788.0,2474,한국표준협회,,단일 사업장
783,기후에너지환경부,인천국제공항공사,2025,업체,기타 운송관련 서비스업,273140.0,5512,(주)한국경영인증원,,업체 우선
784,기후에너지환경부,인천연료전지(주),2025,업체,전기업,158782.0,19,(주)한국경영인증원,,업체 우선
785,기후에너지환경부,인천종합에너지(주),2025,업체,"증기, 냉ㆍ온수 및 공기 조절 공급업",354130.0,7176,㈜디엔브이비즈니스어슈어런스코리아,,업체 우선
786,기후에너지환경부,인터지스(주),2025,사업장,도로 화물 운송업,32941.0,491,(주)한국경영인증원,,단일 사업장
787,기후에너지환경부,인프라에어홀딩스 주식회사,2025,업체,기초 화학물질 제조업,291839.0,6098,한국표준협회,,업체 우선
788,해양수산부,일신로지스틱스주식회사,2025,사업장,교통(해운),15972.0,234,㈜디엔브이비즈니스어슈어런스코리아,,단일 사업장
789,기후에너지환경부,일신방직(주) ,2025,사업장,방적 및 가공사 제조업,48806.0,1024,로이드인증원㈜,,단일 사업장
790,산업통상부,일신케미칼(주),2025,사업장,석유화학,23236.0,480,(재)한국품질재단,,단일 사업장
791,기후에너지환경부,일진디스플레이(주),2025,사업장,전자 부품 제조업,6609.0,137,한국표준협회,,단일 사업장
792,산업통상부,일진전기(주),2025,사업장,비철금속,14993.0,301,(주)한국경영인증원,,단일 사업장
793,기후에너지환경부,일진제강(주),2025,사업장,1차 철강 제조업,61194.0,1237,지속가능인증원주식회사,,단일 사업장
794,기후에너지환경부,재단법인 대구경북과학기술원,2025,사업장,고등 교육기관,32259.0,652,한국표준협회,,단일 사업장
795,기후에너지환경부,재단법인 아산사회복지재단,2025,사업장,병원,98690.0,1989,한국표준협회,,단일 사업장
796,국토교통부,재단법인 오송첨단의료산업진흥재단,2025,사업장,건물,16856.0,346,한국표준협회,,단일 사업장
797,기후에너지환경부,재원산업,2025,사업장,기초 화학물질 제조업,28889.0,701,(재)한국품질재단,,단일 사업장
798,기후에너지환경부,전남대학교,2025,사업장,고등 교육기관,38635.0,782,한국표준협회,,단일 사업장
799,산업통상부,전방(주),2025,사업장,섬유,13549.0,282,(주)한국경영인증원,,단일 사업장
800,기후에너지환경부,전북대학교,2025,사업장,고등 교육기관,35344.0,740,(주)한국경영인증원,,단일 사업장
801,국토교통부,전북대학교병원,2025,사업장,건물,22879.0,478,(재)한국화학융합시험연구원,,단일 사업장
802,기후에너지환경부,전북집단에너지 주식회사,2025,업체,"증기, 냉ㆍ온수 및 공기 조절 공급업",204811.0,2386,로이드인증원㈜,,업체 우선
803,기후에너지환경부,전주시,2025,업체,폐기물 처리업,178146.0,1695,㈜한국품질보증원,,업체 우선
804,국토교통부,전차연물류(주),2025,사업장,교통(화물),13558.0,192,㈜한국품질보증원,,단일 사업장
805,기후에너지환경부,제이비 주식회사,2025,사업장,"증기, 냉ㆍ온수 및 공기 조절 공급업",27844.0,548,(재)한국품질재단,,단일 사업장
806,기후에너지환경부,제이셋스태츠칩팩코리아(유),2025,사업장,반도체 제조업,96675.0,2016,(주)신화엔지니어링종합건축사사무소,,단일 사업장
807,산업통상부,제이아이금속(주),2025,사업장,비철금속,19446.0,314,(주)한국경영인증원,,단일 사업장
808,기후에너지환경부,제주신화월드 주식회사,2025,사업장,일반 및 생활 숙박시설 운영업,45295.0,895,(주)한국경영인증원,,단일 사업장
809,기후에너지환경부,제주특별자치도,2025,업체,폐기물 처리업,334605.0,3432,한국표준협회,,업체 우선
810,기후에너지환경부,제주특별자치도개발공사,2025,사업장,비알코올 음료 및 얼음 제조업,29939.0,606,한국표준협회,,단일 사업장
811,기후에너지환경부,제주항공(주),2025,업체,항공 여객 운송업,217390.0,3118,(재)한국화학융합시험연구원,,업체 우선
812,기후에너지환경부,제천시,2025,사업장,"하수, 폐수 및 분뇨 처리업",44778.0,367,(재)한국품질재단,,단일 사업장
813,산업통상부,조선내화(주),2025,사업장,요업,19115.0,363,(재)한국품질재단,,단일 사업장
814,기후에너지환경부,조일알미늄 주식회사,2025,사업장,1차 비철금속 제조업,75944.0,1539,(재)한국품질재단,,단일 사업장
815,산업통상부,존슨일렉트릭오퍼레이션스(주),2025,사업장,자동차,17551.0,348,한국표준협회,,단일 사업장
816,산업통상부,주성엔지니어링(주),2025,사업장,기계,21858.0,451,㈜디엔브이비즈니스어슈어런스코리아,,단일 사업장
817,기후에너지환경부,주식회사 GS구미열병합발전,2025,업체,"증기, 냉ㆍ온수 및 공기 조절 공급업",1021398.0,11679,(재)한국품질재단,,업체 우선
818,기후에너지환경부,주식회사 GS반월열병합발전,2025,업체,"증기, 냉ㆍ온수 및 공기 조절 공급업",833256.0,9715,(재)한국품질재단,,업체 우선
819,국토교통부,주식회사 경방,2025,사업장,건물,18887.0,390,한국생산성본부인증원(주),,단일 사업장
820,기후에너지환경부,주식회사 고려제지,2025,업체,"펄프, 종이 및 판지 제조업",159112.0,2334,(주)한국경영인증원,,업체 우선
821,산업통상부,주식회사 광주글로벌모터스,2025,사업장,자동차,20466.0,418,(주)한국경영인증원,,단일 사업장
822,기후에너지환경부,주식회사 구미그린,2025,사업장,폐기물 처리업,65747.0,25,한국표준협회,,단일 사업장
823,국토교통부,주식회사 국민은행,2025,업체,건물,91395.0,1484,한국표준협회,,업체 우선
824,기후에너지환경부,주식회사 그린밸리,2025,사업장,폐기물 처리업,32346.0,24,㈜한국품질보증원,,단일 사업장
825,국토교통부,주식회사 남성버스,2025,사업장,교통(여객),15781.0,297,(주)한국경영인증원,,단일 사업장
826,산업통상부,주식회사 녹수,2025,사업장,석유화학,15824.0,318,로이드인증원㈜,,단일 사업장
827,기후에너지환경부,주식회사 농심,2025,업체,기타 식품 제조업,186160.0,3728,한국표준협회,,업체 우선
828,기후에너지환경부,주식회사 뉴그린,2025,업체,폐기물 처리업,107297.0,231,(주)한국경영인증원,,업체 우선
829,기후에너지환경부,주식회사 대륜발전,2025,업체,"증기, 냉ㆍ온수 및 공기 조절 공급업",674413.0,13362,(재)한국품질재단,,업체 우선
830,국토교통부,주식회사 대전신세계,2025,사업장,건물,21784.0,452,(주)한국경영인증원,,단일 사업장
831,기후에너지환경부,주식회사 대창,2025,사업장,1차 비철금속 제조업,29512.0,615,한국가스안전공사,,단일 사업장
832,기후에너지환경부,주식회사 대한세라믹스,2025,사업장,"내화, 비내화 요업제품 제조업",25466.0,469,(주)한국경영인증원,,단일 사업장
833,기후에너지환경부,주식회사 대호에이엘,2025,사업장,1차 비철금속 제조업,29418.0,565,(주)한국경영인증원,,단일 사업장
834,기후에너지환경부,주식회사 더블유티씨서울,2025,사업장,부동산 임대 및 공급업,57204.0,1180,(주)한국경영인증원,,단일 사업장
835,기후에너지환경부,주식회사 덕양에너젠,2025,업체,기초 화학물질 제조업,30511.0,631,지속가능인증원주식회사,,업체 우선
836,국토교통부,주식회사 동부고속,2025,사업장,교통(여객),21045.0,310,(주)한국경영인증원,,단일 사업장
837,기후에너지환경부,주식회사 동성케미컬,2025,사업장,기초 화학물질 제조업,28645.0,570,한국생산성본부인증원(주),,단일 사업장
838,산업통상부,주식회사 동아,2025,사업장,기계,17136.0,354,한국표준협회,,단일 사업장
839,기후에너지환경부,주식회사 디비월드,2025,업체,1차 철강 제조업,150211.0,1680,(재)한국품질재단,,업체 우선
840,기후에너지환경부,주식회사 디비하이텍 ,2025,업체,반도체 제조업,306865.0,4256,(주)비에스아이그룹코리아,,업체 우선
841,국토교통부,주식회사 디앤오,2025,사업장,건물,17259.0,352,(재)한국품질재단,,단일 사업장
842,기후에너지환경부,주식회사 디에스단석,2025,사업장,1차 비철금속 제조업,79136.0,1489,한국표준협회,,단일 사업장
843,산업통상부,주식회사 디엔 오토모티브,2025,사업장,전기전자,68097.0,1392,한국표준협회,,단일 사업장
844,산업통상부,주식회사 메타즈,2025,업체,기계,11601.0,239,㈜한국품질보증원,,업체 우선
845,기후에너지환경부,주식회사 명성,2025,사업장,육상 여객 운송업,25519.0,447,(주)한국경영인증원,,단일 사업장
846,기후에너지환경부,주식회사 명성환경,2025,사업장,폐기물 처리업,64.0,278,(주)한국경영인증원,,단일 사업장
847,국토교통부,주식회사 무주덕유산리조트,2025,사업장,건물,16639.0,310,(주)한국경영인증원,,단일 사업장
848,국토교통부,주식회사 문화방송,2025,사업장,건물,15990.0,350,(주)한국경영인증원,,단일 사업장
849,기후에너지환경부,주식회사 범우,2025,사업장,폐기물 처리업,73302.0,69,한국표준협회,,단일 사업장
850,기후에너지환경부,주식회사 베어링아트,2025,사업장,자동차 신품 부품 제조업,59182.0,1221,한국표준협회,,단일 사업장
851,기후에너지환경부,주식회사 삼기,2025,사업장,자동차 신품 부품 제조업,60781.0,1167,(주)한국경영인증원,,단일 사업장
852,기후에너지환경부,주식회사 삼보광업,2025,업체,"시멘트, 석회, 플라스터 및 그 외 제품 제조업",153006.0,388,한국생산성본부인증원(주),,업체 우선
853,기후에너지환경부,주식회사 삼양사,2025,업체,"곡물 가공품, 전분 및 전분제품 제조업",251561.0,6083,한국표준협회,,업체 우선
854,기후에너지환경부,주식회사 삼양패키징,2025,업체,플라스틱 제품 제조업,121323.0,2660,(재)한국품질재단,,업체 우선
855,기후에너지환경부,주식회사 삼영 ,2025,사업장,플라스틱 제품 제조업,33420.0,686,한국표준협회,,단일 사업장
856,국토교통부,주식회사 서부티엔디,2025,사업장,건물,20975.0,431,한국표준협회,,단일 사업장
857,기후에너지환경부,주식회사 서원환경,2025,사업장,폐기물 처리업,27052.0,2,한국표준협회,,단일 사업장
858,산업통상부,주식회사 석문그린에너지,2025,사업장,발전에너지,59287.0,1,한국표준협회,,단일 사업장
859,산업통상부,주식회사 성보,2025,사업장,철강,15654.0,304,한국표준협회,,단일 사업장
860,기후에너지환경부,주식회사 세아베스틸,2025,업체,1차 철강 제조업,1125099.0,18081,한국표준협회,,업체 우선
861,기후에너지환경부,주식회사 세아베스틸지주,2025,업체,1차 철강 제조업,497.0,10,한국표준협회,,업체 우선
862,기후에너지환경부,주식회사 세아창원특수강,2025,업체,1차 철강 제조업,422278.0,7895,한국표준협회,,업체 우선
863,기후에너지환경부,주식회사 세진메탈,2025,사업장,1차 비철금속 제조업,32858.0,537,(주)한국경영인증원,,단일 사업장
864,기후에너지환경부,주식회사 소노인터내셔널,2025,사업장,일반 및 생활 숙박시설 운영업,138944.0,2796,(주)한국경영인증원,,단일 사업장
865,기후에너지환경부,주식회사 스타필드고양,2025,사업장,부동산 임대 및 공급업,26039.0,579,(재)한국품질재단,,단일 사업장
866,국토교통부,주식회사 스타필드안성,2025,사업장,건물,16817.0,348,(재)한국품질재단,,단일 사업장
867,기후에너지환경부,주식회사 스타필드하남,2025,사업장,부동산 임대 및 공급업,25536.0,533,(재)한국품질재단,,단일 사업장
868,국토교통부,주식회사 신세계동대구복합환승센터,2025,사업장,건물,24285.0,505,(주)한국경영인증원,,단일 사업장
869,국토교통부,주식회사 신한은행,2025,업체,건물,68726.0,1143,㈜디엔브이비즈니스어슈어런스코리아,,업체 우선
870,기후에너지환경부,주식회사 심텍,2025,사업장,전자 부품 제조업,110394.0,2359,㈜디엔브이비즈니스어슈어런스코리아,,단일 사업장
871,기후에너지환경부,주식회사 심팩인더스트리,2025,업체,1차 철강 제조업,573.0,11,(재)한국품질재단,,업체 우선
872,국토교통부,주식회사 아난티,2025,사업장,건물,15653.0,322,(주)한국경영인증원,,단일 사업장
873,산업통상부,주식회사 아이유제지,2025,사업장,제지,18651.0,275,(주)한국경영인증원,,단일 사업장
874,기후에너지환경부,주식회사 알테크노메탈,2025,사업장,금속 주조업,24913.0,426,(주)한국경영인증원,,단일 사업장
875,기후에너지환경부,주식회사 에너지네트웍,2025,업체,폐기물 처리업,161313.0,413,(주)한국경영인증원,,업체 우선
876,기후에너지환경부,주식회사 에너지명성,2025,업체,폐기물 처리업,43148.0,46,한국표준협회,,업체 우선
877,기후에너지환경부,주식회사 에너지울산,2025,사업장,"증기, 냉ㆍ온수 및 공기 조절 공급업",88366.0,1058,한국표준협회,,단일 사업장
878,기후에너지환경부,주식회사 에스알,2025,업체,철도 운송업,161085.0,3366,(주)비에스아이그룹코리아,,업체 우선
879,기후에너지환경부,주식회사 에스에프에이반도체,2025,사업장,반도체 제조업,31063.0,616,(주)신화엔지니어링종합건축사사무소,,단일 사업장
880,기후에너지환경부,주식회사 에스엔엔씨,2025,업체,1차 비철금속 제조업,1354443.0,15797,(재)한국품질재단,,업체 우선
881,기후에너지환경부,주식회사 에스피네이처,2025,업체,"시멘트, 석회, 플라스터 및 그 외 제품 제조업",32298.0,658,(재)한국품질재단,"""에스피에스엔에이"" 업체명 변경",업체 우선
882,기후에너지환경부,주식회사 에스피씨삼립,2025,사업장,기타 식품 제조업,94950.0,1941,(주)비에스아이그룹코리아,,단일 사업장
883,기후에너지환경부,주식회사 에어퍼스트,2025,업체,기초 화학물질 제조업,709681.0,14677,한국가스안전공사,,업체 우선
884,산업통상부,주식회사 에이팩트,2025,사업장,전기전자,28059.0,584,(주)한국경영인증원,,단일 사업장
885,기후에너지환경부,주식회사 에이프로젠바이오로직스,2025,사업장,의약품 제조업,24128.0,494,로이드인증원㈜,,단일 사업장
886,기후에너지환경부,주식회사 에코라임,2025,업체,"시멘트, 석회, 플라스터 및 그 외 제품 제조업",91491.0,407,(주)신화엔지니어링종합건축사사무소,,업체 우선
887,산업통상부,주식회사 에코프로에이피,2025,사업장,석유화학,25925.0,541,(주)한국경영인증원,,단일 사업장
888,산업통상부,주식회사 에코프로이노베이션,2025,사업장,전기전자,47396.0,926,(주)한국경영인증원,,단일 사업장
889,기후에너지환경부,주식회사 에코프로이엠,2025,사업장,일차전지 및 축전지 제조업,76332.0,1595,(주)한국경영인증원,,단일 사업장
890,기후에너지환경부,주식회사 엘엑스하우시스,2025,업체,플라스틱 제품 제조업,102722.0,2096,㈜디엔브이비즈니스어슈어런스코리아,,업체 우선
891,기후에너지환경부,주식회사 엘지에너지솔루션,2025,업체,일차전지 및 축전지 제조업,427030.0,9374,한국표준협회,,업체 우선
892,기후에너지환경부,주식회사 엘지화학,2025,업체,기초 화학물질 제조업,7780722.0,153081,(재)한국품질재단,,업체 우선
893,기후에너지환경부,주식회사 영풍,2025,업체,1차 비철금속 제조업,617308.0,10730,(재)한국품질재단,,업체 우선
894,기후에너지환경부,주식회사 영흥산업환경,2025,사업장,폐기물 처리업,137710.0,484,㈜한국품질보증원,,단일 사업장
895,국토교통부,주식회사 우리은행,2025,업체,건물,66955.0,1014,(주)한국경영인증원,,업체 우선
896,기후에너지환경부,주식회사 윈팩,2025,사업장,반도체 제조업,20169.0,418,한국표준협회,,단일 사업장
897,기후에너지환경부,주식회사 유니드,2025,업체,기초 화학물질 제조업,291574.0,7365,로이드인증원㈜,,업체 우선
898,기후에너지환경부,주식회사 유니드비티플러스,2025,업체,나무제품 제조업,49165.0,2066,로이드인증원㈜,,업체 우선
899,기후에너지환경부,주식회사 유니큰,2025,업체,폐기물 처리업,84821.0,463,지속가능인증원주식회사,,업체 우선
900,기후에너지환경부,주식회사 이랜드리테일,2025,업체,종합 소매업,152342.0,3156,한국표준협회,,업체 우선
901,기후에너지환경부,주식회사 이엠케이승경,2025,사업장,폐기물 처리업,40193.0,274,(주)한국경영인증원,,단일 사업장
902,국토교통부,주식회사 인스파이어인티그레이티드리조트,2025,사업장,건물,34365.0,708,한국표준협회,,단일 사업장
903,기후에너지환경부,주식회사 전주원파워,2025,사업장,전기업,43122.0,6001,한국표준협회,,단일 사업장
904,기후에너지환경부,주식회사 전주페이퍼,2025,업체,"펄프, 종이 및 판지 제조업",489474.0,8833,한국표준협회,,업체 우선
905,기후에너지환경부,주식회사 정선라임,2025,사업장,"시멘트, 석회, 플라스터 및 그 외 제품 제조업",78911.0,263,한국표준협회,,단일 사업장
906,기후에너지환경부,주식회사 지알엠,2025,사업장,1차 비철금속 제조업,84949.0,1012,한국표준협회,,단일 사업장
907,국토교통부,주식회사 지에스리테일 ,2025,업체,건물,50891.0,1052,(주)한국경영인증원,,업체 우선
908,기후에너지환경부,주식회사 지에스이앤알,2025,업체,"증기, 냉ㆍ온수 및 공기 조절 공급업",654.0,12,(재)한국품질재단,,업체 우선
909,기후에너지환경부,주식회사 지에스포천그린에너지,2025,업체,"증기, 냉ㆍ온수 및 공기 조절 공급업",927333.0,13004,㈜디엔브이비즈니스어슈어런스코리아,,업체 우선
910,기후에너지환경부,주식회사 진로발효,2025,사업장,알코올 음료 제조업,33606.0,705,(재)한국품질재단,,단일 사업장
911,기후에너지환경부,주식회사 진에어,2025,업체,항공 여객 운송업,234976.0,3363,한국표준협회,,업체 우선
912,산업통상부,주식회사 카카오,2025,사업장,통신,31955.0,670,(주)한국경영인증원,,단일 사업장
913,기후에너지환경부,주식회사 카프로,2025,업체,기초 화학물질 제조업,36983.0,375,(재)한국품질재단,,업체 우선
914,기후에너지환경부,주식회사 케이씨씨글라스,2025,업체,유리 및 유리제품 제조업,735831.0,9898,(재)한국품질재단,,업체 우선
915,기후에너지환경부,주식회사 케이씨씨실리콘,2025,업체,기초 화학물질 제조업,116833.0,1805,(재)한국품질재단,,업체 우선
916,기후에너지환경부,주식회사 케이티,2025,업체,전기 통신업,1124625.0,23253,㈜한국품질보증원,,업체 우선
917,기후에너지환경부,주식회사 케이티클라우드,2025,업체,"자료 처리, 호스팅, 포털 및 기타 인터넷 정보 매개 서비스업",370348.0,7911,㈜한국품질보증원,,업체 우선
918,기후에너지환경부,주식회사 케이피에프,2025,사업장,기타 금속 가공제품 제조업,38757.0,798,(주)한국경영인증원,,단일 사업장
919,기후에너지환경부,주식회사 케이피이그린에너지,2025,사업장,전기업,54734.0,7,한국표준협회,,단일 사업장
920,산업통상부,주식회사 켐트로닉스,2025,사업장,디스플레이,41350.0,863,한국표준협회,,단일 사업장
921,기후에너지환경부,주식회사 코리아에어텍,2025,사업장,기초 화학물질 제조업,60353.0,1259,한국가스안전공사,,단일 사업장
922,기후에너지환경부,주식회사 코엔텍,2025,업체,폐기물 처리업,358898.0,537,한국표준협회,,업체 우선
923,기후에너지환경부,주식회사 태경비케이,2025,업체,"시멘트, 석회, 플라스터 및 그 외 제품 제조업",644398.0,2595,(주)한국경영인증원,,업체 우선
924,기후에너지환경부,주식회사 태영이엠씨,2025,업체,"시멘트, 석회, 플라스터 및 그 외 제품 제조업",145596.0,771,한국표준협회,,업체 우선
925,기후에너지환경부,주식회사 티웨이항공,2025,업체,항공 여객 운송업,195278.0,2803,(재)한국화학융합시험연구원,,업체 우선
926,기후에너지환경부,주식회사 파라다이스세가사미,2025,사업장,일반 및 생활 숙박시설 운영업,38134.0,783,한국표준협회,,단일 사업장
927,기후에너지환경부,주식회사 팜한농,2025,업체,"비료, 농약 및 살균ㆍ살충제 제조업",34936.0,713,한국표준협회,,업체 우선
928,산업통상부,주식회사 페트로코너지,2025,사업장,발전에너지,20805.0,2,(재)한국품질재단,,단일 사업장
929,기후에너지환경부,주식회사 포스코,2025,업체,1차 철강 제조업,69846022.0,368071,(재)한국품질재단,,업체 우선
930,기후에너지환경부,주식회사 포스코모빌리티솔루션,2025,사업장,1차 철강 제조업,39364.0,803,(재)한국품질재단,,단일 사업장
931,기후에너지환경부,주식회사 포스코엠씨머티리얼즈,2025,사업장,기초 화학물질 제조업,71296.0,1145,(재)한국품질재단,,단일 사업장
932,기후에너지환경부,주식회사 포스코인터내셔널,2025,업체,전기업,4000620.0,79617,(재)한국품질재단,,업체 우선
933,기후에너지환경부,주식회사 포스코퓨처엠,2025,업체,"시멘트, 석회, 플라스터 및 그 외 제품 제조업",2200344.0,16248,(재)한국품질재단,,업체 우선
934,국토교통부,주식회사 포항버스,2025,사업장,교통(여객),18999.0,365,(주)한국경영인증원,,단일 사업장
935,기후에너지환경부,주식회사 풍산,2025,업체,1차 비철금속 제조업,246374.0,5057,한국표준협회,,업체 우선
936,산업통상부,주식회사 피앤오케미칼,2025,사업장,석유화학,52050.0,940,㈜디엔브이비즈니스어슈어런스코리아,,단일 사업장
937,기후에너지환경부,주식회사 피에스엠,2025,사업장,기타 금속 가공제품 제조업,3982.0,73,로이드인증원㈜,,단일 사업장
938,기후에너지환경부,주식회사 피엔알,2025,업체,"해체, 선별 및 원료 재생업",144119.0,1936,(재)한국품질재단,,업체 우선
939,산업통상부,주식회사 피케이엘,2025,사업장,전기전자,16334.0,335,(주)한국경영인증원,,단일 사업장
940,국토교통부,주식회사 하나은행,2025,업체,건물,65105.0,1011,한국표준협회,,업체 우선
941,기후에너지환경부,주식회사 하이호휠,2025,사업장,자동차 신품 부품 제조업,26118.0,530,지속가능인증원주식회사,,단일 사업장
942,기후에너지환경부,주식회사 한국알스트롬,2025,사업장,"펄프, 종이 및 판지 제조업",50813.0,673,(재)한국품질재단,,단일 사업장
943,기후에너지환경부,주식회사 호텔롯데,2025,업체,일반 및 생활 숙박시설 운영업,151037.0,3086,(주)한국경영인증원,,업체 우선
944,국토교통부,주식회사 호텔신라,2025,사업장,건물,22153.0,452,한국표준협회,,단일 사업장
945,기후에너지환경부,주식회사 효성,2025,사업장,기타 섬유제품 제조업,28882.0,591,㈜디엔브이비즈니스어슈어런스코리아,,단일 사업장
946,기후에너지환경부,주식회사 후성,2025,업체,기초 화학물질 제조업,210225.0,762,한국가스안전공사,,업체 우선
947,기후에너지환경부,주식회사 휴스틸,2025,사업장,1차 철강 제조업,29390.0,596,(주)신화엔지니어링종합건축사사무소,,단일 사업장
948,국토교통부,주식회사경기상운,2025,사업장,교통(여객),18382.0,324,(주)한국경영인증원,,단일 사업장
949,기후에너지환경부,주식회사금강고속,2025,사업장,육상 여객 운송업,23263.0,340,한국표준협회,,단일 사업장
950,기후에너지환경부,주식회사비엔씨티,2025,사업장,기타 운송관련 서비스업,32459.0,606,한국표준협회,,단일 사업장
951,국토교통부,중소기업은행,2025,업체,건물,54933.0,798,한국표준협회,,업체 우선
952,산업통상부,지에스에코메탈 주식회사,2025,사업장,비철금속,31131.0,385,대일이엔씨기술(주),,단일 사업장
953,기후에너지환경부,지에스이피에스,2025,업체,전기업,2576797.0,62816,로이드인증원㈜,,업체 우선
954,기후에너지환경부,지에스칼텍스 주식회사,2025,업체,석유 정제품 제조업,8545305.0,122324,(재)한국품질재단,,업체 우선
955,국토교통부,지엠테크니컬센터코리아 주식회사,2025,사업장,건물,13135.0,267,한국표준협회,,단일 사업장
956,기후에너지환경부,진양특수강(주),2025,사업장,1차 철강 제조업,27808.0,555,한국표준협회,,단일 사업장
957,기후에너지환경부,진영페이퍼 주식회사,2025,사업장,"펄프, 종이 및 판지 제조업",88655.0,874,(주)한국경영인증원,,단일 사업장
958,기후에너지환경부,진주시,2025,사업장,폐기물 처리업,131863.0,600,㈜한국품질보증원,,단일 사업장
959,기후에너지환경부,진천군,2025,사업장,폐기물,15733.0,150,한국표준협회,,단일 사업장
960,기후에너지환경부,창원시,2025,업체,폐기물 처리업,262247.0,2714,㈜한국품질보증원,,업체 우선
961,기후에너지환경부,천안시,2025,업체,폐기물 처리업,175336.0,1569,㈜한국품질보증원,,업체 우선
962,국토교통부,천일정기화물자동차(주),2025,사업장,교통(화물),19400.0,280,한국표준협회,,단일 사업장
963,기후에너지환경부,천일제지(주),2025,사업장,"펄프, 종이 및 판지 제조업",57045.0,720,(주)한국경영인증원,,단일 사업장
964,기후에너지환경부,청주시,2025,업체,폐기물 처리업,239601.0,2040,(재)한국품질재단,,업체 우선
965,기후에너지환경부,청주에코파크 주식회사,2025,사업장,전기업,56080.0,2,한국표준협회,,단일 사업장
966,기후에너지환경부,초당환경(유),2025,사업장,폐기물 처리업,30768.0,72,(재)한국품질재단,,단일 사업장
967,산업통상부,춘천그린에너지(주),2025,사업장,발전에너지,90209.0,10,(재)한국품질재단,,단일 사업장
968,기후에너지환경부,춘천시,2025,업체,폐기물 처리업,111289.0,715,(재)한국화학융합시험연구원,,업체 우선
969,기후에너지환경부,춘천에너지 주식회사,2025,업체,"증기, 냉ㆍ온수 및 공기 조절 공급업",849702.0,154,로이드인증원㈜,,업체 우선
970,기후에너지환경부,충남대학교,2025,사업장,고등 교육기관,31257.0,648,로이드인증원㈜,,단일 사업장
971,국토교통부,충남대학교병원,2025,사업장,건물,21046.0,436,한국표준협회,,단일 사업장
972,국토교통부,충북대학교,2025,사업장,건물,20344.0,438,한국표준협회,,단일 사업장
973,기후에너지환경부,충주시,2025,사업장,폐기물 처리업,82778.0,726,한국표준협회,,단일 사업장
974,산업통상부,칠곡에코파크(주),2025,업체,발전에너지,57956.0,2,한국표준협회,,업체 우선
975,산업통상부,컬러스앤이펙츠코리아(주),2025,사업장,석유화학,18801.0,523,(재)한국품질재단,,단일 사업장
976,산업통상부,케이브이머티리얼즈 주식회사,2025,사업장,유리,15181.0,388,㈜한국품질보증원,,단일 사업장
977,기후에너지환경부,케이씨글라스(주),2025,사업장,유리 및 유리제품 제조업,40176.0,653,(주)신화엔지니어링종합건축사사무소,,단일 사업장
978,기후에너지환경부,케이씨씨,2025,업체,"시멘트, 석회, 플라스터 및 그 외 제품 제조업",545209.0,10212,(재)한국품질재단,,업체 우선
979,기후에너지환경부,케이씨주식회사,2025,업체,기초 화학물질 제조업,166188.0,2333,한국표준협회,,업체 우선
980,기후에너지환경부,케이알에너지(주),2025,사업장,"증기, 냉ㆍ온수 및 공기 조절 공급업",45914.0,542,한국표준협회,,단일 사업장
981,기후에너지환경부,케이알코폴리머 유한회사,2025,사업장,합성고무 및 플라스틱 물질 제조업,28476.0,387,(주)한국경영인증원,,단일 사업장
982,산업통상부,케이에이에프 주식회사,2025,사업장,섬유,20569.0,356,한국표준협회,,단일 사업장
983,기후에너지환경부,케이엠씨해운 주식회사,2025,사업장,해상 운송업,36759.0,510,㈜디엔브이비즈니스어슈어런스코리아,,단일 사업장
984,기후에너지환경부,케이오씨(주),2025,사업장,기초 화학물질 제조업,33057.0,779,(주)한국경영인증원,,단일 사업장
985,기후에너지환경부,케이지모빌리티 주식회사,2025,업체,자동차용 엔진 및 자동차 제조업,117738.0,2376,㈜한국품질보증원,,업체 우선
986,기후에너지환경부,케이지스틸 주식회사,2025,업체,1차 철강 제조업,402537.0,8685,(재)한국품질재단,,업체 우선
987,기후에너지환경부,케이지에코솔루션 주식회사,2025,업체,폐기물 처리업,1587.0,28,로이드인증원㈜,,업체 우선
988,기후에너지환경부,케이지케미칼 주식회사,2025,사업장,"비료, 농약 및 살균ㆍ살충제 제조업",37697.0,427,(주)한국경영인증원,,단일 사업장
989,기후에너지환경부,코닝정밀소재 주식회사,2025,업체,유리 및 유리제품 제조업,471431.0,9492,로이드인증원㈜,,업체 우선
990,기후에너지환경부,코리아PTG(주),2025,사업장,기초 화학물질 제조업,104412.0,888,한국가스안전공사,,단일 사업장
991,기후에너지환경부,코스모신소재(주),2025,사업장,기타 화학제품 제조업,33051.0,562,한국표준협회,,단일 사업장
992,기후에너지환경부,코스모화학,2025,사업장,기초 화학물질 제조업,96231.0,1673,한국표준협회,,단일 사업장
993,기후에너지환경부,코스포영남파워 주식회사,2025,업체,전기업,728069.0,14491,한국표준협회,,업체 우선
994,기후에너지환경부,코어엔텍 주식회사,2025,업체,폐기물 처리업,305028.0,1849,로이드인증원㈜,,업체 우선
995,산업통상부,코오롱글로텍(주),2025,사업장,섬유,3431.0,57,한국표준협회,,단일 사업장
996,기후에너지환경부,코오롱바스프이노폼 주식회사,2025,사업장,합성고무 및 플라스틱 물질 제조업,104981.0,1635,한국표준협회,,단일 사업장
997,기후에너지환경부,코오롱인더스트리 주식회사,2025,업체,합성고무 및 플라스틱 물질 제조업,580058.0,10152,한국표준협회,,업체 우선
998,농림축산식품부,코카콜라음료(주),2025,사업장,음료제조업,18704.0,383,한국표준협회,,단일 사업장
999,기후에너지환경부,쿠팡로지스틱스서비스 유한회사,2025,사업장,도로 화물 운송업,123630.0,2199,㈜디엔브이비즈니스어슈어런스코리아,,단일 사업장
1000,기후에너지환경부,쿠팡풀필먼트서비스 유한회사,2025,업체,보관 및 창고업,286292.0,5961,㈜디엔브이비즈니스어슈어런스코리아,,업체 우선
1001,기후에너지환경부,크나우프석고보드 주식회사,2025,업체,"시멘트, 석회, 플라스터 및 그 외 제품 제조업",84967.0,1688,(재)한국품질재단,,업체 우선
1002,산업통상부,타타대우모빌리티 주식회사,2025,사업장,자동차,16428.0,311,한국생산성본부인증원(주),,단일 사업장
1003,기후에너지환경부,태경산업(주),2025,업체,1차 철강 제조업,65495.0,1017,(주)한국경영인증원,,업체 우선
1004,기후에너지환경부,태광산업 주식회사,2025,업체,기초 화학물질 제조업,658194.0,9876,한국표준협회,,업체 우선
1005,기후에너지환경부,태림페이퍼주식회사,2025,업체,"펄프, 종이 및 판지 제조업",388348.0,6043,㈜한국품질보증원,,업체 우선
1006,기후에너지환경부,태봉광업 주식회사,2025,업체,"시멘트, 석회, 플라스터 및 그 외 제품 제조업",262895.0,643,(주)비에스아이그룹코리아,,업체 우선
1007,산업통상부,태양금속공업(주),2025,사업장,기계,21390.0,410,(주)한국경영인증원,,단일 사업장
1008,기후에너지환경부,통영시,2025,사업장,폐기물 처리업,35069.0,365,(재)한국품질재단,,단일 사업장
1009,산업통상부,통영에코파워 주식회사,2025,업체,발전에너지,1945915.0,38711,(재)한국품질재단,,업체 우선
1010,기후에너지환경부,티케이지휴켐스 주식회사,2025,업체,기초 화학물질 제조업,121664.0,1405,(재)한국화학융합시험연구원,,업체 우선
1011,기후에너지환경부,티케이케미칼,2025,업체,화학섬유 제조업,61951.0,1245,(주)한국경영인증원,,업체 우선
1012,국토교통부,파르나스호텔 주식회사,2025,사업장,건물,22900.0,472,한국표준협회,,단일 사업장
1013,산업통상부,파워마스터반도체 주식회사,2025,사업장,반도체,25189.0,376,(재)한국품질재단,,단일 사업장
1014,기후에너지환경부,파인트리포스마그네슘 주식회사,2025,사업장,금속 주조업,3068.0,64,(재)한국품질재단,,단일 사업장
1015,기후에너지환경부,파주시,2025,업체,폐기물 처리업,158598.0,1580,㈜한국품질보증원,,업체 우선
1016,기후에너지환경부,파주에너지서비스,2025,업체,전기업,3860149.0,75496,(주)한국경영인증원,,업체 우선
1017,산업통상부,파주에코에너지(주),2025,사업장,발전에너지,24466.0,0,(주)한국경영인증원,,단일 사업장
1018,기후에너지환경부,파주전기초자 주식회사,2025,사업장,유리 및 유리제품 제조업,16776.0,349,㈜디엔브이비즈니스어슈어런스코리아,,단일 사업장
1019,산업통상부,팔미금속공업(주),2025,사업장,철강,16395.0,304,한국표준협회,,단일 사업장
1020,기후에너지환경부,페이퍼코리아,2025,사업장,"펄프, 종이 및 판지 제조업",82690.0,1429,한국표준협회,,단일 사업장
1021,기후에너지환경부,평택시,2025,업체,"하수, 폐수 및 분뇨 처리업",124285.0,1899,㈜한국품질보증원,,업체 우선
1022,기후에너지환경부,평택에너지앤파워 주식회사,2025,업체,"증기, 냉ㆍ온수 및 공기 조절 공급업",1165215.0,22867,㈜디엔브이비즈니스어슈어런스코리아,,업체 우선
1023,기후에너지환경부,평화산업(주),2025,사업장,고무제품 제조업,31923.0,653,(주)한국경영인증원,,단일 사업장
1024,산업통상부,평화오일씰공업(주),2025,사업장,자동차,16830.0,350,(주)한국경영인증원,,단일 사업장
1025,기후에너지환경부,포스코스틸리온(주),2025,사업장,1차 철강 제조업,115823.0,2260,한국표준협회,,단일 사업장
1026,기후에너지환경부,포스코홀딩스 주식회사,2025,업체,1차 철강 제조업,10693.0,220,(재)한국품질재단,,업체 우선
1027,기후에너지환경부,포천민자발전 주식회사,2025,업체,전기업,1544909.0,30724,(주)한국경영인증원,,업체 우선
1028,기후에너지환경부,포천시,2025,사업장,폐기물 처리업,50097.0,623,㈜한국품질보증원,,단일 사업장
1029,기후에너지환경부,포천파워(주),2025,업체,전기업,1504534.0,29953,한국표준협회,,업체 우선
1030,기후에너지환경부,포항시,2025,업체,폐기물 처리업,157059.0,2399,㈜한국품질보증원,,업체 우선
1031,기후에너지환경부,폴리미래(주),2025,사업장,합성고무 및 플라스틱 물질 제조업,96358.0,1787,(재)한국화학융합시험연구원,,단일 사업장
1032,기후에너지환경부,피아이첨단소재 주식회사,2025,사업장,플라스틱 제품 제조업,102615.0,1775,(재)한국품질재단,,단일 사업장
1033,산업통상부,피유코어 주식회사,2025,사업장,석유화학,23205.0,531,한국표준협회,,단일 사업장
1034,기후에너지환경부,피케이씨 주식회사,2025,업체,기초 화학물질 제조업,219251.0,4368,한국표준협회,,업체 우선
1035,기후에너지환경부,하나마이크론,2025,사업장,반도체 제조업,35284.0,734,(주)한국경영인증원,,단일 사업장
1036,산업통상부,하나머티리얼즈(주),2025,사업장,반도체,26349.0,549,한국표준협회,,단일 사업장
1037,기후에너지환경부,하남시,2025,사업장,폐기물 처리업,36466.0,541,(재)한국품질재단,,단일 사업장
1038,기후에너지환경부,하이트진로(주),2025,업체,알코올 음료 제조업,106460.0,2058,(재)한국품질재단,,업체 우선
1039,기후에너지환경부,하이트진로산업(주),2025,사업장,유리 및 유리제품 제조업,30203.0,477,(주)한국경영인증원,,단일 사업장
1040,기후에너지환경부,하이호경금속 주식회사,2025,사업장,1차 비철금속 제조업,31700.0,521,㈜한국품질보증원,,단일 사업장
1041,기후에너지환경부,학교법인 가톨릭학원,2025,사업장,병원,140420.0,2868,한국표준협회,,단일 사업장
1042,기후에너지환경부,학교법인 건국대학교,2025,사업장,고등 교육기관,76282.0,1543,(주)한국경영인증원,,단일 사업장
1043,국토교통부,학교법인 경희학원,2025,업체,건물,63185.0,1298,로이드인증원㈜,,업체 우선
1044,국토교통부,학교법인 계명대학교,2025,사업장,건물,20835.0,445,(주)한국경영인증원,,단일 사업장
1045,기후에너지환경부,학교법인 고려중앙학원,2025,사업장,고등 교육기관,118477.0,2443,㈜한국품질보증원,,단일 사업장
1046,기후에너지환경부,학교법인 성균관대학,2025,사업장,고등 교육기관,71477.0,1450,(주)한국경영인증원,,단일 사업장
1047,기후에너지환경부,학교법인 연세대학교,2025,업체,고등 교육기관,207951.0,4296,(재)한국품질재단,,업체 우선
1048,국토교통부,학교법인 영남학원,2025,사업장,건물,32350.0,664,㈜한국품질보증원,,단일 사업장
1049,기후에너지환경부,학교법인 이화학당,2025,사업장,고등 교육기관,77466.0,3659,(주)한국경영인증원,,단일 사업장
1050,국토교통부,학교법인 중앙대학교,2025,사업장,건물,21390.0,440,로이드인증원㈜,,단일 사업장
1051,기후에너지환경부,학교법인 포항공과대학교,2025,사업장,고등 교육기관,83066.0,1881,㈜한국품질보증원,,단일 사업장
1052,기후에너지환경부,학교법인 한양학원,2025,사업장,고등 교육기관,84468.0,3210,(주)한국경영인증원,,단일 사업장
1053,기후에너지환경부,한국가스공사,2025,업체,연료용 가스 제조 및 배관공급업,632733.0,11979,(주)신화엔지니어링종합건축사사무소,,업체 우선
1054,기후에너지환경부,한국경남태양유전(주),2025,사업장,전자 부품 제조업,94442.0,1879,(주)한국경영인증원,,단일 사업장
1055,기후에너지환경부,한국공항공사,2025,사업장,기타 운송관련 서비스업,94882.0,1955,로이드인증원㈜,,단일 사업장
1056,국토교통부,한국과학기술연구원,2025,사업장,건물,18949.0,392,(주)한국경영인증원,,단일 사업장
1057,기후에너지환경부,한국과학기술원,2025,사업장,고등 교육기관,89299.0,1820,(주)한국경영인증원,,단일 사업장
1058,국토교통부,한국과학기술정보연구원,2025,사업장,건물,21495.0,448,(주)신화엔지니어링종합건축사사무소,,단일 사업장
1059,산업통상부,한국기초소재(주),2025,사업장,시멘트,14493.0,296,한국표준협회,,단일 사업장
1060,기후에너지환경부,한국남동발전,2025,업체,전기업,30835303.0,374575,대일이엔씨기술(주),,업체 우선
1061,기후에너지환경부,한국남부발전 주식회사,2025,업체,전기업,24407208.0,324394,(재)한국품질재단,,업체 우선
1062,기후에너지환경부,한국넥슬렌유한회사,2025,업체,합성고무 및 플라스틱 물질 제조업,104405.0,2390,한국표준협회,,업체 우선
1063,기후에너지환경부,한국니토옵티칼(주),2025,사업장,플라스틱 제품 제조업,37250.0,645,㈜디엔브이비즈니스어슈어런스코리아,,단일 사업장
1064,기후에너지환경부,한국도로공사,2025,업체,기타 운송관련 서비스업,268095.0,5384,로이드인증원㈜,,업체 우선
1065,기후에너지환경부,한국동서발전 주식회사,2025,업체,전기업,26344859.0,318110,(주)한국경영인증원,,업체 우선
1066,산업통상부,한국무브넥스(주),2025,사업장,철강,18095.0,376,한국표준협회,,단일 사업장
1067,기후에너지환경부,한국바스프 주식회사,2025,업체,기초 화학물질 제조업,624958.0,9087,(재)한국품질재단,,업체 우선
1068,국토교통부,한국방송공사,2025,사업장,건물,15693.0,329,대일이엔씨기술(주),,단일 사업장
1069,국토교통부,한국보훈복지의료공단,2025,사업장,건물,16092.0,330,한국표준협회,,단일 사업장
1070,기후에너지환경부,한국서부발전,2025,업체,전기업,27282477.0,334602,(주)신화엔지니어링종합건축사사무소,,업체 우선
1071,산업통상부,한국세큐리트(주),2025,사업장,유리,25921.0,539,(주)한국경영인증원,,단일 사업장
1072,기후에너지환경부,한국수력원자력,2025,업체,전기업,3514393.0,69728,(재)한국품질재단,,업체 우선
1073,기후에너지환경부,한국수자원공사,2025,업체,수도업,831758.0,18160,(주)한국경영인증원,,업체 우선
1074,기후에너지환경부,한국수출포장공업(주),2025,업체,"펄프, 종이 및 판지 제조업",131061.0,1885,㈜디엔브이비즈니스어슈어런스코리아,,업체 우선
1075,기후에너지환경부,한국쓰리엠(주),2025,사업장,플라스틱 제품 제조업,44869.0,918,한국표준협회,,단일 사업장
1076,기후에너지환경부,한국씨엔티(주),2025,사업장,"시멘트, 석회, 플라스터 및 그 외 제품 제조업",44831.0,879,(주)한국경영인증원,,단일 사업장
1077,산업통상부,한국알루미나(주),2025,사업장,석유화학,12534.0,234,한국표준협회,,단일 사업장
1078,기후에너지환경부,한국알콜산업(주),2025,사업장,기초 화학물질 제조업,26948.0,1356,한국생산성본부인증원(주),,단일 사업장
1079,기후에너지환경부,한국앤컴퍼니 주식회사,2025,업체,일차전지 및 축전지 제조업,86377.0,1782,(재)한국화학융합시험연구원,,업체 우선
1080,산업통상부,한국야금(주),2025,사업장,기계,16473.0,339,(주)한국경영인증원,,단일 사업장
1081,산업통상부,한국엔에스케이(주),2025,사업장,기계,17573.0,366,한국표준협회,,단일 사업장
1082,기후에너지환경부,한국엔지니어링플라스틱,2025,업체,합성고무 및 플라스틱 물질 제조업,158591.0,3170,한국표준협회,,업체 우선
1083,기후에너지환경부,한국오웬스코닝(주),2025,사업장,유리 및 유리제품 제조업,86639.0,1662,대일이엔씨기술(주),,단일 사업장
1084,국토교통부,한국원자력연구원,2025,사업장,건물,22564.0,466,로이드인증원㈜,,단일 사업장
1085,국토교통부,한국원자력의학원,2025,사업장,건물,16865.0,346,로이드인증원㈜,,단일 사업장
1086,기후에너지환경부,한국유미코아배터리머티리얼즈 유한책임회사,2025,사업장,일차전지 및 축전지 제조업,75243.0,1567,(재)한국품질재단,,단일 사업장
1087,기후에너지환경부,한국이네오스스티롤루션 주식회사,2025,사업장,합성고무 및 플라스틱 물질 제조업,76361.0,1688,(재)한국품질재단,,단일 사업장
1088,기후에너지환경부,한국전력공사,2025,업체,전기업,871887.0,8450,로이드인증원㈜,,업체 우선
1089,국토교통부,한국전자통신연구원,2025,사업장,건물,21766.0,451,대일이엔씨기술(주),,단일 사업장
1090,기후에너지환경부,한국제강 주식회사,2025,업체,1차 철강 제조업,211190.0,3949,한국표준협회,,업체 우선
1091,기후에너지환경부,한국제지 주식회사,2025,업체,"펄프, 종이 및 판지 제조업",312352.0,5802,(재)한국품질재단,,업체 우선
1092,기후에너지환경부,한국주철관공업(주),2025,사업장,1차 철강 제조업,53883.0,710,한국표준협회,,단일 사업장
1093,기후에너지환경부,한국중부발전,2025,업체,전기업,28063372.0,337505,(재)한국품질재단,,업체 우선
1094,기후에너지환경부,한국지엠 주식회사,2025,업체,자동차용 엔진 및 자동차 제조업,230705.0,4693,한국표준협회,,업체 우선
1095,기후에너지환경부,한국지역난방공사,2025,업체,"증기, 냉ㆍ온수 및 공기 조절 공급업",6871430.0,140247,(주)신화엔지니어링종합건축사사무소,,업체 우선
1096,기후에너지환경부,한국철강,2025,업체,1차 철강 제조업,280244.0,4927,(주)한국경영인증원,,업체 우선
1097,기후에너지환경부,한국철도공사,2025,업체,철도 운송업,1528744.0,30580,지속가능인증원주식회사,,업체 우선
1098,기후에너지환경부,한국타이어앤테크놀로지(주),2025,업체,고무제품 제조업,365965.0,8140,(재)한국품질재단,,업체 우선
1099,기후에너지환경부,한국토지주택공사,2025,업체,"증기, 냉ㆍ온수 및 공기 조절 공급업",257370.0,5139,㈜디엔브이비즈니스어슈어런스코리아,,업체 우선
1100,국토교통부,한국표준과학연구원,2025,사업장,건물,23903.0,492,(주)신화엔지니어링종합건축사사무소,,단일 사업장
1101,농림축산식품부,한국필립모리스(주),2025,사업장,담배제조업,7415.0,439,한국표준협회,,단일 사업장
1102,기후에너지환경부,한국항공우주산업(주),2025,사업장,"항공기, 우주선 및 부품 제조업",71499.0,1495,(주)신화엔지니어링종합건축사사무소,,단일 사업장
1103,국토교통부,한국핵융합에너지연구원,2025,사업장,건물,22483.0,469,(주)신화엔지니어링종합건축사사무소,,단일 사업장
1104,해양수산부,한국허치슨터미널(주),2025,사업장,항만,15600.0,286,(주)한국경영인증원,,단일 사업장
1105,기후에너지환경부,한국환경개발(주),2025,사업장,폐기물 처리업,56936.0,486,(주)한국경영인증원,,단일 사업장
1106,기후에너지환경부,한라시멘트주식회사,2025,업체,"시멘트, 석회, 플라스터 및 그 외 제품 제조업",3754247.0,21593,한국표준협회,,업체 우선
1107,기후에너지환경부,한맥테코산업㈜,2025,사업장,폐기물 처리업,37661.0,21,㈜한국품질보증원,,단일 사업장
1108,국토교통부,한무쇼핑 주식회사,2025,업체,건물,62438.0,1314,한국표준협회,,업체 우선
1109,기후에너지환경부,한미약품(주),2025,사업장,의약품 제조업,68426.0,1366,(주)한국경영인증원,,단일 사업장
1110,산업통상부,한미정밀화학(주),2025,사업장,석유화학,11609.0,269,(주)한국경영인증원,,단일 사업장
1111,국토교통부,한성운수(주),2025,사업장,교통(여객),16166.0,309,(주)한국경영인증원,,단일 사업장
1112,산업통상부,한세모빌리티 주식회사,2025,사업장,자동차,22304.0,461,㈜한국품질보증원,,단일 사업장
1113,기후에너지환경부,한세이프에너지(주),2025,사업장,폐기물 처리업,48690.0,48,(재)한국품질재단,,단일 사업장
1114,기후에너지환경부,한솔제지,2025,업체,"펄프, 종이 및 판지 제조업",891798.0,16614,(주)한국경영인증원,,업체 우선
1115,기후에너지환경부,한솔페이퍼텍주식회사,2025,사업장,"펄프, 종이 및 판지 제조업",123415.0,1110,(주)한국경영인증원,,단일 사업장
1116,기후에너지환경부,한온시스템 주식회사,2025,사업장,자동차 신품 부품 제조업,62409.0,1310,㈜디엔브이비즈니스어슈어런스코리아,,단일 사업장
1117,산업통상부,한융금속(주),2025,사업장,비철금속,11981.0,195,(주)한국경영인증원,,단일 사업장
1118,기후에너지환경부,한일시멘트 주식회사,2025,업체,"시멘트, 석회, 플라스터 및 그 외 제품 제조업",6178096.0,41976,한국표준협회,,업체 우선
1119,기후에너지환경부,한일제관(주),2025,사업장,기타 금속 가공제품 제조업,51359.0,1041,(주)한국경영인증원,,단일 사업장
1120,산업통상부,한일캔 주식회사,2025,사업장,기계,21520.0,422,(주)한국경영인증원,,단일 사업장
1121,산업통상부,한전원자력연료 주식회사,2025,사업장,석유화학,23112.0,479,한국표준협회,,단일 사업장
1122,산업통상부,한주라이트메탈 주식회사,2025,사업장,비철금속,20089.0,411,(재)한국품질재단,,단일 사업장
1123,기후에너지환경부,한진부산컨테이너터미널,2025,사업장,기타 운송관련 서비스업,30402.0,608,(주)한국경영인증원,,단일 사업장
1124,기후에너지환경부,한화솔루션 주식회사,2025,업체,기초 화학물질 제조업,2602004.0,50343,㈜디엔브이비즈니스어슈어런스코리아,,업체 우선
1125,기후에너지환경부,한화에너지주식회사,2025,업체,"증기, 냉ㆍ온수 및 공기 조절 공급업",4921270.0,55290,한국표준협회,,업체 우선
1126,기후에너지환경부,한화에어로스페이스 주식회사,2025,사업장,무기 및 총포탄 제조업,121740.0,2366,㈜디엔브이비즈니스어슈어런스코리아,,단일 사업장
1127,기후에너지환경부,한화엔진 주식회사,2025,사업장,일반 목적용 기계 제조업,44982.0,760,㈜디엔브이비즈니스어슈어런스코리아,,단일 사업장
1128,기후에너지환경부,한화오션(주),2025,업체,선박 및 보트 건조업,437734.0,7953,㈜디엔브이비즈니스어슈어런스코리아,,업체 우선
1129,산업통상부,한화오션에코텍(주),2025,사업장,조선,15414.0,248,(주)한국경영인증원,,단일 사업장
1130,기후에너지환경부,한화임팩트 주식회사,2025,업체,기초 화학물질 제조업,506609.0,8841,㈜디엔브이비즈니스어슈어런스코리아,,업체 우선
1131,산업통상부,한화첨단소재,2025,사업장,석유화학,33762.0,692,(재)한국품질재단,,단일 사업장
1132,기후에너지환경부,한화토탈에너지스 주식회사,2025,업체,기초 화학물질 제조업,4538806.0,102695,(주)한국경영인증원,,업체 우선
1133,국토교통부,한화호텔앤드리조트 주식회사,2025,업체,건물,50586.0,1015,한국표준협회,,업체 우선
1134,기후에너지환경부,한황산업주식회사,2025,사업장,자동차 신품 부품 제조업,37920.0,710,㈜한국품질보증원,,단일 사업장
1135,기후에너지환경부,해성디에스 주식회사,2025,사업장,반도체 제조업,66734.0,1487,(주)비에스아이그룹코리아,,단일 사업장
1136,농림축산식품부,해태에이치티비(주),2025,사업장,음료제조업,13585.0,453,한국표준협회,,단일 사업장
1137,기후에너지환경부,핸즈식스주식회사,2025,사업장,자동차 신품 부품 제조업,70049.0,1433,(주)한국경영인증원,,단일 사업장
1138,기후에너지환경부,핸즈코퍼레이션주식회사,2025,사업장,자동차 신품 부품 제조업,63390.0,1290,(재)한국품질재단,,단일 사업장
1139,기후에너지환경부,허드슨첨단소재코리아 주식회사,2025,사업장,일차전지 및 축전지 제조업,45997.0,762,(재)한국품질재단,,단일 사업장
1140,국토교통부,현대건설(주),2025,업체,건설,88670.0,1757,로이드인증원㈜,,업체 우선
1141,기후에너지환경부,현대글로비스(주),2025,사업장,도로 화물 운송업,79280.0,1196,한국표준협회,,단일 사업장
1142,산업통상부,현대로템 주식회사,2025,사업장,기계,20818.0,429,(주)한국경영인증원,,단일 사업장
1143,기후에너지환경부,현대모비스(주),2025,업체,자동차 신품 부품 제조업,101238.0,2089,(주)한국경영인증원,,업체 우선
1144,기후에너지환경부,현대비앤지스틸(주),2025,사업장,1차 철강 제조업,64871.0,1420,㈜디엔브이비즈니스어슈어런스코리아,,단일 사업장
1145,기후에너지환경부,현대석회(주),2025,사업장,"시멘트, 석회, 플라스터 및 그 외 제품 제조업",90375.0,245,(주)한국경영인증원,,단일 사업장
1146,기후에너지환경부,현대성우쏠라이트 주식회사,2025,사업장,일차전지 및 축전지 제조업,40729.0,839,로이드인증원㈜,,단일 사업장
1147,기후에너지환경부,현대성우캐스팅 주식회사,2025,업체,자동차 신품 부품 제조업,195238.0,3800,(재)한국품질재단,,업체 우선
1148,기후에너지환경부,현대스틸파이프 주식회사,2025,사업장,1차 철강 제조업,35308.0,717,로이드인증원㈜,,단일 사업장
1149,기후에너지환경부,현대아이에프씨 주식회사,2025,업체,1차 철강 제조업,232096.0,4292,로이드인증원㈜,,업체 우선
1150,국토교통부,현대엔지니어링(주),2025,사업장,건설,31489.0,628,로이드인증원㈜,,단일 사업장
1151,산업통상부,현대오토에버 주식회사,2025,사업장,통신,19837.0,414,(주)한국경영인증원,,단일 사업장
1152,기후에너지환경부,현대위아 주식회사,2025,업체,자동차 신품 부품 제조업,90046.0,1874,(주)한국경영인증원,,업체 우선
1153,기후에너지환경부,현대자동차 주식회사,2025,업체,자동차용 엔진 및 자동차 제조업,1564214.0,32367,㈜디엔브이비즈니스어슈어런스코리아,,업체 우선
1154,기후에너지환경부,현대제철 주식회사,2025,업체,1차 철강 제조업,28011895.0,153016,㈜디엔브이비즈니스어슈어런스코리아,,업체 우선
1155,산업통상부,현대종합금속(주),2025,사업장,기계,18568.0,381,로이드인증원㈜,,단일 사업장
1156,기후에너지환경부,현대종합특수강 주식회사,2025,사업장,1차 철강 제조업,43700.0,881,한국표준협회,,단일 사업장
1157,기후에너지환경부,현대트랜시스 주식회사,2025,업체,자동차 신품 부품 제조업,200208.0,4144,㈜디엔브이비즈니스어슈어런스코리아,,업체 우선
1158,산업통상부,현우산업(주),2025,사업장,전기전자,14595.0,303,한국표준협회,,단일 사업장
1159,산업통상부,호스트웨이아이디씨(주),2025,사업장,통신,16196.0,338,로이드인증원㈜,,단일 사업장
1160,기후에너지환경부,홈플러스 주식회사,2025,업체,종합 소매업,363890.0,7412,로이드인증원㈜,,업체 우선
1161,기후에너지환경부,홍덕산업(주),2025,사업장,1차 철강 제조업,47828.0,1084,한국생산성본부인증원(주),,단일 사업장
1162,기후에너지환경부,홍천군,2025,사업장,폐기물,12602.0,87,(재)한국품질재단,,단일 사업장
1163,기후에너지환경부,화성시,2025,사업장,폐기물 처리업,140913.0,1413,㈜한국품질보증원,,단일 사업장
1164,국토교통부,화영운수(주),2025,사업장,교통(여객),18099.0,312,한국표준협회,,단일 사업장
1165,기후에너지환경부,화천군,2025,사업장,폐기물,14015.0,28,(재)한국품질재단,,단일 사업장
1166,기후에너지환경부,환영철강공업,2025,업체,1차 철강 제조업,203092.0,3717,㈜한국품질보증원,,업체 우선
1167,기후에너지환경부,효성네오켐 주식회사,2025,사업장,기초 화학물질 제조업,102776.0,2174,㈜디엔브이비즈니스어슈어런스코리아,,단일 사업장
1168,기후에너지환경부,효성중공업 주식회사,2025,사업장,"전동기, 발전기 및 전기 변환ㆍ공급ㆍ제어 장치 제조업",56969.0,1193,㈜디엔브이비즈니스어슈어런스코리아,,단일 사업장
1169,기후에너지환경부,효성티앤씨 주식회사,2025,업체,화학섬유 제조업,241823.0,5352,㈜디엔브이비즈니스어슈어런스코리아,,업체 우선
1170,기후에너지환경부,효성화학 주식회사,2025,업체,기초 화학물질 제조업,478993.0,10672,㈜디엔브이비즈니스어슈어런스코리아,,업체 우선
1171,국토교통부,휘닉스중앙 주식회사,2025,사업장,건물,20435.0,410,(주)한국경영인증원,,단일 사업장
1172,기후에너지환경부,휴비스,2025,업체,화학섬유 제조업,404326.0,5816,한국표준협회,,업체 우선
1173,산업통상부,희성촉매(주),2025,사업장,석유화학,26637.0,546,한국표준협회,,단일 사업장
