NO,기업명,기업코드,ESG등급,환경,사회,지배구조,평가년도,ESG 등급조정,환경 등급조정,사회 등급조정,지배구조 등급조정,
12081,AJ네트웍스,095570,미공개,미공개,미공개,C,2016,,,,,
12080,AJ네트웍스,095570,미공개,미공개,미공개,B,2017,,,,,
12079,AJ네트웍스,095570,미공개,미공개,미공개,C,2018,,,,,
12078,AJ네트웍스,095570,B,미공개,B,B,2019,,,,,
12077,AJ네트웍스,095570,B,D,B,B,2020,,,,,
12076,AJ네트웍스,095570,B,D,B,B,2021,,,,,
12075,AJ네트웍스,095570,B+,C,B+,B+,2022,,,,,
12074,AJ네트웍스,095570,B+,C,A,B+,2023,,,,,
12073,AJ네트웍스,095570,B+,C,A,B+,2024,,,,,
12072,AJ네트웍스,095570,B+,C,A,A,2025,,,,,
12071,AJ렌터카,068400,미공개,미공개,미공개,C,2014,,,,,
12070,AJ렌터카,068400,미공개,미공개,미공개,C,2015,,,,,
12069,AJ렌터카,068400,미공개,미공개,미공개,C,2016,,,,,
12068,AJ렌터카,068400,미공개,미공개,미공개,C,2017,,,,,
12067,AJ렌터카,068400,미공개,B+,미공개,B,2018,,,,,
12066,AJ렌터카,068400,미공개,B,B,C,2019,,,,,
12065,AK홀딩스,006840,미공개,B+,미공개,미공개,2012,,,,,
12064,AK홀딩스,006840,미공개,미공개,미공개,C,2013,,,,,
12063,AK홀딩스,006840,미공개,미공개,미공개,C,2014,,,,,
12062,AK홀딩스,006840,미공개,미공개,미공개,C,2015,통합 등급조정(2016.5),,사회 등급조정(2016.5),,
12061,AK홀딩스,006840,미공개,미공개,미공개,B,2016,,,사회 등급조정(2016.8),,
12060,AK홀딩스,006840,미공개,미공개,미공개,B,2017,,,,,
12059,AK홀딩스,006840,미공개,미공개,미공개,C,2018,,,,,
12058,AK홀딩스,006840,B,미공개,B,B,2019,,,,,
12057,AK홀딩스,006840,B+,C,B+,B+,2020,,,,,
12056,AK홀딩스,006840,B+,B,B+,B+,2021,,,,,
12055,AK홀딩스,006840,B+,B,A,B,2022,,,,,
12054,AK홀딩스,006840,A,A,A+,B+,2023,,,,,
12053,AK홀딩스,006840,A,A,A+,B+,2024,,,,,
12052,AK홀딩스,006840,A,A,A+,B+,2025,,,,,
12051,AP시스템,265520,미공개,미공개,미공개,B,2019,,,,,
12050,AP시스템,265520,D,D,D,C,2021,,,,,
12049,AP시스템,265520,D,D,C,C,2022,,,,,
12048,BGF,027410,미공개,미공개,B+,B,2016,,,,,
12047,BGF,027410,미공개,미공개,A,B,2017,,,,,
12046,BGF,027410,B,미공개,A,B,2019,,,,,
12045,BGF,027410,B+,B,A,B+,2020,,,,,
12044,BGF,027410,A,A,A+,A,2021,,,,,
12043,BGF,027410,B+,A,A+,B,2022,,,,,
12042,BGF,027410,A,A,A+,B+,2023,,,,,
12041,BGF,027410,A,A,A+,B+,2024,,,,,
12040,BGF,027410,A,A,A+,B+,2025,,,,,
12039,BGF리테일,282330,B,미공개,B+,B+,2019,통합 등급조정(2020.4),,사회 등급조정(2020.4),,
12038,BGF리테일,282330,A,B+,B+,A,2020,,,사회 등급조정(2020.10),,
12037,BGF리테일,282330,A,A,A+,A,2021,,,,,
12036,BGF리테일,282330,A,A,A+,A,2022,,,,,
12035,BGF리테일,282330,A,A,A+,A,2023,,,,,
12034,BGF리테일,282330,A,A,A+,A,2024,,,,,
12033,BGF리테일,282330,A+,A+,A+,A,2025,,,,,
12032,BGF에코머티리얼즈,126600,B,B,B,B,2024,,,,,
12031,BGF에코머티리얼즈,126600,B,B,B,B,2025,,,,,
12030,BNK금융지주,138930,A,미공개,A,A+,2012,,,,,
12029,BNK금융지주,138930,B+,미공개,A,A,2013,,,,,
12028,BNK금융지주,138930,A,미공개,A,A+,2014,,,,,
12027,BNK금융지주,138930,A,미공개,A,A+,2015,,,,,
12026,BNK금융지주,138930,A,미공개,B+,A+,2016,,,,,
12025,BNK금융지주,138930,B+,B+,A,B,2017,통합 등급조정(2017.8),,,지배구조 등급조정(2017.8),
12024,BNK금융지주,138930,B+,미공개,B+,미공개,2018,,,사회 등급조정(2018.10),,
12023,BNK금융지주,138930,A+,B+,A+,A+,2019,,,,,
12022,BNK금융지주,138930,A+,B+,A+,A+,2020,,,,,
12021,BNK금융지주,138930,A+,A,A+,A+,2021,,,,,
12020,BNK금융지주,138930,A,A,A,A,2022,,,,,
12019,BNK금융지주,138930,A,A,A+,A,2023,,,,,
12018,BNK금융지주,138930,A,A+,A+,A,2024,,,,,
12017,BNK금융지주,138930,A,A+,A+,A,2025,,,,,
12016,BNK캐피탈,801190,등급없음,등급없음,등급없음,B+,2020,,,,,
12015,BNK캐피탈,801190,등급없음,등급없음,등급없음,B+,2021,,,,,
12014,BNK캐피탈,801190,등급없음,등급없음,등급없음,B+,2022,,,,,
12013,BNK캐피탈,801190,등급없음,등급없음,등급없음,B+,2023,,,,,
12012,BNK캐피탈,801190,등급없음,등급없음,등급없음,B,2024,,,,,
12011,BNK캐피탈,801190,등급없음,등급없음,등급없음,B+,2025,,,,,
12010,BNK투자증권,014876,등급없음,등급없음,등급없음,B+,2025,,,,,
12009,BYC,001460,미공개,미공개,미공개,미공개,2012,,,,,
12008,BYC,001460,미공개,미공개,미공개,B,2013,,,,,
12007,BYC,001460,미공개,미공개,미공개,C,2014,,,,,
12006,BYC,001460,미공개,미공개,미공개,C,2015,,,,,
12005,BYC,001460,미공개,미공개,미공개,C,2016,,,,,
12004,BYC,001460,미공개,미공개,미공개,B,2017,,,,,
12003,BYC,001460,미공개,미공개,미공개,B+,2018,,,,,
12002,BYC,001460,B,미공개,B+,B+,2019,,,,,
12001,BYC,001460,B,D,B,B+,2020,,,,,
12000,BYC,001460,B,D,B,B+,2021,,,,,
11999,BYC,001460,D,D,D,D,2022,,,,,
11998,BYC,001460,D,D,D,D,2023,,,,,
11997,BYC,001460,D,D,D,C,2024,,,,,
11996,BYC,001460,D,D,D,C,2025,,,,,
11995,CJ,001040,미공개,미공개,미공개,미공개,2012,,,,,
11994,CJ,001040,B+,미공개,A,B,2013,,,,,
11993,CJ,001040,B+,B+,A,B,2014,,,,,
11992,CJ,001040,B+,B+,A,B,2015,,,,지배구조 등급조정(2016.2),
11991,CJ,001040,B+,B+,A,B+,2016,,,,,
11990,CJ,001040,A,미공개,A,A,2017,,,,,
11989,CJ,001040,A,미공개,A+,A,2018,,,,,
11988,CJ,001040,A,B,A+,A,2019,,,,,
11987,CJ,001040,A,B,A,A,2020,,,,,
11986,CJ,001040,A,B+,A+,A,2021,,,,,
11985,CJ,001040,B+,B+,A,B+,2022,,,,,
11984,CJ,001040,A,A,A+,B+,2023,,,,,
11983,CJ,001040,A,A,A+,A,2024,,,,,
11982,CJ,001040,B+,A,A+,B,2025,통합 등급조정(2025.11.),,,지배구조 등급조정(2025.11.),
11981,CJ CGV,079160,미공개,미공개,미공개,미공개,2012,,,,,
11980,CJ CGV,079160,미공개,미공개,미공개,B,2013,,,,,
11979,CJ CGV,079160,미공개,미공개,B+,C,2014,,,,,
11978,CJ CGV,079160,미공개,미공개,미공개,B,2015,,,사회 등급조정(2015.8),,
11977,CJ CGV,079160,미공개,미공개,B+,C,2016,,,,지배구조 등급조정(2017.2),
11976,CJ CGV,079160,미공개,미공개,B+,B+,2017,,,,,
11975,CJ CGV,079160,B+,미공개,B+,A,2018,,,,,
11974,CJ CGV,079160,B+,B,B+,A,2019,,,,,
11973,CJ CGV,079160,A,B,A,A,2020,,,,,
11972,CJ CGV,079160,A,B,A,A,2021,,,,,
11971,CJ CGV,079160,B+,B,B+,B+,2022,,,,,
11970,CJ CGV,079160,A,A,A+,B+,2023,,,,,
11969,CJ CGV,079160,A,A+,A+,A,2024,,,,,
11968,CJ CGV,079160,B+,A+,A+,B,2025,통합 등급조정(2025.11.),,,지배구조 등급조정(2025.11.),
11967,CJ ENM,035760,B,미공개,B+,B+,2019,,,,,
11966,CJ ENM,035760,B+,C,A,A,2020,,,,,
11965,CJ ENM,035760,A,B,A+,A,2021,,,,,
11964,CJ ENM,035760,B+,B+,A,B,2022,,,,,
11963,CJ ENM,035760,B+,B+,A+,B,2023,,,,,
11962,CJ ENM,035760,A,B+,A+,B+,2024,,,,,
11961,CJ ENM,035760,B+,B+,A+,B,2025,,,,,
11960,CJ 바이오사이언스,311690,C,D,C,B,2023,,,,,
11959,CJ 바이오사이언스,311690,B+,C,B+,B+,2024,,,,,
11958,CJ 바이오사이언스,311690,B+,B,B+,B+,2025,,,,,
11957,CJ대한통운,000120,미공개,미공개,B+,미공개,2012,,,,,
11956,CJ대한통운,000120,B+,B+,A,B+,2013,,,,,
11955,CJ대한통운,000120,B+,B+,A,B+,2014,,,,,
11954,CJ대한통운,000120,B+,B+,B+,B+,2015,,,,,
11953,CJ대한통운,000120,A,A,A,B+,2016,,,,,
11952,CJ대한통운,000120,B+,A,B+,B+,2017,,,사회 등급조정(2017.8),,
11951,CJ대한통운,000120,B+,A,B+,B+,2018,통합 등급조정(2018.10),,사회 등급조정(2018.10),,
11950,CJ대한통운,000120,B+,A,B+,B+,2019,,,,,
11949,CJ대한통운,000120,A,A,B,A,2020,,,"사회 등급조정(2020.10, 2021.1)",,
11948,CJ대한통운,000120,A,A,A+,A,2021,,,,,
11947,CJ대한통운,000120,B+,B+,A+,B,2022,,,,,
11946,CJ대한통운,000120,A,A,A+,B+,2023,,,,,
11945,CJ대한통운,000120,A,A,A+,B+,2024,,,,,
11944,CJ대한통운,000120,B,A,A+,C,2025,통합 등급조정(2025.11.),,,지배구조 등급조정(2025.11.),
11943,CJ씨푸드,011150,미공개,미공개,미공개,미공개,2012,,,,,
11942,CJ씨푸드,011150,미공개,미공개,미공개,C,2013,,,,,
11941,CJ씨푸드,011150,미공개,미공개,미공개,B,2014,,,,,
11940,CJ씨푸드,011150,미공개,B+,미공개,B,2015,,,,,
11939,CJ씨푸드,011150,미공개,미공개,미공개,B,2016,,,,,
11938,CJ씨푸드,011150,미공개,미공개,미공개,B,2017,,,,,
11937,CJ씨푸드,011150,미공개,미공개,B+,B,2018,,,,,
11936,CJ씨푸드,011150,미공개,미공개,미공개,B+,2019,,,,,
11935,CJ씨푸드,011150,B,C,B+,B+,2020,,,,,
11934,CJ씨푸드,011150,B,C,B+,B+,2021,,,,,
11933,CJ씨푸드,011150,B,C,B,B,2022,,,,,
11932,CJ씨푸드,011150,B+,B+,A,B,2023,,,,,
11931,CJ씨푸드,011150,B+,A,A,B,2024,,,,,
11930,CJ씨푸드,011150,B+,A,A,B,2025,,,,,
11929,CJ제일제당,097950,B+,B+,미공개,B+,2012,,,,,
11928,CJ제일제당,097950,B+,A,A,B,2013,,,,,
11927,CJ제일제당,097950,B+,A,A,B,2014,,,,,
11926,CJ제일제당,097950,B+,A,B+,B,2015,,,,지배구조 등급조정(2016.2),
11925,CJ제일제당,097950,B+,A,B+,B,2016,,,사회 등급조정(2017.2),,
11924,CJ제일제당,097950,A,A,A,B+,2017,,,,,
11923,CJ제일제당,097950,A,A,A+,B+,2018,,,,,
11922,CJ제일제당,097950,A,A,A+,A,2019,,,,,
11921,CJ제일제당,097950,A,A,A+,A,2020,,,,,
11920,CJ제일제당,097950,A,A,A+,A,2021,,,,,
11919,CJ제일제당,097950,A,A,A,B+,2022,,,,,
11918,CJ제일제당,097950,A,A,A+,A,2023,,,,,
11917,CJ제일제당,097950,A,A,A,B+,2024,,,,,
11916,CJ제일제당,097950,A,A,A,A,2025,,,사회 등급조정(2026.04.),,
11915,CJ프레시웨이,051500,A,B,A,A,2019,,,,,
11914,CJ프레시웨이,051500,A,B,A+,A,2020,,,,,
11913,CJ프레시웨이,051500,A,B,A,A,2021,,,,,
11912,CJ프레시웨이,051500,A,B,A,A,2022,,,,,
11911,CJ프레시웨이,051500,A,B+,A+,A,2023,,,,,
11910,CJ프레시웨이,051500,A,A,A,B+,2024,,,,지배구조 등급조정(2024.10.),
11909,CJ프레시웨이,051500,A,A,A+,B+,2025,,,,,
11908,CJ헬로,037560,미공개,미공개,미공개,B+,2014,,,,,
11907,CJ헬로,037560,미공개,미공개,미공개,B,2015,,,,,
11906,CJ헬로,037560,미공개,미공개,미공개,C,2016,,,사회 등급조정(2017.2),지배구조 등급조정(2017.2),
11905,CJ헬로,037560,미공개,미공개,B+,B+,2017,,,,,
11904,CJ헬로,037560,B+,미공개,B+,A,2018,,,,,
11903,CJ헬로,037560,B+,미공개,B+,B+,2019,,,,,
11902,CMG제약,058820,미공개,미공개,미공개,C,2019,,,,,
11901,CMG제약,058820,C,D,B,C,2020,,,,,
11900,CMG제약,058820,C,D,C,C,2021,,,,,
11899,CMG제약,058820,D,D,D,D,2022,,,,,
11898,CS홀딩스,000590,미공개,미공개,미공개,미공개,2012,,,,,
11897,CS홀딩스,000590,미공개,미공개,미공개,C,2013,,,,,
11896,CS홀딩스,000590,미공개,미공개,미공개,C,2014,,,,,
11895,CS홀딩스,000590,미공개,미공개,미공개,B,2015,,,,,
11894,CS홀딩스,000590,미공개,미공개,미공개,C,2016,,,,,
11893,CS홀딩스,000590,미공개,미공개,미공개,B,2017,,,,,
11892,CS홀딩스,000590,미공개,미공개,미공개,B,2018,,,,,
11891,CS홀딩스,000590,미공개,미공개,미공개,B,2019,,,,,
11890,CS홀딩스,000590,C,D,C,B,2020,,,,,
11889,CS홀딩스,000590,B,D,C,B+,2021,,,,,
11888,CS홀딩스,000590,C,D,D,B,2022,,,,,
11887,CS홀딩스,000590,C,D,D,B,2023,,,,,
11886,CS홀딩스,000590,C,D,D,B,2024,,,,,
11885,CS홀딩스,000590,C,D,D,B,2025,,,,,
11884,DB,012030,미공개,미공개,미공개,미공개,2012,,,,,
11883,DB,012030,미공개,미공개,미공개,B,2013,,,,,
11882,DB,012030,미공개,미공개,미공개,B,2014,,,,,
11881,DB,012030,미공개,미공개,미공개,C,2015,,,,,
11880,DB,012030,미공개,미공개,미공개,C,2016,,,,,
11879,DB,012030,미공개,미공개,미공개,B,2017,,,,,
11878,DB,012030,미공개,미공개,미공개,B,2018,,,,,
11877,DB,012030,B,미공개,B,B,2019,,,,,
11876,DB,012030,B,D,B,B,2020,,,,,
11875,DB,012030,B,D,B+,B+,2021,,,,,
11874,DB,012030,B,D,B,B+,2022,,,,,
11873,DB,012030,C,D,B,C,2023,,,,,
11872,DB,012030,C,D,B,C,2024,,,,,
11871,DB,012030,C,D,B,D,2025,,,,지배구조 등급조정(2026.04.),
11870,DB금융투자,016610,미공개,미공개,B+,미공개,2012,,,,,
11869,DB금융투자,016610,미공개,미공개,미공개,C,2013,,,,,
11868,DB금융투자,016610,미공개,미공개,미공개,B,2014,,,,,
11867,DB금융투자,016610,B+,미공개,미공개,A,2015,,,,,
11866,DB금융투자,016610,미공개,미공개,미공개,B+,2016,,,,,
11865,DB금융투자,016610,B+,미공개,미공개,A,2017,,,사회 등급조정(2018.3),,
11864,DB금융투자,016610,미공개,미공개,미공개,미공개,2018,,,,,
11863,DB금융투자,016610,B,미공개,B+,B,2019,,,,,
11862,DB금융투자,016610,B,D,A,B,2020,,,,,
11861,DB금융투자,016610,B,D,B+,B,2021,,,,,
11860,DB금융투자,016610,B,C,B,B,2022,,,,,
11859,DB금융투자,016610,B,C,B,B+,2023,,,,,
11858,DB생명보험,818158,등급없음,등급없음,등급없음,B,2019,,,,,
11857,DB생명보험,818158,등급없음,등급없음,등급없음,B+,2020,,,,,
11856,DB생명보험,818158,등급없음,등급없음,등급없음,B+,2021,,,,,
11855,DB생명보험,818158,등급없음,등급없음,등급없음,B+,2022,,,,,
11854,DB생명보험,818158,등급없음,등급없음,등급없음,B+,2023,,,,,
11853,DB생명보험,818158,등급없음,등급없음,등급없음,B+,2024,,,,,
11852,DB생명보험,818158,등급없음,등급없음,등급없음,B,2025,,,,,
11851,DB손해보험,005830,B+,B+,A,B+,2012,,,,,
11850,DB손해보험,005830,B+,B+,B+,B+,2013,,,,,
11849,DB손해보험,005830,A,B+,B+,A+,2014,,,,,
11848,DB손해보험,005830,A,B+,A,A,2015,,,,,
11847,DB손해보험,005830,A,B+,A,A+,2016,,,,,
11846,DB손해보험,005830,A,B+,A,A,2017,,,,,
11845,DB손해보험,005830,B+,A,A,미공개,2018,,,,,
11844,DB손해보험,005830,B+,A,A,B+,2019,,,,,
11843,DB손해보험,005830,B+,A,A,B+,2020,,,,,
11842,DB손해보험,005830,A,A,A+,B+,2021,,,,,
11841,DB손해보험,005830,B+,B+,A,B+,2022,,,,,
11840,DB손해보험,005830,B+,B+,A,B+,2023,,,,,
11839,DB손해보험,005830,B+,A,A,B+,2024,,,,,
11838,DB손해보험,005830,B+,A,A,B+,2025,,,,,
11837,DB증권,016610,B,C,C,B+,2024,,,,,
11836,DB증권,016610,C,C,B+,C,2025,,,,,
11835,DB하이텍,000990,미공개,B+,미공개,미공개,2012,,,,,
11834,DB하이텍,000990,B+,B+,미공개,B+,2013,,,,,
11833,DB하이텍,000990,미공개,미공개,B+,B,2014,,,,,
11832,DB하이텍,000990,미공개,B+,B+,C,2015,,,,,
11831,DB하이텍,000990,B+,B+,B+,B,2016,,,,,
11830,DB하이텍,000990,미공개,B+,B+,C,2017,,,,,
11829,DB하이텍,000990,B+,B+,B+,B,2018,,,,,
11828,DB하이텍,000990,B+,B+,A,B+,2019,,,,,
11827,DB하이텍,000990,B+,B+,A,B+,2020,,,,,
11826,DB하이텍,000990,A,A,A,A,2021,,,,,
11825,DB하이텍,000990,B,B,B+,B,2022,,,,,
11824,DB하이텍,000990,B+,A,A,B,2023,,,,,
11823,DB하이텍,000990,C,B+,A,D,2024,,,,,
11822,DB하이텍,000990,B+,B+,A,B+,2025,,,,,
11821,DGB금융지주,139130,B+,B+,미공개,A,2012,,,,,
11820,DGB금융지주,139130,B+,B+,미공개,A,2013,,,,,
11819,DGB금융지주,139130,A,A,A,A,2014,,,,,
11818,DGB금융지주,139130,A,A,B+,A+,2015,,,,,
11817,DGB금융지주,139130,A+,A,A+,A+,2016,,,,,
11816,DGB금융지주,139130,A,A,A,A,2017,,,,,
11815,DGB금융지주,139130,B+,A,B+,미공개,2018,,,사회 등급조정(2018.10),,
11814,DGB금융지주,139130,B+,A,A,B+,2019,,,,,
11813,DGB금융지주,139130,A+,A,A+,A+,2020,,,,,
11812,DGB금융지주,139130,A+,A,A+,A+,2021,,,,,
11811,DGB금융지주,139130,A,A+,A+,A,2022,,,,,
11810,DGB금융지주,139130,A,A+,A,A,2023,,,사회 등급조정(2024.07.),,
11809,DGB생명보험,813363,등급없음,등급없음,등급없음,B+,2019,,,,,
11808,DGB생명보험,813363,등급없음,등급없음,등급없음,A,2020,,,,,
11807,DGB생명보험,813363,등급없음,등급없음,등급없음,B+,2021,,,,,
11806,DGB생명보험,813363,등급없음,등급없음,등급없음,B+,2022,,,,,
11805,DGB생명보험,813363,등급없음,등급없음,등급없음,B+,2023,,,,,
11804,DGB생명보험,813363,등급없음,등급없음,등급없음,B+,2024,,,,,
11803,DH오토넥스,000300,D,C,D,D,2023,,,,,
11802,DH오토넥스,000300,D,D,D,D,2025,,,,,
11801,DKME,015590,D,C,D,D,2025,,,,,
11800,DL,000210,A,A+,A+,B+,2021,통합 등급조정(2021.10),,,지배구조 등급조정(2021.10),
11799,DL,000210,A,A,A+,A,2022,,,,,
11798,DL,000210,A,A,A,A,2023,,,,,
11797,DL,000210,A,A,A+,A,2024,,,사회 등급조정(2025.01.),,
11796,DL,000210,A,A+,A,A,2025,,,사회 등급조정(2026.01.),,
11795,DL건설,001880,B+,B+,A,B+,2021,,,,,
11794,DL건설,001880,A,A,A,B+,2022,,,,,
11793,DL건설,001880,A,A,A+,B+,2023,,,,,
11792,DL이앤씨,375500,A,A,A,A,2022,,,사회 등급조정(2022.11),,
11791,DL이앤씨,375500,A,A,B+,A,2023,,,사회 등급조정(2023.10.),,
11790,DL이앤씨,375500,A,A,A+,A,2024,,,,,
11789,DL이앤씨,375500,A,A+,A,B+,2025,,,사회 등급조정(2026.01.),,
11788,DN오토모티브,007340,C,C,B,D,2023,,,,,
11787,DN오토모티브,007340,C,C,C,C,2024,,,,,
11786,DN오토모티브,007340,C,B,B+,D,2025,,,,,
11785,DRB동일,004840,미공개,미공개,미공개,미공개,2012,,,,,
11784,DRB동일,004840,미공개,미공개,미공개,C,2013,,,,,
11783,DRB동일,004840,미공개,미공개,미공개,C,2014,,,,,
11782,DRB동일,004840,미공개,미공개,미공개,C,2015,,,,,
11781,DRB동일,004840,미공개,미공개,미공개,B,2016,,,,,
11780,DRB동일,004840,미공개,미공개,미공개,B,2017,,,,,
11779,DRB동일,004840,미공개,미공개,미공개,C,2018,,,,,
11778,DRB동일,004840,B,B,B,B+,2019,,,,,
11777,DRB동일,004840,B,B,B,B,2020,,,사회 등급조정(2021.4),,
11776,DRB동일,004840,B+,B,B+,B+,2021,,,사회 등급조정(2021.10),,
11775,DRB동일,004840,C,D,B+,B,2022,,,,,
11774,DRB동일,004840,B+,B,A,B+,2023,,,,,
11773,DRB동일,004840,B+,B+,A,B+,2024,,,,,
11772,DRB동일,004840,B+,B+,A,B+,2025,,,,,
11771,DSR,155660,미공개,미공개,미공개,C,2015,,,,,
11770,DSR,155660,미공개,미공개,미공개,C,2016,,,,,
11769,DSR,155660,미공개,미공개,미공개,C,2017,,,,,
11768,DSR,155660,미공개,미공개,미공개,C,2018,,,,,
11767,DSR,155660,미공개,B,B,C,2019,,,,,
11766,DSR,155660,C,B,B,C,2020,,,,,
11765,DSR,155660,B,B,B,B,2021,,,,,
11764,DSR,155660,D,D,C,D,2022,,,,,
11763,DSR,155660,D,C,C,D,2023,,,,,
11762,DSR,155660,C,C,C,C,2024,,,,,
11761,DSR,155660,D,C,C,D,2025,,,,,
11760,DSR제강,069730,미공개,미공개,미공개,미공개,2012,,,,,
11759,DSR제강,069730,미공개,미공개,미공개,C,2013,,,,,
11758,DSR제강,069730,미공개,미공개,미공개,C,2014,,,,,
11757,DSR제강,069730,미공개,미공개,미공개,C,2015,,,,,
11756,DSR제강,069730,미공개,미공개,미공개,C,2016,,,,,
11755,DSR제강,069730,미공개,미공개,미공개,B,2017,,,,,
11754,DSR제강,069730,미공개,미공개,미공개,C,2018,,,,,
11753,DSR제강,069730,미공개,미공개,B,C,2019,,,,,
11752,DSR제강,069730,C,C,B,C,2020,,,,,
11751,DSR제강,069730,C,C,C,B+,2021,,,,,
11750,DSR제강,069730,C,D,C,B,2022,,,,,
11749,DSR제강,069730,C,C,C,B,2023,,,,,
11748,DSR제강,069730,C,D,D,B,2024,,,,,
11747,DSR제강,069730,D,D,D,D,2025,,,,,
11746,DS단석,017860,B+,B,B+,B+,2025,,,,,
11745,DYP,092780,D,C,C,D,2025,,,,,
11744,E1,017940,미공개,미공개,B+,미공개,2012,,,,,
11743,E1,017940,미공개,미공개,미공개,B,2013,,,,,
11742,E1,017940,미공개,미공개,미공개,B+,2014,,,,,
11741,E1,017940,미공개,미공개,B+,B,2015,,,,,
11740,E1,017940,B+,미공개,B+,B+,2016,,,,,
11739,E1,017940,미공개,미공개,B+,B+,2017,,,,,
11738,E1,017940,미공개,미공개,B+,B,2018,,,,,
11737,E1,017940,B,미공개,B+,B,2019,,,,,
11736,E1,017940,B,C,A,B+,2020,,,,,
11735,E1,017940,B+,B+,A,B+,2021,,,,,
11734,E1,017940,B+,B+,B+,B+,2022,,,,,
11733,E1,017940,A,A,A,B+,2023,,,,,
11732,E1,017940,A,A,A+,B+,2024,,,,,
11731,E1,017940,B+,A,A+,B,2025,,,,,
11730,F&F,007700,미공개,미공개,미공개,미공개,2012,,,,,
11729,F&F,007700,미공개,미공개,미공개,B,2013,,,,,
11728,F&F,007700,미공개,미공개,미공개,B,2014,,,,,
11727,F&F,007700,미공개,미공개,미공개,B,2015,,,,,
11726,F&F,007700,미공개,미공개,미공개,B,2016,,,,,
11725,F&F,007700,미공개,미공개,미공개,B,2017,,,,,
11724,F&F,007700,미공개,미공개,미공개,C,2018,,,,,
11723,F&F,007700,미공개,미공개,미공개,B,2019,,,,,
11722,F&F,007700,D,D,C,C,2020,,,,,
11721,F&F,383220,B+,B+,A+,B,2023,,,,,
11720,F&F,383220,A,A+,A+,B,2024,,,,,
11719,F&F,383220,A,A,A+,A,2025,,,,,
11718,F&F 홀딩스,007700,B+,B+,A,B+,2021,,,,,
11717,F&F 홀딩스,007700,B,B,B+,B,2022,,,,,
11716,F&F 홀딩스,007700,A,B+,A+,B+,2023,,,,,
11715,F&F 홀딩스,007700,A,A+,A+,A,2024,,,,,
11714,F&F 홀딩스,007700,A,A,A+,A,2025,,,,,
11713,GKL,114090,미공개,미공개,B+,B+,2012,,,,,
11712,GKL,114090,미공개,미공개,B+,B+,2013,,,,,
11711,GKL,114090,미공개,미공개,미공개,B,2014,,,,,
11710,GKL,114090,미공개,미공개,B+,B+,2015,,,,,
11709,GKL,114090,미공개,미공개,B+,B,2016,,,,,
11708,GKL,114090,미공개,미공개,미공개,B+,2017,,,,,
11707,GKL,114090,미공개,미공개,B+,B,2018,,,,,
11706,GKL,114090,B,미공개,B+,B,2019,,,,,
11705,GKL,114090,B+,C,A,A,2020,,,,,
11704,GKL,114090,B+,B+,B+,B+,2021,,,,,
11703,GKL,114090,A,B,A,A,2022,,,,,
11702,GKL,114090,B+,B,A,B+,2023,,,,,
11701,GKL,114090,A,A+,A,A,2024,,,,,
11700,GKL,114090,A,A+,A,B+,2025,,,,,
11699,GS,078930,미공개,미공개,미공개,B+,2012,,,,,
11698,GS,078930,미공개,미공개,미공개,B+,2013,,,,,
11697,GS,078930,미공개,미공개,미공개,B+,2014,,,,,
11696,GS,078930,미공개,미공개,미공개,B,2015,,,,,
11695,GS,078930,미공개,미공개,미공개,B,2016,,,,,
11694,GS,078930,미공개,미공개,미공개,B+,2017,,,,,
11693,GS,078930,미공개,미공개,미공개,B+,2018,,,,,
11692,GS,078930,B,미공개,B+,B+,2019,,,,,
11691,GS,078930,B+,C,A,A,2020,,,,,
11690,GS,078930,A,A,A,A,2021,,,,,
11689,GS,078930,A,B+,A+,A,2022,,,,,
11688,GS,078930,B,B+,A+,C,2023,,,,,
11687,GS,078930,B+,B+,A,B+,2024,,,,,
11686,GS,078930,A,B+,A+,B+,2025,,,,,
11685,GS건설,006360,A,A,A,A,2012,,,,,
11684,GS건설,006360,A,A,A,A,2013,,,,,
11683,GS건설,006360,A,A,A,B+,2014,,,,,
11682,GS건설,006360,B+,A,A,B,2015,,,,,
11681,GS건설,006360,B+,A,B+,B+,2016,,,사회 등급조정(2017.2),,
11680,GS건설,006360,A,A,A,B+,2017,,,,,
11679,GS건설,006360,B+,A,B+,B+,2018,,,,,
11678,GS건설,006360,A,B+,A,A,2019,,,,,
11677,GS건설,006360,A,A,B+,A,2020,,,사회 등급조정(2020.10),,
11676,GS건설,006360,A,A,A+,A,2021,,,,,
11675,GS건설,006360,A,A,A,A,2022,,,사회 등급조정(2022.11),,
11674,GS건설,006360,A,A,B+,A,2023,,,사회 등급조정(2023.10.),,
11673,GS건설,006360,A,A,A+,B+,2024,,,,,
11672,GS건설,006360,A,A,A+,B+,2025,,,,,
11671,GS글로벌,001250,미공개,미공개,미공개,미공개,2012,,,,,
11670,GS글로벌,001250,미공개,미공개,미공개,B,2013,,,,,
11669,GS글로벌,001250,미공개,미공개,미공개,B,2014,,,,,
11668,GS글로벌,001250,미공개,미공개,미공개,B,2015,,,,,
11667,GS글로벌,001250,미공개,미공개,미공개,B,2016,,,,,
11666,GS글로벌,001250,미공개,미공개,미공개,B+,2017,,,,,
11665,GS글로벌,001250,미공개,미공개,미공개,B+,2018,,,,,
11664,GS글로벌,001250,B,미공개,B+,B+,2019,,,,,
11663,GS글로벌,001250,B,D,B+,B+,2020,,,,,
11662,GS글로벌,001250,B+,B,B+,A,2021,,,,,
11661,GS글로벌,001250,B+,C,B+,B+,2022,,,,,
11660,GS글로벌,001250,B+,B+,B+,B+,2023,,,,,
11659,GS글로벌,001250,B+,B+,A,B+,2024,,,,,
11658,GS글로벌,001250,A,B+,A,A,2025,,,,,
11657,GS리테일,007070,미공개,미공개,미공개,B,2013,,,,,
11656,GS리테일,007070,B+,B+,미공개,B+,2014,,,,,
11655,GS리테일,007070,미공개,미공개,미공개,B,2015,,,사회 등급조정(2016.5),,
11654,GS리테일,007070,미공개,미공개,미공개,B,2016,,,사회 등급조정(2016.8),,
11653,GS리테일,007070,B+,미공개,B+,B+,2017,,,,,
11652,GS리테일,007070,미공개,미공개,B+,B+,2018,,,,,
11651,GS리테일,007070,B,미공개,A,B,2019,,,,,
11650,GS리테일,007070,B,C,B,B+,2020,,,사회 등급조정(2021.7),,
11649,GS리테일,007070,A,A,A,A,2021,,,사회 등급조정(2021.10),,
11648,GS리테일,007070,A,B+,A,A,2022,,,사회 등급조정(2023.),,
11647,GS리테일,007070,A,A+,A,A,2023,통합 등급조정(2023.10.),,사회 등급조정(2023.10.),,
11646,GS리테일,007070,A+,A+,A+,A,2024,,,,,
11645,GS리테일,007070,A+,A+,A+,A,2025,,,,,
11644,GS홈쇼핑,028150,B+,미공개,A,A,2019,,,,,
11643,GS홈쇼핑,028150,A,B+,A,A,2020,,,,,
11642,HDC,012630,B+,미공개,B+,B+,2018,,,,,
11641,HDC,012630,B,미공개,B+,B+,2019,,,,,
11640,HDC,012630,B+,C,B+,B+,2020,,,,,
11639,HDC,012630,B+,B,B+,A,2021,,,,,
11638,HDC,012630,C,D,B,C,2022,,,,,
11637,HDC,012630,B+,B+,A,B,2023,,,,,
11636,HDC,012630,C,A,A+,D,2024,,,,,
11635,HDC,012630,C,A,A+,D,2025,,,,,
11634,HDC랩스,039570,D,D,D,D,2022,,,,,
11633,HDC랩스,039570,D,D,D,C,2023,,,,,
11632,HDC랩스,039570,B,C,A,B,2024,,,,,
11631,HDC랩스,039570,B+,B+,A,B+,2025,,,,,
11630,HDC아이콘트롤스,039570,미공개,미공개,미공개,C,2018,,,,,
11629,HDC아이콘트롤스,039570,미공개,미공개,B,B,2019,,,,,
11628,HDC아이콘트롤스,039570,C,D,C,B,2020,,,,,
11627,HDC아이콘트롤스,039570,B,C,B,B+,2021,,,,,
11626,HDC현대EP,089470,미공개,B+,미공개,C,2018,,,,,
11625,HDC현대EP,089470,B,B,B,B,2019,,,,,
11624,HDC현대EP,089470,B,B,B+,B,2020,,,,,
11623,HDC현대EP,089470,B+,B,B+,B+,2021,,,,,
11622,HDC현대EP,089470,C,C,B,C,2022,,,,,
11621,HDC현대EP,089470,B+,B+,B+,B,2023,,,,,
11620,HDC현대EP,089470,B+,B+,A,B+,2024,,,,,
11619,HDC현대EP,089470,B+,B+,B+,B,2025,,,,,
11618,HD한국조선해양,009540,A,A,A+,A,2023,,,,,
11617,HD한국조선해양,009540,A,A,A+,A,2024,,,,,
11616,HD한국조선해양,009540,A,A,A,A,2025,,,,,
11615,HD현대,267250,A,B+,A,A,2022,,,,,
11614,HD현대,267250,A,B+,A+,B+,2023,,환경 등급조정(2023.10.),,,
11613,HD현대,267250,A,B+,A+,A,2024,,,,,
11612,HD현대,267250,A,A,A+,B+,2025,,,,,
11611,HD현대건설기계,267270,A+,A+,A+,A,2023,,,,,
11610,HD현대건설기계,267270,A,A,A+,A,2024,,,,,
11609,HD현대건설기계,267270,A,A,A+,A,2025,,,,,
11608,HD현대마린엔진,071970,C,C,C,C,2024,,,,,
11607,HD현대마린엔진,071970,B,B,B+,B,2025,,,,,
11606,HD현대미포,010620,A,A,A+,B+,2023,,,,,
11605,HD현대미포,010620,A,A,A+,A,2024,,,,,
11604,HD현대미포,010620,A,A,A,A,2025,,,,,
11603,HD현대에너지솔루션,322000,A,A,A,B+,2023,,,,,
11602,HD현대에너지솔루션,322000,A,B+,A,A,2024,,,,,
11601,HD현대에너지솔루션,322000,A,A,A,A,2025,,,,,
11600,HD현대인프라코어,042670,A,A+,A+,B+,2023,,,,,
11599,HD현대인프라코어,042670,A+,A+,A+,A,2024,,,,,
11598,HD현대인프라코어,042670,A,A,A+,A,2025,,,,,
11597,HD현대일렉트릭,267260,A,A,A+,A,2023,,,,,
11596,HD현대일렉트릭,267260,A+,A+,A+,A,2024,,,,,
11595,HD현대일렉트릭,267260,A+,A+,A+,A,2025,,,,,
11594,HD현대중공업,329180,A,A,A,B+,2023,,,,,
11593,HD현대중공업,329180,A,A,A+,B+,2024,,,,,
11592,HD현대중공업,329180,A,A,A,A,2025,,,,,
11591,HJ중공업,097230,B,C,B+,B+,2022,,,,,
11590,HJ중공업,097230,B+,B,B+,B+,2023,,,,,
11589,HJ중공업,097230,A,A,A+,B+,2024,,,,,
11588,HJ중공업,097230,B+,A,B+,B+,2025,통합 등급조정(2026.01.),,사회 등급조정(2026.01.),,
11587,HK이노엔,195940,A,A,A+,A,2023,,,,,
11586,HK이노엔,195940,A+,A,A+,A+,2024,,,,,
11585,HK이노엔,195940,A,A,A+,A,2025,,,,,
11584,HL D&I,014790,B+,B+,A,B+,2022,통합 등급조정(2022.11),,사회 등급조정(2022.11),,
11583,HL D&I,014790,A,A,A+,B+,2023,,,,,
11582,HL D&I,014790,A+,A+,A+,A,2024,,,,,
11581,HL D&I,014790,A+,A+,A+,A,2025,,,,,
11580,HLB,028300,C,C,B,D,2022,,,,,
11579,HLB,028300,C,B+,B+,D,2023,,,,,
11578,HLB,028300,B+,B+,B+,B,2024,,,,,
11577,HLB,028300,C,B,C,C,2025,,,,,
11576,HLB글로벌,003580,D,D,D,D,2023,,,,,
11575,HLB글로벌,003580,D,D,D,D,2024,,,,,
11574,HLB글로벌,003580,D,D,D,D,2025,,,,,
11573,HLB생명과학,067630,C,D,B,B,2022,,,,,
11572,HLB생명과학,067630,B,C,B,B,2023,,,,,
11571,HLB생명과학,067630,C,D,C,C,2024,,,,,
11570,HLB생명과학,067630,C,D,C,C,2025,,,,,
11569,HLB테라퓨틱스,115450,D,C,C,D,2025,,,,,
11568,HL글로벌,003580,D,D,C,D,2022,,,,,
11567,HL만도,204320,A,B+,A+,A,2023,,,,,
11566,HL만도,204320,A,A,A+,A,2024,,,,,
11565,HL만도,204320,A,A,A+,A,2025,,,,,
11564,HL홀딩스,060980,A,A,A+,A,2023,,,,,
11563,HL홀딩스,060980,A,A,A+,A,2024,,,,,
11562,HL홀딩스,060980,A,A,A+,B+,2025,,,,,
11561,HMM,011200,A,A,A+,A,2020,,,,,
11560,HMM,011200,A,A,A+,A,2021,,,,,
11559,HMM,011200,A,A+,A,B+,2022,,,,,
11558,HMM,011200,A,A+,A+,B+,2023,,,,,
11557,HMM,011200,A,A,A+,A,2024,,,,,
11556,HMM,011200,A,A,A+,A,2025,,,,,
11555,HPSP,403870,C,C,D,C,2024,,,,,
11554,HPSP,403870,C,D,C,B,2025,,,,,
11553,HSD엔진,082740,A,A,A,A,2018,,,,,
11552,HSD엔진,082740,A,B+,A+,A,2019,,,,,
11551,HSD엔진,082740,A,B+,A,A,2020,,,,,
11550,HSD엔진,082740,A,B+,A,A,2021,,,,,
11549,HSD엔진,082740,B+,B,A,B+,2022,,,,,
11548,HS애드,035000,B,D,C,B+,2023,,,,,
11547,HS애드,035000,B,C,D,A,2024,,,,,
11546,HS애드,035000,B,C,B,B+,2025,,,,,
11545,HS화성,002460,C,C,C,B+,2024,,,,,
11544,HS화성,002460,C,C,B,B,2025,,,,,
11543,HS효성첨단소재,298050,A,A,A+,B+,2024,,,,,
11542,HS효성첨단소재,298050,A,A,A+,B+,2025,,,,,
11541,INVENI,015360,B,C,B,B+,2024,,,,,
11540,INVENI,015360,B+,B+,B+,B,2025,,,,,
11539,IPARK현대산업개발,294870,C,C,C,B+,2020,통합 등급조정(2021.7),,사회 등급조정(2021.7),,
11538,IPARK현대산업개발,294870,B,B,C,B+,2021,통합 등급조정(2021.10),,"사회 등급조정(2021.10, 2022.04)",,
11537,IPARK현대산업개발,294870,C,D,C,B,2022,,,사회 등급조정(2022.11),,
11536,IPARK현대산업개발,294870,B+,B+,A,B,2023,,,,,
11535,IPARK현대산업개발,294870,A,A,A+,A,2024,,,,,
11534,IPARK현대산업개발,294870,A,A+,A+,B+,2025,,,,,
11533,ISC,095340,D,C,C,D,2023,,,,,
11532,ISC,095340,B,C,B+,B,2024,,,,,
11531,ISC,095340,C,C,A,C,2025,,,,,
11530,JB금융지주,175330,미공개,미공개,미공개,A+,2015,,,,,
11529,JB금융지주,175330,미공개,미공개,미공개,A+,2016,,,,,
11528,JB금융지주,175330,미공개,미공개,미공개,A,2017,,,,,
11527,JB금융지주,175330,B+,미공개,A,미공개,2018,,,,,
11526,JB금융지주,175330,A,B+,A,A,2019,,,,,
11525,JB금융지주,175330,A+,A,A,A+,2020,,,,,
11524,JB금융지주,175330,A+,A,A+,A+,2021,,,,,
11523,JB금융지주,175330,A,A,A+,A,2022,,,,,
11522,JB금융지주,175330,A,A+,A,A,2023,,,,,
11521,JB금융지주,175330,A,A+,A,A,2024,,,,,
11520,JB금융지주,175330,A,A+,A,A,2025,,,,,
11519,JK리버스톤리츠,204210,D,D,D,C,2023,,,,,
11518,JK리버스톤리츠,204210,D,D,D,D,2024,,,,,
11517,JK리버스톤리츠,204210,D,D,D,D,2025,,,,,
11516,JW생명과학,234080,미공개,B+,미공개,B,2017,,,,,
11515,JW생명과학,234080,B+,B+,B+,B,2018,,,,,
11514,JW생명과학,234080,B+,B+,B+,B+,2019,,,,,
11513,JW생명과학,234080,B+,B+,B+,B+,2020,,,,,
11512,JW생명과학,234080,B,B,B+,B,2021,,,,,
11511,JW생명과학,234080,C,C,B+,C,2022,,,,,
11510,JW생명과학,234080,B+,B+,A,B,2023,,,,,
11509,JW생명과학,234080,B+,B+,A,B,2024,,,,,
11508,JW생명과학,234080,B+,B+,A,B,2025,,,,,
11507,JW중외제약,001060,미공개,미공개,미공개,미공개,2012,,,,,
11506,JW중외제약,001060,미공개,미공개,미공개,C,2013,,,,,
11505,JW중외제약,001060,미공개,미공개,미공개,C,2014,,,,,
11504,JW중외제약,001060,미공개,미공개,미공개,C,2015,,,,,
11503,JW중외제약,001060,미공개,미공개,미공개,B,2016,,,,,
11502,JW중외제약,001060,미공개,미공개,B+,B,2017,,,,,
11501,JW중외제약,001060,B+,미공개,B+,B+,2018,,,,,
11500,JW중외제약,001060,B+,B,A,B+,2019,,,,,
11499,JW중외제약,001060,B,B,B+,B,2020,,,,,
11498,JW중외제약,001060,B,C,B+,B+,2021,,,,,
11497,JW중외제약,001060,C,B,B+,D,2022,,,,,
11496,JW중외제약,001060,B+,B,A,B+,2023,,,,,
11495,JW중외제약,001060,B+,B+,A,B+,2024,,,,,
11494,JW중외제약,001060,B+,B+,A,B+,2025,,,,,
11493,JW홀딩스,096760,미공개,미공개,미공개,미공개,2012,,,,,
11492,JW홀딩스,096760,미공개,미공개,미공개,B,2013,,,,,
11491,JW홀딩스,096760,미공개,미공개,미공개,B,2014,,,,,
11490,JW홀딩스,096760,미공개,미공개,미공개,B,2015,,,,,
11489,JW홀딩스,096760,미공개,미공개,B+,C,2016,,,,,
11488,JW홀딩스,096760,미공개,미공개,미공개,B+,2017,,,,,
11487,JW홀딩스,096760,미공개,미공개,B+,B,2018,,,,,
11486,JW홀딩스,096760,B,미공개,B+,B,2019,,,,,
11485,JW홀딩스,096760,B+,C,B+,B+,2020,,,,,
11484,JW홀딩스,096760,B,D,B+,B+,2021,,,,,
11483,JW홀딩스,096760,B+,C,B+,B+,2022,,,,,
11482,JW홀딩스,096760,B+,B,A,B+,2023,,,,,
11481,JW홀딩스,096760,B+,B+,A,B+,2024,,,,,
11480,JW홀딩스,096760,B+,B+,A,B+,2025,,,,,
11479,JYP Ent.,035900,미공개,미공개,미공개,B,2019,,,,,
11478,JYP Ent.,035900,B,D,B,B,2020,,,,,
11477,JYP Ent.,035900,B,D,B,B,2021,,,,,
11476,JYP Ent.,035900,B,C,A,B,2022,,,,,
11475,JYP Ent.,035900,B+,A,A+,B,2023,,,,,
11474,JYP Ent.,035900,B,A,A+,C,2024,,,,,
11473,JYP Ent.,035900,B+,A,A+,B,2025,,,,,
11472,KBI동양철관,008970,D,C,D,D,2025,,,,,
11471,KB국민카드,861717,등급없음,등급없음,등급없음,A,2019,,,,,
11470,KB금융,105560,A+,A,A+,A+,2012,,,,,
11469,KB금융,105560,A+,A+,A+,A+,2013,,,,,
11468,KB금융,105560,A,A,B+,A,2014,,,,,
11467,KB금융,105560,B+,B+,B+,A,2015,통합 등급조정(2016.2),,사회 등급조정(2016.2),,
11466,KB금융,105560,A+,A,A+,A+,2016,,,,,
11465,KB금융,105560,A,A,A,A,2017,,,사회 등급조정(2017.8),,
11464,KB금융,105560,A+,A+,A,A+,2018,,,사회 등급조정(2018.10),,
11463,KB금융,105560,A+,A+,A,A+,2019,,,사회 등급조정(2020.1),,
11462,KB금융,105560,A+,A+,A+,A+,2020,,,,,
11461,KB금융,105560,A+,A+,A+,A+,2021,,,,,
11460,KB금융,105560,A+,A+,A+,A+,2023,,,,,
11459,KB금융,105560,A,A+,A+,A,2024,,,,,
11458,KB금융,105560,A+,A+,A,A+,2025,,,사회 등급조정(2026.04.),,
11457,KB금융지주,105560,A+,A+,A+,A+,2022,,,,,
11456,KB라이프생명보험,839185,등급없음,등급없음,등급없음,A,2024,,,,,
11455,KB생명보험,805087,등급없음,등급없음,등급없음,B+,2019,,,,,
11454,KB손해보험,002550,등급없음,등급없음,등급없음,A,2019,,,,,
11453,KB손해보험,002550,등급없음,등급없음,등급없음,A,2020,,,,,
11452,KB손해보험,002550,등급없음,등급없음,등급없음,A,2021,,,,,
11451,KB손해보험,002550,등급없음,등급없음,등급없음,A,2022,,,,,
11450,KB손해보험,002550,등급없음,등급없음,등급없음,A,2023,,,,,
11449,KB손해보험,002550,등급없음,등급없음,등급없음,A,2024,,,,,
11448,KB손해보험,002550,등급없음,등급없음,등급없음,A,2025,,,,,
11447,KB캐피탈,021960,미공개,미공개,미공개,A,2012,,,,,
11446,KB캐피탈,021960,미공개,미공개,미공개,B+,2013,,,,,
11445,KB캐피탈,021960,미공개,미공개,미공개,B+,2014,,,,,
11444,KB캐피탈,021960,미공개,미공개,미공개,A,2015,,,,,
11443,KB캐피탈,021960,B+,미공개,미공개,A+,2016,,,,,
11442,KB캐피탈,021960,등급없음,등급없음,등급없음,A,2019,,,,,
11441,KB캐피탈,021960,등급없음,등급없음,등급없음,A,2020,,,,,
11440,KB캐피탈,021960,등급없음,등급없음,등급없음,A,2022,,,,,
11439,KCC건설,021320,미공개,미공개,B,B,2019,,,,,
11438,KCC건설,021320,C,C,B,C,2020,,,,,
11437,KCC건설,021320,C,C,B,B,2021,,,,,
11436,KCC건설,021320,D,D,D,D,2022,,,,,
11435,KCC건설,021320,D,D,D,D,2023,,,,,
11434,KCC건설,021320,C,C,D,B,2024,,,,,
11433,KCC건설,021320,C,C,C,B,2025,,,,,
11432,KCI,036670,C,C,C,B,2021,,,,,
11431,KCI,036670,C,B,B+,C,2022,,,,,
11430,KCI,036670,B+,A,A,B,2023,,,,,
11429,KCI,036670,A,A,A,B+,2024,,,,,
11428,KC그린홀딩스,009440,미공개,미공개,미공개,미공개,2012,,,,,
11427,KC그린홀딩스,009440,미공개,미공개,미공개,B,2013,,,,,
11426,KC그린홀딩스,009440,미공개,미공개,미공개,B,2014,,,,,
11425,KC그린홀딩스,009440,미공개,미공개,미공개,B,2015,,,,,
11424,KC그린홀딩스,009440,미공개,미공개,A,B,2016,,,,,
11423,KC그린홀딩스,009440,미공개,미공개,미공개,B,2017,,,,,
11422,KC그린홀딩스,009440,미공개,미공개,미공개,B,2018,,,,,
11421,KC그린홀딩스,009440,B,B,B,B,2019,,,,,
11420,KC그린홀딩스,009440,B,B,B+,B,2020,,,,,
11419,KC그린홀딩스,009440,B,D,C,B+,2021,,,,,
11418,KC그린홀딩스,009440,D,D,D,C,2022,,,,,
11417,KC그린홀딩스,009440,C,C,D,C,2023,,,,,
11416,KC그린홀딩스,009440,B,B,B,B,2024,,,,,
11415,KC그린홀딩스,009440,D,C,C,D,2025,,,,,
11414,KC코트렐,119650,미공개,미공개,미공개,미공개,2012,,,,,
11413,KC코트렐,119650,미공개,미공개,미공개,B,2013,,,,,
11412,KC코트렐,119650,미공개,B+,미공개,B,2014,,,,,
11411,KC코트렐,119650,미공개,미공개,미공개,B,2015,,,,,
11410,KC코트렐,119650,미공개,미공개,미공개,B,2016,,,,,
11409,KC코트렐,119650,미공개,미공개,미공개,B,2017,,,,,
11408,KC코트렐,119650,미공개,미공개,미공개,B,2018,,,,,
11407,KC코트렐,119650,B,B,미공개,B,2019,,,,,
11406,KC코트렐,119650,B,B,B,B,2020,,,,,
11405,KC코트렐,119650,C,D,C,B+,2021,,,,,
11404,KC코트렐,119650,D,D,D,C,2022,,,,,
11403,KC코트렐,119650,C,C,D,C,2023,,,,,
11402,KC코트렐,119650,C,B,B,C,2024,,,,,
11401,KC코트렐,119650,D,C,C,D,2025,,,,,
11400,KEC,092220,미공개,미공개,미공개,미공개,2012,,,,,
11399,KEC,092220,미공개,미공개,미공개,B,2013,,,,,
11398,KEC,092220,미공개,B+,미공개,B,2014,,,,,
11397,KEC,092220,미공개,B+,미공개,C,2015,,,,,
11396,KEC,092220,미공개,B+,미공개,C,2016,,,,,
11395,KEC,092220,미공개,B+,미공개,B,2017,,,,,
11394,KEC,092220,미공개,B+,미공개,B,2018,,,,,
11393,KEC,092220,B,B,미공개,B,2019,,,사회 등급조정(2020.1),,
11392,KEC,092220,B,B+,B+,C,2020,,,,,
11391,KEC,092220,B,B,B+,B,2021,,,,,
11390,KEC,092220,C,C,D,C,2022,,,,,
11389,KEC,092220,D,C,C,D,2023,,,,,
11388,KEC,092220,C,C,D,C,2024,,,,,
11387,KEC,092220,D,C,D,D,2025,,,,,
11386,KG ETS,151860,B,B+,C,B,2021,,,,,
11385,KG ETS,151860,D,C,D,D,2022,,,,,
11384,KGP,109070,미공개,미공개,미공개,미공개,2012,,,,,
11383,KGP,109070,미공개,미공개,미공개,C,2013,,,,,
11382,KGP,109070,미공개,미공개,미공개,C,2014,,,,,
11381,KGP,109070,미공개,미공개,미공개,C,2015,,,,,
11380,KGP,109070,미공개,미공개,미공개,B,2016,,,,,
11379,KGP,109070,미공개,미공개,미공개,D,2017,,,,,
11378,KG동부제철,016380,B,B+,B,B,2021,,,,,
11377,KG모빌리티,003620,D,C,C,D,2023,,,,,
11376,KG모빌리티,003620,C,C,D,C,2024,,,,,
11375,KG모빌리티,003620,C,B,B,D,2025,,,,,
11374,KG스틸,016380,C,B,B+,D,2022,,,,,
11373,KG스틸,016380,B,B+,A,C,2023,,,,,
11372,KG스틸,016380,B,B+,A,C,2024,,,,,
11371,KG스틸,016380,B,B+,B+,C,2025,,,사회 등급조정(2026.01.),,
11370,KG에코솔루션,151860,D,C,D,D,2024,,,,,
11369,KG에코솔루션,151860,C,B,B+,D,2025,,,,,
11368,KG이니시스,035600,미공개,미공개,B,D,2019,,,,,
11367,KG이니시스,035600,C,D,B,D,2020,,,,,
11366,KG이니시스,035600,C,D,B+,C,2021,,,,,
11365,KG이니시스,035600,D,D,C,D,2022,,,,,
11364,KG이니시스,035600,C,D,B,D,2023,,,,,
11363,KG이니시스,035600,C,C,B+,D,2024,,,,,
11362,KG이니시스,035600,C,C,B+,D,2025,,,,,
11361,KG케미칼,001390,미공개,미공개,미공개,미공개,2012,,,,,
11360,KG케미칼,001390,미공개,미공개,미공개,D,2013,,,,,
11359,KG케미칼,001390,미공개,미공개,미공개,C,2014,,,,,
11358,KG케미칼,001390,미공개,미공개,미공개,B,2015,,,,,
11357,KG케미칼,001390,미공개,미공개,미공개,C,2016,,,,,
11356,KG케미칼,001390,미공개,미공개,미공개,D,2017,,,,지배구조 등급조정(2018.3),
11355,KG케미칼,001390,미공개,미공개,미공개,D,2018,,환경 등급조정(2018.10),,,
11354,KG케미칼,001390,미공개,미공개,미공개,C,2019,,,,,
11353,KG케미칼,001390,D,C,C,D,2020,,,,,
11352,KG케미칼,001390,C,C,C,B,2021,,,,,
11351,KG케미칼,001390,D,D,D,D,2022,,,,,
11350,KG케미칼,001390,C,C,D,C,2023,,,,,
11349,KG케미칼,001390,C,B+,B,C,2024,,,,,
11348,KG케미칼,001390,C,B+,B+,D,2025,,,,,
11347,KG파이낸셜,046440,C,D,C,C,2021,,,,,
11346,KG파이낸셜,046440,D,D,D,C,2022,,,,,
11345,KG파이낸셜,046440,D,D,D,D,2023,,,,,
11344,KG파이낸셜,046440,C,C,A,C,2024,,,,,
11343,KG파이낸셜,046440,B,C,B+,B,2025,,,,,
11342,KH 필룩스,033180,C,C,B,C,2021,,,,,
11341,KH 필룩스,033180,D,D,C,D,2022,,,,,
11340,KH 필룩스,033180,D,C,C,D,2023,,,,,
11339,KH 필룩스,033180,D,C,D,D,2024,,,,,
11338,KH 필룩스,033180,D,C,D,D,2025,,,,,
11337,KH바텍,060720,B,B,B,B,2021,,,,,
11336,KH바텍,060720,B+,B,A,B+,2022,,,,,
11335,KH바텍,060720,A,A,A+,A,2023,,,,,
11334,KH바텍,060720,A,A,A+,A,2024,,,,,
11333,KIB플러그에너지,015590,D,D,D,D,2023,,,,,
11332,KIB플러그에너지,015590,D,C,D,D,2024,,,,,
11331,KISCO홀딩스,001940,미공개,미공개,미공개,미공개,2012,,,,,
11330,KISCO홀딩스,001940,미공개,미공개,미공개,B,2013,,,,,
11329,KISCO홀딩스,001940,미공개,미공개,미공개,B,2014,,,,,
11328,KISCO홀딩스,001940,미공개,미공개,미공개,B+,2015,,,,,
11327,KISCO홀딩스,001940,미공개,미공개,미공개,B,2016,,,,,
11326,KISCO홀딩스,001940,미공개,미공개,미공개,B,2017,,,,,
11325,KISCO홀딩스,001940,미공개,미공개,미공개,B+,2018,,,,,
11324,KISCO홀딩스,001940,B,B,미공개,B,2019,,,,,
11323,KISCO홀딩스,001940,C,B,B,C,2020,,,,,
11322,KISCO홀딩스,001940,B,B,B,B,2021,,,,,
11321,KISCO홀딩스,001940,C,C,D,C,2022,,,,,
11320,KISCO홀딩스,001940,D,C,D,D,2023,,,,,
11319,KISCO홀딩스,001940,D,C,D,D,2024,,,,,
11318,KISCO홀딩스,001940,C,C,B,D,2025,,,,,
11317,KPX그린케미칼,083420,미공개,B+,미공개,미공개,2012,,,,,
11316,KPX그린케미칼,083420,미공개,B+,미공개,B,2013,,,,,
11315,KPX그린케미칼,083420,미공개,B+,미공개,C,2014,,,,,
11314,KPX그린케미칼,083420,미공개,B+,미공개,B,2015,,,,,
11313,KPX그린케미칼,083420,미공개,B+,미공개,B,2016,,,,,
11312,KPX그린케미칼,083420,미공개,B+,미공개,D,2017,,,,,
11311,KPX케미칼,025000,미공개,B+,미공개,미공개,2012,,,,,
11310,KPX케미칼,025000,미공개,미공개,미공개,B+,2013,,,,,
11309,KPX케미칼,025000,미공개,미공개,미공개,B,2014,,,,,
11308,KPX케미칼,025000,미공개,미공개,미공개,B,2015,,,,,
11307,KPX케미칼,025000,미공개,미공개,미공개,B,2016,,,,,
11306,KPX케미칼,025000,미공개,미공개,미공개,C,2017,,,,,
11305,KPX케미칼,025000,미공개,미공개,미공개,B,2018,,,,,
11304,KPX케미칼,025000,B,B,미공개,B,2019,,,,,
11303,KPX케미칼,025000,B,B,C,B,2020,,,,,
11302,KPX케미칼,025000,C,B,C,C,2021,,,,,
11301,KPX케미칼,025000,D,C,C,D,2022,,,,,
11300,KPX케미칼,025000,C,C,C,C,2023,,,,,
11299,KPX케미칼,025000,D,C,D,D,2024,,,,,
11298,KPX케미칼,025000,C,C,B,D,2025,,,,,
11297,KPX홀딩스,092230,미공개,미공개,미공개,미공개,2012,,,,,
11296,KPX홀딩스,092230,미공개,미공개,미공개,B,2013,,,,,
11295,KPX홀딩스,092230,미공개,미공개,미공개,B,2014,,,,,
11294,KPX홀딩스,092230,미공개,미공개,미공개,B,2015,,,,,
11293,KPX홀딩스,092230,미공개,미공개,미공개,B,2016,,,,,
11292,KPX홀딩스,092230,미공개,미공개,미공개,B,2017,,,,,
11291,KPX홀딩스,092230,미공개,미공개,미공개,B,2018,,,,,
11290,KPX홀딩스,092230,미공개,미공개,미공개,B,2019,,,,,
11289,KPX홀딩스,092230,C,C,C,B,2020,,,,,
11288,KPX홀딩스,092230,B,B,C,B+,2021,,,,,
11287,KPX홀딩스,092230,C,D,C,C,2022,,,,,
11286,KPX홀딩스,092230,C,C,C,C,2023,,,,,
11285,KPX홀딩스,092230,D,C,D,D,2024,,,,,
11284,KPX홀딩스,092230,C,C,B,D,2025,,,,,
11283,KR모터스,000040,미공개,미공개,미공개,미공개,2012,,,,,
11282,KR모터스,000040,미공개,미공개,미공개,C,2013,,,,,
11281,KR모터스,000040,미공개,미공개,미공개,B,2014,,,,,
11280,KR모터스,000040,미공개,미공개,미공개,C,2015,,,,,
11279,KR모터스,000040,미공개,미공개,미공개,B,2016,,,,,
11278,KR모터스,000040,미공개,미공개,미공개,B,2017,,,,,
11277,KR모터스,000040,미공개,미공개,미공개,C,2018,,,,,
11276,KR모터스,000040,미공개,미공개,B,C,2019,,,,,
11275,KR모터스,000040,C,D,C,B,2020,,,,,
11274,KR모터스,000040,C,D,C,B,2021,,,,,
11273,KR모터스,000040,D,D,D,D,2022,,,,,
11272,KR모터스,000040,D,D,D,D,2023,,,,,
11271,KR모터스,000040,D,D,D,D,2024,,,,,
11270,KR모터스,000040,D,C,D,D,2025,,,,,
11269,KSS해운,044450,미공개,미공개,미공개,미공개,2012,,,,,
11268,KSS해운,044450,미공개,미공개,미공개,B,2013,,,,,
11267,KSS해운,044450,미공개,미공개,미공개,B+,2014,,,,,
11266,KSS해운,044450,미공개,미공개,미공개,B,2015,,,,,
11265,KSS해운,044450,B+,미공개,A,B,2016,,,,,
11264,KSS해운,044450,B+,B+,미공개,B+,2017,,,,,
11263,KSS해운,044450,미공개,미공개,B+,B,2018,,,,,
11262,KSS해운,044450,B+,B,B+,B+,2019,,,,,
11261,KSS해운,044450,B+,B,B+,B+,2020,,,,,
11260,KSS해운,044450,A,B+,A+,A,2021,,,,,
11259,KSS해운,044450,B+,B+,A,B+,2022,,,,,
11258,KSS해운,044450,B+,B+,A,B+,2023,,,,,
11257,KSS해운,044450,B+,B+,A,B+,2024,,,,,
11256,KSS해운,044450,B+,B+,A,B,2025,,,,,
11255,KTB투자증권,030210,미공개,미공개,미공개,B+,2012,,,,,
11254,KTB투자증권,030210,미공개,미공개,미공개,B+,2013,,,,,
11253,KTB투자증권,030210,미공개,미공개,미공개,B,2014,,,,,
11252,KTB투자증권,030210,미공개,미공개,미공개,C,2015,,,,,
11251,KTB투자증권,030210,미공개,미공개,미공개,B+,2016,,,,,
11250,KTB투자증권,030210,미공개,미공개,미공개,B+,2017,,,,,
11249,KTB투자증권,030210,미공개,미공개,미공개,미공개,2018,,,,,
11248,KTB투자증권,030210,미공개,미공개,B,C,2019,,,,,
11247,KTB투자증권,030210,C,D,B,C,2020,,,,,
11246,KTB투자증권,030210,B+,C,A,B+,2021,,,,,
11245,KTH,036030,B,미공개,B,B+,2019,,,,,
11244,KTH,036030,B+,C,B+,B+,2020,,,,,
11243,KTcs,058850,미공개,미공개,미공개,미공개,2012,,,,,
11242,KTcs,058850,미공개,미공개,미공개,B,2013,,,,,
11241,KTcs,058850,미공개,미공개,미공개,B,2014,,,,,
11240,KTcs,058850,미공개,미공개,미공개,B+,2015,,,,,
11239,KTcs,058850,미공개,미공개,B+,B+,2016,,,,,
11238,KTcs,058850,미공개,미공개,B+,B+,2017,,,,,
11237,KTcs,058850,미공개,미공개,B+,B+,2018,,,,,
11236,KTcs,058850,B,미공개,B+,B+,2019,,,,,
11235,KTcs,058850,B,D,B+,B+,2020,,,,,
11234,KTcs,058850,A,B+,A,A,2021,,,,,
11233,KTcs,058850,A,B+,A,A,2022,,,,,
11232,KTcs,058850,A,A,A,A,2023,,,,,
11231,KTcs,058850,A,A,A+,A,2024,,,,,
11230,KTcs,058850,B+,A,A,B+,2025,,,,,
11229,KTis,058860,B,미공개,B+,B+,2019,,,,,
11228,KTis,058860,B,D,B+,B+,2020,,,,,
11227,KTis,058860,A,B+,A+,A,2021,,,,,
11226,KTis,058860,B+,B+,B+,B+,2022,,,,,
11225,KTis,058860,B+,B+,A,B+,2023,,,,,
11224,KTis,058860,B+,A,B+,B+,2024,,,,,
11223,KTis,058860,A,A,A+,B+,2025,,,,,
11222,KT나스미디어,089600,B,B,B+,B,2025,,,,,
11221,KT서브마린,060370,B,미공개,B,B+,2019,,,,,
11220,KT서브마린,060370,B,D,B+,B+,2020,,,,,
11219,KT서브마린,060370,B,C,B,B+,2021,,,,,
11218,KT서브마린,060370,C,D,D,B+,2022,,,,,
11217,KT지니뮤직,043610,C,D,C,C,2024,,,,,
11216,KT지니뮤직,043610,C,D,C,B,2025,,,,,
11215,KZ정밀,036560,B+,B,B+,B+,2025,,,,,
11214,LB세미콘,061970,B,A,A,D,2023,,,,,
11213,LB세미콘,061970,C,B+,A,D,2024,,,,,
11212,LF,093050,미공개,미공개,미공개,미공개,2012,,,,,
11211,LF,093050,미공개,미공개,미공개,B,2013,,,,,
11210,LF,093050,미공개,미공개,미공개,B,2014,,,,,
11209,LF,093050,미공개,미공개,미공개,B,2015,,,,,
11208,LF,093050,미공개,미공개,미공개,B,2016,,,,,
11207,LF,093050,미공개,미공개,미공개,B+,2017,,,,,
11206,LF,093050,미공개,미공개,미공개,B,2018,,,,,
11205,LF,093050,B,미공개,B,B+,2019,,,,,
11204,LF,093050,B,D,B,B+,2020,,,,,
11203,LF,093050,B,D,B,B+,2021,,,,,
11202,LF,093050,B,D,B,B+,2022,,,,,
11201,LF,093050,B+,B,B,B+,2023,,,,,
11200,LF,093050,B+,B+,B+,B+,2024,,,,,
11199,LF,093050,B+,B+,B+,B+,2025,,,,,
11198,LG,003550,미공개,미공개,미공개,미공개,2012,,,,,
11197,LG,003550,B+,미공개,B+,A,2013,,,,,
11196,LG,003550,B+,미공개,B+,A,2014,,,,,
11195,LG,003550,B+,미공개,B+,A,2015,,,,,
11194,LG,003550,B+,미공개,B+,A,2016,,,,,
11193,LG,003550,B+,미공개,B+,B+,2017,,,,,
11192,LG,003550,B+,B+,A,B+,2018,통합 등급조정(2018.10),,사회 등급조정(2018.10),,
11191,LG,003550,B+,B,A,B+,2019,,,,,
11190,LG,003550,A,B+,A+,B+,2020,,,,,
11189,LG,003550,A,A,A+,A,2021,,,,,
11188,LG,003550,A,B+,A+,A,2022,,,,,
11187,LG,003550,A,A,A+,A,2023,,,,,
11186,LG,003550,A,A,A+,B+,2024,,,,,
11185,LG,003550,A,B+,A+,B+,2025,,,,,
11184,LG디스플레이,034220,B+,B+,B+,B+,2012,,,,,
11183,LG디스플레이,034220,B+,B+,A,B+,2013,,,,,
11182,LG디스플레이,034220,A,A,A,B+,2014,,,,,
11181,LG디스플레이,034220,B+,A,B+,B+,2015,,,사회 등급조정(2015.8),,
11180,LG디스플레이,034220,B+,B+,A,B+,2016,,,,,
11179,LG디스플레이,034220,A,A,A,B+,2017,,,사회 등급조정(2017.8),,
11178,LG디스플레이,034220,A,A,A+,B+,2018,,,,,
11177,LG디스플레이,034220,B+,B+,A,B,2019,,,,,
11176,LG디스플레이,034220,B+,B,A,B+,2020,통합 등급조정(2021.4),환경 등급조정(2021.4),사회 등급조정(2021.4),,
11175,LG디스플레이,034220,B+,B,A,B+,2021,통합 등급조정(2021.10),환경 등급조정(2021.10),사회 등급조정(2021.10),,
11174,LG디스플레이,034220,A,A,A,B+,2022,,,,,
11173,LG디스플레이,034220,B+,A,A+,B,2023,,,,,
11172,LG디스플레이,034220,B+,B+,A,B+,2024,,,,,
11171,LG디스플레이,034220,A,A,A+,B+,2025,,,,,
11170,LG상사,001120,미공개,미공개,미공개,B+,2012,,,,,
11169,LG상사,001120,B+,B+,B+,B+,2013,,,,,
11168,LG상사,001120,B+,B+,B+,B+,2014,,,,,
11167,LG상사,001120,B+,B+,B+,B+,2015,,,,,
11166,LG상사,001120,B+,B+,A,B+,2016,,,,,
11165,LG상사,001120,B+,B+,A,B,2017,,,,,
11164,LG상사,001120,B+,B+,A,B+,2018,,,,,
11163,LG상사,001120,B+,미공개,A,B+,2019,,,,,
11162,LG상사,001120,A,A,A+,A,2020,,,,,
11161,LG생명과학,068870,B+,B+,B+,B+,2012,,,,,
11160,LG생명과학,068870,B+,B+,B+,B+,2013,,,,,
11159,LG생명과학,068870,B+,미공개,B+,B+,2014,,,,,
11158,LG생명과학,068870,B+,B+,B+,B+,2015,,,,,
11157,LG생명과학,068870,B+,B+,A,B+,2016,,,,,
11156,LG생활건강,051900,A,A,A+,B+,2012,,,,,
11155,LG생활건강,051900,A,A,A+,B+,2013,,,,,
11154,LG생활건강,051900,A,A,A,B+,2014,,,,,
11153,LG생활건강,051900,A,A,A+,B+,2015,,,,,
11152,LG생활건강,051900,A,A,A+,B+,2016,,,,,
11151,LG생활건강,051900,A,A,A+,B+,2017,,,,,
11150,LG생활건강,051900,A,A,A+,B+,2018,,,,,
11149,LG생활건강,051900,A,A,A+,B+,2019,,,,,
11148,LG생활건강,051900,A,A,A+,A,2020,,,,,
11147,LG생활건강,051900,A,A,A+,A,2021,,,,,
11146,LG생활건강,051900,A,A,A+,A,2022,,,,,
11145,LG생활건강,051900,A,A,A+,A,2023,,,,,
11144,LG생활건강,051900,A,B+,A+,A,2024,,,,,
11143,LG생활건강,051900,A,B+,A+,A,2025,,,,,
11142,LG에너지솔루션,373220,A,A,A+,B+,2024,,,,,
11141,LG에너지솔루션,373220,A,B+,A+,A,2025,,,,,
11140,LG유플러스,032640,미공개,미공개,B+,B+,2012,,,,,
11139,LG유플러스,032640,B+,미공개,미공개,A,2013,,,,,
11138,LG유플러스,032640,A,A,B+,A,2014,,,,,
11137,LG유플러스,032640,B+,A,B+,B+,2015,,,,,
11136,LG유플러스,032640,B+,A,B+,B+,2016,,,사회 등급조정(2017.2),,
11135,LG유플러스,032640,B+,A,B+,B+,2017,,,사회 등급조정(2017.8),,
11134,LG유플러스,032640,B+,A,B+,B+,2018,,,,,
11133,LG유플러스,032640,B+,B+,A,B+,2019,,,,,
11132,LG유플러스,032640,B,B+,B+,B,2020,,,,,
11131,LG유플러스,032640,A,A,A+,A,2021,,,,,
11130,LG유플러스,032640,A,A,B+,A,2022,,,사회 등급조정(2023.07),,
11129,LG유플러스,032640,A,A,A,A,2023,,,사회 등급조정(2023.10.),,
11128,LG유플러스,032640,A,A,A+,A,2024,,,,,
11127,LG유플러스,032640,A,A+,A+,A,2025,,,,,
11126,LG이노텍,011070,A,A,A,B+,2012,,,,,
11125,LG이노텍,011070,A,A,A,B+,2013,,,,,
11124,LG이노텍,011070,A,A,A,A,2014,,,,,
11123,LG이노텍,011070,A,A,A,A,2015,,,,,
11122,LG이노텍,011070,A,A,A+,A,2016,,,,,
11121,LG이노텍,011070,A,A,A+,B+,2017,,,,,
11120,LG이노텍,011070,A,A,A+,B+,2018,,,,,
11119,LG이노텍,011070,B+,B+,A,B+,2019,,,,,
11118,LG이노텍,011070,A,A,A+,B+,2020,,,,,
11117,LG이노텍,011070,A,A,A+,A,2021,,,,,
11116,LG이노텍,011070,A,A,A+,A,2022,,,,,
11115,LG이노텍,011070,A,A,A+,A,2023,,,,,
11114,LG이노텍,011070,A,A,A+,A,2024,,,,,
11113,LG이노텍,011070,A,A,A+,A,2025,,,,,
11112,LG전자,066570,A,A,A,B+,2012,,,,,
11111,LG전자,066570,A,A,A,B+,2013,,,,,
11110,LG전자,066570,A,A+,A,B+,2014,,,,,
11109,LG전자,066570,B+,A,A,C,2015,,,,,
11108,LG전자,066570,A,A,A+,B,2016,,,,,
11107,LG전자,066570,B+,A,A,B,2017,,,사회 등급조정(2017.8),,
11106,LG전자,066570,B+,A,A,B,2018,,,사회 등급조정(2018.10),,
11105,LG전자,066570,B+,A,A,B,2019,,,,,
11104,LG전자,066570,B+,A,A+,B,2020,,,,,
11103,LG전자,066570,A,A,A+,A,2021,,,,,
11102,LG전자,066570,A,A,A+,A,2022,,,,,
11101,LG전자,066570,A,A+,A,A,2023,,,,,
11100,LG전자,066570,A,A,A+,B+,2024,,,,,
11099,LG전자,066570,A,A,A+,B+,2025,,,,,
11098,LG하우시스,108670,B+,B+,A,B+,2012,,,,,
11097,LG하우시스,108670,A,A,A,B+,2013,,,,,
11096,LG하우시스,108670,A,A,A,B+,2014,,,,,
11095,LG하우시스,108670,B+,A,A,B,2015,,,,,
11094,LG하우시스,108670,A,A,A+,B+,2016,,,,,
11093,LG하우시스,108670,A,A,A+,B+,2017,,,,,
11092,LG하우시스,108670,A,A,A+,B+,2018,,,,,
11091,LG하우시스,108670,A,A,A,B+,2019,,,,,
11090,LG하우시스,108670,A,A,A+,A,2020,,,,,
11089,LG헬로비전,037560,B+,D,B+,A,2020,,,,,
11088,LG헬로비전,037560,B+,C,A,A,2021,,,,,
11087,LG헬로비전,037560,A,B,A,A,2022,,,,,
11086,LG헬로비전,037560,A,B+,A+,A,2023,,,,,
11085,LG헬로비전,037560,A,A,A+,A,2024,,,,,
11084,LG헬로비전,037560,A,A,A+,A,2025,,,,,
11083,LG화학,051910,A,A,A,B+,2012,,,,,
11082,LG화학,051910,A,B+,A,A,2013,,,,,
11081,LG화학,051910,A,B+,A,A,2014,,,,,
11080,LG화학,051910,B+,B+,B+,B+,2015,,,사회 등급조정(2015.8),,
11079,LG화학,051910,B+,B+,B+,B,2016,,,,,
11078,LG화학,051910,A,A,A+,B+,2017,,,,,
11077,LG화학,051910,A,A,A+,B+,2018,,,,,
11076,LG화학,051910,B,미공개,A,B+,2019,통합 등급조정(2020.7),환경 등급조정(2020.7),사회 등급조정(2020.7),,
11075,LG화학,051910,B,C,A,B+,2020,통합 등급조정(2020.10),환경 등급조정(2020.10),사회 등급조정(2020.10),,
11074,LG화학,051910,B+,B+,A,B+,2021,,,,,
11073,LG화학,051910,B,C,A,B+,2022,,,,,
11072,LG화학,051910,A,B+,A+,A,2023,,,,,
11071,LG화학,051910,B+,B+,A,B+,2024,,,,,
11070,LG화학,051910,B+,B,A+,B+,2025,,,,,
11069,LIG디펜스앤에어로스페이스,079550,B+,B+,B+,B+,2017,,,,,
11068,LIG디펜스앤에어로스페이스,079550,B+,B+,B+,B+,2018,,,,,
11067,LIG디펜스앤에어로스페이스,079550,B+,B+,A,B+,2019,,,,,
11066,LIG디펜스앤에어로스페이스,079550,A,B+,A,A,2020,,,,,
11065,LIG디펜스앤에어로스페이스,079550,A,A,A+,A,2021,,,,,
11064,LIG디펜스앤에어로스페이스,079550,A,A,A+,A,2022,,,,,
11063,LIG디펜스앤에어로스페이스,079550,A,A,A+,A,2023,,,,,
11062,LIG디펜스앤에어로스페이스,079550,A,A,A+,A,2024,,,,,
11061,LIG디펜스앤에어로스페이스,079550,A,A,A+,A,2025,,,,,
11060,LS,006260,미공개,미공개,미공개,B+,2012,,,,,
11059,LS,006260,미공개,미공개,미공개,B+,2013,,,,,
11058,LS,006260,미공개,미공개,미공개,B+,2014,,,,,
11057,LS,006260,미공개,미공개,미공개,B,2015,,,,,
11056,LS,006260,미공개,미공개,미공개,B,2016,,,,,
11055,LS,006260,미공개,미공개,미공개,B,2017,,,,,
11054,LS,006260,미공개,미공개,B+,D,2018,,,,지배구조 등급조정(2019.4),
11053,LS,006260,B+,B,A,B,2019,,,,,
11052,LS,006260,B+,B,B+,A,2020,,,,,
11051,LS,006260,A,B+,A+,B+,2021,,,,,
11050,LS,006260,C,B+,A,C,2022,,,,,
11049,LS,006260,A,A,A,A,2023,,,,,
11048,LS,006260,A,A,A,A,2024,,,,,
11047,LS,006260,B+,A,A+,B,2025,,,,,
11046,LS네트웍스,000680,미공개,미공개,미공개,미공개,2012,,,,,
11045,LS네트웍스,000680,미공개,미공개,미공개,B,2013,,,,,
11044,LS네트웍스,000680,미공개,미공개,미공개,B,2014,,,,,
11043,LS네트웍스,000680,미공개,미공개,미공개,D,2015,,,,,
11042,LS네트웍스,000680,미공개,미공개,미공개,C,2016,,,,,
11041,LS네트웍스,000680,미공개,미공개,미공개,B,2017,,,,,
11040,LS네트웍스,000680,미공개,미공개,미공개,B,2018,,,,,
11039,LS네트웍스,000680,B,미공개,B,B,2019,,,,,
11038,LS네트웍스,000680,B,D,B+,B,2020,,,,,
11037,LS네트웍스,000680,C,D,C,B,2021,,,,,
11036,LS네트웍스,000680,B,C,B+,B,2022,,,,,
11035,LS네트웍스,000680,B+,B,A,B+,2023,,,,,
11034,LS네트웍스,000680,B+,B,A,B+,2024,,,,,
11033,LS네트웍스,000680,C,B,B+,C,2025,,,,,
11032,LS마린솔루션,060370,C,C,C,B+,2023,,,,,
11031,LS마린솔루션,060370,C,C,C,B,2024,,,,,
11030,LS마린솔루션,060370,C,C,D,C,2025,,,,,
11029,LS머트리얼즈,417200,B,C,B,B+,2025,,,,,
11028,LS산전,010120,B+,B+,미공개,B+,2012,,,,,
11027,LS산전,010120,B+,B+,B+,B+,2013,,,,,
11026,LS산전,010120,B+,B+,B+,B+,2014,,,,,
11025,LS산전,010120,B+,B+,A,B+,2015,,,,,
11024,LS산전,010120,A,A,A+,B+,2016,,,,,
11023,LS산전,010120,B+,A,A,B,2017,,,,,
11022,LS산전,010120,B+,A,A,B,2018,,,,,
11021,LS산전,010120,A,A,A,A,2019,,,,,
11020,LS에코에너지,229640,C,D,C,B,2023,,,,,
11019,LS에코에너지,229640,C,D,C,B,2024,,,,,
11018,LS에코에너지,229640,C,D,C,B+,2025,,,,,
11017,LS일렉트릭,010120,A,B+,A+,B+,2020,,,,,
11016,LS전선아시아,229640,미공개,미공개,미공개,B,2017,,,,,
11015,LS전선아시아,229640,미공개,미공개,미공개,B,2018,,,,,
11014,LS전선아시아,229640,B,미공개,미공개,B+,2019,,,,,
11013,LS전선아시아,229640,B,D,C,B+,2020,,,,,
11012,LS전선아시아,229640,B,D,C,B+,2021,,,,,
11011,LS전선아시아,229640,C,D,D,B,2022,,,,,
11010,LS증권,078020,C,D,D,B,2024,,,,,
11009,LS증권,078020,C,D,C,B,2025,,,,,
11008,LX세미콘,108320,B,C,B+,B+,2020,,,,,
11007,LX세미콘,108320,B+,B,B+,B+,2021,,,,,
11006,LX세미콘,108320,A,A,A+,B+,2022,,,,,
11005,LX세미콘,108320,B+,A,A,B+,2023,,,,,
11004,LX세미콘,108320,B+,B+,A,B+,2024,,,,,
11003,LX세미콘,108320,A,A,A+,B+,2025,,,,,
11002,LX인터내셔널,001120,A,A,A+,A,2021,,,,,
11001,LX인터내셔널,001120,A,B+,A,A,2022,,,,,
11000,LX인터내셔널,001120,B+,B+,A+,B,2023,,,,,
10999,LX인터내셔널,001120,A,B+,A+,B+,2024,,,,,
10998,LX인터내셔널,001120,A,B+,A,A,2025,,,,,
10997,LX하우시스,108670,A,A,A+,A,2021,,,,,
10996,LX하우시스,108670,A,B+,A,A,2022,,,,,
10995,LX하우시스,108670,A,A,A,B+,2023,,,,,
10994,LX하우시스,108670,A,A,A,B+,2024,,,,,
10993,LX하우시스,108670,A,A,A,A,2025,,,,,
10992,LX홀딩스,383800,B+,B+,A,B+,2023,,,,,
10991,LX홀딩스,383800,B+,A,A,B+,2024,,,,,
10990,LX홀딩스,383800,A,A,A+,B+,2025,,,,,
10989,MH에탄올,023150,미공개,미공개,미공개,미공개,2012,,,,,
10988,MH에탄올,023150,미공개,미공개,미공개,C,2013,,,,,
10987,MH에탄올,023150,미공개,미공개,미공개,B,2014,,,,,
10986,MH에탄올,023150,미공개,미공개,미공개,B,2015,,,,,
10985,MH에탄올,023150,미공개,미공개,미공개,B,2016,,,,,
10984,MH에탄올,023150,미공개,미공개,미공개,C,2017,,,,,
10983,MH에탄올,023150,미공개,미공개,미공개,C,2018,,,,,
10982,MH에탄올,023150,B,미공개,B,B,2019,,,,,
10981,MH에탄올,023150,B,C,B,B+,2020,,,,,
10980,MH에탄올,023150,B,B,D,B+,2021,,,,,
10979,MH에탄올,023150,C,C,D,B,2022,,,,,
10978,MH에탄올,023150,D,D,D,C,2023,,,,,
10977,MH에탄올,023150,D,D,D,C,2024,,,,,
10976,MH에탄올,023150,D,D,D,D,2025,,,,,
10975,NAVER,035420,B+,B+,B+,A,2012,,,,,
10974,NAVER,035420,B+,미공개,B+,B+,2013,,,,,
10973,NAVER,035420,B+,미공개,B+,A,2014,,,,,
10972,NAVER,035420,미공개,미공개,미공개,B+,2015,,,,,
10971,NAVER,035420,B+,B+,B+,B,2016,,,,,
10970,NAVER,035420,B+,B+,A,B+,2017,,,,,
10969,NAVER,035420,B+,미공개,B+,B+,2018,,,,,
10968,NAVER,035420,B+,B,A,B+,2019,,,,,
10967,NAVER,035420,A,B+,B+,A+,2020,통합 등급조정(2020.10),,"사회 등급조정(2020.10, 2021.7)",,
10966,NAVER,035420,A+,A,A,A+,2021,,,사회 등급조정(2021.10),,
10965,NAVER,035420,A,A,A,A,2022,,,,,
10964,NAVER,035420,A+,A,A+,A+,2023,,,,,
10963,NAVER,035420,A,A,A+,A,2024,,,,,
10962,NAVER,035420,A,A,A+,A,2025,,,,,
10961,NC,036570,B+,미공개,미공개,A,2012,,,,,
10960,NC,036570,미공개,미공개,미공개,B+,2013,,,,,
10959,NC,036570,미공개,미공개,미공개,B+,2014,,,,,
10958,NC,036570,미공개,미공개,미공개,A,2015,,,,,
10957,NC,036570,미공개,미공개,미공개,B+,2016,,,,,
10956,NC,036570,미공개,미공개,미공개,B,2017,,,,지배구조 등급조정(2017.8),
10955,NC,036570,미공개,미공개,미공개,B+,2018,,,,,
10954,NC,036570,B,미공개,B,B+,2019,,,,,
10953,NC,036570,B+,D,B+,A,2020,,,,,
10952,NC,036570,A,B+,A,A,2021,,,,,
10951,NC,036570,A,B+,A,A,2022,,,,,
10950,NC,036570,A,B+,A,A,2023,,,,,
10949,NC,036570,A,B+,A+,A,2024,,,,,
10948,NC,036570,A,B+,A,A,2025,,,,,
10947,NHN KCP,060250,B,C,B,B,2023,,,,,
10946,NHN KCP,060250,B,B,B,B,2024,,,,,
10945,NHN KCP,060250,C,B,B,C,2025,,,,,
10944,NHN엔터테인먼트,181710,미공개,미공개,미공개,B+,2015,,,,,
10943,NHN엔터테인먼트,181710,미공개,미공개,미공개,C,2016,,,,,
10942,NHN엔터테인먼트,181710,미공개,미공개,미공개,B+,2017,,,,,
10941,NHN엔터테인먼트,181710,미공개,미공개,미공개,B+,2018,,,,,
10940,NHN한국사이버결제,060250,B,D,B,B+,2020,,,,,
10939,NHN한국사이버결제,060250,C,D,C,B,2021,,,,,
10938,NHN한국사이버결제,060250,C,D,B,C,2022,,,,,
10937,NH농우바이오,054050,미공개,미공개,미공개,B,2019,,,,,
10936,NH농우바이오,054050,C,D,C,B+,2020,,,,,
10935,NH농우바이오,054050,B,D,B,B+,2021,,,,,
10934,NH농우바이오,054050,D,D,D,D,2022,,,,,
10933,NH농우바이오,054050,D,D,D,C,2023,,,,,
10932,NH농우바이오,054050,C,D,D,B,2024,,,,,
10931,NH농우바이오,054050,C,D,D,B,2025,,,,,
10930,NH농협손해보험,839719,등급없음,등급없음,등급없음,A,2019,,,,,
10929,NH농협손해보험,839719,등급없음,등급없음,등급없음,B+,2020,,,,,
10928,NH농협손해보험,839719,등급없음,등급없음,등급없음,A,2021,,,,,
10927,NH농협손해보험,839719,등급없음,등급없음,등급없음,A,2022,,,,,
10926,NH농협손해보험,839719,등급없음,등급없음,등급없음,A,2023,,,,,
10925,NH농협손해보험,839719,등급없음,등급없음,등급없음,A,2024,,,,,
10924,NH농협손해보험,839719,등급없음,등급없음,등급없음,A,2025,,,,,
10923,NH농협증권,016420,미공개,미공개,미공개,B+,2012,,,,,
10922,NH농협증권,016420,미공개,미공개,미공개,B,2013,,,,,
10921,NH농협증권,016420,미공개,미공개,미공개,B,2014,,,,,
10920,NH투자증권,005940,A,B+,A,A,2012,,,,,
10919,NH투자증권,005940,B+,미공개,B+,B+,2013,,,,,
10918,NH투자증권,005940,B+,미공개,B+,A,2014,,,,,
10917,NH투자증권,005940,B+,미공개,B+,A,2015,,,,,
10916,NH투자증권,005940,B+,미공개,B+,A+,2016,,,,,
10915,NH투자증권,005940,B+,미공개,미공개,A,2017,,,,,
10914,NH투자증권,005940,B+,미공개,A,미공개,2018,,,,,
10913,NH투자증권,005940,B+,미공개,A,B+,2019,,,,,
10912,NH투자증권,005940,B+,B,A+,B+,2020,,,,,
10911,NH투자증권,005940,A,A,A+,A,2021,,,,,
10910,NH투자증권,005940,B+,A,A,B+,2022,,,,,
10909,NH투자증권,005940,A,A,A,A,2023,,,,,
10908,NH투자증권,005940,B+,B+,A,B+,2024,통합 등급조정(2025.07.),,,지배구조 등급조정(2025.07.),
10907,NH투자증권,005940,B+,A,A,B+,2025,통합 등급조정(2025.11.),,,지배구조 등급조정(2025.11.),
10906,NICE,034310,미공개,미공개,미공개,미공개,2012,,,,,
10905,NICE,034310,미공개,미공개,미공개,B,2013,,,,,
10904,NICE,034310,미공개,미공개,미공개,B,2014,,,,,
10903,NICE,034310,미공개,미공개,미공개,B+,2015,,,,,
10902,NICE,034310,미공개,미공개,미공개,B,2016,,,,,
10901,NICE,034310,미공개,미공개,미공개,B+,2017,,,,,
10900,NICE,034310,미공개,미공개,미공개,B,2018,,,,,
10899,NICE,034310,B,미공개,B,B+,2019,,,,,
10898,NICE,034310,B,D,B,B+,2020,,,,,
10897,NICE,034310,B+,B,A,B+,2021,,,,,
10896,NICE,034310,B+,C,B+,B+,2022,,,,,
10895,NICE,034310,B+,B,A,B+,2023,,,,,
10894,NICE,034310,B+,B,A,B+,2024,,,,,
10893,NICE,034310,B+,B,A,B+,2025,,,,,
10892,NICE평가정보,030190,B,미공개,B,B,2019,,,,,
10891,NICE평가정보,030190,B,D,B,B,2020,,,,,
10890,NICE평가정보,030190,B+,B,A,B,2021,,,,,
10889,NICE평가정보,030190,B,B,B+,B,2022,,,,,
10888,NICE평가정보,030190,B,C,B,B,2023,,,,,
10887,NICE평가정보,030190,B+,C,B+,B+,2024,,,,,
10886,NICE평가정보,030190,B+,C,B+,B+,2025,,,,,
10885,NI스틸,008260,미공개,미공개,미공개,미공개,2012,,,,,
10884,NI스틸,008260,미공개,미공개,미공개,C,2013,,,,,
10883,NI스틸,008260,미공개,미공개,미공개,C,2014,,,,,
10882,NI스틸,008260,미공개,미공개,미공개,C,2015,,,,,
10881,NI스틸,008260,미공개,미공개,미공개,B,2016,,,,,
10880,NI스틸,008260,미공개,미공개,미공개,B,2017,,,,,
10879,NI스틸,008260,미공개,미공개,미공개,D,2018,,,,,
10878,NI스틸,008260,미공개,미공개,미공개,C,2019,,,,,
10877,NI스틸,008260,C,D,C,B,2020,,,,,
10876,NI스틸,008260,C,D,C,B,2021,,,,,
10875,NI스틸,008260,D,D,D,C,2022,,,,,
10874,NI스틸,008260,D,D,D,D,2023,,,,,
10873,NI스틸,008260,D,D,C,D,2024,,,,,
10872,NI스틸,008260,D,D,C,C,2025,,,,,
10871,OCI,010060,A,A,A,B+,2012,,,,,
10870,OCI,010060,A,A,A,B+,2013,,,,,
10869,OCI,010060,B+,B+,A,B+,2014,,,,,
10868,OCI,010060,B+,미공개,A,B,2015,,환경 등급조정(2015.8),,,
10867,OCI,010060,B+,B+,A,B+,2016,,,,,
10866,OCI,010060,A,A,A+,B+,2017,,,,,
10865,OCI,010060,A,B+,A+,B+,2018,,환경 등급조정(2019.4),,,
10864,OCI,010060,A,B,A+,A,2019,,,,,
10863,OCI,010060,A,A,A+,A,2020,,,,,
10862,OCI,010060,A,B+,A+,A,2021,,,,,
10861,OCI,010060,A,B+,A,A,2022,,,,,
10860,OCI,456040,A,B+,A,A,2025,,,,,
10859,OCI홀딩스,010060,A,A,A,A,2023,,,,,
10858,OCI홀딩스,010060,A,B+,A+,A,2024,,,,,
10857,OCI홀딩스,010060,B+,B+,A,B+,2025,,,,,
10856,PI첨단소재,178920,B+,B+,B,B+,2021,,,,,
10855,PI첨단소재,178920,B+,B+,A,B,2023,,,,,
10854,PI첨단소재,178920,B+,B+,A,B+,2024,,,,,
10853,PI첨단소재,178920,B+,B+,B+,B,2025,,,,,
10852,PKC,001340,D,C,D,D,2024,통합 등급조정(2024.10.),,,지배구조 등급조정(2024.10.),
10851,PKC,001340,D,C,D,D,2025,,,,,
10850,POSCO홀딩스,005490,A,A,A,A+,2022,,,사회 등급조정(2022.11),,
10849,POSCO홀딩스,005490,A+,A,A+,A+,2023,,,,,
10848,POSCO홀딩스,005490,A,A,A+,A,2024,,,,,
10847,POSCO홀딩스,005490,A+,A,A+,A+,2025,,,,,
10846,RFHIC,218410,C,D,C,B,2020,,,,,
10845,RFHIC,218410,C,D,C,B,2021,,,,,
10844,RFHIC,218410,C,D,D,B,2022,,,,,
10843,RFHIC,218410,D,D,D,C,2023,,,,,
10842,RFHIC,218410,D,C,D,D,2024,,,,,
10841,RFHIC,218410,D,C,D,D,2025,,,,,
10840,S&TC,100840,미공개,미공개,미공개,미공개,2012,,,,,
10839,S&TC,100840,미공개,미공개,미공개,B,2013,,,,,
10838,S&TC,100840,미공개,미공개,미공개,B,2014,,,,,
10837,S&TC,100840,미공개,미공개,미공개,B,2015,,,,,
10836,S&TC,100840,미공개,미공개,미공개,B,2016,,,,,
10835,S&TC,100840,미공개,미공개,미공개,B,2017,,,,,
10834,S&TC,100840,미공개,미공개,미공개,B,2018,,,,,
10833,S&TC,100840,B,B,B+,B,2019,,,,,
10832,S&TC,100840,B+,B,B,B+,2020,,,,,
10831,S&T모티브,064960,미공개,미공개,미공개,B+,2012,,,,,
10830,S&T모티브,064960,미공개,미공개,미공개,B,2013,,,,,
10829,S&T모티브,064960,미공개,미공개,미공개,B,2014,,,,,
10828,S&T모티브,064960,미공개,B+,미공개,B,2015,,,,,
10827,S&T모티브,064960,미공개,B+,미공개,B,2016,,,,,
10826,S&T모티브,064960,B+,B+,미공개,B+,2017,,,,,
10825,S&T모티브,064960,미공개,B+,미공개,B,2018,,,,,
10824,S&T모티브,064960,B,B,B,B+,2019,,,,,
10823,S&T모티브,064960,B+,B,B+,B+,2020,,,,,
10822,S&T중공업,003570,미공개,미공개,미공개,미공개,2012,,,,,
10821,S&T중공업,003570,미공개,미공개,미공개,B,2013,,,,,
10820,S&T중공업,003570,미공개,B+,미공개,B,2014,,,,,
10819,S&T중공업,003570,미공개,B+,미공개,B,2015,,,,,
10818,S&T중공업,003570,미공개,미공개,B+,B,2016,,,,,
10817,S&T중공업,003570,B+,B+,B+,B,2017,,,,,
10816,S&T중공업,003570,미공개,B+,미공개,B,2018,,,,,
10815,S&T중공업,003570,B,B+,B,B,2019,,,,,
10814,S&T중공업,003570,B+,B+,B+,B+,2020,,,,,
10813,S&T홀딩스,036530,미공개,미공개,미공개,미공개,2012,,,,,
10812,S&T홀딩스,036530,미공개,미공개,미공개,B,2013,,,,,
10811,S&T홀딩스,036530,미공개,미공개,미공개,B,2014,,,,,
10810,S&T홀딩스,036530,미공개,미공개,미공개,B,2015,,,,,
10809,S&T홀딩스,036530,미공개,미공개,미공개,B,2016,,,,,
10808,S&T홀딩스,036530,미공개,미공개,미공개,B,2017,,,,,
10807,S&T홀딩스,036530,미공개,미공개,미공개,B,2018,,,,,
10806,S&T홀딩스,036530,B,미공개,B,B,2019,,,,,
10805,S&T홀딩스,036530,B+,C,B+,B+,2020,,,,,
10804,S-Oil,010950,A,A+,A,A,2012,,,,,
10803,S-Oil,010950,A+,A+,A+,A,2013,,,,,
10802,S-Oil,010950,A+,A+,A,A+,2014,,,,,
10801,S-Oil,010950,A,A,A+,A,2015,,,,,
10800,S-Oil,010950,A+,A,A+,A+,2016,,,,,
10799,S-Oil,010950,A+,A,A+,A+,2017,,,,,
10798,S-Oil,010950,A,A,A,A+,2018,통합 등급조정(2019.4),,사회 등급조정(2019.4),,
10797,S-Oil,010950,A,B+,A+,A+,2019,,,,,
10796,S-Oil,010950,A+,A,A+,A+,2020,,,,,
10795,S-Oil,010950,A,B+,A+,A+,2021,통합 등급조정(2022.07),환경 등급조정(2022.07),,,
10794,S-Oil,010950,A,B,A+,A+,2022,,환경 등급조정(2022.11),,,
10793,S-Oil,010950,A+,A,A+,A+,2023,,,,,
10792,S-Oil,010950,A,B+,A,A,2024,,,,,
10791,S-Oil,010950,A,B+,A+,A,2025,,,,,
10790,SBS,034120,미공개,미공개,미공개,B+,2012,,,,,
10789,SBS,034120,미공개,미공개,미공개,B+,2013,,,,,
10788,SBS,034120,미공개,미공개,미공개,B+,2014,,,,,
10787,SBS,034120,미공개,미공개,미공개,B+,2015,,,,,
10786,SBS,034120,미공개,미공개,미공개,B,2016,,,,,
10785,SBS,034120,미공개,미공개,미공개,B,2017,,,,,
10784,SBS,034120,미공개,미공개,미공개,B,2018,,,,,
10783,SBS,034120,B,미공개,B,B+,2019,,,,,
10782,SBS,034120,B,C,B,B+,2020,,,,,
10781,SBS,034120,B,D,B+,B+,2021,,,,,
10780,SBS,034120,C,D,D,B+,2022,,,,,
10779,SBS,034120,B+,B+,A,B+,2023,,,,,
10778,SBS,034120,A,B+,B+,A,2024,,,,,
10777,SBS,034120,B+,B,A,B+,2025,,,,,
10776,SBS미디어홀딩스,101060,미공개,미공개,미공개,미공개,2012,,,,,
10775,SBS미디어홀딩스,101060,미공개,미공개,미공개,C,2013,,,,,
10774,SBS미디어홀딩스,101060,미공개,미공개,미공개,B,2014,,,,,
10773,SBS미디어홀딩스,101060,미공개,미공개,미공개,B,2015,,,,,
10772,SBS미디어홀딩스,101060,미공개,미공개,미공개,B,2016,,,,,
10771,SBS미디어홀딩스,101060,미공개,미공개,미공개,B,2017,,,,,
10770,SBS미디어홀딩스,101060,미공개,미공개,B+,B,2018,,,,,
10769,SBS미디어홀딩스,101060,B,미공개,B,B,2019,,,,,
10768,SBS미디어홀딩스,101060,B,C,B,B,2020,,,,,
10767,SBS미디어홀딩스,101060,B,D,B+,B,2021,,,,,
10766,SBS콘텐츠허브,046140,미공개,미공개,미공개,B,2019,,,,,
10765,SBS콘텐츠허브,046140,C,D,C,B,2020,,,,,
10764,SBS콘텐츠허브,046140,B,D,B,B,2021,,,,,
10763,SBS콘텐츠허브,046140,C,D,D,B,2022,,,,,
10762,SBS콘텐츠허브,046140,B+,B,B+,B+,2023,,,,,
10761,SBW생명과학,151910,D,C,D,D,2023,,,,,
10760,SB성보,003080,D,D,C,C,2024,,,,,
10759,SB성보,003080,D,D,C,C,2025,,,,,
10758,SFA반도체,036540,C,B+,B,C,2021,,,,,
10757,SFA반도체,036540,D,C,C,D,2022,,,,,
10756,SFA반도체,036540,D,C,C,D,2023,,,,,
10755,SFA반도체,036540,D,C,C,D,2024,,,,,
10754,SFA반도체,036540,C,C,C,C,2025,,,,,
10753,SGC E&C,016250,C,B,C,C,2023,,,사회 등급조정(2024.01.),,
10752,SGC E&C,016250,C,B,C,C,2024,,,,,
10751,SGC E&C,016250,C,B,B+,D,2025,,,,,
10750,SGC에너지,005090,B+,B+,A,B+,2021,,,,,
10749,SGC에너지,005090,B+,B+,A,B+,2022,,,,,
10748,SGC에너지,005090,B+,A,A,B,2023,통합 등급조정(2023.10.),,,지배구조 등급조정(2023.10.),
10747,SGC에너지,005090,B,A,B+,C,2024,,,,,
10746,SGC에너지,005090,B+,B+,A,B,2025,,,,,
10745,SGC이테크건설,016250,C,C,C,B+,2021,,,,,
10744,SGC이테크건설,016250,B,B,B,B,2022,,,사회 등급조정(2022.11),,
10743,SG글로벌,001380,C,C,C,C,2021,,,,,
10742,SG글로벌,001380,D,D,D,D,2022,,,,,
10741,SG글로벌,001380,D,C,D,D,2023,,,,,
10740,SG글로벌,001380,D,C,D,D,2024,,,,,
10739,SG글로벌,001380,D,C,D,D,2025,,,,,
10738,SG세계물산,004060,미공개,미공개,미공개,미공개,2012,,,,,
10737,SG세계물산,004060,미공개,미공개,미공개,C,2013,,,,,
10736,SG세계물산,004060,미공개,미공개,미공개,C,2014,,,,,
10735,SG세계물산,004060,미공개,미공개,미공개,C,2015,,,,,
10734,SG세계물산,004060,미공개,미공개,미공개,C,2016,,,,,
10733,SG세계물산,004060,미공개,미공개,미공개,C,2017,,,,,
10732,SG세계물산,004060,미공개,미공개,미공개,C,2018,,,,,
10731,SG세계물산,004060,미공개,미공개,B,C,2019,,,,,
10730,SG세계물산,004060,C,D,B,C,2020,,,,,
10729,SG세계물산,004060,C,D,B,C,2021,,,,,
10728,SG세계물산,004060,D,D,D,D,2022,,,,,
10727,SG세계물산,004060,D,D,D,D,2023,,,,,
10726,SG세계물산,004060,D,D,D,C,2024,,,,,
10725,SG세계물산,004060,D,D,C,D,2025,,,,,
10724,SG충방,001380,미공개,미공개,미공개,미공개,2012,,,,,
10723,SG충방,001380,미공개,미공개,미공개,C,2014,,,,,
10722,SG충방,001380,미공개,미공개,미공개,C,2015,,,,,
10721,SG충방,001380,미공개,미공개,미공개,C,2016,,,,,
10720,SG충방,001380,미공개,미공개,미공개,C,2017,,,,,
10719,SG충방,001380,미공개,미공개,미공개,C,2018,,,,,
10718,SG충방,001380,미공개,미공개,미공개,D,2019,,,,,
10717,SG충방,001380,D,C,C,D,2020,,,,,
10716,SHD,001770,D,D,D,C,2022,,,,,
10715,SHD,001770,C,D,D,B,2023,,,,,
10714,SHD,001770,D,D,D,C,2024,,,,,
10713,SHD,001770,D,D,D,C,2025,,,,,
10712,SH에너지화학,002360,미공개,미공개,미공개,미공개,2012,,,,,
10711,SH에너지화학,002360,미공개,미공개,미공개,C,2013,,,,,
10710,SH에너지화학,002360,미공개,미공개,미공개,C,2014,,,,,
10709,SH에너지화학,002360,미공개,미공개,미공개,B,2015,,,,,
10708,SH에너지화학,002360,미공개,미공개,미공개,B,2016,,,,,
10707,SH에너지화학,002360,미공개,미공개,미공개,B,2017,,,,,
10706,SH에너지화학,002360,미공개,미공개,미공개,B+,2018,,,,,
10705,SH에너지화학,002360,미공개,미공개,미공개,B+,2019,,,,,
10704,SH에너지화학,002360,C,C,C,B+,2020,,,,,
10703,SH에너지화학,002360,B,B,D,B+,2021,,,,,
10702,SH에너지화학,002360,C,C,D,B+,2022,,,,,
10701,SH에너지화학,002360,C,C,D,B,2023,,,,,
10700,SH에너지화학,002360,C,C,D,B,2024,,,,,
10699,SH에너지화학,002360,C,C,D,B,2025,,,,,
10698,SIMPAC,009160,미공개,미공개,미공개,미공개,2012,,,,,
10697,SIMPAC,009160,미공개,미공개,미공개,C,2013,,,,,
10696,SIMPAC,009160,미공개,미공개,미공개,B,2014,,,,,
10695,SIMPAC,009160,미공개,미공개,미공개,B,2015,,,,,
10694,SIMPAC,009160,미공개,미공개,미공개,C,2016,,,,,
10693,SIMPAC,009160,미공개,미공개,미공개,C,2017,,,,,
10692,SIMPAC,009160,미공개,미공개,미공개,B,2018,,,,,
10691,SIMPAC,009160,미공개,미공개,미공개,C,2019,,,,,
10690,SIMPAC,009160,C,C,B,C,2020,,,,,
10689,SIMPAC,009160,B,B,B,B,2021,,,,,
10688,SIMPAC,009160,D,D,C,D,2022,,,,,
10687,SIMPAC,009160,D,C,C,D,2023,,,,,
10686,SIMPAC,009160,D,C,C,D,2024,,,,,
10685,SIMPAC,009160,D,C,C,D,2025,,,,,
10684,SJG세종,033530,D,C,C,D,2024,,,,,
10683,SJG세종,033530,C,C,B,D,2025,,,,,
10682,SK,003600,B+,미공개,B+,B+,2012,,,,,
10681,SK,034730,A,A,A,B+,2012,,,,,
10680,SK,003600,미공개,미공개,B+,B,2013,,,,,
10679,SK,034730,A,A,A+,B+,2013,,,,,
10678,SK,003600,미공개,미공개,B+,C,2014,,,,,
10677,SK,034730,A,A+,A,B,2014,,,,,
10676,SK,034730,A,A,A,A,2015,,,,지배구조 등급조정(2015.8),
10675,SK,034730,A,A,A+,A,2016,,,,,
10674,SK,034730,A+,A,A+,A+,2017,,,,,
10673,SK,034730,A+,A,A+,A+,2018,,,,,
10672,SK,034730,A,A,A,A,2019,,,,,
10671,SK,034730,A+,A,A+,A+,2020,,,,,
10670,SK,034730,A+,A+,A+,A+,2021,,,,,
10669,SK,034730,A+,A,A,A+,2022,,,사회 등급조정(2022.11),,
10668,SK,034730,A+,A,A+,A+,2023,,,,,
10667,SK,034730,A,A,A+,A,2024,,,,,
10666,SK,034730,A,A,A+,A,2025,,,,,
10665,SK(합병소멸),003600,미공개,미공개,B+,B+,2015,,,,,
10664,SKC,011790,A,A,A,A,2012,,,,,
10663,SKC,011790,A,A,A,B+,2013,,,,,
10662,SKC,011790,A,A,A,B+,2014,,,,,
10661,SKC,011790,A,A,A,B+,2015,,,,,
10660,SKC,011790,B+,A,B+,B+,2016,,,,,
10659,SKC,011790,B+,A,B+,B+,2017,,,,,
10658,SKC,011790,B+,B+,A,B+,2018,,,,,
10657,SKC,011790,A,B+,A,A,2019,,,,,
10656,SKC,011790,B+,B+,A+,B,2020,통합 등급조정(2021.4),,,지배구조 등급조정(2021.4),
10655,SKC,011790,A,A,A+,B+,2021,,,,지배구조 등급조정(2021.10),
10654,SKC,011790,A,B+,A+,A,2022,,,,,
10653,SKC,011790,A+,A+,A+,A,2023,,,,,
10652,SKC,011790,A,A,A+,A,2024,,,,,
10651,SKC,011790,A,B+,A+,A,2025,,,,,
10650,SKC 솔믹스,057500,B+,B+,B,B+,2019,,,,,
10649,SKC 솔믹스,057500,B,B,B,B+,2020,,,,,
10648,SKC코오롱PI,178920,B,B,미공개,B+,2019,,,,,
10647,SKC코오롱PI,178920,B,C,B,B+,2020,,,,,
10646,SK가스,018670,미공개,미공개,B+,미공개,2012,,,,,
10645,SK가스,018670,B+,미공개,B+,B+,2013,,,,,
10644,SK가스,018670,B+,미공개,B+,B+,2014,,,,,
10643,SK가스,018670,미공개,미공개,미공개,B+,2015,,,,,
10642,SK가스,018670,미공개,미공개,B+,B+,2016,,,,,
10641,SK가스,018670,미공개,미공개,B+,B+,2017,,,,,
10640,SK가스,018670,B+,미공개,A,B+,2018,,,,,
10639,SK가스,018670,B+,B,B+,A,2019,,,,,
10638,SK가스,018670,A,B+,A+,A,2020,,,,,
10637,SK가스,018670,A,A,A+,A,2021,,,,,
10636,SK가스,018670,A,A,A+,A,2022,,,,,
10635,SK가스,018670,A+,A+,A+,A,2023,,,,,
10634,SK가스,018670,A,A,A+,A,2024,,,,,
10633,SK가스,018670,A+,A+,A+,A,2025,,,,,
10632,SK네트웍스,001740,B+,미공개,A,A,2012,,,,,
10631,SK네트웍스,001740,B+,미공개,B+,A,2013,,,,,
10630,SK네트웍스,001740,B+,미공개,A,B+,2014,,,,,
10629,SK네트웍스,001740,미공개,미공개,B+,B+,2015,,,,,
10628,SK네트웍스,001740,B+,미공개,B+,A,2016,,,,,
10627,SK네트웍스,001740,B+,미공개,B+,B+,2017,,,,,
10626,SK네트웍스,001740,A,B+,A+,B+,2018,,,,,
10625,SK네트웍스,001740,A+,B+,A+,A+,2019,,,,,
10624,SK네트웍스,001740,A,B+,A+,A,2020,통합 등급조정(2021.4),,,지배구조 등급조정(2021.4),
10623,SK네트웍스,001740,A,B+,A+,A,2021,통합 등급조정(2021.10),,,지배구조 등급조정(2021.10),
10622,SK네트웍스,001740,A,A,A+,B+,2022,,,,,
10621,SK네트웍스,001740,A,A,A+,A,2023,,,,,
10620,SK네트웍스,001740,A+,A,A+,A+,2024,,,,,
10619,SK네트웍스,001740,A,A,A+,A,2025,,,,,
10618,SK디스커버리,006120,B+,A,미공개,B+,2012,,,,,
10617,SK디스커버리,006120,B+,A,B+,B+,2013,,,,,
10616,SK디스커버리,006120,B+,B+,B+,B+,2014,,,,,
10615,SK디스커버리,006120,B+,B+,B+,B+,2015,통합 등급조정(2016.5),환경 등급조정(2016.5),사회 등급조정(2016.5),,
10614,SK디스커버리,006120,B+,B+,B+,B+,2016,,,,,
10613,SK디스커버리,006120,B+,미공개,A,B+,2017,,환경 등급조정(2017.8),,,
10612,SK디스커버리,006120,B+,미공개,B+,A,2019,,,,,
10611,SK디스커버리,006120,A,B,A,A,2020,,,,,
10610,SK디스커버리,006120,A,A,A+,A,2021,,,,,
10609,SK디스커버리,006120,A,A,A+,B+,2022,,,,,
10608,SK디스커버리,006120,A,A+,A+,A,2023,,,,,
10607,SK디스커버리,006120,A,A,A+,A,2024,,,,,
10606,SK디스커버리,006120,A,A,A+,A,2025,,,,,
10605,SK디앤디,210980,미공개,미공개,미공개,B,2017,,,,,
10604,SK디앤디,210980,미공개,미공개,미공개,C,2018,,,,,
10603,SK디앤디,210980,B,미공개,B,B+,2019,,,,,
10602,SK디앤디,210980,B,C,B,B+,2020,,,,,
10601,SK디앤디,210980,A,A,A+,A,2021,,,,,
10600,SK디앤디,210980,A,A,A,A,2022,,,,,
10599,SK디앤디,210980,A,A,A+,A,2023,,,,,
10598,SK디앤디,210980,A,A,A+,A,2024,,,,,
10597,SK디앤디,210980,A,A+,A+,A,2025,,,,,
10596,SK렌터카,068400,B,B,C,B,2020,,,,,
10595,SK렌터카,068400,A,B+,A+,B+,2021,,,,,
10594,SK렌터카,068400,B+,A,A,B+,2022,,,,,
10593,SK렌터카,068400,A,A+,A+,A,2023,,,,,
10592,SK머티리얼즈,036490,B,B,B,B+,2019,,,,,
10591,SK머티리얼즈,036490,B+,B,A,B+,2020,,,,,
10590,SK머티리얼즈,036490,A,A,A+,A,2021,,,,,
10589,SK바이오랜드,052260,B,미공개,B,B+,2019,,,,,
10588,SK바이오랜드,052260,B,C,B,B+,2020,,,,,
10587,SK바이오사이언스,302440,A,A,A+,A,2022,,,,,
10586,SK바이오사이언스,302440,A,B+,A,A,2023,,,,,
10585,SK바이오사이언스,302440,A,B+,A+,A,2024,,,,,
10584,SK바이오사이언스,302440,A,B+,A+,A,2025,,,,,
10583,SK바이오팜,326030,A,B+,A,A,2022,,,,,
10582,SK스퀘어,402340,A,A,A+,A,2023,,,,,
10581,SK스퀘어,402340,A+,A,A+,A+,2024,,,,,
10580,SK스퀘어,402340,A,A,A+,A,2025,,,,,
10579,SK아이이테크놀로지,361610,A,A,A+,B+,2023,,,,,
10578,SK아이이테크놀로지,361610,A,A,A+,A,2024,,,,,
10577,SK아이이테크놀로지,361610,A,A,A+,B+,2025,,,,,
10576,SK오션플랜트,100090,B,A,A,C,2023,,,,,
10575,SK오션플랜트,100090,A+,A+,A+,A,2024,,,,,
10574,SK오션플랜트,100090,A,A,A+,A,2025,,,,,
10573,SK이노베이션,096770,A,A,B+,A,2012,,,,,
10572,SK이노베이션,096770,B+,A,A,B,2013,,,,,
10571,SK이노베이션,096770,B+,A,A,B,2014,,,,,
10570,SK이노베이션,096770,A,A,A,B+,2015,,,,,
10569,SK이노베이션,096770,A,A,B+,A+,2016,,,,,
10568,SK이노베이션,096770,B+,미공개,A,A,2017,통합 등급조정(2018.3),환경 등급조정(2018.3),,,
10567,SK이노베이션,096770,A,B+,A+,A,2018,,,,,
10566,SK이노베이션,096770,A,A,A+,A,2019,,,,,
10565,SK이노베이션,096770,A,A,A,A,2020,,,사회 등급조정(2021.4),,
,,,,,,,,,,,,
10563,SK이노베이션,096770,A,B+,A+,A+,2022,,환경 등급조정(2022.11),,,
10562,SK이노베이션,096770,A+,A,A+,A+,2023,,,,,
10561,SK이노베이션,096770,A+,A,A+,A+,2024,,,,,
10560,SK이노베이션,096770,A,B+,A+,A+,2025,,,,,
10559,SK증권,001510,B+,미공개,A,A,2012,,,,,
10558,SK증권,001510,미공개,미공개,B+,B+,2013,,,,,
10557,SK증권,001510,미공개,미공개,B+,B+,2014,,,,,
10556,SK증권,001510,미공개,미공개,B+,B+,2015,,,,,
10555,SK증권,001510,B+,미공개,B+,A,2016,,,,,
10554,SK증권,001510,B+,미공개,B+,A,2017,,,,,
10553,SK증권,001510,미공개,미공개,미공개,미공개,2018,,,,,
10552,SK증권,001510,B,미공개,B+,B+,2019,,,,,
10551,SK증권,001510,B,D,A,B,2020,,,,,
10550,SK증권,001510,B+,C,A,B+,2021,,,,,
10549,SK증권,001510,B+,C,B+,B+,2022,,,,,
10548,SK증권,001510,B+,B,B+,B+,2023,,,,,
10547,SK증권,001510,B+,A,B+,B+,2024,,,,,
10546,SK증권,001510,A,A+,A+,B+,2025,,,,,
10545,SK케미칼,285130,B+,B+,A,B+,2020,,,,,
10544,SK케미칼,285130,A,A,A+,A,2021,,,,,
10543,SK케미칼,285130,A+,A+,A+,A,2022,,,,,
10542,SK케미칼,285130,A+,A+,A+,A,2023,,,,,
10541,SK케미칼,285130,A+,A+,A+,A+,2024,,,,,
10540,SK케미칼,285130,A+,A+,A+,A,2025,,,,,
10539,SK텔레콤,017670,A,A+,A,B+,2012,,,,,
10538,SK텔레콤,017670,A,A,A,B+,2013,,,,,
10537,SK텔레콤,017670,A,A,B+,A+,2014,,,,,
10536,SK텔레콤,017670,A,A,A,A,2015,,,,,
10535,SK텔레콤,017670,A,A,B+,A,2016,,,사회 등급조정(2017.2),,
10534,SK텔레콤,017670,A,A,B+,A,2017,,,,,
10533,SK텔레콤,017670,A+,A,A,A+,2018,,,,,
10532,SK텔레콤,017670,A,B+,A,A+,2019,,,,,
10531,SK텔레콤,017670,A,A+,A,A,2020,통합 등급조정(2021.4),,,지배구조 등급조정(2021.4),
10530,SK텔레콤,017670,A,A,A+,A,2021,,,,,
10529,SK텔레콤,017670,A,A+,A,A,2022,,,사회 등급조정(2023.07),,
10528,SK텔레콤,017670,A,A,A,A,2023,,,사회 등급조정(2023.10.),,
10527,SK텔레콤,017670,A,A,B+,A,2024,,,사회 등급조정(2025.07.),,
10526,SK텔레콤,017670,A,A,B+,A,2025,,,사회 등급조정(2025.11.),,
10525,SK하이닉스,000660,A+,A+,A+,A+,2012,,,,,
10524,SK하이닉스,000660,A,A,A+,B+,2013,,,,,
10523,SK하이닉스,000660,B+,B+,A,B,2014,,,,,
10522,SK하이닉스,000660,B+,B+,B+,B+,2015,,환경 등급조정(2015.8),사회 등급조정(2015.8),,
10521,SK하이닉스,000660,B+,B+,B+,A,2016,,,사회 등급조정(2017.2),,
10520,SK하이닉스,000660,A,A,A,A,2017,,,,,
10519,SK하이닉스,000660,A,B+,A+,B+,2018,,,,,
10518,SK하이닉스,000660,A,B+,A+,B+,2019,,,,,
10517,SK하이닉스,000660,A,A,A+,A,2020,,,,,
10516,SK하이닉스,000660,A,B+,A+,A,2021,,환경 등급조정(2022.01),,,
10515,SK하이닉스,000660,B+,B+,A,B+,2022,,,,,
10514,SK하이닉스,000660,A,A,A+,A,2023,,,,,
10513,SK하이닉스,000660,B+,A,A+,B,2024,,,,,
10512,SK하이닉스,000660,A,A,A+,B+,2025,,,,,
10511,SM C&C,048550,D,D,D,D,2024,,,,,
10510,SM C&C,048550,D,D,C,D,2025,,,,,
10509,SM Life Design,063440,D,D,D,D,2024,,,,,
10508,SM Life Design,063440,D,D,D,D,2025,,,,,
10507,SNT다이내믹스,003570,C,C,C,C,2023,,,,,
10506,SNT다이내믹스,003570,C,C,D,C,2024,,,,,
10505,SNT다이내믹스,003570,D,C,C,D,2025,,,,,
10504,SNT모티브,064960,B,C,B,B+,2021,,,,,
10503,SNT모티브,064960,C,C,D,B,2022,,,,,
10502,SNT모티브,064960,C,C,C,C,2023,,,,,
10501,SNT모티브,064960,C,C,C,C,2024,,,,,
10500,SNT모티브,064960,D,C,C,D,2025,,,,,
10499,SNT에너지,100840,B,B,B,B,2021,,,,,
10498,SNT에너지,100840,C,D,C,C,2022,,,,,
10497,SNT에너지,100840,D,D,C,D,2023,,,,,
10496,SNT에너지,100840,C,C,D,B,2024,,,,,
10495,SNT에너지,100840,C,C,D,C,2025,,,,,
10494,SNT중공업,003570,B,B,C,B,2021,,,,,
10493,SNT중공업,003570,C,C,C,B,2022,,,,,
10492,SNT홀딩스,036530,B+,B,B,B+,2021,,,,,
10491,SNT홀딩스,036530,C,C,C,B,2022,,,,,
10490,SNT홀딩스,036530,B,C,C,B+,2023,,,,,
10489,SNT홀딩스,036530,B,C,D,B+,2024,,,,,
10488,SNT홀딩스,036530,C,C,C,C,2025,,,,,
10487,SOOP,067160,C,B,B+,C,2023,,,,,
10486,SOOP,067160,B+,B,A,B+,2024,,,,,
10485,SOOP,067160,C,B+,B+,C,2025,통합 등급조정(2025.11.),,,지배구조 등급조정(2025.11.),
10484,SP삼화,000390,B+,B+,B+,B+,2012,,,,,
10483,SP삼화,000390,미공개,미공개,미공개,B+,2013,,,,,
10482,SP삼화,000390,B+,B+,B+,B+,2014,,,,,
10481,SP삼화,000390,미공개,B+,B+,C,2015,,,,,
10480,SP삼화,000390,B+,B+,미공개,B+,2016,,,,,
10479,SP삼화,000390,B+,B+,B+,B+,2017,,,,,
10478,SP삼화,000390,B+,B+,B+,B+,2018,,,,,
10477,SP삼화,000390,B+,B,B+,B+,2019,,,,,
10476,SP삼화,000390,B+,B,B+,B+,2020,,,,,
10475,SP삼화,000390,B+,B+,B+,A,2021,,,,,
10474,SP삼화,000390,B,C,B+,B+,2022,,,,,
10473,SP삼화,000390,B+,B+,A,B+,2023,,,,,
10472,SP삼화,000390,B+,B+,B+,B+,2024,,,,,
10471,SP삼화,000390,B+,B+,B+,B+,2025,,,,,
10470,STX,011810,B+,B+,B+,미공개,2012,,,,,
10469,STX,011810,B+,B+,B+,B,2013,,,,,
10468,STX,011810,미공개,미공개,B+,C,2016,,,,,
10467,STX,011810,미공개,미공개,B+,B,2017,,,,,
10466,STX,011810,미공개,미공개,미공개,B,2018,,,,,
10465,STX,011810,B,미공개,B,B,2019,,,,,
10464,STX,011810,B,C,B+,B,2020,,,,,
10463,STX,011810,B,D,B,B+,2021,,,,,
10462,STX,011810,C,D,C,C,2022,,,,,
10461,STX,011810,C,D,C,C,2023,,,,,
10460,STX,011810,D,D,C,D,2024,,,,,
10459,STX,011810,D,D,C,D,2025,,,,,
10458,STX그린로지스,465770,D,D,D,D,2025,,,,,
10457,STX엔진,077970,B+,A,A,미공개,2012,,,,,
10456,STX엔진,077970,B+,B+,B+,B,2013,,,,,
10455,STX엔진,077970,B+,B+,B+,B,2016,,,,,
10454,STX엔진,077970,미공개,B+,미공개,B,2017,,,,,
10453,STX엔진,077970,미공개,B+,미공개,B,2018,,,,,
10452,STX엔진,077970,B,B+,B,B,2019,,,,,
10451,STX엔진,077970,B+,B+,B+,B,2020,,,,,
10450,STX엔진,077970,B+,B,B,B+,2021,,,,,
10449,STX엔진,077970,C,D,B,D,2022,,,,,
10448,STX엔진,077970,C,C,B,D,2023,,,,,
10447,STX엔진,077970,D,C,C,D,2024,,,,,
10446,STX엔진,077970,C,C,B,D,2025,,,,,
10445,STX조선해양,067250,B+,B+,B+,미공개,2012,,,,,
10444,STX조선해양,067250,B+,B+,B+,B,2013,,,,,
10443,STX중공업,071970,B+,B+,B+,미공개,2012,,,,,
10442,STX중공업,071970,미공개,B+,B+,C,2013,,,,,
10441,STX중공업,071970,미공개,B+,B+,D,2016,,,,,
10440,STX중공업,071970,B,C,B+,B+,2020,,,,,
10439,STX중공업,071970,B,C,B,B+,2021,,,,,
10438,STX중공업,071970,C,D,B,B,2022,,,,,
10437,STX중공업,071970,C,C,C,B,2023,,,,,
10436,SUN&L,002820,B+,B,B,B+,2021,,,,,
10435,SUN&L,002820,C,D,C,B,2022,,,,,
10434,SUN&L,002820,C,C,C,C,2023,,,,,
10433,SUN&L,002820,C,C,C,B,2024,,,,,
10432,SUN&L,002820,C,C,C,B,2025,,,,,
10431,SYTS,002170,미공개,미공개,미공개,미공개,2012,,,,,
10430,SYTS,002170,미공개,미공개,미공개,B,2013,,,,,
10429,SYTS,002170,미공개,미공개,미공개,B,2014,,,,,
10428,SYTS,002170,미공개,미공개,미공개,B,2015,,,,,
10427,SYTS,002170,미공개,미공개,미공개,B,2016,,,,,
10426,SYTS,002170,미공개,미공개,미공개,B,2017,,,,,
10425,SYTS,002170,미공개,B+,미공개,C,2018,,,,,
10424,SYTS,002170,B,B,미공개,B,2019,,,,,
10423,SYTS,002170,C,B,C,D,2020,,,,,
10422,SYTS,002170,B,C,C,B+,2021,,,,,
10421,SYTS,002170,C,D,D,B,2022,,,,,
10420,SYTS,002170,C,C,D,B+,2023,,,,,
10419,SYTS,002170,C,C,D,B,2024,,,,,
10418,SYTS,002170,D,D,D,C,2025,,,,,
10417,TCC동양,002710,미공개,미공개,미공개,미공개,2012,,,,,
10416,TCC동양,002710,미공개,미공개,미공개,C,2013,,,,,
10415,TCC동양,002710,미공개,미공개,미공개,C,2014,,,,,
10414,TCC동양,002710,미공개,B+,미공개,C,2015,,,,,
10413,TCC동양,002710,미공개,B+,미공개,C,2016,,,,,
10412,TCC동양,002710,미공개,B+,미공개,C,2017,,,,,
10411,TCC동양,002710,미공개,미공개,미공개,C,2018,,,,,
10410,TCC스틸,002710,미공개,미공개,B,C,2019,,,,,
10409,TCC스틸,002710,C,B,B,C,2020,,,,,
10408,TCC스틸,002710,B,B,C,B,2021,,,,,
10407,TCC스틸,002710,C,C,C,C,2022,,,,,
10406,TCC스틸,002710,C,B+,B+,D,2023,,,,,
10405,TCC스틸,002710,C,B,A,D,2024,,,,,
10404,TCC스틸,002710,B+,B+,A,B,2025,,,,,
10403,TP,007980,D,D,C,D,2023,,,,,
10402,TP,007980,C,C,C,C,2024,,,,,
10401,TP,007980,C,D,C,C,2025,,,,,
10400,TYM,002900,A,B+,A+,B+,2021,,,,,
10399,TYM,002900,B+,B,B+,B+,2022,,,,,
10398,TYM,002900,B+,B+,A,B,2023,,,,,
10397,TYM,002900,B+,B+,A,B,2024,,,,지배구조 등급조정(2025.01.),
10396,TYM,002900,C,B+,A,D,2025,,,,,
10395,WISCOM,024070,미공개,미공개,미공개,B+,2012,,,,,
10394,WISCOM,024070,미공개,미공개,미공개,B,2013,,,,,
10393,WISCOM,024070,미공개,미공개,미공개,B,2014,,,,,
10392,WISCOM,024070,미공개,미공개,미공개,B,2015,,,,,
10391,WISCOM,024070,미공개,미공개,미공개,B+,2016,,,,,
10390,WISCOM,024070,미공개,미공개,미공개,B,2017,,,,,
10389,WISCOM,024070,미공개,미공개,미공개,B,2018,,,,,
10388,WISCOM,024070,미공개,미공개,미공개,B,2019,,,,,
10387,WISCOM,024070,C,C,C,B+,2020,,,,,
10386,WISCOM,024070,C,C,C,B+,2021,,,,,
10385,WISCOM,024070,C,D,D,B,2022,,,,,
10384,WISCOM,024070,C,C,C,B,2023,,,,,
10383,WISCOM,024070,C,C,D,C,2024,,,,,
10382,WISCOM,024070,C,C,D,B,2025,,,,,
10381,YG PLUS,037270,미공개,미공개,미공개,미공개,2012,,,,,
10380,YG PLUS,037270,미공개,미공개,미공개,C,2013,,,,,
10379,YG PLUS,037270,미공개,미공개,미공개,C,2014,,,,,
10378,YG PLUS,037270,미공개,미공개,미공개,C,2016,,,,,
10377,YG PLUS,037270,미공개,미공개,미공개,B,2017,,,,,
10376,YG PLUS,037270,미공개,미공개,미공개,C,2018,,,,,
10375,YG PLUS,037270,미공개,미공개,미공개,B,2019,,,,,
10374,YG PLUS,037270,B,D,B,B,2020,,,,,
10373,YG PLUS,037270,C,D,C,B,2021,,,,,
10372,YG PLUS,037270,D,D,D,D,2022,,,,,
10371,YG PLUS,037270,D,D,D,D,2023,,,,,
10370,YG PLUS,037270,D,D,D,D,2024,,,,,
10369,YG PLUS,037270,C,D,D,B,2025,,,,,
10368,YTN,040300,D,D,D,C,2025,,,,,
10367,iM금융지주,139130,A,A+,A,A,2024,,,사회 등급조정(2024.10.),,
10366,iM금융지주,139130,A,A,A,A,2025,,,,,
10365,가온전선,000500,미공개,미공개,미공개,미공개,2012,,,,,
10364,가온전선,000500,미공개,미공개,미공개,B,2013,,,,,
10363,가온전선,000500,미공개,미공개,B+,B,2014,,,,,
10362,가온전선,000500,미공개,미공개,미공개,B+,2015,,,,,
10361,가온전선,000500,미공개,B+,미공개,B,2016,,,사회 등급조정(2017.2),,
10360,가온전선,000500,미공개,B+,미공개,B,2017,,,,,
10359,가온전선,000500,B+,B+,B+,B,2018,,,,,
10358,가온전선,000500,B,B,미공개,B+,2019,,,,,
10357,가온전선,000500,B+,B,B+,B+,2020,,,,,
10356,가온전선,000500,B+,B,B+,B+,2021,,,,,
10355,가온전선,000500,B,C,B+,B+,2022,,,,,
10354,가온전선,000500,B+,B+,A,B,2023,,,,,
10353,가온전선,000500,B,A,A,C,2024,,,,,
10352,가온전선,000500,B+,A,A+,B,2025,,,,,
10351,가온칩스,399720,D,D,D,C,2025,,,,,
10350,강남제비스코,000860,미공개,미공개,미공개,미공개,2012,,,,,
10349,강남제비스코,000860,미공개,미공개,미공개,B,2013,,,,,
10348,강남제비스코,000860,미공개,미공개,미공개,B,2014,,,,,
10347,강남제비스코,000860,미공개,미공개,미공개,C,2015,,,,,
10346,강남제비스코,000860,미공개,미공개,미공개,B,2016,,,,,
10345,강남제비스코,000860,미공개,미공개,미공개,B,2017,,,,,
10344,강남제비스코,000860,미공개,미공개,미공개,B,2018,,,,,
10343,강남제비스코,000860,미공개,미공개,미공개,B,2019,,,,,
10342,강남제비스코,000860,B,B,C,B,2020,,,,,
10341,강남제비스코,000860,B,B,B,B+,2021,,,,,
10340,강남제비스코,000860,C,C,B,B,2022,,,,,
10339,강남제비스코,000860,B+,B+,B+,B+,2023,,,,,
10338,강남제비스코,000860,B+,A,B+,B+,2024,,,,,
10337,강남제비스코,000860,B+,B+,A,B+,2025,,,,,
10336,강스템바이오텍,217730,C,D,C,B,2020,,,,,
10335,강원랜드,035250,B+,B+,A,B+,2012,,,,,
10334,강원랜드,035250,B+,B+,A,B+,2013,,,,,
10333,강원랜드,035250,B+,B+,A,B+,2014,,,,,
10332,강원랜드,035250,B+,B+,B+,A,2015,,,,,
10331,강원랜드,035250,A,A,A,B+,2016,,,,,
10330,강원랜드,035250,B+,A,A,B,2017,,,,지배구조 등급조정(2017.8),
10329,강원랜드,035250,미공개,A,미공개,C,2018,통합 등급조정(2019.4),,사회 등급조정(2019.4),지배구조 등급조정(2019.4),
10328,강원랜드,035250,B+,B+,A,B,2019,,,,,
10327,강원랜드,035250,A,B,A,A,2020,,,,,
10326,강원랜드,035250,A,B+,A,A,2021,,,,,
10325,강원랜드,035250,A,B+,A+,A,2022,,,,,
10324,강원랜드,035250,A,A+,A+,A,2023,,,,,
10323,강원랜드,035250,A,A,A,A,2024,,,,,
10322,강원랜드,035250,A,A+,A,A,2025,,,,,
10321,강원에너지,114190,D,C,D,D,2024,,,,,
10320,갤럭시아머니트리,094480,B,D,C,B+,2021,,,,,
10319,갤럭시아머니트리,094480,C,D,C,C,2023,,,,,
10318,갤럭시아머니트리,094480,C,D,C,B,2024,,,,,
10317,갤럭시아머니트리,094480,C,D,C,C,2025,,,,,
10316,갤럭시아에스엠,011420,미공개,미공개,미공개,미공개,2012,,,,,
10315,갤럭시아에스엠,011420,미공개,미공개,미공개,C,2013,,,,,
10314,갤럭시아에스엠,011420,미공개,미공개,미공개,C,2014,,,,,
10313,갤럭시아에스엠,011420,미공개,미공개,미공개,C,2015,,,,,
10312,갤럭시아에스엠,011420,미공개,미공개,미공개,C,2016,,,,,
10311,갤럭시아에스엠,011420,미공개,미공개,미공개,C,2017,,,,,
10310,갤럭시아에스엠,011420,미공개,미공개,미공개,C,2018,,,,,
10309,갤럭시아에스엠,011420,미공개,미공개,미공개,C,2019,,,,,
10308,갤럭시아에스엠,011420,C,D,C,C,2020,,,,,
10307,갤럭시아에스엠,011420,C,D,D,B,2021,,,,,
10306,갤럭시아에스엠,011420,D,D,D,D,2022,,,,,
10305,갤럭시아에스엠,011420,D,D,D,D,2023,,,,,
10304,갤럭시아에스엠,011420,D,D,D,D,2024,,,,,
10303,갤럭시아에스엠,011420,D,D,D,D,2025,,,,,
10302,갤럭시아컴즈,094480,미공개,미공개,미공개,B,2019,,,,,
10301,갤럭시아컴즈,094480,C,D,C,B,2020,,,,,
10300,게임빌,063080,B,미공개,B,B,2019,,,,,
10299,경남기업,000800,미공개,미공개,미공개,미공개,2012,,,,,
10298,경남기업,000800,미공개,미공개,미공개,C,2013,,,,,
10297,경남기업,000800,미공개,미공개,미공개,C,2014,,,,,
10296,경남에너지,008020,미공개,미공개,미공개,미공개,2012,,,,,
10295,경남에너지,008020,미공개,미공개,미공개,B,2013,,,,,
10294,경남에너지,008020,미공개,미공개,미공개,B,2014,,,,,
10293,경남에너지,008020,미공개,미공개,미공개,B,2015,,,,,
10292,경남은행,192520,등급없음,등급없음,등급없음,B+,2019,,,,지배구조 등급조정(2020.1),
10291,경남은행,192520,등급없음,등급없음,등급없음,A,2020,,,,,
10290,경남은행,192520,등급없음,등급없음,등급없음,A,2021,,,,,
10289,경남은행,192520,등급없음,등급없음,등급없음,A,2022,,,,,
10288,경남은행,192520,등급없음,등급없음,등급없음,B,2023,통합 등급조정(2023.10.),,,지배구조 등급조정(2023.10.),
10287,경남은행,192520,등급없음,등급없음,등급없음,B+,2024,,,,,
10286,경남은행,192520,등급없음,등급없음,등급없음,B+,2025,,,,,
10285,경농,002100,미공개,B+,미공개,미공개,2012,,,,,
10284,경농,002100,미공개,B+,미공개,C,2013,,,,,
10283,경농,002100,미공개,미공개,미공개,C,2014,,,,,
10282,경농,002100,미공개,미공개,미공개,C,2015,,,,,
10281,경농,002100,미공개,미공개,B+,B,2016,,,,,
10280,경농,002100,미공개,미공개,미공개,C,2017,,,,,
10279,경농,002100,미공개,미공개,미공개,C,2018,,,,,
10278,경농,002100,미공개,B,B+,C,2019,,,,,
10277,경농,002100,C,B,B+,C,2020,,,,,
10276,경농,002100,B,B,B,B,2021,,,,,
10275,경농,002100,C,C,D,B,2022,,,,,
10274,경농,002100,C,C,D,B+,2023,,,,,
10273,경농,002100,C,C,D,B,2024,,,,,
10272,경농,002100,D,C,D,D,2025,,,,,
10271,경동나비엔,009450,미공개,미공개,미공개,미공개,2012,,,,,
10270,경동나비엔,009450,미공개,미공개,미공개,C,2013,,,,,
10269,경동나비엔,009450,미공개,미공개,미공개,C,2014,,,,,
10268,경동나비엔,009450,미공개,미공개,미공개,C,2015,,,,,
10267,경동나비엔,009450,미공개,미공개,미공개,C,2016,,,,,
10266,경동나비엔,009450,미공개,B+,B+,D,2017,,,,,
10265,경동나비엔,009450,B+,B+,A,B,2018,,,,,
10264,경동나비엔,009450,B+,B,A,B,2019,,,,,
10263,경동나비엔,009450,B+,B,B+,B+,2020,,,,,
,,,,,,,,,,,,
10261,경동나비엔,009450,C,C,B,D,2022,,,,지배구조 등급조정(2022.11),
10260,경동나비엔,009450,B,B+,A,C,2023,,,,,
10259,경동나비엔,009450,A,B+,A+,B+,2024,,,,,
10258,경동나비엔,009450,B+,A,A+,B,2025,,,,,
10257,경동도시가스,267290,B+,B,A,B+,2019,,,,,
10256,경동도시가스,267290,B+,B,A,B+,2020,,,,,
10255,경동도시가스,267290,A,B+,A,A,2021,,,,,
10254,경동도시가스,267290,B,C,B+,B,2022,,,,,
10253,경동도시가스,267290,C,C,B+,D,2023,,,,,
10252,경동도시가스,267290,B,C,B+,B,2024,,,,,
10251,경동도시가스,267290,C,C,B+,D,2025,,,,,
10250,경동인베스트,012320,미공개,미공개,미공개,미공개,2012,,,,,
10249,경동인베스트,012320,미공개,미공개,미공개,B,2013,,,,,
10248,경동인베스트,012320,미공개,미공개,미공개,C,2014,,,,,
10247,경동인베스트,012320,미공개,미공개,미공개,B,2015,,,,,
10246,경동인베스트,012320,미공개,미공개,B+,C,2016,,,,,
10245,경동인베스트,012320,미공개,미공개,미공개,C,2017,,,,,
10244,경동인베스트,012320,미공개,미공개,미공개,C,2018,,,,,
10243,경동인베스트,012320,미공개,미공개,B+,C,2019,,,,,
10242,경동인베스트,012320,B,C,B,B+,2020,,,,,
10241,경동인베스트,012320,B+,B+,A,B+,2021,,,,,
10240,경동인베스트,012320,C,C,B+,C,2022,,,,,
10239,경동인베스트,012320,C,C,B+,C,2023,,,,,
10238,경동인베스트,012320,B,C,B+,B,2024,,,,,
10237,경동인베스트,012320,B,C,B+,B,2025,,,,,
10236,경방,000050,미공개,미공개,미공개,미공개,2012,,,,,
10235,경방,000050,미공개,미공개,미공개,B,2013,,,,,
10234,경방,000050,미공개,미공개,미공개,B,2014,,,,,
10233,경방,000050,미공개,미공개,미공개,B,2015,,,,,
10232,경방,000050,미공개,미공개,미공개,C,2016,,,,,
10231,경방,000050,미공개,미공개,미공개,B,2017,,,,,
10230,경방,000050,미공개,미공개,미공개,C,2018,,,,,
10229,경방,000050,미공개,미공개,B,B,2019,,,,,
10228,경방,000050,C,C,B,B,2020,,,,,
10227,경방,000050,C,C,C,B+,2021,,,,,
10226,경방,000050,D,C,D,D,2022,,,,,
10225,경방,000050,C,C,D,C,2023,,,,,
10224,경방,000050,C,C,D,C,2024,,,,,
10223,경방,000050,C,C,D,C,2025,,,,,
10222,경보제약,214390,미공개,미공개,미공개,B,2017,,,,,
10221,경보제약,214390,미공개,미공개,미공개,B,2018,,,,,
10220,경보제약,214390,B,B,B,B,2019,,,,,
10219,경보제약,214390,B,B,B,B,2020,,,,,
10218,경보제약,214390,B+,B+,A,B+,2021,,,,,
10217,경보제약,214390,B+,B,A,B+,2022,,,,,
10216,경보제약,214390,B+,B+,A,B+,2023,,,,,
10215,경보제약,214390,B+,B+,A,B,2024,,,,지배구조 등급조정(2025.04.),
10214,경보제약,214390,B+,A,A,B,2025,통합 등급조정(2025.11.),,,지배구조 등급조정(2025.11.),
10213,경인양행,012610,미공개,B+,미공개,미공개,2012,,,,,
10212,경인양행,012610,미공개,미공개,미공개,B,2013,,,,,
10211,경인양행,012610,미공개,미공개,미공개,B,2014,,,,,
10210,경인양행,012610,미공개,미공개,미공개,B,2015,,,,,
10209,경인양행,012610,미공개,미공개,미공개,B,2016,,,,,
10208,경인양행,012610,미공개,미공개,미공개,B,2017,,,,,
10207,경인양행,012610,미공개,미공개,미공개,C,2018,,,,,
10206,경인양행,012610,B,B,미공개,B,2019,,,,,
10205,경인양행,012610,B,B,C,B,2020,,,,,
10204,경인양행,012610,C,C,B,B,2021,,,,,
10203,경인양행,012610,C,B,B+,D,2022,,,,,
10202,경인양행,012610,C,B+,B+,D,2023,,,,,
10201,경인양행,012610,B+,B+,B+,B,2024,,,,,
10200,경인양행,012610,B,B+,B+,C,2025,,,,,
10199,경인전자,009140,미공개,미공개,미공개,미공개,2012,,,,,
10198,경인전자,009140,미공개,미공개,미공개,B,2013,,,,,
10197,경인전자,009140,미공개,미공개,미공개,B,2014,,,,,
10196,경인전자,009140,미공개,미공개,미공개,B,2015,,,,,
10195,경인전자,009140,미공개,미공개,미공개,B,2016,,,,,
10194,경인전자,009140,미공개,미공개,미공개,B,2017,,,,,
10193,경인전자,009140,미공개,미공개,미공개,C,2018,,,,,
10192,경인전자,009140,미공개,미공개,미공개,B,2019,,,,,
10191,경인전자,009140,C,D,C,B,2020,,,,,
10190,경인전자,009140,C,D,C,B,2021,,,,,
10189,경인전자,009140,D,D,D,D,2022,,,,,
10188,경인전자,009140,D,D,D,C,2023,,,,,
10187,경인전자,009140,D,D,D,D,2024,,,,,
10186,경인전자,009140,D,D,D,D,2025,,,,,
10185,계룡건설산업,013580,B+,미공개,B+,B+,2012,,,,,
10184,계룡건설산업,013580,미공개,미공개,B+,B,2013,,,,,
10183,계룡건설산업,013580,미공개,미공개,미공개,B,2014,,,,,
10182,계룡건설산업,013580,미공개,미공개,미공개,B,2015,,,,,
10181,계룡건설산업,013580,B+,미공개,B+,B+,2016,,,,,
10180,계룡건설산업,013580,미공개,미공개,미공개,C,2017,,,,,
10179,계룡건설산업,013580,미공개,미공개,B+,B,2018,,,,,
10178,계룡건설산업,013580,B+,B,B+,B+,2019,,,,,
10177,계룡건설산업,013580,B,B,B,B+,2020,,,,,
10176,계룡건설산업,013580,C,D,D,B+,2021,,,,,
10175,계룡건설산업,013580,C,B,B,C,2022,,,,,
10174,계룡건설산업,013580,B+,B+,B+,B,2023,,,,,
10173,계룡건설산업,013580,B,B+,C,B+,2024,통합 등급조정(2025.04.),,사회 등급조정(2025.04.),,
10172,계룡건설산업,013580,C,B+,C,C,2025,,,사회 등급조정(2025.11.),,
10171,계양전기,012200,미공개,미공개,B+,미공개,2012,,,,,
10170,계양전기,012200,미공개,미공개,B+,B,2013,,,,,
10169,계양전기,012200,미공개,미공개,미공개,B,2014,,,,,
10168,계양전기,012200,미공개,미공개,미공개,B,2015,,,,,
10167,계양전기,012200,미공개,미공개,미공개,B,2016,,,,,
10166,계양전기,012200,미공개,미공개,미공개,B,2017,,,,,
10165,계양전기,012200,미공개,미공개,미공개,B,2018,,,,,
10164,계양전기,012200,B,B,B+,B,2019,,,,,
10163,계양전기,012200,B,B,B+,B,2020,,,,,
10162,계양전기,012200,B,B,B+,B,2021,,,,지배구조 등급조정(2022.04),
10161,계양전기,012200,C,C,B,D,2022,,,,지배구조 등급조정(2022.11),
10160,계양전기,012200,C,C,C,C,2023,,,,지배구조 등급조정(2024.04.),
10159,계양전기,012200,D,C,C,D,2024,통합 등급조정(2024.10.),,,지배구조 등급조정(2024.10.),
10158,계양전기,012200,C,C,C,C,2025,,,,,
10157,고려개발,004200,미공개,미공개,B+,미공개,2012,,,,,
10156,고려개발,004200,미공개,미공개,미공개,C,2013,,,,,
10155,고려개발,004200,미공개,미공개,미공개,C,2014,,,,,
10154,고려개발,004200,미공개,미공개,B+,C,2015,,,,,
10153,고려개발,004200,미공개,미공개,B+,C,2016,,,,,
10152,고려개발,004200,미공개,미공개,B+,C,2017,,,,,
10151,고려개발,004200,미공개,미공개,B+,B,2018,,,,,
10150,고려개발,004200,B,미공개,B+,B,2019,,,,,
10149,고려산업,002140,미공개,미공개,미공개,미공개,2012,,,,,
10148,고려산업,002140,미공개,미공개,미공개,C,2013,,,,,
10147,고려산업,002140,미공개,미공개,미공개,B,2014,,,,,
10146,고려산업,002140,미공개,미공개,미공개,B,2015,,,,,
10145,고려산업,002140,미공개,미공개,미공개,B,2016,,,,,
10144,고려산업,002140,미공개,미공개,미공개,B,2017,,,,,
10143,고려산업,002140,미공개,미공개,미공개,B,2018,,,,,
10142,고려산업,002140,미공개,미공개,미공개,C,2019,,,,,
10141,고려산업,002140,C,C,C,C,2020,,,,,
10140,고려산업,002140,C,C,D,B,2021,,,,,
10139,고려산업,002140,D,D,D,D,2022,,,,,
10138,고려산업,002140,D,D,D,C,2023,,,,,
10137,고려산업,002140,D,D,D,C,2024,,,,,
10136,고려산업,002140,D,D,D,C,2025,,,,,
10135,고려아연,010130,B+,B+,미공개,B+,2012,,,,,
10134,고려아연,010130,미공개,B+,미공개,B,2013,,,,,
10133,고려아연,010130,B+,B+,미공개,B+,2014,,,,,
10132,고려아연,010130,B+,B+,B+,B,2015,,,,,
10131,고려아연,010130,미공개,미공개,미공개,B+,2016,통합 등급조정(2016.8),환경 등급조정(2016.8),,,
10130,고려아연,010130,미공개,미공개,B+,B,2017,,,,,
10129,고려아연,010130,미공개,B+,미공개,C,2018,통합 등급조정(2019.4),,사회 등급조정(2019.4),,
10128,고려아연,010130,B,B,B,B,2019,,,,,
10127,고려아연,010130,B,B+,C,B+,2020,통합 등급조정(2021.7),,사회 등급조정(2021.7),,
10126,고려아연,010130,B,B+,C,B+,2021,통합 등급조정(2021.10),,사회 등급조정(2021.10),,
10125,고려아연,010130,B,B+,A,C,2022,,,,,
10124,고려아연,010130,B,A,A,C,2023,,,,,
10123,고려아연,010130,B+,B+,A,B+,2024,,,,,
10122,고려아연,010130,B,A,A,C,2025,통합 등급조정(2026.07.),,,지배구조 등급조정(2026.07.),
10121,고려제강,002240,미공개,미공개,미공개,미공개,2012,,,,,
10120,고려제강,002240,미공개,B+,미공개,C,2013,,,,,
10119,고려제강,002240,미공개,미공개,미공개,B,2014,,,,,
10118,고려제강,002240,미공개,B+,미공개,B,2015,,,,,
10117,고려제강,002240,미공개,B+,미공개,D,2016,,,,,
10116,고려제강,002240,미공개,B+,미공개,C,2017,,,,,
10115,고려제강,002240,미공개,B+,B+,C,2018,,,,,
10114,고려제강,002240,미공개,B+,B,D,2019,,,,,
10113,고려제강,002240,B,B+,B+,C,2020,,,,,
10112,고려제강,002240,B+,B+,B,B+,2021,,,,,
10111,고려제강,002240,D,C,C,D,2022,,,,,
10110,고려제강,002240,C,C,B,D,2023,,,,,
10109,고려제강,002240,D,C,D,D,2024,,,,,
10108,고려제강,002240,D,C,D,D,2025,,,,,
10107,고영,098460,미공개,B,B,C,2019,,,,,
10106,고영,098460,B+,B,B+,B+,2020,,,,,
10105,고영,098460,B+,B,A,B+,2021,,,,,
10104,고영,098460,B,C,B+,B,2022,,,,,
10103,고영,098460,B+,B+,A,B,2023,,,,,
10102,고영,098460,B+,B,A,B,2024,,,,,
10101,고영,098460,B+,B,A,B,2025,,,,,
10100,골든브릿지증권,001290,미공개,미공개,미공개,미공개,2012,,,,,
10099,골든브릿지증권,001290,미공개,미공개,미공개,C,2013,,,,,
10098,골든브릿지증권,001290,미공개,미공개,미공개,B,2014,,,,,
10097,골든브릿지증권,001290,미공개,미공개,미공개,B,2015,,,,,
10096,골든브릿지증권,001290,미공개,미공개,미공개,B,2016,,,,,
10095,골든브릿지증권,001290,미공개,미공개,미공개,B,2017,,,,,
10094,골든브릿지증권,001290,미공개,미공개,미공개,미공개,2018,,,,,
10093,골프존,215000,B,D,B,B+,2021,,,,,
10092,골프존,215000,B+,B+,A,B,2022,,,,,
10091,골프존,215000,C,B+,A,C,2023,,,,,
10090,골프존,215000,B+,A,A,B+,2024,,,,,
10089,골프존,215000,B,B+,B+,B,2025,,,,,
10088,광동제약,009290,미공개,미공개,미공개,미공개,2012,,,,,
10087,광동제약,009290,미공개,미공개,미공개,B,2013,,,,,
10086,광동제약,009290,미공개,미공개,미공개,C,2014,,,,,
10085,광동제약,009290,미공개,미공개,미공개,B,2015,,,,,
10084,광동제약,009290,미공개,미공개,미공개,B,2016,,,,,
10083,광동제약,009290,미공개,미공개,B+,B,2017,,,,,
10082,광동제약,009290,미공개,미공개,B+,B,2018,,,,,
10081,광동제약,009290,B,미공개,B,B+,2019,,,,,
10080,광동제약,009290,B,C,B+,B+,2020,,,,,
10079,광동제약,009290,B,C,B+,B+,2021,,,,,
10078,광동제약,009290,C,D,B,B,2022,,,,,
10077,광동제약,009290,C,C,B,C,2023,,,,,
10076,광동제약,009290,C,B+,C,C,2024,,,,,
10075,광동제약,009290,B,A,A,D,2025,,,,,
10074,광명전기,017040,미공개,미공개,미공개,미공개,2012,,,,,
10073,광명전기,017040,미공개,미공개,미공개,B,2013,,,,,
10072,광명전기,017040,미공개,미공개,미공개,C,2014,,,,,
10071,광명전기,017040,미공개,미공개,미공개,B,2015,,,,,
10070,광명전기,017040,미공개,미공개,미공개,C,2016,,,,,
10069,광명전기,017040,미공개,미공개,미공개,C,2017,,,,,
10068,광명전기,017040,미공개,미공개,미공개,D,2018,,,,,
10067,광명전기,017040,미공개,미공개,B,D,2019,,,,,
10066,광명전기,017040,C,C,C,C,2020,,,,,
10065,광명전기,017040,C,C,D,B,2021,,,,,
10064,광명전기,017040,D,D,C,D,2022,,,,,
10063,광명전기,017040,D,C,C,D,2023,,,,,
10062,광명전기,017040,C,C,D,C,2024,,,,,
10061,광명전기,017040,D,C,D,D,2025,,,,,
10060,광전자,017900,미공개,미공개,미공개,미공개,2012,,,,,
10059,광전자,017900,미공개,미공개,미공개,B,2013,,,,,
10058,광전자,017900,미공개,미공개,미공개,B,2014,,,,,
10057,광전자,017900,미공개,미공개,미공개,B,2015,,,,,
10056,광전자,017900,미공개,미공개,미공개,B+,2016,,,,,
10055,광전자,017900,미공개,미공개,미공개,B,2017,,,,,
10054,광전자,017900,미공개,미공개,미공개,B,2018,,,,,
10053,광전자,017900,B,B,B,B,2019,,,,,
10052,광전자,017900,B,C,B,B+,2020,,,,,
10051,광전자,017900,B,C,B,B+,2021,,,,,
10050,광전자,017900,D,D,D,C,2022,,,,,
10049,광전자,017900,D,C,D,D,2023,,,,,
10048,광전자,017900,C,C,D,C,2024,,,,,
10047,광전자,017900,D,C,D,D,2025,,,,,
10046,광주신세계,037710,미공개,미공개,B+,미공개,2012,,,,,
10045,광주신세계,037710,미공개,미공개,B+,B,2013,,,,,
10044,광주신세계,037710,미공개,미공개,B+,B,2014,,,,,
10043,광주신세계,037710,미공개,미공개,미공개,B+,2015,,,,,
10042,광주신세계,037710,미공개,미공개,미공개,B,2016,,,,,
10041,광주신세계,037710,미공개,미공개,미공개,B,2017,,,,,
10040,광주신세계,037710,미공개,미공개,미공개,B+,2018,,,,,
10039,광주신세계,037710,B,미공개,B,B+,2019,,,,,
10038,광주신세계,037710,B+,C,A,B+,2020,,,,,
10037,광주신세계,037710,A,B+,A,A,2021,,,,,
10036,광주신세계,037710,B+,B+,A,B+,2022,,,,,
10035,광주신세계,037710,A,A,A+,A,2023,,,,,
10034,광주신세계,037710,A,A,A+,A,2024,,,,,
10033,광주신세계,037710,A,A,A+,A,2025,,,,,
10032,광주은행,192530,B+,미공개,미공개,A+,2016,,,,,
10031,광주은행,192530,미공개,미공개,미공개,A,2017,,,,,
10030,광주은행,192530,미공개,미공개,B+,미공개,2018,,,,,
10029,광주은행,192530,등급없음,등급없음,등급없음,B+,2019,,,,,
10028,광주은행,192530,등급없음,등급없음,등급없음,A,2020,,,,,
10027,광주은행,192530,등급없음,등급없음,등급없음,A,2021,,,,,
10026,광주은행,192530,등급없음,등급없음,등급없음,B+,2022,,,,,
10025,광주은행,192530,등급없음,등급없음,등급없음,B+,2023,,,,,
10024,광주은행,192530,등급없음,등급없음,등급없음,B+,2024,,,,,
10023,광주은행,192530,등급없음,등급없음,등급없음,B+,2025,,,,,
10022,교보생명보험,811097,등급없음,등급없음,등급없음,B+,2019,,,,,
10021,교보생명보험,811097,등급없음,등급없음,등급없음,B+,2020,,,,,
10020,교보생명보험,811097,등급없음,등급없음,등급없음,B+,2021,,,,,
10019,교보생명보험,811097,등급없음,등급없음,등급없음,B+,2022,,,,,
10018,교보생명보험,811097,등급없음,등급없음,등급없음,B+,2023,,,,,
10017,교보생명보험,811097,등급없음,등급없음,등급없음,B+,2024,,,,,
10016,교보생명보험,811097,등급없음,등급없음,등급없음,B+,2025,,,,,
10015,교보증권,030610,미공개,미공개,미공개,미공개,2012,,,,,
10014,교보증권,030610,미공개,미공개,미공개,B,2013,,,,,
10013,교보증권,030610,미공개,미공개,미공개,B,2014,,,,,
10012,교보증권,030610,B+,미공개,B+,A,2015,,,,,
10011,교보증권,030610,B+,미공개,B+,A+,2016,,,,,
10010,교보증권,030610,B+,미공개,B+,A,2017,,,,,
10009,교보증권,030610,미공개,미공개,미공개,미공개,2018,,,,,
10008,교보증권,030610,B,미공개,B+,B,2019,,,,,
10007,교보증권,030610,B,D,B+,B,2020,,,,,
10006,교보증권,030610,B,D,B+,B,2021,,,,,
10005,교보증권,030610,B+,B+,B+,B+,2022,,,,,
10004,교보증권,030610,B+,A,A,B+,2023,,,,,
10003,교보증권,030610,B+,A,A,B,2024,,,,지배구조 등급조정(2025.07.),
10002,교보증권,030610,B+,A,A,B+,2025,통합 등급조정(2025.11.),,,지배구조 등급조정(2025.11.),
10001,교촌에프앤비,339770,C,D,C,B,2022,,,,,
10000,교촌에프앤비,339770,C,C,C,B,2023,,,,,
9999,교촌에프앤비,339770,D,D,D,C,2024,,,,,
9998,교촌에프앤비,339770,D,C,D,D,2025,,,,,
9997,국도화학,007690,미공개,B+,미공개,미공개,2012,,,,,
9996,국도화학,007690,미공개,B+,미공개,B,2013,,,,,
9995,국도화학,007690,미공개,B+,미공개,C,2014,,,,,
9994,국도화학,007690,미공개,B+,미공개,C,2015,,,,,
9993,국도화학,007690,미공개,B+,미공개,C,2016,,,,,
9992,국도화학,007690,미공개,B+,미공개,D,2017,,,,,
9991,국도화학,007690,미공개,B+,미공개,C,2018,,,,,
9990,국도화학,007690,미공개,B+,미공개,C,2019,,,,,
9989,국도화학,007690,B,B,B,B,2020,,,,,
9988,국도화학,007690,B,B,C,B+,2021,,,,,
9987,국도화학,007690,D,C,D,D,2022,,,,,
9986,국도화학,007690,D,C,D,D,2023,,,,,
9985,국도화학,007690,C,C,B,C,2024,,,,,
9984,국도화학,007690,C,C,B+,C,2025,,,,,
9983,국동,005320,미공개,미공개,미공개,미공개,2012,,,,,
9982,국동,005320,미공개,미공개,미공개,C,2013,,,,,
9981,국동,005320,미공개,미공개,미공개,B,2014,,,,,
9980,국동,005320,미공개,미공개,미공개,B,2015,,,,,
9979,국동,005320,미공개,미공개,미공개,B,2016,,,,,
9978,국동,005320,미공개,미공개,미공개,B,2017,,,,,
9977,국동,005320,미공개,미공개,미공개,B,2018,,,,,
9976,국동,005320,미공개,미공개,미공개,B,2019,,,,,
9975,국동,005320,B,D,C,B+,2020,,,,,
9974,국동,005320,B,D,B,B+,2021,,,,,
9973,국동,005320,D,D,C,D,2022,,,,,
9972,국동,005320,C,D,C,C,2023,,,,,
9971,국민은행,060000,등급없음,등급없음,등급없음,B+,2019,,,,지배구조 등급조정(2020.1),
9970,국민은행,060000,등급없음,등급없음,등급없음,A,2020,,,,,
9969,국민은행,060000,등급없음,등급없음,등급없음,A,2021,,,,,
9968,국민은행,060000,등급없음,등급없음,등급없음,A,2022,,,,,
9967,국민은행,060000,등급없음,등급없음,등급없음,A,2023,,,,,
9966,국민은행,060000,등급없음,등급없음,등급없음,A,2024,,,,,
9965,국민은행,060000,등급없음,등급없음,등급없음,A,2025,,,,,
9964,국보,001140,미공개,미공개,미공개,미공개,2012,,,,,
9963,국보,001140,미공개,미공개,미공개,C,2013,,,,,
9962,국보,001140,미공개,미공개,미공개,C,2014,,,,,
9961,국보,001140,미공개,미공개,미공개,C,2015,,,,,
9960,국보,001140,미공개,미공개,미공개,C,2016,,,,,
9959,국보,001140,미공개,미공개,미공개,C,2017,,,,,
9958,국보,001140,미공개,미공개,미공개,C,2018,,,,,
9957,국보,001140,미공개,B,미공개,C,2019,,,,,
9956,국보,001140,C,B,C,C,2020,,,,,
9955,국보,001140,D,D,D,C,2021,,,,,
9954,국보,001140,D,D,D,D,2022,,,,,
9953,국보,001140,D,C,D,D,2023,,,,,
9952,국보,001140,D,C,D,D,2024,,,,,
9951,국보,001140,D,C,D,D,2025,,,,,
9950,국일제지,078130,B,B+,B,B,2021,,,,,
9949,국일제지,078130,C,C,C,B,2022,,,,,
9948,국일제지,078130,D,C,C,D,2023,,,,,
9947,국일제지,078130,D,C,D,D,2025,,,,,
9946,국제약품,002720,미공개,미공개,미공개,미공개,2012,,,,,
9945,국제약품,002720,미공개,미공개,미공개,C,2013,,,,,
9944,국제약품,002720,미공개,미공개,미공개,B,2014,,,,,
9943,국제약품,002720,미공개,미공개,미공개,B,2015,,,,,
9942,국제약품,002720,미공개,미공개,미공개,B+,2016,,,,,
9941,국제약품,002720,미공개,미공개,미공개,B+,2017,,,,,
9940,국제약품,002720,미공개,미공개,미공개,B,2018,,,,,
9939,국제약품,002720,미공개,미공개,B,B,2019,통합 등급조정(2020.7),,,지배구조 등급조정(2020.7),
9938,국제약품,002720,C,D,B,C,2020,,,,지배구조 등급조정(2020.10),
9937,국제약품,002720,B,D,B,B+,2021,,,,,
9936,국제약품,002720,C,D,C,B,2022,,,,,
9935,국제약품,002720,C,D,C,B,2023,,,,,
9934,국제약품,002720,D,D,D,C,2024,,,,,
9933,국제약품,002720,D,D,D,C,2025,,,,,
9932,그린손해보험,000470,미공개,미공개,미공개,미공개,2012,,,,,
9931,그린케미칼,083420,미공개,B+,미공개,B,2018,,,,,
9930,그린케미칼,083420,B,B,미공개,B,2019,,,,,
9929,그린케미칼,083420,B,B,B,B,2020,,,,,
9928,그린케미칼,083420,B,B,C,B,2021,,,,,
9927,그린케미칼,083420,D,D,D,D,2022,,,,,
9926,그린케미칼,083420,C,C,C,B,2023,,,,,
9925,그린케미칼,083420,C,C,D,C,2024,,,,,
9924,그린케미칼,083420,D,C,C,D,2025,,,,,
9923,극동유화,014530,미공개,미공개,미공개,미공개,2012,,,,,
9922,극동유화,014530,미공개,미공개,미공개,B,2013,,,,,
9921,극동유화,014530,미공개,미공개,미공개,C,2014,,,,,
9920,극동유화,014530,미공개,미공개,미공개,B,2015,,,,,
9919,극동유화,014530,미공개,미공개,미공개,B,2016,,,,,
9918,극동유화,014530,미공개,미공개,미공개,B,2017,,,,,
9917,극동유화,014530,미공개,미공개,미공개,B,2018,,,,,
9916,극동유화,014530,B,B,미공개,B,2019,,,,,
9915,극동유화,014530,B,B,C,B,2020,,,,,
9914,극동유화,014530,B,B,C,B,2021,,,,,
9913,극동유화,014530,D,D,C,D,2022,,,,,
9912,극동유화,014530,D,D,D,D,2023,,,,,
9911,극동유화,014530,D,C,D,D,2024,,,,,
9910,극동유화,014530,D,C,C,D,2025,,,,,
9909,글로스텍,012410,미공개,미공개,미공개,미공개,2012,,,,,
9908,글로스텍,012410,미공개,미공개,미공개,D,2013,,,,,
9907,금강공업,014280,미공개,미공개,미공개,미공개,2012,,,,,
9906,금강공업,014280,미공개,미공개,미공개,B,2013,,,,,
9905,금강공업,014280,미공개,미공개,미공개,B,2014,,,,,
9904,금강공업,014280,미공개,미공개,미공개,C,2015,,,,,
9903,금강공업,014280,미공개,미공개,미공개,C,2016,,,,,
9902,금강공업,014280,미공개,미공개,미공개,C,2017,,,,,
9901,금강공업,014280,미공개,미공개,미공개,C,2018,,,,,
9900,금강공업,014280,미공개,미공개,B,C,2019,,,,,
9899,금강공업,014280,C,C,B,B,2020,,,,,
9898,금강공업,014280,C,C,C,B+,2021,,,,,
9897,금강공업,014280,C,D,D,B,2022,,,,,
9896,금강공업,014280,C,C,D,B,2023,,,,,
9895,금강공업,014280,D,C,D,D,2024,,,,,
9894,금강공업,014280,C,C,D,B,2025,,,,,
9893,금비,008870,미공개,미공개,미공개,미공개,2012,,,,,
9892,금비,008870,미공개,미공개,미공개,C,2013,,,,,
9891,금비,008870,미공개,미공개,미공개,C,2014,,,,,
9890,금비,008870,미공개,미공개,미공개,C,2015,,,,,
9889,금비,008870,미공개,미공개,미공개,C,2016,,,,,
9888,금비,008870,미공개,미공개,미공개,C,2017,,,,,
9887,금비,008870,미공개,미공개,미공개,C,2018,,,,,
9886,금비,008870,미공개,미공개,B,C,2019,,,,,
9885,금비,008870,C,C,B,C,2020,,,,,
9884,금비,008870,C,C,C,B,2021,,,,,
9883,금비,008870,D,D,D,D,2022,,,,,
9882,금비,008870,D,C,D,D,2023,,,,,
9881,금비,008870,D,D,D,C,2024,,,,,
9880,금비,008870,D,C,D,D,2025,,,,,
9879,금양,001570,미공개,미공개,미공개,미공개,2012,,,,,
9878,금양,001570,미공개,미공개,미공개,B,2013,,,,,
9877,금양,001570,미공개,미공개,미공개,B,2014,,,,,
9876,금양,001570,미공개,미공개,미공개,C,2015,,,,,
9875,금양,001570,미공개,미공개,미공개,B,2016,,,,,
9874,금양,001570,미공개,미공개,미공개,B,2017,,,,,
9873,금양,001570,미공개,미공개,미공개,C,2018,,,,,
9872,금양,001570,미공개,미공개,미공개,B,2019,,,,,
9871,금양,001570,D,D,C,C,2020,,,,,
9870,금양,001570,C,D,C,B+,2021,,,,,
9869,금양,001570,D,D,D,C,2022,,,,,
9868,금양,001570,D,D,D,D,2023,,,,,
9867,금양,001570,D,C,D,D,2024,,,,,
9866,금양,001570,D,C,D,D,2025,,,,,
9865,금호건설,002990,C,C,D,C,2021,,,,,
9864,금호건설,002990,C,C,B+,D,2022,,,,,
9863,금호건설,002990,B,B,B+,B,2023,,,,,
9862,금호건설,002990,B+,B,A,B,2024,,,,,
9861,금호건설,002990,C,B,C,C,2025,,,사회 등급조정(2026.01.),,
9860,금호산업,002990,미공개,미공개,B+,미공개,2012,,,,,
9859,금호산업,002990,미공개,미공개,B+,C,2013,,,,,
9858,금호산업,002990,B+,B+,B+,B,2014,,,,,
9857,금호산업,002990,미공개,미공개,미공개,B,2015,,,,,
9856,금호산업,002990,미공개,B+,미공개,B,2016,,,,,
9855,금호산업,002990,미공개,미공개,B+,B,2017,,,,,
9854,금호산업,002990,미공개,미공개,미공개,B,2018,,,,,
9853,금호산업,002990,B,B,B,B,2019,,,,,
9852,금호산업,002990,C,B,B+,C,2020,통합 등급조정(2020.10),,,지배구조 등급조정(2020.10),
9851,금호석유화학,011780,B+,B+,A,B+,2012,,,,,
9850,금호석유화학,011780,B+,A,B+,B+,2013,,,,,
9849,금호석유화학,011780,B+,B+,B+,B,2014,,,,,
9848,금호석유화학,011780,미공개,B+,미공개,C,2015,,,,,
9847,금호석유화학,011780,B+,B+,B+,B,2016,,,,,
9846,금호석유화학,011780,B+,B+,B+,B,2017,,,,,
9845,금호석유화학,011780,미공개,A,B+,C,2018,,,,,
9844,금호석유화학,011780,B+,B+,B+,B+,2019,,,,,
9843,금호석유화학,011780,A,B+,A,A,2020,,,,,
9842,금호석유화학,011780,B+,B,A,A,2021,,,,,
9841,금호석유화학,011780,A,B+,A,A,2022,,,,,
9840,금호석유화학,011780,A,A,A+,A,2023,,,,,
9839,금호석유화학,011780,B+,A,A+,B,2024,,,,,
9838,금호석유화학,011780,B,A,A+,C,2025,,,,,
9837,금호에이치티,214330,미공개,미공개,미공개,C,2017,,,,,
9836,금호에이치티,214330,미공개,미공개,미공개,C,2018,,,,,
9835,금호에이치티,214330,미공개,미공개,미공개,C,2019,,,,,
9834,금호에이치티,214330,D,D,C,C,2020,,,,,
9833,금호에이치티,214330,C,C,C,B,2021,,,,,
9832,금호에이치티,214330,D,D,D,D,2022,,,,,
9831,금호에이치티,214330,D,C,C,D,2023,,,,,
9830,금호에이치티,214330,D,C,D,D,2024,,,,,
9829,금호에이치티,214330,D,C,C,D,2025,,,,,
9828,금호전기,001210,미공개,미공개,미공개,미공개,2012,,,,,
9827,금호전기,001210,미공개,미공개,미공개,C,2013,,,,,
9826,금호전기,001210,미공개,미공개,미공개,B,2014,,,,,
9825,금호전기,001210,미공개,미공개,미공개,C,2015,,,,,
9824,금호전기,001210,미공개,미공개,미공개,B,2016,,,,,
9823,금호전기,001210,미공개,미공개,미공개,C,2017,,,,,
9822,금호전기,001210,미공개,미공개,미공개,C,2018,,,,,
9821,금호전기,001210,미공개,B,B+,C,2019,,,,,
9820,금호전기,001210,B,B,B,B,2020,,,,,
9819,금호전기,001210,B,C,B,B+,2021,,,,,
9818,금호전기,001210,D,D,C,D,2022,,,,,
9817,금호전기,001210,D,C,C,D,2023,,,,,
9816,금호전기,001210,D,C,D,D,2024,,,,,
9815,금호전기,001210,D,C,C,D,2025,,,,,
9814,금호타이어,073240,미공개,B+,미공개,미공개,2012,,,,,
9813,금호타이어,073240,미공개,B+,미공개,B,2013,,,,,
9812,금호타이어,073240,B+,A,B+,B+,2014,,,,,
9811,금호타이어,073240,미공개,B+,B+,C,2015,,,사회 등급조정(2015.8),,
9810,금호타이어,073240,B+,B+,A+,C,2016,,,,,
9809,금호타이어,073240,미공개,B+,B+,C,2017,,,,,
9808,금호타이어,073240,B+,B+,B+,B+,2018,,,,,
9807,금호타이어,073240,B+,B,B+,B+,2019,,,사회 등급조정(2019.10),,
9806,금호타이어,073240,B,B,C,B+,2020,,,,,
9805,금호타이어,073240,B+,B+,A,B+,2021,,,,,
9804,금호타이어,073240,B+,B,A,B,2022,,,,,
9803,금호타이어,073240,A,A,A+,B+,2023,,,,,
9802,금호타이어,073240,B+,A,B+,B+,2024,통합 등급조정(2024.10.),,사회 등급조정(2024.10.),,
9801,금호타이어,073240,A,A,A,B+,2025,,,,,
9800,기가비스,420770,C,C,D,B,2025,,,,,
9799,기신정기,092440,미공개,미공개,미공개,미공개,2012,,,,,
9798,기신정기,092440,미공개,미공개,미공개,B+,2013,,,,,
9797,기신정기,092440,미공개,미공개,미공개,B+,2014,,,,,
9796,기신정기,092440,미공개,미공개,미공개,B,2015,,,,,
9795,기신정기,092440,미공개,미공개,미공개,B,2016,,,,,
9794,기신정기,092440,미공개,미공개,미공개,B,2017,,,,,
9793,기신정기,092440,미공개,미공개,미공개,B,2018,,,,,
9792,기신정기,092440,미공개,미공개,미공개,B,2019,,,,,
9791,기신정기,092440,C,D,B,B,2020,,,,,
9790,기신정기,092440,C,D,C,B,2021,,,,,
9789,기신정기,092440,D,D,D,D,2022,,,,,
9788,기신정기,092440,D,D,D,D,2023,,,,,
9787,기신정기,092440,D,D,D,C,2024,,,,,
9786,기신정기,092440,D,D,D,D,2025,,,,,
9785,기아,000270,A+,A+,A+,A,2021,,,,,
9784,기아,000270,B+,A,A,B,2022,,,사회 등급조정(2022.11),,
9783,기아,000270,B,A,A+,C,2023,,,,,
9782,기아,000270,A,A+,A+,B+,2024,,,,,
9781,기아,000270,B+,A+,A,B,2025,통합 등급조정(2026.01.),,사회 등급조정(2026.01.),,
9780,기아자동차,000270,A,B+,A+,B+,2012,,,,,
9779,기아자동차,000270,B+,B+,A,B+,2013,,,,,
9778,기아자동차,000270,B+,B+,A,B+,2014,,,,,
9777,기아자동차,000270,B+,B+,A,B,2015,,,,,
9776,기아자동차,000270,B+,A,A,C,2016,,,사회 등급조정(2017.2),,
9775,기아자동차,000270,미공개,B+,미공개,C,2017,,환경 등급조정(2017.8),사회 등급조정(2017.8),,
9774,기아자동차,000270,미공개,A,A,C,2018,,,,,
9773,기아자동차,000270,B+,A,A,B,2019,,,,,
9772,기아자동차,000270,A,A,A+,B+,2020,,,,,
9771,기업은행,024110,미공개,미공개,B+,B+,2012,,,,,
9770,기업은행,024110,B+,B+,B+,B+,2013,,,,,
9769,기업은행,024110,B+,B+,B+,B+,2014,,,,,
9768,기업은행,024110,B+,미공개,B+,A,2015,,,,,
9767,기업은행,024110,B+,미공개,B+,B+,2016,,,,,
9766,기업은행,024110,B+,미공개,미공개,A,2017,,,,,
9765,기업은행,024110,B+,미공개,B+,A,2018,,,,,
9764,기업은행,024110,B+,B,A,B+,2019,,,,,
9763,기업은행,024110,B+,B+,A,B+,2020,,,,,
9762,기업은행,024110,A,A,A+,A,2021,,,,,
9761,기업은행,024110,A,A+,A+,B+,2022,,,,지배구조 등급조정(2022.11),
9760,기업은행,024110,A,A+,A+,A,2023,,,,,
9759,기업은행,024110,B+,A+,A+,B,2024,통합 등급조정(2025.07.),,,지배구조 등급조정(2025.07.),
9758,기업은행,024110,B,A+,A+,C,2025,통합 등급조정(2025.11.),,,지배구조 등급조정(2025.11.),
9757,까뮤이앤씨,013700,미공개,미공개,미공개,미공개,2012,,,,,
9756,까뮤이앤씨,013700,미공개,미공개,미공개,C,2013,,,,,
9755,까뮤이앤씨,013700,미공개,미공개,미공개,C,2014,,,,,
9754,까뮤이앤씨,013700,미공개,미공개,미공개,B,2015,,,,,
9753,까뮤이앤씨,013700,미공개,미공개,미공개,B+,2016,,,,,
9752,까뮤이앤씨,013700,미공개,미공개,미공개,B,2017,,,,,
9751,까뮤이앤씨,013700,미공개,미공개,미공개,B,2018,,,,,
9750,까뮤이앤씨,013700,미공개,미공개,미공개,B+,2019,,,,,
9749,까뮤이앤씨,013700,C,D,C,B,2020,,,,,
9748,까뮤이앤씨,013700,C,D,C,B+,2021,,,,,
9747,까뮤이앤씨,013700,C,D,D,B,2022,,,,,
9746,까뮤이앤씨,013700,C,D,D,B,2023,,,,,
9745,까뮤이앤씨,013700,C,D,D,B,2024,,,,,
9744,까뮤이앤씨,013700,D,D,D,C,2025,,,,,
9743,깨끗한나라,004540,미공개,B+,미공개,미공개,2012,,,,,
9742,깨끗한나라,004540,미공개,B+,미공개,B,2013,,,,,
9741,깨끗한나라,004540,미공개,B+,미공개,B,2014,,,,,
9740,깨끗한나라,004540,미공개,B+,미공개,B,2015,,,,,
9739,깨끗한나라,004540,미공개,B+,미공개,B,2016,,,,,
9738,깨끗한나라,004540,미공개,B+,미공개,B,2017,,,,,
9737,깨끗한나라,004540,미공개,B+,미공개,B,2018,,,,,
9736,깨끗한나라,004540,B,B,B+,B,2019,,,,,
9735,깨끗한나라,004540,B+,B,B+,B+,2020,,,,,
9734,깨끗한나라,004540,B,B+,B,B,2021,,,,,
9733,깨끗한나라,004540,C,C,B,C,2022,,,,,
9732,깨끗한나라,004540,B+,B+,B+,B,2023,,,,,
9731,깨끗한나라,004540,B,B,B+,B,2024,,,,,
9730,깨끗한나라,004540,B,B,B+,B,2025,,,,,
9729,나노메딕스,074610,미공개,미공개,미공개,미공개,2012,,,,,
9728,나노메딕스,074610,미공개,미공개,미공개,C,2013,,,,,
9727,나노메딕스,074610,미공개,미공개,미공개,B,2014,,,,,
9726,나노메딕스,074610,미공개,미공개,미공개,C,2015,,,,,
9725,나노메딕스,074610,미공개,미공개,미공개,D,2016,,,,지배구조 등급조정(2017.2),
9724,나노메딕스,074610,미공개,미공개,미공개,D,2017,,,,,
9723,나노메딕스,074610,미공개,미공개,미공개,C,2018,,,,,
9722,나노메딕스,074610,미공개,B,미공개,C,2019,,,,,
9721,나노메딕스,074610,B,B,C,B,2020,,,,,
9720,나노스,151910,미공개,미공개,미공개,C,2019,,,,,
9719,나노스,151910,C,C,B,C,2020,,,,,
9718,나노스,151910,D,D,D,D,2022,,,,,
9717,나노신소재,121600,C,C,C,B,2023,,,,,
9716,나노신소재,121600,C,C,D,C,2024,,,,,
9715,나노신소재,121600,C,C,C,C,2025,,,,,
9714,나노엔텍,039860,미공개,미공개,미공개,B,2019,,,,,
9713,나노엔텍,039860,C,D,C,B,2020,,,,,
9712,나노엔텍,039860,C,D,C,B,2021,,,,,
9711,나노엔텍,039860,D,D,D,D,2022,,,,,
9710,나노엔텍,039860,D,D,D,D,2023,,,,,
9709,나스미디어,089600,B,미공개,B,B+,2019,,,,,
9708,나스미디어,089600,B,D,B,B+,2020,,,,,
9707,나스미디어,089600,B+,C,B+,A,2021,,,,,
9706,나스미디어,089600,B+,B,B,B+,2022,,,,,
9705,나스미디어,089600,B+,B,B,A,2023,,,,,
9704,나스미디어,089600,B+,B+,A,B+,2024,,,,,
9703,나우IB,293580,C,D,B,C,2020,,,,,
9702,나우IB,293580,C,D,C,C,2021,,,,,
9701,나우IB,293580,D,D,D,C,2022,,,,,
9700,나우IB,293580,D,D,D,C,2023,,,,,
9699,나우IB,293580,D,D,D,C,2024,,,,,
9698,나우IB,293580,D,D,D,D,2025,,,,,
9697,남광토건,001260,미공개,미공개,미공개,미공개,2012,,,,,
9696,남광토건,001260,미공개,미공개,미공개,C,2016,,,,,
9695,남광토건,001260,미공개,미공개,미공개,B,2017,,,,,
9694,남광토건,001260,미공개,미공개,미공개,B,2018,,,,,
9693,남광토건,001260,B,B,B,B,2019,,,,,
9692,남광토건,001260,B,B,B,B,2020,,,,,
9691,남광토건,001260,C,D,C,B,2021,,,,,
9690,남광토건,001260,C,D,D,B,2022,,,,,
9689,남광토건,001260,D,C,D,D,2023,,,,,
9688,남광토건,001260,D,D,D,D,2024,,,,,
9687,남광토건,001260,D,C,D,D,2025,,,,,
9686,남선알미늄,008350,미공개,미공개,미공개,미공개,2012,,,,,
9685,남선알미늄,008350,미공개,미공개,미공개,C,2013,,,,,
9684,남선알미늄,008350,미공개,미공개,미공개,C,2014,,,,,
9683,남선알미늄,008350,미공개,미공개,B+,C,2015,,,,,
9682,남선알미늄,008350,미공개,미공개,미공개,B,2016,,,,,
9681,남선알미늄,008350,미공개,미공개,B+,B,2017,,,,,
9680,남선알미늄,008350,미공개,미공개,미공개,C,2018,,,,,
9679,남선알미늄,008350,미공개,B,B+,C,2019,,,,,
9678,남선알미늄,008350,B,C,B+,B,2020,,,,,
9677,남선알미늄,008350,C,C,B,B,2021,,,,,
9676,남선알미늄,008350,D,D,D,C,2022,,,,,
9675,남선알미늄,008350,D,C,C,D,2023,,,,,
9674,남선알미늄,008350,D,C,D,D,2024,,,,,
9673,남선알미늄,008350,D,C,D,D,2025,,,,,
9672,남성,004270,미공개,미공개,미공개,미공개,2012,,,,,
9671,남성,004270,미공개,미공개,미공개,C,2013,,,,,
9670,남성,004270,미공개,미공개,미공개,C,2014,,,,,
9669,남성,004270,미공개,미공개,미공개,C,2015,,,,,
9668,남성,004270,미공개,미공개,미공개,C,2016,,,,,
9667,남성,004270,미공개,미공개,미공개,B,2017,,,,,
9666,남성,004270,미공개,미공개,미공개,C,2018,,,,,
9665,남성,004270,미공개,미공개,미공개,B,2019,,,,,
9664,남성,004270,C,D,B,B,2020,,,,,
9663,남성,004270,C,D,C,B,2021,,,,,
9662,남성,004270,D,D,D,D,2022,,,,,
9661,남성,004270,D,D,D,C,2023,,,,,
9660,남성,004270,D,D,D,D,2024,,,,,
9659,남성,004270,D,D,C,D,2025,,,,,
9658,남양유업,003920,미공개,미공개,미공개,미공개,2012,,,,,
9657,남양유업,003920,미공개,B+,미공개,B,2013,,,,,
9656,남양유업,003920,미공개,미공개,미공개,C,2014,,,,,
9655,남양유업,003920,미공개,미공개,미공개,C,2015,,,,,
9654,남양유업,003920,미공개,미공개,B+,D,2016,,,,,
9653,남양유업,003920,미공개,미공개,B+,B,2017,,,,,
9652,남양유업,003920,미공개,미공개,미공개,C,2018,,,,,
9651,남양유업,003920,B,미공개,B+,B,2019,,,,,
9650,남양유업,003920,B,C,B,B+,2020,,,사회 등급조정(2021.7),,
9649,남양유업,003920,B+,B+,B+,B+,2021,,,사회 등급조정(2021.10),,
9648,남양유업,003920,C,B,B+,D,2022,,,,,
9647,남양유업,003920,B,B+,A,C,2023,,,,,
9646,남양유업,003920,B,A,A+,C,2024,,,,,
9645,남양유업,003920,B,A,A+,C,2025,,,,,
9644,남영비비안,002070,미공개,미공개,미공개,미공개,2012,,,,,
9643,남영비비안,002070,미공개,미공개,미공개,C,2013,,,,,
9642,남영비비안,002070,미공개,미공개,미공개,B,2014,,,,,
9641,남영비비안,002070,미공개,미공개,미공개,C,2015,,,,,
9640,남영비비안,002070,미공개,미공개,미공개,B,2016,,,,,
9639,남영비비안,002070,미공개,미공개,미공개,C,2017,,,,,
9638,남영비비안,002070,미공개,미공개,미공개,C,2018,,,,,
9637,남영비비안,002070,미공개,미공개,B,B,2019,,,,,
9636,남영비비안,002070,C,D,B,B,2020,,,,,
9635,남해화학,025860,미공개,B+,미공개,미공개,2012,,,,,
9634,남해화학,025860,미공개,B+,미공개,C,2013,,,,,
9633,남해화학,025860,미공개,B+,미공개,B,2014,,,,,
9632,남해화학,025860,미공개,B+,미공개,C,2015,,,,,
9631,남해화학,025860,미공개,B+,미공개,B,2016,,,,,
9630,남해화학,025860,미공개,B+,미공개,B,2017,,,,,
9629,남해화학,025860,미공개,B+,미공개,C,2018,,,,,
9628,남해화학,025860,B+,B,B+,B+,2019,,,,,
9627,남해화학,025860,B,B,B,B+,2020,,,,,
9626,남해화학,025860,B,C,B,B+,2021,,,,,
9625,남해화학,025860,C,C,C,C,2022,,,,,
9624,남해화학,025860,C,C,C,C,2023,,,,,
9623,남해화학,025860,C,C,D,C,2024,,,,,
9622,남해화학,025860,D,C,C,D,2025,,,,,
9621,네오셈,253590,D,D,D,D,2025,,,,,
9620,네오위즈,095660,C,D,C,B,2022,,,,,
9619,네오위즈,095660,C,D,D,B+,2024,,,,,
9618,네오위즈,095660,C,C,B,C,2025,,,,,
9617,네오팜,092730,C,D,B,B,2020,,,,,
9616,네오팜,092730,C,D,C,B+,2021,,,,,
9615,네이처셀,007390,미공개,미공개,미공개,D,2019,통합 등급조정(2020.1),,,지배구조 등급조정(2020.1),
9614,네이처셀,007390,C,D,C,C,2020,,,,,
9613,네이처셀,007390,C,D,C,C,2021,,,,,
9612,네이처셀,007390,D,D,D,D,2022,,,,,
9611,네이처셀,007390,D,C,C,D,2023,,,,,
9610,네이처셀,007390,D,C,D,D,2024,,,,,
9609,네이처셀,007390,D,D,D,D,2025,,,,,
9608,네패스,033640,C,B,B+,C,2021,,,,,
9607,네패스,033640,C,C,B+,D,2022,,,,,
9606,네패스,033640,C,C,B,D,2023,,,,,
9605,네패스,033640,C,B,B+,D,2024,,,,,
9604,네패스,033640,C,B,B+,C,2025,,,,,
9603,넥센,005720,미공개,미공개,미공개,미공개,2012,,,,,
9602,넥센,005720,미공개,미공개,미공개,B,2013,,,,,
9601,넥센,005720,미공개,미공개,미공개,B,2014,,,,,
9600,넥센,005720,미공개,미공개,미공개,B,2015,,,,,
9599,넥센,005720,미공개,B+,미공개,B,2016,,,,,
9598,넥센,005720,미공개,B+,미공개,B,2017,,,,,
9597,넥센,005720,미공개,B+,미공개,B,2018,,,,,
9596,넥센,005720,B,B,B,B,2019,,,,,
9595,넥센,005720,B+,B,B+,B+,2020,,,,,
9594,넥센,005720,B+,B+,A,B,2021,,,,,
9593,넥센,005720,B+,B+,A,B,2022,,,,,
9592,넥센,005720,B+,B+,A,B,2023,,,,,
9591,넥센,005720,B+,B+,A,B,2024,,,,,
9590,넥센,005720,B,B+,A,C,2025,,,,,
9589,넥센타이어,002350,미공개,B+,미공개,미공개,2012,,,,,
9588,넥센타이어,002350,미공개,B+,미공개,B,2013,,,,,
9587,넥센타이어,002350,미공개,B+,미공개,B,2014,,,,,
9586,넥센타이어,002350,미공개,B+,미공개,C,2015,,,,,
9585,넥센타이어,002350,B+,B+,B+,B+,2016,,,,,
9584,넥센타이어,002350,미공개,B+,미공개,B,2017,,,,,
9583,넥센타이어,002350,미공개,B+,미공개,B,2018,,,,,
9582,넥센타이어,002350,B,B+,B,B,2019,,,,,
9581,넥센타이어,002350,B+,B+,B+,B,2020,,,,,
9580,넥센타이어,002350,B+,B+,A,B+,2021,,,,,
9579,넥센타이어,002350,B+,B+,A,B,2022,,,,,
9578,넥센타이어,002350,B+,A,A,B,2023,,,,,
9577,넥센타이어,002350,B,A,A+,C,2024,,,,,
9576,넥센타이어,002350,B,A,A+,C,2025,,,,,
9575,넥솔론,110570,미공개,미공개,미공개,B+,2012,,,,,
9574,넥솔론,110570,미공개,미공개,미공개,B+,2013,,,,,
9573,넥솔론,110570,미공개,미공개,미공개,B+,2014,,,,,
9572,넥스트사이언스,003580,미공개,미공개,미공개,C,2019,,,,,
9571,넥스트사이언스,003580,C,D,B,C,2020,,,,,
9570,넥스트사이언스,003580,C,D,C,B,2021,,,,,
9569,넥스틴,348210,C,D,D,B,2023,,,,,
9568,넥스틴,348210,C,B,B,D,2024,,,,,
9567,넥스틴,348210,B+,B+,A,B+,2025,,,,,
9566,넥스틸,092790,C,C,D,C,2025,,,,,
9565,넥슨게임즈,225570,C,D,C,B,2023,,,,,
9564,넥슨게임즈,225570,D,D,D,C,2024,,,,,
9563,넥슨게임즈,225570,C,C,B+,D,2025,,,,,
9562,넥슨지티,041140,미공개,미공개,B+,C,2019,,,,,
9561,넥슨지티,041140,C,D,B,C,2020,,,,,
9560,넥슨지티,041140,C,D,B,C,2021,,,,,
9559,넵튠,217270,C,D,C,C,2022,,,,,
9558,넵튠,217270,C,D,C,B,2023,,,,,
9557,넵튠,217270,C,D,C,B,2024,,,,,
9556,넵튠,217270,C,D,C,C,2025,,,,,
9555,넷마블,251270,B,미공개,B+,B,2019,,,,,
9554,넷마블,251270,B,D,B+,B+,2020,,,,,
9553,넷마블,251270,B+,D,B+,A,2021,,,,,
9552,넷마블,251270,B,C,B+,B,2022,,,,,
9551,넷마블,251270,B+,B+,A,B+,2023,,,,,
9550,넷마블,251270,A,B+,A+,A,2024,,,,,
9549,넷마블,251270,A,B+,A+,A,2025,,,,,
9548,노루페인트,090350,미공개,B+,미공개,미공개,2012,,,,,
9547,노루페인트,090350,미공개,B+,미공개,C,2013,,,,,
9546,노루페인트,090350,미공개,B+,미공개,B,2014,,,,,
9545,노루페인트,090350,미공개,미공개,미공개,B,2015,,,,,
9544,노루페인트,090350,미공개,미공개,미공개,B,2016,,,,,
9543,노루페인트,090350,미공개,미공개,미공개,B,2017,,환경 등급조정(2017.8),,,
9542,노루페인트,090350,미공개,미공개,미공개,B,2018,,,,,
9541,노루페인트,090350,미공개,미공개,B,B,2019,,,,,
9540,노루페인트,090350,B,B,B,B,2020,,,,,
9539,노루페인트,090350,A,A,A+,B+,2021,,,,,
9538,노루페인트,090350,A,B+,A+,B+,2022,,,,,
9537,노루페인트,090350,B+,A,A+,B,2023,,,,,
9536,노루페인트,090350,A,A,A+,B+,2024,,,,,
9535,노루페인트,090350,A,A,A+,B+,2025,,,,,
9534,노루홀딩스,000320,미공개,미공개,미공개,미공개,2012,,,,,
9533,노루홀딩스,000320,미공개,미공개,미공개,B,2013,,,,,
9532,노루홀딩스,000320,미공개,미공개,미공개,B,2014,,,,,
9531,노루홀딩스,000320,미공개,미공개,미공개,B,2015,,,,,
9530,노루홀딩스,000320,미공개,미공개,미공개,D,2016,,,,,
9529,노루홀딩스,000320,미공개,미공개,미공개,D,2017,,,,,
9528,노루홀딩스,000320,미공개,미공개,미공개,B,2018,,,,,
9527,노루홀딩스,000320,미공개,미공개,B,C,2019,,,,,
9526,노루홀딩스,000320,C,C,B,C,2020,,,,,
9525,노루홀딩스,000320,A,A,A+,B+,2021,,,,,
9524,노루홀딩스,000320,A,B+,A+,B+,2022,,,,,
9523,노루홀딩스,000320,A,A,A+,B+,2023,,,,,
9522,노루홀딩스,000320,A,A,A+,B+,2024,,,,,
9521,노루홀딩스,000320,B+,A,A+,B,2025,,,,,
9520,노바렉스,194700,C,D,C,B+,2021,,,,,
9519,녹십자,006280,미공개,B+,미공개,미공개,2012,,,,,
9518,녹십자,006280,미공개,미공개,미공개,C,2013,,,,,
9517,녹십자,006280,미공개,미공개,미공개,B,2014,,,,,
9516,녹십자,006280,미공개,미공개,B+,B,2015,,,,,
9515,녹십자,006280,미공개,미공개,B+,C,2016,,,,,
9514,녹십자,006280,미공개,B+,미공개,B,2017,,,,,
9513,녹십자,006280,B+,B+,B+,B,2018,,,,,
9512,녹십자,006280,B+,B,A,B,2019,,,,,
9511,녹십자,006280,B+,B,A,B,2020,,,,,
9510,녹십자,006280,B+,B+,B+,B+,2021,,,,,
9509,녹십자,006280,B+,B,A,B,2022,,,,,
9508,녹십자,006280,B+,B+,A,B,2023,,,,,
9507,녹십자,006280,B+,A,A+,B,2024,,,,,
9506,녹십자,006280,A,A,A,B+,2025,,,,,
9505,녹십자랩셀,144510,미공개,미공개,B,B,2019,,,,,
9504,녹십자랩셀,144510,C,D,B,B,2020,,,,,
9503,녹십자랩셀,144510,C,D,C,B,2021,,,,,
9502,녹십자셀,031390,미공개,미공개,B,C,2019,,,,,
9501,녹십자셀,031390,C,D,B,B,2020,,,,,
9500,녹십자셀,031390,C,D,B,B,2021,,,,,
9499,녹십자홀딩스,005250,미공개,미공개,미공개,미공개,2012,,,,,
9498,녹십자홀딩스,005250,미공개,미공개,미공개,B,2013,,,,,
9497,녹십자홀딩스,005250,미공개,미공개,미공개,B,2014,,,,,
9496,녹십자홀딩스,005250,미공개,미공개,B+,C,2015,,,,,
9495,녹십자홀딩스,005250,미공개,미공개,B+,B,2016,,,,,
9494,녹십자홀딩스,005250,미공개,미공개,미공개,B,2017,,,,,
9493,녹십자홀딩스,005250,미공개,미공개,B+,C,2018,,,,,
9492,녹십자홀딩스,005250,B+,미공개,A,B+,2019,,,,,
9491,녹십자홀딩스,005250,B,C,B+,B,2020,,,,,
9490,녹십자홀딩스,005250,B+,B+,B+,B+,2021,,,,,
9489,녹십자홀딩스,005250,B+,B,A,B+,2022,,,,,
9488,녹십자홀딩스,005250,B+,B+,A,B+,2023,,,,,
9487,녹십자홀딩스,005250,A,A,A+,B+,2024,,,,,
9486,녹십자홀딩스,005250,B+,A,A,B,2025,,,,,
9485,농심,004370,미공개,B+,미공개,미공개,2012,,,,,
9484,농심,004370,미공개,B+,미공개,B,2013,,,,,
9483,농심,004370,미공개,B+,미공개,B,2014,,,,,
9482,농심,004370,미공개,B+,미공개,C,2015,,,,,
9481,농심,004370,미공개,B+,미공개,D,2016,,,,,
9480,농심,004370,미공개,B+,미공개,B,2017,,,,,
9479,농심,004370,미공개,B+,B+,C,2018,,,,,
9478,농심,004370,미공개,B+,B+,D,2019,,,,,
9477,농심,004370,B+,B+,A,B,2020,,,,,
9476,농심,004370,B+,B,A,B,2021,,,,,
9475,농심,004370,C,B,A,D,2022,,,,,
9474,농심,004370,B+,A,A,B,2023,,,,,
9473,농심,004370,B,A,B+,C,2024,,,,,
9472,농심,004370,B,A,A+,D,2025,,,,,
9471,농심홀딩스,072710,미공개,미공개,미공개,미공개,2012,,,,,
9470,농심홀딩스,072710,미공개,미공개,미공개,B,2013,,,,,
9469,농심홀딩스,072710,미공개,미공개,미공개,C,2014,,,,,
9468,농심홀딩스,072710,미공개,미공개,미공개,B,2015,,,,,
9467,농심홀딩스,072710,미공개,미공개,미공개,C,2016,,,,,
9466,농심홀딩스,072710,미공개,미공개,미공개,B,2017,,,,,
9465,농심홀딩스,072710,미공개,미공개,미공개,C,2018,,,,,
9464,농심홀딩스,072710,B,B,B+,B,2019,,,,,
9463,농심홀딩스,072710,B+,B,B+,B+,2020,,,,,
9462,농심홀딩스,072710,B+,B,A,B+,2021,,,,,
9461,농심홀딩스,072710,C,B,B+,C,2022,,,,,
9460,농심홀딩스,072710,B+,B+,A,B,2023,,,,,
9459,농심홀딩스,072710,B,B+,B+,B,2024,,,,,
9458,농심홀딩스,072710,C,B+,A,C,2025,,,,,
9457,농협금융지주,839683,등급없음,등급없음,등급없음,A,2019,,,,,
9456,농협금융지주,839683,등급없음,등급없음,등급없음,A,2020,,,,,
9455,농협금융지주,839683,등급없음,등급없음,등급없음,A,2021,,,,,
9454,농협금융지주,839683,등급없음,등급없음,등급없음,A,2022,,,,,
9453,농협금융지주,839683,등급없음,등급없음,등급없음,A+,2023,,,,,
9452,농협금융지주,839683,등급없음,등급없음,등급없음,A,2024,,,,,
9451,농협금융지주,839683,등급없음,등급없음,등급없음,A,2025,,,,,
9450,농협생명보험,839723,등급없음,등급없음,등급없음,A,2019,,,,,
9449,농협생명보험,839723,등급없음,등급없음,등급없음,B+,2020,,,,,
9448,농협생명보험,839723,등급없음,등급없음,등급없음,A,2021,,,,,
9447,농협생명보험,839723,등급없음,등급없음,등급없음,A,2022,,,,,
9446,농협생명보험,839723,등급없음,등급없음,등급없음,A,2023,,,,,
9445,농협생명보험,839723,등급없음,등급없음,등급없음,A,2024,,,,,
9444,농협생명보험,839723,등급없음,등급없음,등급없음,A,2025,,,,,
9443,농협은행,839742,등급없음,등급없음,등급없음,B,2020,,,,지배구조 등급조정(2020.10),
9442,농협은행,839742,등급없음,등급없음,등급없음,A,2021,,,,,
9441,농협은행,839742,등급없음,등급없음,등급없음,A,2022,,,,,
9440,농협은행,839742,등급없음,등급없음,등급없음,A,2023,,,,,
9439,농협은행,839742,등급없음,등급없음,등급없음,A,2024,,,,,
9438,농협은행,839742,등급없음,등급없음,등급없음,A,2025,,,,,
9437,다나와,119860,B,D,B,B+,2021,,,,,
9436,다나와,119860,C,D,C,B,2022,,,,,
9435,다날,064260,D,D,C,D,2022,,,,,
9434,다날,064260,D,D,D,D,2023,,,,,
9433,다스코,058730,미공개,미공개,미공개,B+,2018,,,,,
9432,다스코,058730,B,미공개,미공개,B+,2019,,,,,
9431,다스코,058730,B,C,B,B+,2020,,,,,
9430,다스코,058730,B,B,C,B+,2021,,,,,
9429,다스코,058730,D,D,D,C,2022,,,,,
9428,다스코,058730,C,C,C,C,2023,,,,,
9427,다스코,058730,C,C,D,B,2024,,,,,
9426,다스코,058730,C,C,C,C,2025,,,,,
9425,다올투자증권,030210,B+,B,B,B+,2022,,,,,
9424,다올투자증권,030210,B+,B+,B+,B+,2023,,,,,
9423,다올투자증권,030210,B+,A,A,B+,2024,,,,,
9422,다올투자증권,030210,B+,B+,A,B+,2025,,,,,
9421,다우기술,023590,미공개,미공개,미공개,미공개,2012,,,,,
9420,다우기술,023590,미공개,미공개,미공개,C,2013,,,,,
9419,다우기술,023590,미공개,미공개,미공개,C,2014,,,,,
9418,다우기술,023590,미공개,미공개,미공개,B,2015,,,,,
9417,다우기술,023590,미공개,미공개,미공개,B,2016,,,,,
9416,다우기술,023590,미공개,미공개,B+,B,2017,,,,,
9415,다우기술,023590,미공개,미공개,B+,C,2018,,,,,
9414,다우기술,023590,미공개,미공개,B+,C,2019,,,,,
9413,다우기술,023590,B,C,B+,B,2020,,,,,
9412,다우기술,023590,B+,B,A,B+,2021,,,,,
9411,다우기술,023590,C,B+,A,C,2022,,,,,
9410,다우기술,023590,B+,A,A+,B,2023,,,,,
9409,다우기술,023590,A,A,A+,B+,2024,,,,,
9408,다우기술,023590,A,A+,A+,B+,2025,,,,,
9407,다우데이타,032190,B,D,B+,B,2020,,,,,
9406,다우데이타,032190,B,D,B+,B,2021,,,,,
9405,다우데이타,032190,C,D,C,C,2022,,,,,
9404,다우데이타,032190,C,D,C,C,2023,,,,,
9403,다우데이타,032190,D,D,C,D,2024,,,,,
9402,다우데이타,032190,D,D,C,D,2025,,,,,
9401,다우인큐브,020120,미공개,미공개,미공개,C,2014,,,,,
9400,다우인큐브,020120,미공개,미공개,미공개,B,2015,,,,,
9399,다우인큐브,020120,미공개,미공개,미공개,C,2016,,,,,
9398,다우인큐브,020120,미공개,미공개,미공개,B,2017,,,,,
9397,다원시스,068240,C,C,B,B,2020,,,,,
9396,다원시스,068240,C,D,C,B+,2021,,,,,
9395,다원시스,068240,D,D,C,D,2022,,,,,
9394,다원시스,068240,D,D,D,D,2023,,,,,
9393,다원시스,068240,D,D,D,D,2024,,,,,
9392,다원시스,068240,D,C,C,D,2025,,,,,
9391,다이나믹디자인,145210,D,D,D,C,2022,,,,,
9390,다이나믹디자인,145210,D,D,D,D,2023,,,,,
9389,다이나믹디자인,145210,D,C,D,D,2024,,,,,
9388,다이나믹디자인,145210,D,C,D,D,2025,,,,,
9387,대경기계기술,015590,미공개,미공개,미공개,미공개,2012,,,,,
9386,대경기계기술,015590,미공개,미공개,미공개,B,2013,,,,,
9385,대경기계기술,015590,미공개,미공개,미공개,B,2014,,,,,
9384,대경기계기술,015590,미공개,미공개,미공개,B,2015,,,,,
9383,대경기계기술,015590,미공개,미공개,미공개,B,2016,,,,,
9382,대경기계기술,015590,미공개,미공개,미공개,B,2017,,,,,
9381,대교,019680,미공개,미공개,미공개,B+,2012,,,,,
9380,대교,019680,미공개,미공개,미공개,A,2013,,,,,
9379,대교,019680,B+,미공개,미공개,A+,2014,,,,,
9378,대교,019680,미공개,미공개,미공개,A,2015,,,,,
9377,대교,019680,B+,미공개,B+,A,2016,,,,,
9376,대교,019680,B+,미공개,미공개,A,2017,,,,,
9375,대교,019680,미공개,미공개,미공개,B+,2018,,,,,
9374,대교,019680,B+,미공개,B+,A,2019,,,,,
9373,대교,019680,B+,D,B+,A,2020,,,,,
9372,대교,019680,B+,D,B+,A,2021,,,,,
9371,대교,019680,B,D,B+,B+,2022,,,,,
9370,대교,019680,B+,C,B+,B+,2023,,,,,
9369,대교,019680,B,D,B+,B+,2024,,,,,
9368,대교,019680,B,D,B+,B,2025,,,,,
9367,대구백화점,006370,미공개,미공개,B+,미공개,2012,,,,,
9366,대구백화점,006370,미공개,미공개,미공개,B,2013,,,,,
9365,대구백화점,006370,미공개,미공개,미공개,B,2014,,,,,
9364,대구백화점,006370,미공개,미공개,미공개,B,2015,,,,,
9363,대구백화점,006370,미공개,미공개,B+,B+,2016,,,,,
9362,대구백화점,006370,미공개,미공개,미공개,B+,2017,,,,,
9361,대구백화점,006370,미공개,미공개,미공개,B+,2018,,,,,
9360,대구백화점,006370,B,미공개,B,B+,2019,,,,,
9359,대구백화점,006370,B,D,B,B+,2020,,,,,
9358,대구백화점,006370,B,D,B+,B+,2021,,,,,
9357,대구백화점,006370,C,D,D,B+,2022,,,,,
9356,대구백화점,006370,C,D,C,B,2023,,,,,
9355,대구백화점,006370,C,D,C,B,2024,,,,,
9354,대구백화점,006370,D,D,C,D,2025,,,,,
9353,대구은행,005270,등급없음,등급없음,등급없음,B+,2019,,,,,
9352,대구은행,005270,등급없음,등급없음,등급없음,B+,2020,,,,,
9351,대구은행,005270,등급없음,등급없음,등급없음,B+,2021,,,,,
9350,대구은행,005270,등급없음,등급없음,등급없음,B+,2022,,,,,
9349,대구은행,005270,등급없음,등급없음,등급없음,B+,2023,,,,지배구조 등급조정(2024.07.),
9348,대덕,008060,A,B+,A,A,2021,,,,,
9347,대덕,008060,B+,B,A,B,2022,,,,,
9346,대덕,008060,B+,A,A,B,2023,,,,,
9345,대덕,008060,B+,B+,A,B,2024,,,,,
9344,대덕,008060,B,B+,A+,C,2025,,,,,
9343,대덕GDS,004130,미공개,B+,미공개,미공개,2012,,,,,
9342,대덕GDS,004130,미공개,B+,미공개,B,2013,,,,,
9341,대덕GDS,004130,미공개,B+,미공개,B,2014,,,,,
9340,대덕GDS,004130,미공개,B+,미공개,C,2015,,,,,
9339,대덕GDS,004130,B+,B+,미공개,B+,2016,,,,,
9338,대덕GDS,004130,미공개,B+,미공개,B,2017,,,,,
9337,대덕GDS,004130,B+,B+,B+,B,2018,,,,,
9336,대덕전자,008060,미공개,미공개,미공개,미공개,2012,,,,,
9335,대덕전자,008060,B+,B+,B+,B,2013,,,,,
9334,대덕전자,008060,B+,B+,B+,B,2014,,,,,
9333,대덕전자,008060,미공개,미공개,미공개,B,2015,,환경 등급조정(2016.2),,,
9332,대덕전자,008060,미공개,B+,미공개,B,2016,,,,,
9331,대덕전자,008060,미공개,B+,미공개,B,2017,,,,,
9330,대덕전자,008060,B+,B+,B+,B,2018,,,,,
9329,대덕전자,008060,B,B,B+,B,2019,,,,,
9328,대덕전자,008060,A,B+,A,A,2020,,,,,
9327,대덕전자,353200,B+,B,A,B+,2022,,,,,
9326,대덕전자,353200,A,A,A,B+,2023,,,,,
9325,대덕전자,353200,B+,B+,A,B,2024,,,,,
9324,대덕전자,353200,B+,B+,A+,B,2025,,,,,
9323,대동,000490,B+,B,B,B+,2021,,,,,
9322,대동,000490,D,C,C,D,2022,,,,,
9321,대동,000490,C,B,A,D,2023,,,,,
9320,대동,000490,B+,B+,A+,B,2024,,,,,
9319,대동,000490,A,A,A+,B+,2025,,,,,
9318,대동공업,000490,미공개,미공개,미공개,미공개,2012,,,,,
9317,대동공업,000490,미공개,미공개,미공개,B,2013,,,,,
9316,대동공업,000490,미공개,미공개,미공개,C,2014,,,,,
9315,대동공업,000490,미공개,미공개,미공개,C,2015,,,,,
9314,대동공업,000490,미공개,미공개,미공개,C,2016,,,,,
9313,대동공업,000490,미공개,미공개,B+,B,2017,,,,,
9312,대동공업,000490,미공개,미공개,미공개,C,2018,,,,,
9311,대동공업,000490,B,B,B,B,2019,,,,,
9310,대동공업,000490,B,B,B,B,2020,,,,,
9309,대동전자,008110,미공개,미공개,미공개,미공개,2012,,,,,
9308,대동전자,008110,미공개,미공개,미공개,C,2013,,,,,
9307,대동전자,008110,미공개,미공개,미공개,C,2014,,,,,
9306,대동전자,008110,미공개,미공개,미공개,C,2015,,,,,
9305,대동전자,008110,미공개,미공개,미공개,B,2016,,,,,
9304,대동전자,008110,미공개,미공개,미공개,B,2017,,,,,
9303,대동전자,008110,미공개,미공개,미공개,C,2018,,,,,
9302,대동전자,008110,미공개,B,미공개,C,2019,,,,,
9301,대동전자,008110,C,B,C,C,2020,,,,,
9300,대동전자,008110,C,C,C,B+,2021,,,,,
9299,대동전자,008110,C,D,D,B,2022,,,,,
9298,대동전자,008110,D,D,D,C,2023,,,,,
9297,대동전자,008110,D,D,D,D,2024,,,,,
9296,대동전자,008110,D,D,D,D,2025,,,,,
9295,대림바스,005750,C,C,C,C,2024,,,,,
9294,대림바스,005750,C,C,C,B,2025,,,,,
9293,대림비앤코,005750,미공개,미공개,미공개,미공개,2012,,,,,
9292,대림비앤코,005750,미공개,미공개,미공개,B,2013,,,,,
9291,대림비앤코,005750,미공개,미공개,미공개,C,2014,,,,,
9290,대림비앤코,005750,미공개,미공개,미공개,C,2015,,,,,
9289,대림비앤코,005750,미공개,미공개,미공개,B,2016,,,,,
9288,대림비앤코,005750,미공개,미공개,미공개,C,2017,,,,,
9287,대림비앤코,005750,미공개,미공개,미공개,B,2018,,,,,
9286,대림비앤코,005750,미공개,미공개,B,B,2019,,,,,
9285,대림비앤코,005750,B,C,B,B+,2020,,,,,
9284,대림비앤코,005750,C,C,C,B+,2021,,,,,
9283,대림비앤코,005750,D,D,D,C,2022,,,,,
9282,대림비앤코,005750,C,C,C,C,2023,,,,,
9281,대림산업,000210,B+,B+,A,B+,2012,,,,,
9280,대림산업,000210,B+,B+,B+,A,2013,,,,,
9279,대림산업,000210,A,A,A,A,2014,,,,,
9278,대림산업,000210,B+,A,B+,B,2015,,,,,
9277,대림산업,000210,B+,A,미공개,B,2016,,,사회 등급조정(2016.8),지배구조 등급조정(2016.8),
9276,대림산업,000210,미공개,B+,미공개,B+,2017,통합 등급조정(2018.3),,"사회 등급조정(2017.8, 2018.3)",,
9275,대림산업,000210,미공개,B+,미공개,B+,2018,통합 등급조정(2019.4),,사회 등급조정(2019.4),,
9274,대림산업,000210,B,B,미공개,B,2019,,,사회 등급조정(2019.10),지배구조 등급조정(2019.10),
9273,대림산업,000210,B+,A,B+,B+,2020,,,,,
9272,대림씨엔에스,004440,미공개,미공개,미공개,B+,2017,,,,,
9271,대림씨엔에스,004440,미공개,미공개,B+,B,2018,,,,,
9270,대림씨엔에스,004440,B+,B,B+,B+,2019,,,,,
9269,대림씨엔에스,004440,B,C,B,B+,2020,,,,,
9268,대림통상,006570,미공개,미공개,미공개,미공개,2012,,,,,
9267,대림통상,006570,미공개,미공개,미공개,C,2013,,,,,
9266,대림통상,006570,미공개,미공개,미공개,B,2014,,,,,
9265,대림통상,006570,미공개,미공개,미공개,C,2015,,,,,
9264,대림통상,006570,미공개,미공개,미공개,C,2016,,,,,
9263,대림통상,006570,미공개,미공개,미공개,C,2017,,,,,
9262,대림통상,006570,미공개,미공개,미공개,B,2018,,,,,
9261,대림통상,006570,미공개,B,B,C,2019,,,,,
9260,대림통상,006570,B,B,B,B,2020,,,,,
9259,대림통상,006570,C,C,C,C,2021,,,,,
9258,대림통상,006570,D,D,D,D,2022,,,,,
9257,대림통상,006570,D,C,C,D,2023,,,,,
9256,대림통상,006570,D,C,C,D,2024,,,,,
9255,대림통상,006570,D,C,C,D,2025,,,,,
9254,대상,001680,미공개,미공개,B+,미공개,2012,,,,,
9253,대상,001680,미공개,B+,미공개,C,2013,,,,,
9252,대상,001680,미공개,미공개,미공개,C,2014,,,,,
9251,대상,001680,미공개,미공개,미공개,C,2015,,,,,
9250,대상,001680,미공개,미공개,B+,C,2016,,,,,
9249,대상,001680,미공개,미공개,B+,B,2017,,,,,
9248,대상,001680,미공개,미공개,B+,B,2018,,,,,
9247,대상,001680,B,B,B+,B,2019,,,,,
9246,대상,001680,B,B,B+,B,2020,,,,,
9245,대상,001680,A,A,A+,B+,2021,,,,,
9244,대상,001680,B+,A,A+,B,2022,,,,,
9243,대상,001680,A,A,A+,B+,2023,,,,,
9242,대상,001680,A,A,A+,B+,2024,,,,,
9241,대상,001680,B+,A,A+,B,2025,,,,,
9240,대상홀딩스,084690,미공개,미공개,미공개,미공개,2012,,,,,
9239,대상홀딩스,084690,미공개,미공개,미공개,C,2013,,,,,
9238,대상홀딩스,084690,미공개,미공개,미공개,B,2014,,,,,
9237,대상홀딩스,084690,미공개,미공개,미공개,C,2015,,,,,
9236,대상홀딩스,084690,미공개,미공개,미공개,B,2016,,,,,
9235,대상홀딩스,084690,미공개,미공개,미공개,C,2017,,,,,
9234,대상홀딩스,084690,미공개,미공개,미공개,B,2018,,,,,
9233,대상홀딩스,084690,B+,미공개,B+,B+,2019,,,,,
9232,대상홀딩스,084690,B,C,B,B,2020,,,,,
9231,대상홀딩스,084690,A,A,A+,B+,2021,,,,,
9230,대상홀딩스,084690,B+,A,A+,B,2022,,,,,
9229,대상홀딩스,084690,B+,A,A+,B,2023,,,,,
9228,대상홀딩스,084690,B,A,A+,C,2024,,,,,
9227,대상홀딩스,084690,B,A,A+,C,2025,,,,,
9226,대성산업,128820,미공개,미공개,미공개,미공개,2012,,,,,
9225,대성산업,128820,미공개,미공개,미공개,B,2013,,,,,
9224,대성산업,128820,미공개,B+,미공개,B,2014,,,,,
9223,대성산업,128820,미공개,B+,미공개,B,2015,,,,,
9222,대성산업,128820,미공개,미공개,미공개,C,2016,,,,,
9221,대성산업,128820,미공개,미공개,미공개,B,2017,,,,,
9220,대성산업,128820,미공개,미공개,미공개,C,2018,,,,,
9219,대성산업,128820,미공개,미공개,미공개,B,2019,,,,,
9218,대성산업,128820,C,C,B,C,2020,,,,,
9217,대성산업,128820,C,C,C,B+,2021,,,,,
9216,대성산업,128820,D,D,C,D,2022,,,,,
9215,대성산업,128820,D,D,D,D,2023,,,,,
9214,대성산업,128820,C,C,B,D,2024,,,,,
9213,대성산업,128820,C,C,B,D,2025,,,,,
9212,대성에너지,117580,미공개,미공개,미공개,미공개,2012,,,,,
9211,대성에너지,117580,미공개,미공개,미공개,B,2013,,,,,
9210,대성에너지,117580,미공개,미공개,미공개,B,2014,,,,,
9209,대성에너지,117580,미공개,미공개,미공개,C,2015,,,,,
9208,대성에너지,117580,미공개,미공개,미공개,C,2016,,,,,
9207,대성에너지,117580,미공개,미공개,미공개,B,2017,,,,,
9206,대성에너지,117580,미공개,미공개,미공개,C,2018,,,,,
9205,대성에너지,117580,B,B,B,B,2019,,,,,
9204,대성에너지,117580,B,B,B+,B,2020,,,,,
9203,대성에너지,117580,B,B,B,B,2021,,,,,
9202,대성에너지,117580,C,D,B,C,2022,,,,,
9201,대성에너지,117580,C,C,C,C,2023,,,,,
9200,대성에너지,117580,B,B+,A,C,2024,,,,,
9199,대성에너지,117580,B,B+,B+,C,2025,,,,,
9198,대성합동지주,005620,미공개,미공개,미공개,B+,2012,,,,,
9197,대성합동지주,005620,미공개,미공개,미공개,B,2013,,,,,
9196,대성합동지주,005620,미공개,미공개,미공개,B,2014,,,,,
9195,대성합동지주,005620,미공개,미공개,미공개,B,2015,,,,,
9194,대성합동지주,005620,미공개,미공개,미공개,B,2016,,,,,
9193,대성합동지주,005620,미공개,미공개,미공개,B,2017,,,,,
9192,대성홀딩스,016710,미공개,미공개,미공개,미공개,2012,,,,,
9191,대성홀딩스,016710,미공개,미공개,미공개,B,2013,,,,,
9190,대성홀딩스,016710,미공개,미공개,미공개,B,2014,,,,,
9189,대성홀딩스,016710,미공개,미공개,미공개,B,2015,,,,,
9188,대성홀딩스,016710,미공개,미공개,미공개,B,2016,,,,,
9187,대성홀딩스,016710,미공개,미공개,미공개,B,2017,,,,,
9186,대성홀딩스,016710,미공개,미공개,미공개,B+,2018,,,,,
9185,대성홀딩스,016710,B,미공개,B+,B,2019,,,,,
9184,대성홀딩스,016710,B,C,B+,B,2020,,,,,
9183,대성홀딩스,016710,B,C,B+,B,2021,,,,,
9182,대성홀딩스,016710,C,D,B,C,2022,,,,,
9181,대성홀딩스,016710,C,C,C,C,2023,,,,,
9180,대성홀딩스,016710,C,B+,A,D,2024,,,,,
9179,대성홀딩스,016710,C,B+,B+,D,2025,,,,,
9178,대신정보통신,020180,D,D,C,D,2025,,,,,
9177,대신증권,003540,B+,미공개,미공개,A,2012,,,,,
9176,대신증권,003540,미공개,미공개,미공개,A,2013,,,,,
9175,대신증권,003540,미공개,미공개,미공개,B+,2014,,,,,
9174,대신증권,003540,B+,미공개,미공개,A,2015,,,사회 등급조정(2015.8),,
9173,대신증권,003540,미공개,미공개,미공개,A,2016,,,,,
9172,대신증권,003540,미공개,미공개,미공개,A,2017,,,,,
9171,대신증권,003540,미공개,미공개,B+,미공개,2018,,,,,
9170,대신증권,003540,B,미공개,B,B+,2019,통합 등급조정(2020.4),,사회 등급조정(2020.4),,
9169,대신증권,003540,B,D,B+,B+,2020,통합 등급조정(2020.10),,사회 등급조정(2020.10),,
9168,대신증권,003540,A,B,A+,A,2021,,,,,
9167,대신증권,003540,B+,B,B+,B+,2022,,,,,
9166,대신증권,003540,B+,B,A,B+,2023,,,,,
9165,대신증권,003540,B+,B+,A,B+,2024,,,,,
9164,대신증권,003540,B,B+,B+,B,2025,,,,,
9163,대아티아이,045390,B,D,C,B+,2020,,,,,
9162,대아티아이,045390,B,B,C,B+,2021,,,,,
9161,대아티아이,045390,C,D,D,B,2022,,,,,
9160,대양금속,009190,미공개,미공개,미공개,미공개,2012,,,,,
9159,대양금속,009190,미공개,미공개,미공개,D,2013,,,,,
9158,대양금속,009190,미공개,미공개,미공개,C,2014,,,,,
9157,대양금속,009190,미공개,미공개,미공개,C,2015,,,,,
9156,대양금속,009190,미공개,B+,미공개,B,2016,,,,,
9155,대양금속,009190,미공개,B+,미공개,C,2017,,,,,
9154,대양금속,009190,미공개,B+,미공개,B,2018,,,,,
9153,대양금속,009190,B,B,미공개,B,2019,,,,,
9152,대양금속,009190,B,B,C,B,2020,,,,,
9151,대양금속,009190,C,C,C,B,2021,,,,,
9150,대양금속,009190,D,D,D,D,2022,,,,,
9149,대양금속,009190,D,C,C,D,2023,,,,,
9148,대양금속,009190,D,C,C,D,2024,,,,,
9147,대양금속,009190,D,C,D,D,2025,,,,,
9146,대영포장,014160,미공개,미공개,미공개,미공개,2012,,,,,
9145,대영포장,014160,미공개,미공개,미공개,C,2013,,,,,
9144,대영포장,014160,미공개,미공개,미공개,C,2014,,,,,
9143,대영포장,014160,미공개,미공개,미공개,C,2015,,,,,
9142,대영포장,014160,미공개,미공개,미공개,C,2016,,,사회 등급조정(2016.8),,
9141,대영포장,014160,미공개,미공개,미공개,C,2017,,,,,
9140,대영포장,014160,미공개,미공개,미공개,C,2018,,,,,
9139,대영포장,014160,미공개,B,미공개,D,2019,,,,,
9138,대영포장,014160,C,B,C,D,2020,,,,,
9137,대영포장,014160,C,C,C,C,2021,,,,,
9136,대영포장,014160,D,D,D,D,2022,,,,,
9135,대영포장,014160,D,D,C,D,2023,,,,,
9134,대영포장,014160,D,D,D,D,2024,,,,,
9133,대영포장,014160,D,D,D,D,2025,,,,,
9132,대우건설,047040,미공개,미공개,미공개,B+,2012,,,,,
9131,대우건설,047040,A,A,A,B+,2013,,,,,
9130,대우건설,047040,미공개,A,A,D,2014,,,,,
9129,대우건설,047040,미공개,A,B+,D,2015,,,,,
9128,대우건설,047040,B+,A,A,B,2016,,,,,
9127,대우건설,047040,A,A,A,B+,2017,,,사회 등급조정(2017.8),,
9126,대우건설,047040,B+,A,A+,B,2018,통합 등급조정(2019.4),,,지배구조 등급조정(2019.4),
9125,대우건설,047040,B+,B+,A,B+,2019,통합 등급조정(2019.10),,사회 등급조정(2019.10),,
9124,대우건설,047040,B+,A,B,B+,2020,통합 등급조정(2020.10),,"사회 등급조정(2020.10, 2021.7)",,
9123,대우건설,047040,A,B+,A,A,2021,,,사회 등급조정(2021.10),,
9122,대우건설,047040,B+,B+,B+,B+,2022,,,,,
9121,대우건설,047040,A,A+,B+,A,2023,,,사회 등급조정(2024.04.),,
9120,대우건설,047040,A,A,B+,A,2024,,,사회 등급조정(2024.10.),,
9119,대우건설,047040,A,A,B+,A,2025,,,사회 등급조정(2025.11.),,
9118,대우부품,009320,미공개,미공개,미공개,미공개,2012,,,,,
9117,대우부품,009320,미공개,미공개,미공개,C,2013,,,,,
9116,대우부품,009320,미공개,미공개,미공개,C,2014,,,,,
9115,대우부품,009320,미공개,미공개,미공개,C,2015,,,,,
9114,대우부품,009320,미공개,미공개,미공개,B,2016,,,,,
9113,대우부품,009320,미공개,미공개,미공개,C,2017,,,,,
9112,대우부품,009320,미공개,미공개,미공개,B,2018,,,,,
9111,대우부품,009320,미공개,미공개,미공개,B,2019,,,,,
9110,대우부품,009320,D,D,C,C,2020,,,,,
9109,대우부품,009320,C,C,C,B,2021,,,,,
9108,대우부품,009320,D,D,D,D,2022,,,,,
9107,대우부품,009320,D,D,D,D,2023,,,,,
9106,대우조선해양,042660,B+,B+,미공개,B+,2012,,,,,
9105,대우조선해양,042660,B+,B+,B+,B+,2013,,,,,
9104,대우조선해양,042660,B+,B+,미공개,B+,2014,,,,,
9103,대우조선해양,042660,B+,A,미공개,B,2015,,,사회 등급조정(2016.2),지배구조 등급조정(2016.2),
9102,대우조선해양,042660,B+,A,B+,C,2016,,,사회 등급조정(2017.2),지배구조 등급조정(2017.2),
9101,대우조선해양,042660,미공개,B+,미공개,C,2017,,,,,
9100,대우조선해양,042660,미공개,B+,미공개,B+,2018,,,,,
9099,대우조선해양,042660,B,B+,미공개,B+,2019,통합 등급조정(2020.1),,사회 등급조정(2020.1),,
9098,대우조선해양,042660,B+,B+,B,A,2020,,,,,
9097,대우조선해양,042660,A,B,A+,A,2021,,,,,
9096,대우조선해양,042660,B+,B,B+,B+,2022,,,사회 등급조정(2022.11),,
9095,대웅,003090,미공개,미공개,미공개,미공개,2012,,,,,
9094,대웅,003090,미공개,미공개,미공개,C,2013,,,,,
9093,대웅,003090,미공개,미공개,미공개,C,2014,,,,,
9092,대웅,003090,미공개,미공개,미공개,C,2015,,,,,
9091,대웅,003090,미공개,미공개,미공개,C,2016,,,,,
9090,대웅,003090,미공개,미공개,미공개,B,2017,,,,,
9089,대웅,003090,미공개,미공개,미공개,C,2018,,,,,
9088,대웅,003090,미공개,미공개,B+,C,2019,,,,,
9087,대웅,003090,C,C,B+,C,2020,,,,,
9086,대웅,003090,B,D,B+,B,2021,,,,,
9085,대웅,003090,B+,B,A,B,2022,,,,,
9084,대웅,003090,B+,A,A,B+,2023,,,,,
9083,대웅,003090,B+,B+,A,B,2024,,,,,
9082,대웅,003090,B,A,A+,C,2025,,,,,
9081,대웅제약,069620,B+,B+,B+,미공개,2012,,,,,
9080,대웅제약,069620,미공개,미공개,미공개,B,2013,,,,,
9079,대웅제약,069620,미공개,미공개,미공개,B,2014,,,,,
9078,대웅제약,069620,미공개,미공개,B+,C,2015,,,,,
9077,대웅제약,069620,미공개,미공개,B+,C,2016,,,,,
9076,대웅제약,069620,미공개,미공개,B+,C,2017,,,,,
9075,대웅제약,069620,미공개,미공개,B+,C,2018,,,,,
9074,대웅제약,069620,B,B,B+,B,2019,,,,,
9073,대웅제약,069620,B+,B,B+,B+,2020,,,사회 등급조정(2021.4),,
9072,대웅제약,069620,C,D,B,B,2021,통합 등급조정(2021.10),,사회 등급조정(2021.10),,
9071,대웅제약,069620,B+,B,A,B,2022,,,,,
9070,대웅제약,069620,B+,A,A,B,2023,,,,,
9069,대웅제약,069620,B,B+,A,C,2024,,,,,
9068,대웅제약,069620,A,A,A+,B+,2025,,,,,
9067,대원강업,000430,미공개,미공개,미공개,미공개,2012,,,,,
9066,대원강업,000430,미공개,미공개,미공개,B,2013,,,,,
9065,대원강업,000430,미공개,B+,미공개,B,2014,,,,,
9064,대원강업,000430,미공개,B+,미공개,C,2015,,,,,
9063,대원강업,000430,미공개,미공개,미공개,B,2016,,,사회 등급조정(2017.2),,
9062,대원강업,000430,미공개,B+,미공개,B,2017,,,,,
9061,대원강업,000430,B+,B+,B+,B,2018,,,,,
9060,대원강업,000430,B+,B,B+,B+,2019,,,,,
9059,대원강업,000430,B,B,B+,B,2020,,,,,
9058,대원강업,000430,B,B,C,B+,2021,,,,,
9057,대원강업,000430,C,C,D,C,2022,,,,,
9056,대원강업,000430,C,B,B+,C,2023,,,,,
9055,대원강업,000430,B+,B+,A,B+,2024,,,,,
9054,대원강업,000430,A,B+,A,A,2025,,,,,
9053,대원전선,006340,미공개,미공개,미공개,미공개,2012,,,,,
9052,대원전선,006340,미공개,미공개,미공개,C,2013,,,,,
9051,대원전선,006340,미공개,미공개,미공개,C,2014,,,,,
9050,대원전선,006340,미공개,미공개,미공개,C,2015,,,,,
9049,대원전선,006340,미공개,미공개,미공개,B,2016,,,,,
9048,대원전선,006340,미공개,미공개,미공개,C,2017,,,,,
9047,대원전선,006340,미공개,미공개,미공개,C,2018,,,,,
9046,대원전선,006340,미공개,B,미공개,C,2019,,,,,
9045,대원전선,006340,C,C,C,C,2020,,,,,
9044,대원전선,006340,C,C,C,B,2021,,,,,
9043,대원전선,006340,D,D,D,D,2022,,,,,
9042,대원전선,006340,D,C,D,D,2023,,,,,
9041,대원전선,006340,D,C,D,D,2024,,,,,
9040,대원전선,006340,D,C,D,D,2025,,,,,
9039,대원제약,003220,미공개,미공개,B+,미공개,2012,,,,,
9038,대원제약,003220,미공개,미공개,미공개,B,2013,,,,,
9037,대원제약,003220,미공개,미공개,미공개,B+,2014,,,,,
9036,대원제약,003220,미공개,미공개,미공개,B+,2015,,,,,
9035,대원제약,003220,미공개,미공개,B+,B+,2016,,,,,
9034,대원제약,003220,미공개,미공개,B+,B+,2017,,,,,
9033,대원제약,003220,미공개,미공개,B+,B+,2018,,,,,
9032,대원제약,003220,B,미공개,B+,B+,2019,,,,,
9031,대원제약,003220,B,D,B+,B+,2020,,,,,
9030,대원제약,003220,B,D,B,B+,2021,,,,,
9029,대원제약,003220,B,D,B,B+,2022,,,,,
9028,대원제약,003220,B,C,B,B+,2023,,,,,
9027,대원제약,003220,B+,B+,A,B+,2024,,,,,
9026,대원제약,003220,A,B+,A+,B+,2025,,,,,
9025,대원화성,024890,미공개,B+,미공개,미공개,2012,,,,,
9024,대원화성,024890,미공개,미공개,미공개,C,2013,,,,,
9023,대원화성,024890,미공개,B+,미공개,B,2014,,,,,
9022,대원화성,024890,미공개,B+,미공개,B,2015,,,,,
9021,대원화성,024890,미공개,B+,미공개,B,2016,,,,,
9020,대원화성,024890,미공개,B+,미공개,B,2017,,,,,
9019,대원화성,024890,미공개,B+,미공개,C,2018,,,,,
9018,대원화성,024890,미공개,B,B,C,2019,,,,,
9017,대원화성,024890,B+,B+,B,B+,2020,,,,,
9016,대원화성,024890,B,B,B,B+,2021,,,,,
9015,대원화성,024890,D,C,C,D,2022,,,,,
9014,대원화성,024890,D,C,D,D,2023,,,,,
9013,대원화성,024890,D,C,D,D,2024,,,,,
9012,대원화성,024890,D,C,D,D,2025,,,,,
9011,대유플러스,000300,미공개,B+,미공개,미공개,2012,,,,,
9010,대유플러스,000300,미공개,미공개,미공개,C,2013,,,,,
9009,대유플러스,000300,미공개,B+,미공개,C,2014,,,,,
9008,대유플러스,000300,미공개,B+,미공개,C,2015,,,,,
9007,대유플러스,000300,미공개,미공개,미공개,D,2016,,,,,
9006,대유플러스,000300,미공개,B+,미공개,B,2017,,,,,
9005,대유플러스,000300,미공개,미공개,미공개,C,2018,,,,,
9004,대유플러스,000300,미공개,미공개,미공개,C,2019,,,,,
9003,대유플러스,000300,C,C,C,C,2020,,,,,
9002,대유플러스,000300,C,C,C,C,2021,,,,,
9001,대유플러스,000300,D,D,D,D,2022,,,,,
9000,대주전자재료,078600,B,C,B,B+,2021,,,,,
8999,대주전자재료,078600,D,D,C,C,2022,,,,,
8998,대주전자재료,078600,C,B,B+,C,2023,,,,,
8997,대주전자재료,078600,B+,B,A,B,2024,,,,,
8996,대주전자재료,078600,B+,B+,A,B,2025,,,,,
8995,대창,012800,미공개,B+,미공개,미공개,2012,,,,,
8994,대창,012800,미공개,B+,미공개,C,2013,,,,,
8993,대창,012800,미공개,B+,미공개,C,2014,,,,,
8992,대창,012800,미공개,B+,미공개,C,2015,,,,,
8991,대창,012800,미공개,B+,미공개,C,2016,,,,,
8990,대창,012800,미공개,B+,미공개,B,2017,,,,,
8989,대창,012800,미공개,B+,미공개,B,2018,,,,,
8988,대창,012800,미공개,B,미공개,C,2019,,,,,
8987,대창,012800,C,B+,B,C,2020,,,,,
8986,대창,012800,C,B,B,C,2021,,,,,
8985,대창,012800,D,D,C,D,2022,,,,,
8984,대창,012800,D,C,D,D,2023,,,,,
8983,대창,012800,D,C,D,D,2024,,,,,
8982,대창,012800,D,C,D,D,2025,,,,,
8981,대창단조,015230,미공개,미공개,미공개,미공개,2012,,,,,
8980,대창단조,015230,미공개,미공개,미공개,B,2013,,,,,
8979,대창단조,015230,미공개,미공개,미공개,B,2014,,,,,
8978,대창단조,015230,미공개,B+,미공개,B,2015,,,,,
8977,대창단조,015230,미공개,B+,미공개,B,2016,,,,,
8976,대창단조,015230,미공개,B+,미공개,C,2017,,,,,
8975,대창단조,015230,미공개,B+,미공개,B,2018,,,,,
8974,대창단조,015230,B,B,미공개,B,2019,,,,,
8973,대창단조,015230,B,B,B,B,2020,,,,,
8972,대창단조,015230,B,B,C,B+,2021,,,,,
8971,대창단조,015230,C,C,C,C,2022,,,,,
8970,대창단조,015230,C,C,D,C,2023,,,,,
8969,대창단조,015230,C,C,D,C,2024,,,,,
8968,대창단조,015230,D,C,C,D,2025,,,,,
8967,대한광통신,010170,C,C,C,B+,2020,,,,,
8966,대한방직,001070,미공개,미공개,미공개,미공개,2012,,,,,
8965,대한방직,001070,미공개,미공개,미공개,B,2013,,,,,
8964,대한방직,001070,미공개,미공개,미공개,B,2014,,,,,
8963,대한방직,001070,미공개,미공개,미공개,B,2015,,,,,
8962,대한방직,001070,미공개,미공개,미공개,B,2016,,,,,
8961,대한방직,001070,미공개,미공개,미공개,C,2017,통합 등급조정(2018.3),,,지배구조 등급조정(2018.3),
8960,대한방직,001070,미공개,미공개,미공개,C,2018,,,,,
8959,대한방직,001070,미공개,미공개,미공개,B+,2019,,,,,
8958,대한방직,001070,C,C,C,B+,2020,,,,,
8957,대한방직,001070,C,C,C,B+,2021,,,,,
8956,대한방직,001070,C,D,D,B,2022,,,,,
8955,대한방직,001070,C,C,D,B,2023,,,,,
8954,대한방직,001070,C,C,D,C,2024,,,,,
8953,대한방직,001070,D,C,D,D,2025,,,,,
8952,대한유화,006650,미공개,B+,미공개,미공개,2012,,,,,
8951,대한유화,006650,미공개,미공개,미공개,C,2013,,,,,
8950,대한유화,006650,미공개,B+,미공개,C,2014,,,,,
8949,대한유화,006650,미공개,B+,미공개,C,2015,,,,,
8948,대한유화,006650,미공개,미공개,B+,C,2016,,환경 등급조정(2017.2),,,
8947,대한유화,006650,미공개,미공개,미공개,B,2017,,"환경 등급조정(2017.8, 2018.3)",사회 등급조정(2017.8),,
8946,대한유화,006650,미공개,미공개,미공개,C,2018,,,,,
8945,대한유화,006650,미공개,B,B+,C,2019,,,,,
8944,대한유화,006650,B,B+,B+,C,2020,,,,,
8943,대한유화,006650,B,B,B,B+,2021,,,,,
8942,대한유화,006650,C,B,B,D,2022,,,,,
8941,대한유화,006650,B+,B+,B+,B,2023,,,,,
8940,대한유화,006650,B+,B+,B+,B,2024,,,,,
8939,대한유화,006650,B+,B+,B+,B,2025,,,,,
8938,대한전선,001440,미공개,B+,미공개,미공개,2012,,,,,
8937,대한전선,001440,미공개,B+,미공개,C,2013,,,,,
8936,대한전선,001440,미공개,B+,미공개,C,2014,,,,,
8935,대한전선,001440,미공개,B+,미공개,D,2015,,,,,
8934,대한전선,001440,미공개,B+,미공개,B,2016,,,사회 등급조정(2017.2),,
8933,대한전선,001440,미공개,B+,미공개,B,2017,,,,,
8932,대한전선,001440,미공개,B+,미공개,B,2018,,,,,
8931,대한전선,001440,B,B,미공개,B,2019,,,,,
8930,대한전선,001440,B+,B,B+,B+,2020,,,,,
8929,대한전선,001440,A,A,A+,A,2021,,,,,
8928,대한전선,001440,A,B+,A+,B+,2022,,,,,
8927,대한전선,001440,A,A,A+,B+,2023,,,,,
8926,대한전선,001440,A,A,A+,B+,2024,,,,,
8925,대한전선,001440,A,A,A,B+,2025,,,,,
8924,대한제강,084010,B+,B+,B+,미공개,2012,,,,,
8923,대한제강,084010,미공개,B+,미공개,B,2013,,,,,
8922,대한제강,084010,미공개,B+,미공개,B,2014,,,,,
8921,대한제강,084010,미공개,B+,미공개,B,2015,,,,,
8920,대한제강,084010,미공개,B+,미공개,C,2016,,,,,
8919,대한제강,084010,미공개,B+,미공개,B,2017,,,,,
8918,대한제강,084010,미공개,B+,미공개,B,2018,,,,,
8917,대한제강,084010,B,B+,미공개,B+,2019,,,,,
8916,대한제강,084010,B,B+,B,B,2020,,,,,
8915,대한제강,084010,B,B,B,B,2021,,,,,
8914,대한제강,084010,D,D,D,C,2022,,,,,
8913,대한제강,084010,C,C,C,C,2023,,,,,
8912,대한제강,084010,C,C,C,C,2024,,,,,
8911,대한제강,084010,D,C,C,D,2025,,,,,
8910,대한제당,001790,미공개,미공개,미공개,미공개,2012,,,,,
8909,대한제당,001790,미공개,미공개,미공개,B,2013,,,,,
8908,대한제당,001790,미공개,미공개,미공개,B,2014,,,,,
8907,대한제당,001790,미공개,미공개,미공개,B+,2015,,,,,
8906,대한제당,001790,미공개,미공개,미공개,B,2016,,,,,
8905,대한제당,001790,미공개,미공개,미공개,C,2017,통합 등급조정(2017.8),,,지배구조 등급조정(2017.8),
8904,대한제당,001790,미공개,미공개,미공개,B,2018,,,,,
8903,대한제당,001790,미공개,미공개,미공개,B,2019,,,,,
8902,대한제당,001790,C,C,C,B,2020,,,,,
8901,대한제당,001790,B,B,C,B+,2021,,,,,
8900,대한제당,001790,D,D,D,C,2022,,,,,
8899,대한제당,001790,C,C,C,C,2023,,,,,
8898,대한제당,001790,C,C,D,C,2024,,,,,
8897,대한제당,001790,D,C,D,D,2025,,,사회 등급조정(2026.04.),,
8896,대한제분,001130,미공개,미공개,미공개,미공개,2012,,,,,
8895,대한제분,001130,미공개,미공개,미공개,B,2013,,,,,
8894,대한제분,001130,미공개,미공개,미공개,C,2014,,,,,
8893,대한제분,001130,미공개,B+,미공개,C,2015,,,,,
8892,대한제분,001130,미공개,미공개,미공개,B,2016,,,,,
8891,대한제분,001130,미공개,미공개,미공개,C,2017,,,,,
8890,대한제분,001130,미공개,미공개,미공개,C,2018,,,,,
8889,대한제분,001130,B,미공개,B,B,2019,,,,,
8888,대한제분,001130,C,C,B,C,2020,,,,,
8887,대한제분,001130,B,C,C,B+,2021,,,,,
8886,대한제분,001130,D,C,D,D,2022,,,,,
8885,대한제분,001130,D,C,D,D,2023,,,,,
8884,대한제분,001130,C,C,C,C,2024,,,,,
8883,대한제분,001130,C,C,D,C,2025,,,사회 등급조정(2026.07.),,
8882,대한항공,003490,A,A+,A,미공개,2012,,,,,
8881,대한항공,003490,A,A,A,B+,2013,,,,,
8880,대한항공,003490,B+,B+,A,B+,2014,,,,,
8879,대한항공,003490,미공개,A,B+,D,2015,,,,,
8878,대한항공,003490,B+,A,B+,C,2016,,,,,
8877,대한항공,003490,B+,A,B+,B+,2017,,,사회 등급조정(2017.8),,
8876,대한항공,003490,미공개,B+,미공개,B,2018,통합 등급조정(2018.10),,사회 등급조정(2018.10),지배구조 등급조정(2018.7),
8875,대한항공,003490,B+,B+,A,B,2019,,,,,
8874,대한항공,003490,A,A,A+,B+,2020,,,,,
8873,대한항공,003490,A,A,A+,A,2021,,,,,
8872,대한항공,003490,A,A,A,A,2022,,,,,
8871,대한항공,003490,A,A,A+,A,2023,,,,,
8870,대한항공,003490,B+,B+,A,B+,2024,,,,,
8869,대한항공,003490,A,A,A,B+,2025,,,,,
8868,대한해운,005880,미공개,미공개,미공개,D,2014,,,,,
8867,대한해운,005880,미공개,미공개,미공개,C,2015,,,,,
8866,대한해운,005880,미공개,미공개,미공개,B,2016,,,,,
8865,대한해운,005880,미공개,미공개,미공개,C,2017,,,,,
8864,대한해운,005880,미공개,미공개,미공개,C,2018,,,,,
8863,대한해운,005880,미공개,미공개,B+,C,2019,,,,,
8862,대한해운,005880,B,C,B,B,2020,,,,,
8861,대한해운,005880,B,D,B,B+,2021,,,,,
8860,대한해운,005880,C,C,B+,C,2022,,,,,
8859,대한해운,005880,C,B,B+,D,2023,,,,,
8858,대한해운,005880,D,C,D,D,2024,,,,,
8857,대한해운,005880,B,A,A,C,2025,,,,,
8856,대한화섬,003830,미공개,미공개,미공개,미공개,2012,,,,,
8855,대한화섬,003830,미공개,미공개,미공개,C,2013,,,,,
8854,대한화섬,003830,미공개,미공개,미공개,B,2014,,,,,
8853,대한화섬,003830,미공개,B+,미공개,B,2015,,,,,
8852,대한화섬,003830,미공개,미공개,미공개,B,2016,,,,,
8851,대한화섬,003830,미공개,미공개,미공개,B,2017,,,,,
8850,대한화섬,003830,미공개,미공개,미공개,B,2018,,,,,
8849,대한화섬,003830,B,B,B+,B,2019,통합 등급조정(2019.10),,,지배구조 등급조정(2019.10),
8848,대한화섬,003830,C,B,B+,C,2020,,,,,
8847,대한화섬,003830,B+,B,B+,B+,2021,,,,,
8846,대한화섬,003830,C,C,C,B,2022,,,,,
8845,대한화섬,003830,C,C,D,B,2023,,,,,
8844,대한화섬,003830,B+,B,A,B+,2024,,,,,
8843,대한화섬,003830,B+,B+,A,B,2025,,,,,
8842,대현,016090,미공개,미공개,미공개,미공개,2012,,,,,
8841,대현,016090,미공개,미공개,미공개,B,2013,,,,,
8840,대현,016090,미공개,미공개,미공개,B+,2014,,,,,
8839,대현,016090,미공개,미공개,미공개,B,2015,,,,,
8838,대현,016090,미공개,미공개,미공개,B,2016,,,,,
8837,대현,016090,미공개,미공개,미공개,B,2017,,,,,
8836,대현,016090,미공개,미공개,미공개,B,2018,,,,,
8835,대현,016090,미공개,미공개,미공개,B+,2019,,,,,
8834,대현,016090,C,D,C,B,2020,,,,,
8833,대현,016090,B,D,B,B+,2021,,,,,
8832,대현,016090,C,D,D,B+,2022,,,,,
8831,대현,016090,C,D,D,B+,2023,,,,,
8830,대현,016090,C,D,D,B+,2024,,,,,
8829,대현,016090,C,D,D,B,2025,,,,,
8828,대호에이엘,069460,미공개,B+,미공개,미공개,2012,,,,,
8827,대호에이엘,069460,미공개,미공개,미공개,C,2013,,,,,
8826,대호에이엘,069460,미공개,B+,미공개,C,2014,,,,,
8825,대호에이엘,069460,미공개,B+,미공개,C,2015,,,,,
8824,대호에이엘,069460,미공개,B+,미공개,B,2016,,,,,
8823,대호에이엘,069460,미공개,B+,미공개,B,2017,,,,,
8822,대호에이엘,069460,미공개,B+,미공개,D,2018,,,,지배구조 등급조정(2019.4),
8821,대호에이엘,069460,미공개,B,미공개,D,2019,,,,,
8820,대호에이엘,069460,B,B,C,B,2020,,,,,
8819,대호에이엘,069460,B,B,C,B,2021,,,,,
8818,대호에이엘,069460,D,C,D,D,2022,,,,,
8817,대호에이엘,069460,C,C,D,B,2023,,,,,
8816,대호에이엘,069460,D,C,C,D,2024,,,,,
8815,대호에이엘,069460,D,C,D,D,2025,,,,,
8814,대화제약,067080,미공개,미공개,B,B,2019,,,,,
8813,대화제약,067080,B,D,B,B+,2020,,,,,
8812,더네이쳐홀딩스,298540,D,D,D,C,2023,,,,,
8811,더네이쳐홀딩스,298540,D,D,D,D,2024,,,,,
8810,더블유게임즈,192080,B,미공개,미공개,B+,2019,,,,,
8809,더블유게임즈,192080,B,D,B+,B+,2020,,,,,
8808,더블유게임즈,192080,B,D,B+,B+,2021,,,,,
8807,더블유게임즈,192080,B,D,C,B+,2022,,,,,
8806,더블유게임즈,192080,B,D,C,B+,2023,,,,,
8805,더블유게임즈,192080,C,D,D,B+,2024,,,,,
8804,더블유게임즈,192080,B,D,C,B+,2025,,,,,
8803,더블유씨피,393890,D,C,C,D,2024,,,,,
8802,더블유씨피,393890,D,C,D,D,2025,,,,,
8801,더존비즈온,012510,미공개,미공개,미공개,미공개,2012,,,,,
8800,더존비즈온,012510,미공개,미공개,미공개,C,2013,,,,,
8799,더존비즈온,012510,미공개,미공개,미공개,C,2014,,,,,
8798,더존비즈온,012510,미공개,미공개,미공개,B,2015,,,,,
8797,더존비즈온,012510,미공개,미공개,미공개,B,2016,,,,,
8796,더존비즈온,012510,미공개,미공개,B+,B,2017,,,,,
8795,더존비즈온,012510,미공개,미공개,미공개,B,2018,,,,,
8794,더존비즈온,012510,미공개,미공개,B,C,2019,,,,,
8793,더존비즈온,012510,B,C,B+,B,2020,,,,,
8792,더존비즈온,012510,B,C,B,B,2021,,,,,
8791,더존비즈온,012510,D,D,C,D,2022,,,,,
8790,더존비즈온,012510,C,D,B,D,2023,,,,,
8789,더존비즈온,012510,C,C,D,C,2024,,,,,
8788,더존비즈온,012510,C,B+,A,C,2025,,,,,
8787,덕산네오룩스,213420,미공개,미공개,B,C,2019,,,,,
8786,덕산네오룩스,213420,D,D,C,C,2021,,,,,
8785,덕산네오룩스,213420,D,D,C,C,2022,,,,,
8784,덕산네오룩스,213420,C,D,B,D,2023,,,,,
8783,덕산네오룩스,213420,D,C,D,D,2024,,,,,
8782,덕산네오룩스,213420,C,B,A,D,2025,,,,,
8781,덕산테코피아,317330,D,C,C,D,2025,,,,,
8780,덕성,004830,미공개,미공개,미공개,미공개,2012,,,,,
8779,덕성,004830,미공개,미공개,미공개,B,2013,,,,,
8778,덕성,004830,미공개,미공개,미공개,C,2014,,,,,
8777,덕성,004830,미공개,미공개,미공개,C,2015,,,,,
8776,덕성,004830,미공개,미공개,미공개,C,2016,,,,,
8775,덕성,004830,미공개,미공개,미공개,B,2017,,,,,
8774,덕성,004830,미공개,미공개,미공개,C,2018,,,,,
8773,덕성,004830,B,B,미공개,B,2019,,,,,
8772,덕성,004830,B,B,C,B+,2020,,,,,
8771,덕성,004830,C,C,C,B+,2021,,,,,
8770,덕성,004830,D,D,C,C,2022,,,,,
8769,덕성,004830,C,C,D,B,2023,,,,,
8768,덕성,004830,C,C,D,C,2024,,,,,
8767,덕성,004830,D,C,C,D,2025,,,,,
8766,덕양산업,024900,미공개,미공개,미공개,미공개,2012,,,,,
8765,덕양산업,024900,미공개,미공개,미공개,C,2013,,,,,
8764,덕양산업,024900,미공개,미공개,미공개,C,2014,,,,,
8763,덕양산업,024900,미공개,미공개,미공개,B,2015,,,,,
8762,덕양산업,024900,미공개,미공개,미공개,B,2016,,,,,
8761,덕양산업,024900,미공개,미공개,미공개,B,2017,,,,,
8760,덕양산업,024900,미공개,미공개,미공개,C,2018,,,,,
8759,덕양산업,024900,B,B,B,B,2019,,,,,
8758,덕양산업,024900,B,B,B,B,2020,,,,,
8757,덕양산업,024900,C,C,C,B,2021,,,,,
8756,덕양산업,024900,D,D,C,D,2022,,,,,
8755,덕양산업,024900,C,D,B,D,2023,,,,,
8754,데브시스터즈,194480,B,D,B,B+,2022,,,,,
8753,데브시스터즈,194480,C,D,D,B,2024,,,,,
8752,데브시스터즈,194480,D,D,D,D,2025,,,,,
8751,덴티움,145720,미공개,미공개,미공개,B+,2019,,,,,
8750,덴티움,145720,C,D,C,B+,2020,,,,,
8749,덴티움,145720,B,D,B,B+,2021,,,,,
8748,덴티움,145720,D,D,C,D,2022,,,,,
8747,덴티움,145720,D,D,D,D,2023,,,,,
8746,덴티움,145720,D,D,D,D,2024,,,,,
8745,덴티움,145720,D,D,D,D,2025,,,,,
8744,도레이케미칼,008000,B+,B+,B+,미공개,2012,,,,,
8743,도레이케미칼,008000,미공개,B+,B+,C,2013,,,,,
8742,도레이케미칼,008000,B+,B+,B+,B,2014,,,,,
8741,도레이케미칼,008000,미공개,B+,B+,C,2015,,,,,
8740,도레이케미칼,008000,미공개,B+,B+,C,2016,,,,,
8739,도레이케미칼,008000,미공개,B+,B+,C,2017,,,,,
8738,도화엔지니어링,002150,미공개,미공개,미공개,B+,2012,,,,,
8737,도화엔지니어링,002150,미공개,미공개,미공개,B+,2013,,,,,
8736,도화엔지니어링,002150,미공개,미공개,미공개,B,2014,,,,,
8735,도화엔지니어링,002150,미공개,미공개,미공개,B,2015,,,,,
8734,도화엔지니어링,002150,미공개,미공개,미공개,B+,2016,,,,,
8733,도화엔지니어링,002150,미공개,미공개,미공개,B+,2017,,,,,
8732,도화엔지니어링,002150,B+,미공개,미공개,B+,2018,,,,,
8731,도화엔지니어링,002150,B,B,미공개,B+,2019,,,,,
8730,도화엔지니어링,002150,B+,B,B,B+,2020,,,,,
8729,도화엔지니어링,002150,B+,B,B,B+,2021,,,,,
8728,도화엔지니어링,002150,C,D,C,C,2022,,,,,
8727,도화엔지니어링,002150,B,C,B,B,2023,,,,,
8726,도화엔지니어링,002150,C,C,C,B,2024,,,,,
8725,도화엔지니어링,002150,C,C,C,C,2025,,,,,
8724,동국S&C,100130,C,C,C,C,2021,,,,,
8723,동국실업,001620,미공개,미공개,미공개,미공개,2012,,,,,
8722,동국실업,001620,미공개,미공개,미공개,C,2013,,,,,
8721,동국실업,001620,미공개,미공개,미공개,C,2014,,,,,
8720,동국실업,001620,미공개,미공개,미공개,C,2015,,,,,
8719,동국실업,001620,미공개,미공개,미공개,C,2016,,,,,
8718,동국실업,001620,미공개,미공개,미공개,C,2017,,,,,
8717,동국실업,001620,미공개,미공개,미공개,C,2018,,,,,
8716,동국씨엠,460850,B+,B+,A,B,2025,,,,,
8715,동국제강,001230,B+,B+,미공개,B+,2012,,,,,
8714,동국제강,001230,B+,B+,미공개,B+,2013,,,,,
8713,동국제강,001230,B+,B+,미공개,B+,2014,,,,,
8712,동국제강,001230,미공개,B+,미공개,C,2015,,,,지배구조 등급조정(2016.2),
8711,동국제강,001230,미공개,B+,B+,C,2016,,,,,
8710,동국제강,001230,미공개,B+,B+,C,2017,,,,,
8709,동국제강,001230,미공개,B+,미공개,B,2018,,,,,
8708,동국제강,001230,B,B,B,B,2019,,,,,
8707,동국제강,001230,B+,B+,B+,B,2020,,,사회 등급조정(2021.4),,
8706,동국제강,001230,B+,B+,B,B+,2021,,,"사회 등급조정(2021.10, 2022.04)",,
8705,동국제강,001230,B,B+,B,B,2022,통합 등급조정(2022.11),,사회 등급조정(2022.11),,
8704,동국제강,460860,A,B+,A+,B+,2025,,,,,
8703,동국제약,086450,미공개,미공개,미공개,C,2019,,,,,
8702,동국제약,086450,C,D,B+,D,2020,,,,,
8701,동국제약,086450,C,D,B,B,2021,,,,,
8700,동국제약,086450,C,D,B,C,2022,,,,,
8699,동국제약,086450,C,B,A,D,2023,,,,,
8698,동국제약,086450,C,B+,A,D,2024,,,,,
8697,동국제약,086450,B+,B+,A,B,2025,,,,,
8696,동국홀딩스,001230,A,A,A,B+,2023,,,,,
8695,동국홀딩스,001230,A,B+,A+,B+,2024,,,,,
8694,동국홀딩스,001230,B+,B+,A,B+,2025,,,,,
8693,동남합성,023450,미공개,미공개,미공개,미공개,2012,,,,,
8692,동남합성,023450,미공개,미공개,미공개,C,2013,,,,,
8691,동남합성,023450,미공개,미공개,미공개,C,2014,,,,,
8690,동남합성,023450,미공개,미공개,미공개,C,2015,,,,,
8689,동남합성,023450,미공개,미공개,미공개,C,2016,,,,,
8688,동남합성,023450,미공개,미공개,미공개,C,2017,,,,,
8687,동남합성,023450,미공개,미공개,미공개,C,2018,,,,,
8686,동남합성,023450,미공개,미공개,미공개,B,2019,,,,,
8685,동남합성,023450,C,D,C,B,2020,,,,,
8684,동남합성,023450,C,D,C,B,2021,,,,,
8683,동남합성,023450,C,D,D,B,2022,,,,,
8682,동남합성,023450,D,D,D,C,2023,,,,,
8681,동남합성,023450,D,D,D,C,2024,,,,,
8680,동남합성,023450,D,D,C,D,2025,,,,,
8679,동방,004140,미공개,미공개,미공개,미공개,2012,,,,,
8678,동방,004140,미공개,미공개,미공개,B,2013,,,,,
8677,동방,004140,미공개,미공개,미공개,C,2014,,,,,
8676,동방,004140,미공개,미공개,미공개,B,2015,,,,,
8675,동방,004140,미공개,미공개,미공개,B,2016,,,,,
8674,동방,004140,미공개,미공개,미공개,B,2017,,,,,
8673,동방,004140,미공개,미공개,미공개,C,2018,,,,,
8672,동방,004140,미공개,B,미공개,C,2019,,,,,
8671,동방,004140,C,B,C,C,2020,,,,,
8670,동방,004140,C,B,D,B,2021,,,,,
8669,동방,004140,D,C,C,D,2022,,,,,
8668,동방,004140,C,C,B,D,2023,,,,,
8667,동방,004140,C,B,B,C,2024,,,,,
8666,동방,004140,C,B,B+,C,2025,,,,,
8665,동방아그로,007590,미공개,미공개,미공개,미공개,2012,,,,,
8664,동방아그로,007590,미공개,미공개,미공개,B,2013,,,,,
8663,동방아그로,007590,미공개,미공개,미공개,B,2014,,,,,
8662,동방아그로,007590,미공개,미공개,미공개,B,2015,,,,,
8661,동방아그로,007590,미공개,미공개,미공개,B,2016,,,,,
8660,동방아그로,007590,미공개,미공개,미공개,B,2017,,,,,
8659,동방아그로,007590,미공개,미공개,미공개,C,2018,,,,,
8658,동방아그로,007590,미공개,미공개,미공개,B,2019,,,,,
8657,동방아그로,007590,C,D,C,B,2020,,,,,
8656,동방아그로,007590,C,D,C,B+,2021,,,,,
8655,동방아그로,007590,D,D,D,C,2022,,,,,
8654,동방아그로,007590,C,D,C,B,2023,,,,,
8653,동방아그로,007590,C,D,D,B,2024,,,,,
8652,동방아그로,007590,C,D,D,B,2025,,,,,
8651,동부건설,005960,미공개,미공개,미공개,B+,2012,,,,,
8650,동부건설,005960,미공개,미공개,미공개,B,2013,,,,,
8649,동부건설,005960,미공개,미공개,미공개,B,2014,,,,,
8648,동부건설,005960,미공개,미공개,B,B,2019,,,,,
8647,동부건설,005960,C,C,B,B,2020,,,,,
8646,동부건설,005960,C,C,D,B+,2021,,,,,
8645,동부건설,005960,C,C,B+,C,2022,,,,,
8644,동부건설,005960,B+,B+,B+,B,2023,,,,,
8643,동부건설,005960,B+,B+,B+,B,2024,,,,,
8642,동부건설,005960,B,B+,B,B,2025,통합 등급조정(2026.04.),,사회 등급조정(2026.04.),,
8641,동부제철,016380,B+,B+,B+,미공개,2012,,,,,
8640,동부제철,016380,미공개,B+,B+,C,2013,,,,,
8639,동부제철,016380,미공개,B+,미공개,B,2014,,,,,
8638,동부제철,016380,B+,B+,B+,B,2015,,,,,
8637,동부제철,016380,B+,A,미공개,B,2016,,,,,
8636,동부제철,016380,B+,A,미공개,B,2017,,,,,
8635,동부제철,016380,미공개,B+,미공개,B,2018,,,,,
8634,동부제철,016380,미공개,B,B,D,2019,,,,,
8633,동부제철,016380,B,B,B+,B,2020,,,,,
8632,동서,026960,미공개,미공개,미공개,B,2017,,,,,
8631,동서,026960,미공개,미공개,미공개,B,2018,,,,,
8630,동서,026960,미공개,미공개,B,C,2019,,,,,
8629,동서,026960,C,D,B,C,2020,,,,,
8628,동서,026960,C,D,C,B,2021,,,,,
8627,동서,026960,D,C,C,D,2022,,,,,
8626,동서,026960,D,C,C,D,2023,,,,,
8625,동서,026960,C,C,C,C,2024,,,,,
8624,동서,026960,D,C,C,D,2025,,,,,
8623,동성제약,002210,미공개,미공개,미공개,미공개,2012,,,,,
8622,동성제약,002210,미공개,미공개,미공개,C,2013,,,,,
8621,동성제약,002210,미공개,미공개,미공개,C,2014,,,,,
8620,동성제약,002210,미공개,미공개,미공개,B,2015,,,,,
8619,동성제약,002210,미공개,미공개,미공개,C,2016,,,,,
8618,동성제약,002210,미공개,미공개,미공개,B,2017,,,,,
8617,동성제약,002210,미공개,미공개,미공개,C,2018,,,,,
8616,동성제약,002210,미공개,미공개,미공개,C,2019,,,,,
8615,동성제약,002210,C,D,B,B,2020,,,,,
8614,동성제약,002210,C,D,C,B+,2021,,,,,
8613,동성제약,002210,C,D,D,B,2022,,,,,
8612,동성제약,002210,C,D,C,C,2023,,,,지배구조 등급조정(2024.07.),
8611,동성제약,002210,D,D,D,D,2024,,,,지배구조 등급조정(2024.10.),
8610,동성제약,002210,D,D,D,D,2025,,,,,
8609,동성케미컬,102260,B+,B,B+,B+,2021,,,,,
8608,동성케미컬,102260,B+,B+,A,B,2022,,,,,
8607,동성케미컬,102260,A,A+,A+,B+,2023,,,,,
8606,동성케미컬,102260,A,A,A+,A,2024,,,,,
8605,동성케미컬,102260,A,A,A+,B+,2025,,,,,
8604,동성코퍼레이션,102260,미공개,미공개,미공개,미공개,2012,,,,,
8603,동성코퍼레이션,102260,미공개,미공개,미공개,B,2013,,,,,
8602,동성코퍼레이션,102260,미공개,미공개,미공개,B,2014,,,,,
8601,동성코퍼레이션,102260,미공개,미공개,미공개,C,2015,,,,,
8600,동성코퍼레이션,102260,미공개,미공개,미공개,B,2016,,,,,
8599,동성코퍼레이션,102260,미공개,미공개,미공개,B,2017,,,,,
8598,동성코퍼레이션,102260,미공개,B+,B+,B,2018,,,,,
8597,동성코퍼레이션,102260,B+,B,B+,B+,2019,,,,,
8596,동성코퍼레이션,102260,B,B,B+,B,2020,,,,,
8595,동성화학,005190,미공개,미공개,미공개,미공개,2012,,,,,
8594,동성화학,005190,미공개,미공개,미공개,C,2013,,,,,
8593,동성화학,005190,미공개,미공개,미공개,B,2014,,,,,
8592,동성화학,005190,미공개,미공개,미공개,B,2015,,,,,
8591,동성화학,005190,미공개,미공개,B+,B,2016,,,,,
8590,동성화학,005190,미공개,미공개,B+,B,2017,,,,,
8589,동성화학,005190,미공개,미공개,B+,B,2018,,,,,
8588,동성화학,005190,B,B,B+,B,2019,,,,,
8587,동성화학,005190,C,C,B,B,2020,,,,,
8586,동아쏘시오홀딩스,000640,B+,B+,미공개,B+,2012,,,,,
8585,동아쏘시오홀딩스,000640,미공개,미공개,미공개,B+,2013,,,,,
8584,동아쏘시오홀딩스,000640,미공개,미공개,미공개,B,2014,,,,,
8583,동아쏘시오홀딩스,000640,미공개,미공개,미공개,B,2015,,,,,
8582,동아쏘시오홀딩스,000640,미공개,미공개,미공개,B,2016,,,,,
8581,동아쏘시오홀딩스,000640,미공개,미공개,미공개,C,2017,통합 등급조정(2017.8),,사회 등급조정(2017.8),지배구조 등급조정(2017.8),
8580,동아쏘시오홀딩스,000640,미공개,미공개,B+,C,2018,,,,지배구조 등급조정(2018.7),
8579,동아쏘시오홀딩스,000640,B+,미공개,B+,A,2019,,,,,
8578,동아쏘시오홀딩스,000640,B+,C,A,A,2020,,,,,
8577,동아쏘시오홀딩스,000640,A,B+,A+,A,2021,,,,,
8576,동아쏘시오홀딩스,000640,A,B,A,A,2022,,,,,
8575,동아쏘시오홀딩스,000640,A,B+,A+,A,2023,,,,,
8574,동아쏘시오홀딩스,000640,A+,A,A+,A+,2024,,,,,
8573,동아쏘시오홀딩스,000640,A,A,A+,A,2025,,,,,
8572,동아에스텍,058730,미공개,미공개,미공개,미공개,2012,,,,,
8571,동아에스텍,058730,미공개,미공개,미공개,B,2013,,,,,
8570,동아에스텍,058730,미공개,미공개,미공개,B+,2014,,,,,
8569,동아에스텍,058730,미공개,미공개,미공개,B,2015,,,,,
8568,동아에스텍,058730,미공개,미공개,미공개,B,2016,,,,,
8567,동아에스텍,058730,미공개,미공개,미공개,B+,2017,,,,,
8566,동아에스티,170900,미공개,미공개,미공개,B+,2015,,,,,
8565,동아에스티,170900,미공개,미공개,B+,B+,2016,,,,,
8564,동아에스티,170900,미공개,미공개,미공개,B,2017,,,사회 등급조정(2017.8),지배구조 등급조정(2017.8),
8563,동아에스티,170900,미공개,미공개,A,B,2018,,,,지배구조 등급조정(2018.7),
8562,동아에스티,170900,B+,B,A,B+,2019,,,,,
8561,동아에스티,170900,B+,D,B+,A,2020,,,,,
8560,동아에스티,170900,A,B+,A+,A,2021,,,,,
8559,동아에스티,170900,A,B,A,A,2022,,,,,
8558,동아에스티,170900,A,B+,A+,A,2023,,,,,
8557,동아에스티,170900,A,A,A+,A,2024,,,,,
8556,동아에스티,170900,A,A,A+,A,2025,,,,,
8555,동아지질,028100,미공개,미공개,미공개,미공개,2012,,,,,
8554,동아지질,028100,미공개,미공개,미공개,B,2013,,,,,
8553,동아지질,028100,미공개,미공개,미공개,B,2014,,,,,
8552,동아지질,028100,미공개,미공개,미공개,C,2015,,,,,
8551,동아지질,028100,미공개,미공개,미공개,B,2016,,,,,
8550,동아지질,028100,미공개,미공개,미공개,B,2017,,,,,
8549,동아지질,028100,미공개,미공개,미공개,B,2018,,,,,
8548,동아지질,028100,미공개,미공개,B,B,2019,,,,,
8547,동아지질,028100,C,C,C,C,2020,,,,,
8546,동아지질,028100,C,D,D,B,2021,,,,,
8545,동아지질,028100,D,D,D,D,2022,,,,,
8544,동아지질,028100,D,D,D,D,2023,,,,,
8543,동아지질,028100,D,C,C,D,2024,,,,,
8542,동아지질,028100,C,C,B,C,2025,,,,,
8541,동아타이어,282690,미공개,미공개,미공개,B,2019,,,,,
8540,동아타이어,282690,B,C,B,B,2020,,,,,
8539,동아타이어,282690,C,D,C,B+,2021,,,,,
8538,동아타이어,282690,D,D,D,C,2022,,,,,
8537,동아타이어,282690,D,D,D,D,2023,,,,,
8536,동아타이어,282690,D,D,D,D,2024,,,,,
8535,동양,001520,미공개,미공개,미공개,미공개,2012,,,,,
8534,동양,001520,미공개,미공개,미공개,B,2013,,,,,
8533,동양,001520,미공개,미공개,미공개,B,2017,,,,,
8532,동양,001520,미공개,미공개,미공개,B,2018,,,,,
8531,동양,001520,미공개,미공개,미공개,C,2019,,,,,
8530,동양,001520,C,C,C,B,2020,,,,,
8529,동양,001520,C,C,C,B+,2021,,,,,
8528,동양,001520,D,D,D,C,2022,,,,,
8527,동양,001520,D,D,D,C,2023,,,,,
8526,동양,001520,C,B,B,C,2024,,,,,
8525,동양,001520,B+,A,A+,B,2025,,,,,
8524,동양고속,084670,미공개,미공개,미공개,미공개,2012,,,,,
8523,동양고속,084670,미공개,미공개,미공개,B,2013,,,,,
8522,동양고속,084670,미공개,미공개,미공개,B,2014,,,,,
8521,동양고속,084670,미공개,미공개,미공개,C,2015,,,,,
8520,동양고속,084670,미공개,미공개,미공개,B,2016,,,,,
8519,동양고속,084670,미공개,미공개,미공개,C,2017,,,,,
8518,동양고속,084670,미공개,미공개,미공개,B,2018,,,,,
8517,동양고속,084670,B,미공개,B,B+,2019,,,,,
8516,동양고속,084670,B,C,B,B+,2020,,,,,
8515,동양고속,084670,B,C,C,B+,2021,,,,,
8514,동양고속,084670,D,D,D,D,2022,,,,,
8513,동양고속,084670,C,C,D,C,2023,,,,,
8512,동양고속,084670,D,C,D,D,2024,,,,,
8511,동양고속,084670,C,C,D,C,2025,,,,,
8510,동양네트웍스,030790,미공개,미공개,미공개,미공개,2012,,,,,
8509,동양네트웍스,030790,미공개,미공개,미공개,C,2013,,,,,
8508,동양네트웍스,030790,미공개,미공개,미공개,C,2016,,,,,
8507,동양네트웍스,030790,미공개,미공개,미공개,B,2017,,,,,
8506,동양네트웍스,030790,미공개,미공개,미공개,B,2018,,,,,
8505,동양네트웍스,030790,미공개,미공개,미공개,B,2019,,,,,
8504,동양네트웍스,030790,C,D,B,D,2020,,,,,
8503,동양물산기업,002900,미공개,미공개,미공개,B+,2012,,,,,
8502,동양물산기업,002900,미공개,미공개,미공개,B,2013,,,,,
8501,동양물산기업,002900,미공개,미공개,미공개,B,2014,,,,,
8500,동양물산기업,002900,미공개,미공개,미공개,B,2015,,,,,
8499,동양물산기업,002900,미공개,미공개,미공개,B,2016,,,,,
8498,동양물산기업,002900,미공개,B+,미공개,B,2017,,,,,
8497,동양물산기업,002900,미공개,미공개,미공개,C,2018,,,,지배구조 등급조정(2018.7),
8496,동양물산기업,002900,미공개,B,B+,C,2019,,,,,
8495,동양물산기업,002900,B+,B,B+,B+,2020,,,,,
8494,동양생명,082640,미공개,미공개,미공개,B+,2012,,,,,
8493,동양생명,082640,미공개,미공개,미공개,B+,2013,,,,,
8492,동양생명,082640,미공개,미공개,미공개,B+,2014,,,,,
8491,동양생명,082640,B+,미공개,B+,A,2015,,,,,
8490,동양생명,082640,B+,미공개,미공개,A+,2016,,,사회 등급조정(2017.2),,
8489,동양생명,082640,미공개,미공개,미공개,B+,2017,통합 등급조정(2017.8),,,지배구조 등급조정(2017.8),
8488,동양생명,082640,미공개,미공개,B+,미공개,2018,,,,지배구조 등급조정(2019.4),
8487,동양생명,082640,B,미공개,B+,B,2019,,,,,
8486,동양생명,082640,B,D,B+,B+,2020,,,,,
8485,동양생명,082640,B+,C,A,B+,2021,,,,,
8484,동양생명,082640,B,D,B,B+,2022,,,,,
8483,동양생명,082640,B,C,B,B+,2023,,,,,
8482,동양생명,082640,B+,C,B+,B+,2024,,,,,
8481,동양생명,082640,B+,A,B+,B+,2025,,,,,
8480,동양철관,008970,미공개,미공개,미공개,미공개,2012,,,,,
8479,동양철관,008970,미공개,미공개,미공개,C,2013,,,,,
8478,동양철관,008970,미공개,미공개,미공개,C,2014,,,,,
8477,동양철관,008970,미공개,미공개,미공개,C,2015,,,,,
8476,동양철관,008970,미공개,미공개,미공개,C,2016,,,,,
8475,동양철관,008970,미공개,미공개,미공개,C,2017,,,,,
8474,동양철관,008970,미공개,미공개,미공개,D,2018,,,,,
8473,동양철관,008970,미공개,미공개,미공개,C,2019,,,,,
8472,동양철관,008970,C,C,C,C,2020,,,,,
8471,동양철관,008970,C,D,D,B,2021,,,,,
8470,동양철관,008970,D,D,D,D,2022,,,,,
8469,동양철관,008970,C,C,C,C,2023,,,,,
8468,동양철관,008970,D,C,D,D,2024,,,,,
8467,동양피스톤,092780,B,B,B,B+,2019,,,,,
8466,동양피스톤,092780,B,B,B,B+,2020,,,,,
8465,동양피스톤,092780,B,B,C,B+,2021,,,,,
8464,동양피스톤,092780,C,D,B,D,2022,,,,,
8463,동양피스톤,092780,C,C,B,D,2023,,,,,
8462,동양피스톤,092780,C,C,C,C,2024,,,,,
8461,동원,003580,미공개,미공개,미공개,미공개,2012,,,,,
8460,동원,003580,미공개,미공개,미공개,B,2013,,,,,
8459,동원,003580,미공개,미공개,미공개,C,2014,,,,,
8458,동원,003580,미공개,미공개,미공개,C,2015,,,,,
8457,동원,003580,미공개,미공개,미공개,C,2016,,,,,
8456,동원,003580,미공개,미공개,미공개,C,2017,,,,,
8455,동원,003580,미공개,미공개,미공개,C,2018,,,,,
8454,동원F&B,049770,미공개,미공개,미공개,미공개,2012,,,,,
8453,동원F&B,049770,미공개,미공개,미공개,C,2013,,,,,
8452,동원F&B,049770,미공개,미공개,미공개,C,2014,,,,,
8451,동원F&B,049770,미공개,미공개,미공개,C,2015,,,,,
8450,동원F&B,049770,미공개,미공개,B+,C,2016,,,,,
8449,동원F&B,049770,미공개,B+,A,C,2017,,,,,
8448,동원F&B,049770,미공개,미공개,미공개,D,2018,,환경 등급조정(2018.10),,,
8447,동원F&B,049770,B,미공개,B,B,2019,,,,,
8446,동원F&B,049770,B,B,B+,B,2020,,,,,
8445,동원F&B,049770,B+,B,A,B,2021,,,,,
8444,동원F&B,049770,B,B,A,C,2022,,,,,
8443,동원F&B,049770,B,B+,A,C,2023,,,,,
8442,동원F&B,049770,B,A,A,C,2024,,,,,
8441,동원개발,013120,C,D,C,B,2020,,,,,
8440,동원개발,013120,D,D,C,C,2022,,,,,
8439,동원금속,018500,미공개,미공개,미공개,미공개,2012,,,,,
8438,동원금속,018500,미공개,미공개,미공개,C,2013,,,,,
8437,동원금속,018500,미공개,미공개,미공개,C,2014,,,,,
8436,동원금속,018500,미공개,미공개,미공개,B,2015,,,,,
8435,동원금속,018500,미공개,미공개,미공개,B,2016,,,,,
8434,동원금속,018500,미공개,미공개,미공개,B+,2017,,,,,
8433,동원금속,018500,미공개,미공개,미공개,B+,2018,,,,,
8432,동원금속,018500,B,B,B,B,2019,,,,,
8431,동원금속,018500,B,C,B,B+,2020,,,,,
8430,동원금속,018500,C,D,C,B+,2021,,,,,
8429,동원금속,018500,D,D,D,C,2022,,,,,
8428,동원금속,018500,C,C,C,C,2023,,,,,
8427,동원금속,018500,C,B,D,B,2024,,,,,
8426,동원금속,018500,B+,B+,B+,B,2025,,,,,
8425,동원산업,006040,미공개,미공개,미공개,미공개,2012,,,,,
8424,동원산업,006040,미공개,미공개,미공개,B,2013,,,,,
8423,동원산업,006040,미공개,미공개,미공개,B,2014,,,,,
8422,동원산업,006040,미공개,미공개,B+,B,2015,,,,,
8421,동원산업,006040,미공개,미공개,미공개,B,2016,,,,,
8420,동원산업,006040,B+,미공개,A,B,2017,,,,,
8419,동원산업,006040,미공개,미공개,미공개,C,2018,,,,,
8418,동원산업,006040,B,미공개,B+,B,2019,,,,,
8417,동원산업,006040,B,C,B,B+,2020,,,,,
8416,동원산업,006040,B,C,B+,B+,2021,,,,,
8415,동원산업,006040,C,B,B+,C,2022,,,,,
8414,동원산업,006040,B+,B+,B+,B,2023,,,,,
8413,동원산업,006040,B,A,A,C,2024,,,,,
8412,동원산업,006040,A,A,A+,B+,2025,,,,,
8411,동원수산,030720,미공개,미공개,미공개,미공개,2012,,,,,
8410,동원수산,030720,미공개,미공개,미공개,C,2013,,,,,
8409,동원수산,030720,미공개,미공개,미공개,C,2014,,,,,
8408,동원수산,030720,미공개,미공개,미공개,B,2015,,,,,
8407,동원수산,030720,미공개,미공개,미공개,B,2016,,,,,
8406,동원수산,030720,미공개,미공개,미공개,B,2017,,,,,
8405,동원수산,030720,미공개,미공개,미공개,B,2018,,,,,
8404,동원수산,030720,미공개,미공개,B,B,2019,,,,,
8403,동원수산,030720,C,D,B,B,2020,,,,,
8402,동원수산,030720,C,D,C,B+,2021,,,,,
8401,동원수산,030720,D,D,D,D,2022,,,,,
8400,동원수산,030720,D,D,D,D,2023,,,,,
8399,동원수산,030720,D,D,D,D,2024,,,,,
8398,동원수산,030720,D,D,D,D,2025,,,,,
8397,동원시스템즈,014820,미공개,미공개,미공개,미공개,2012,,,,,
8396,동원시스템즈,014820,미공개,미공개,미공개,C,2013,,,,,
8395,동원시스템즈,014820,미공개,미공개,미공개,C,2014,,,,,
8394,동원시스템즈,014820,미공개,미공개,미공개,C,2015,,,,,
8393,동원시스템즈,014820,미공개,미공개,미공개,C,2016,,,,,
8392,동원시스템즈,014820,미공개,B+,A,C,2017,,,,,
8391,동원시스템즈,014820,미공개,미공개,B+,C,2018,,,,,
8390,동원시스템즈,014820,미공개,B,B+,C,2019,,,,,
8389,동원시스템즈,014820,C,B,B,C,2020,,,,,
8388,동원시스템즈,014820,B,C,B+,B,2021,,,,,
8387,동원시스템즈,014820,C,B,B+,D,2022,,,,,
8386,동원시스템즈,014820,B,A,A,C,2023,,,,,
8385,동원시스템즈,014820,B+,B+,A+,B,2024,,,,,
8384,동원시스템즈,014820,A,A,A+,B+,2025,,,,,
8383,동인기연,111380,C,D,D,B,2025,,,,,
8382,동일고무벨트,163560,미공개,미공개,미공개,C,2014,,,,,
8381,동일고무벨트,163560,미공개,미공개,미공개,C,2015,,,,,
8380,동일고무벨트,163560,미공개,미공개,미공개,C,2016,,,,,
8379,동일고무벨트,163560,미공개,미공개,미공개,C,2017,,,,,
8378,동일고무벨트,163560,미공개,미공개,미공개,C,2018,,,,,
8377,동일고무벨트,163560,B,B,B,B,2019,,,,,
8376,동일고무벨트,163560,B+,B,B+,B+,2020,,,,,
8375,동일고무벨트,163560,B+,B,B+,B+,2021,,,,,
8374,동일고무벨트,163560,B,C,B+,B,2022,,,,,
8373,동일고무벨트,163560,A,A,A,B+,2023,,,,,
8372,동일고무벨트,163560,B+,B+,A,B+,2024,,,,,
8371,동일고무벨트,163560,B+,B+,A,B+,2025,,,,,
8370,동일방직,001530,미공개,미공개,미공개,미공개,2012,,,,,
8369,동일방직,001530,미공개,미공개,미공개,B,2013,,,,,
8368,동일방직,001530,미공개,미공개,미공개,B,2014,,,,,
8367,동일방직,001530,미공개,미공개,미공개,C,2015,,,,,
8366,동일방직,001530,미공개,미공개,미공개,B,2016,,,,,
8365,동일방직,001530,미공개,미공개,미공개,B,2017,,,,,
8364,동일방직,001530,미공개,미공개,미공개,B,2018,,,,,
8363,동일산업,004890,미공개,B+,미공개,미공개,2012,,,,,
8362,동일산업,004890,미공개,미공개,미공개,B,2013,,,,,
8361,동일산업,004890,미공개,B+,미공개,B,2014,,,,,
8360,동일산업,004890,미공개,B+,미공개,B,2015,,,,,
8359,동일산업,004890,미공개,B+,미공개,B,2016,,,,,
8358,동일산업,004890,미공개,B+,미공개,B,2017,,,,,
8357,동일산업,004890,미공개,B+,미공개,C,2018,,,,,
8356,동일산업,004890,B,B+,미공개,B+,2019,,,,,
8355,동일산업,004890,B,B+,C,B+,2020,,,,,
8354,동일산업,004890,B,B,C,B+,2021,,,,,
8353,동일산업,004890,C,C,D,B+,2022,,,,,
8352,동일산업,004890,C,C,D,B,2023,,,,,
8351,동일산업,004890,C,C,D,B+,2024,,,,,
8350,동일산업,004890,C,C,C,C,2025,,,,,
8349,동일제강,002690,미공개,미공개,미공개,B,2017,,,,,
8348,동일제강,002690,미공개,미공개,미공개,B,2018,,,,,
8347,동일제강,002690,미공개,미공개,미공개,B,2019,,,,,
8346,동일제강,002690,C,C,C,B,2020,,,,,
8345,동일제강,002690,C,C,C,B,2021,,,,,
8344,동일제강,002690,D,D,D,C,2022,,,,,
8343,동일제강,002690,C,C,D,C,2023,,,,,
8342,동일제강,002690,D,C,D,D,2024,,,,,
8341,동일제강,002690,C,C,D,C,2025,,,,,
8340,동일제지,019300,미공개,미공개,미공개,미공개,2012,,,,,
8339,동일제지,019300,미공개,미공개,미공개,C,2013,,,,,
8338,동일제지,019300,미공개,미공개,미공개,C,2014,,,,,
8337,동일제지,019300,미공개,B+,미공개,C,2015,,,,,
8336,동일제지,019300,미공개,B+,미공개,C,2016,,,,,
8335,동진쎄미켐,005290,미공개,미공개,B,D,2019,,,,,
8334,동진쎄미켐,005290,C,C,B,C,2020,,,,,
8333,동진쎄미켐,005290,B+,B+,B+,B,2021,,,,,
8332,동진쎄미켐,005290,C,C,B+,D,2022,,,,,
8331,동진쎄미켐,005290,B,A,A,D,2023,,,,,
8330,동진쎄미켐,005290,B,A,A,C,2024,,,,,
8329,동진쎄미켐,005290,B,A,A+,D,2025,,,,,
8328,동화기업,025900,미공개,B,B+,C,2019,,,,,
8327,동화기업,025900,C,B,C,C,2021,,,,,
8326,동화기업,025900,D,C,C,D,2022,,,,,
8325,동화기업,025900,D,C,D,D,2023,,,,,
8324,동화기업,025900,D,D,C,D,2024,,,,,
8323,동화기업,025900,C,B,B+,D,2025,,,,,
8322,동화약품,000020,미공개,미공개,미공개,B+,2012,,,,,
8321,동화약품,000020,미공개,미공개,미공개,B,2013,,,,,
8320,동화약품,000020,미공개,미공개,미공개,B,2014,,,,,
8319,동화약품,000020,미공개,미공개,미공개,C,2015,,,,,
8318,동화약품,000020,미공개,미공개,B+,B,2016,,,,,
8317,동화약품,000020,미공개,미공개,B+,B,2017,,,,,
8316,동화약품,000020,미공개,미공개,B+,B,2018,,,,,
8315,동화약품,000020,미공개,미공개,B+,C,2019,,,,,
8314,동화약품,000020,B,D,B+,B,2020,,,,,
8313,동화약품,000020,B,D,B+,B,2021,,,,,
8312,동화약품,000020,C,C,B+,C,2022,,,,,
8311,동화약품,000020,C,C,B,C,2023,,,,,
8310,동화약품,000020,C,B,B,C,2024,,,,,
8309,동화약품,000020,C,B,C,C,2025,,,,,
8308,두산,000150,A+,A+,A+,A+,2012,,,,,
8307,두산,000150,A+,A+,A,A+,2013,,,,,
8306,두산,000150,A,A,A,A,2014,,,,,
8305,두산,000150,A,A,A,A,2015,,,,,
8304,두산,000150,A,A,A,A,2016,,,,,
8303,두산,000150,A,A,A+,A,2017,,,,,
8302,두산,000150,A+,A+,A+,A,2018,,,,,
8301,두산,000150,A,A,A+,A,2019,,,,,
8300,두산,000150,A+,A+,A+,A,2020,,,,,
8299,두산,000150,A,A,A+,B+,2021,,,,,
8298,두산,000150,B+,B+,A,B,2022,,,,,
8297,두산,000150,B+,A,A+,B,2023,,,,,
8296,두산,000150,A,A,A+,B+,2024,,,,,
8295,두산,000150,A,A,A+,B+,2025,,,,,
8294,두산건설,011160,B+,B+,A,B+,2012,,,,,
8293,두산건설,011160,B+,B+,A,B+,2013,,,,,
8292,두산건설,011160,B+,B+,A,B+,2014,,,,,
8291,두산건설,011160,B+,B+,B+,A,2015,,,,,
8290,두산건설,011160,A,A,B+,A,2016,,,사회 등급조정(2017.2),,
8289,두산건설,011160,A,A,A+,B+,2017,,,,,
8288,두산건설,011160,A,A,A+,B+,2018,,,,,
8287,두산건설,011160,B+,B+,A,B+,2019,,,,,
8286,두산로보틱스,454910,C,D,C,B+,2025,,,,,
8285,두산밥캣,241560,미공개,미공개,미공개,A,2017,,,,,
8284,두산밥캣,241560,미공개,미공개,미공개,A,2018,,,,,
8283,두산밥캣,241560,B,미공개,B,A,2019,,,,,
8282,두산밥캣,241560,B+,D,A,A,2020,,,,,
8281,두산밥캣,241560,B+,C,A,A,2021,,,,,
8280,두산밥캣,241560,B+,B,A,B+,2022,,,,,
8279,두산밥캣,241560,A,B,A,A,2023,,,,,
8278,두산밥캣,241560,A,B+,A,A,2024,,,,,
8277,두산밥캣,241560,A,B+,A,A,2025,,,,,
8276,두산에너빌리티,034020,B,B+,A,C,2022,,,,,
8275,두산에너빌리티,034020,B+,A,A+,B,2023,통합 등급조정(2024.04.),,,지배구조 등급조정(2024.04.),
8274,두산에너빌리티,034020,B+,A,A,B,2024,통합 등급조정(2024.10.),,,지배구조 등급조정(2024.10.),
8273,두산에너빌리티,034020,B,A,A+,D,2025,,,,,
8272,두산엔진,082740,B+,B+,B+,A,2012,,,,,
8271,두산엔진,082740,A,B+,A,A,2013,,,,,
8270,두산엔진,082740,A,B+,A,A,2014,,,,,
8269,두산엔진,082740,A,B+,A,A,2015,,,,,
8268,두산엔진,082740,A,A,A+,B+,2016,,,,,
8267,두산엔진,082740,A,A,A+,B+,2017,,,,,
8266,두산인프라코어,042670,A+,A+,A+,A+,2012,,,,,
8265,두산인프라코어,042670,A,A,A+,A,2013,,,,,
8264,두산인프라코어,042670,A,A,A+,A,2014,,,,,
8263,두산인프라코어,042670,A,A,A,A,2015,,,사회 등급조정(2016.2),,
8262,두산인프라코어,042670,A,A,A+,A,2016,,,,,
8261,두산인프라코어,042670,A,A+,A+,B+,2017,,,,,
8260,두산인프라코어,042670,A,A+,A,A,2018,통합 등급조정(2019.4),,사회 등급조정(2019.4),,
8259,두산인프라코어,042670,A,A,A,B+,2019,,,사회 등급조정(2019.10),,
8258,두산인프라코어,042670,A,A,A+,A,2020,,,,,
8257,두산중공업,034020,A,A,A+,A,2012,,,,,
8256,두산중공업,034020,A+,A+,A+,A,2013,,,,,
8255,두산중공업,034020,A,A,A,A,2014,,,,,
8254,두산중공업,034020,A,A,A,B+,2015,,,,지배구조 등급조정(2015.8),
8253,두산중공업,034020,A,A,B+,A,2016,,,사회 등급조정(2017.2),,
8252,두산중공업,034020,A,A,A,B+,2017,,,사회 등급조정(2017.8),,
8251,두산중공업,034020,A,A,A+,A,2018,,,,,
8250,두산중공업,034020,A,A,A+,A,2019,,,,,
8249,두산중공업,034020,A,A,A+,B+,2020,,,,,
8248,두산중공업,034020,A,A+,A,B+,2021,,,사회 등급조정(2021.10),,
8247,두산테스나,131970,C,C,C,C,2023,,,,,
8246,두산테스나,131970,B+,B+,A,B+,2024,,,,,
8245,두산테스나,131970,B+,B+,A,B,2025,,,,,
8244,두산퓨얼셀,336260,B+,B,A,A,2021,,,,,
8243,두산퓨얼셀,336260,B+,B+,A+,B,2022,,,,,
8242,두산퓨얼셀,336260,A,B+,A+,A,2023,,,,,
8241,두산퓨얼셀,336260,A,A,A+,B+,2024,,,,,
8240,두산퓨얼셀,336260,A,A,A+,B+,2025,,,,,
8239,두올,016740,미공개,미공개,미공개,B,2017,,,,,
8238,두올,016740,미공개,미공개,미공개,B,2018,,,,,
8237,두올,016740,B,미공개,B,B+,2019,,,,,
8236,두올,016740,B,C,B,B+,2020,,,,,
8235,두올,016740,B,C,B,B+,2021,,,,,
8234,두올,016740,D,D,C,C,2022,,,,,
8233,두올,016740,C,C,B,D,2023,,,,,
8232,두올,016740,D,D,C,C,2024,,,,,
8231,두올,016740,D,D,C,C,2025,,,,,
8230,드림어스컴퍼니,060570,미공개,미공개,B,B,2019,,,,,
8229,드림어스컴퍼니,060570,C,C,B,B,2020,,,,,
8228,드림어스컴퍼니,060570,B,B,C,B+,2021,,,,,
8227,드림어스컴퍼니,060570,C,D,C,B,2022,,,,,
8226,드림어스컴퍼니,060570,C,C,B,C,2023,,,,,
8225,드림어스컴퍼니,060570,C,C,C,C,2024,,,,,
8224,드림어스컴퍼니,060570,C,C,B+,C,2025,,,,,
8223,드림텍,192650,C,C,C,B+,2021,,,,,
8222,드림텍,192650,D,D,D,C,2022,,,,,
8221,드림텍,192650,C,C,C,B+,2023,,,,,
8220,드림텍,192650,C,C,D,B,2024,,,,,
8219,드림텍,192650,B,B,B,B+,2025,,,,,
8218,디씨엠,024090,미공개,미공개,미공개,미공개,2012,,,,,
8217,디씨엠,024090,미공개,미공개,미공개,B,2013,,,,,
8216,디씨엠,024090,미공개,미공개,미공개,B,2014,,,,,
8215,디씨엠,024090,미공개,미공개,미공개,C,2015,,,,,
8214,디씨엠,024090,미공개,미공개,미공개,B,2016,,,,,
8213,디씨엠,024090,미공개,미공개,미공개,B,2017,,,,,
8212,디씨엠,024090,미공개,미공개,미공개,B,2018,,,,,
8211,디씨엠,024090,미공개,미공개,미공개,B,2019,,,,,
8210,디씨엠,024090,C,C,C,B,2020,,,,,
8209,디씨엠,024090,C,D,C,B+,2021,,,,,
8208,디씨엠,024090,C,D,C,B,2022,,,,,
8207,디씨엠,024090,C,D,C,B,2023,,,,,
8206,디씨엠,024090,C,D,D,B+,2024,,,,,
8205,디씨엠,024090,D,D,D,C,2025,,,,,
8204,디아이,003160,미공개,미공개,미공개,미공개,2012,,,,,
8203,디아이,003160,미공개,미공개,미공개,C,2013,,,,,
8202,디아이,003160,미공개,미공개,미공개,C,2014,,,,,
8201,디아이,003160,미공개,미공개,미공개,B,2015,,,,,
8200,디아이,003160,미공개,미공개,미공개,B,2016,,,,,
8199,디아이,003160,미공개,미공개,미공개,B,2017,,,,,
8198,디아이,003160,미공개,미공개,미공개,B,2018,,,,,
8197,디아이,003160,미공개,B,미공개,C,2019,,,,,
8196,디아이,003160,B,B,B,B,2020,,,,,
8195,디아이,003160,B,D,B,B+,2021,,,,,
8194,디아이,003160,D,D,C,D,2022,,,,,
8193,디아이,003160,D,C,C,D,2023,,,,,
8192,디아이,003160,D,C,C,D,2024,,,,,
8191,디아이,003160,D,C,C,D,2025,,,,,
8190,디아이동일,001530,미공개,미공개,미공개,B,2019,,,,,
8189,디아이동일,001530,D,D,C,C,2020,,,,,
8188,디아이동일,001530,C,D,C,B+,2021,,,,,
8187,디아이동일,001530,D,D,C,C,2022,,,,,
8186,디아이동일,001530,D,D,D,C,2023,,,,,
8185,디아이동일,001530,D,D,D,C,2024,통합 등급조정(2025.01.),,,지배구조 등급조정(2025.01.),
8184,디아이동일,001530,D,D,C,D,2025,,,,,
8183,디아이씨,092200,미공개,미공개,미공개,미공개,2012,,,,,
8182,디아이씨,092200,미공개,미공개,미공개,B,2013,,,,,
8181,디아이씨,092200,미공개,미공개,미공개,B,2014,,,,,
8180,디아이씨,092200,미공개,미공개,미공개,B,2015,,,,,
8179,디아이씨,092200,미공개,미공개,미공개,B,2016,,,,,
8178,디아이씨,092200,미공개,미공개,미공개,C,2017,,,,,
8177,디아이씨,092200,미공개,미공개,미공개,C,2018,,,,,
8176,디아이씨,092200,미공개,미공개,미공개,B,2019,,,,,
8175,디아이씨,092200,C,C,B,C,2020,,,,,
8174,디아이씨,092200,C,C,C,B,2021,,,,,
8173,디아이씨,092200,D,D,C,D,2022,,,,,
8172,디아이씨,092200,D,C,C,D,2023,,,,,
8171,디아이씨,092200,C,C,B,D,2024,,,,,
8170,디아이씨,092200,D,C,C,D,2025,,,,,
8169,디어유,376300,D,D,C,D,2023,,,,,
8168,디어유,376300,D,D,D,D,2024,,,,,
8167,디어유,376300,C,D,C,C,2025,,,,,
8166,디오,039840,미공개,미공개,B,C,2019,,,,,
8165,디오,039840,C,D,B,B,2020,,,,,
8164,디와이,013570,미공개,미공개,미공개,B+,2012,,,,,
8163,디와이,013570,미공개,미공개,미공개,B,2013,,,,,
8162,디와이,013570,미공개,미공개,미공개,B,2014,,,,,
8161,디와이,013570,미공개,미공개,미공개,B,2015,,,,,
8160,디와이,013570,미공개,미공개,미공개,B,2016,,,,,
8159,디와이,013570,미공개,미공개,미공개,B,2017,,,,,
8158,디와이,013570,미공개,미공개,미공개,B,2018,,,,,
8157,디와이,013570,미공개,미공개,미공개,B+,2019,,,,,
8156,디와이,013570,C,C,C,B+,2020,,,,,
8155,디와이,013570,B,C,C,B+,2021,,,,,
8154,디와이,013570,C,D,D,B+,2022,,,,,
8153,디와이,013570,C,D,C,B,2023,,,,,
8152,디와이,013570,C,D,D,B,2024,,,,,
8151,디와이,013570,C,C,D,C,2025,,,,,
8150,디와이덕양,024900,D,D,D,D,2024,,,,,
8149,디와이덕양,024900,C,B,B,D,2025,,,,,
8148,디와이에이,002880,미공개,미공개,미공개,미공개,2012,,,,,
8147,디와이에이,002880,미공개,미공개,미공개,C,2013,,,,,
8146,디와이에이,002880,미공개,미공개,미공개,C,2014,,,,,
8145,디와이에이,002880,미공개,미공개,미공개,C,2015,,,,,
8144,디와이에이,002880,미공개,미공개,미공개,C,2016,,,,,
8143,디와이에이,002880,미공개,미공개,미공개,C,2017,,,,,
8142,디와이에이,002880,미공개,미공개,미공개,C,2018,,,,,
8141,디와이에이,002880,미공개,B,B,C,2019,,,,,
8140,디와이에이,002880,C,C,C,C,2020,,,,,
8139,디와이에이,002880,C,C,C,B,2021,,,,,
8138,디와이에이,002880,D,D,C,D,2022,,,,,
8137,디와이에이,002880,C,C,B,D,2023,,,,,
8136,디와이에이,002880,C,C,B,C,2025,,,,,
8135,디와이파워,210540,미공개,미공개,미공개,C,2016,,,,,
8134,디와이파워,210540,미공개,미공개,미공개,B,2017,,,,,
8133,디와이파워,210540,미공개,미공개,미공개,B,2018,,,,,
8132,디와이파워,210540,미공개,미공개,미공개,B,2019,,,,,
8131,디와이파워,210540,C,D,B,B,2020,,,,,
8130,디와이파워,210540,B,C,C,B+,2021,,,,,
8129,디와이파워,210540,C,D,D,B,2022,,,,,
8128,디와이파워,210540,C,C,D,C,2023,,,,,
8127,디와이파워,210540,C,C,D,B+,2024,,,,,
8126,디와이파워,210540,C,C,D,B,2025,,,,,
8125,디티알오토모티브,007340,미공개,미공개,미공개,미공개,2012,,,,,
8124,디티알오토모티브,007340,미공개,미공개,미공개,C,2013,,,,,
8123,디티알오토모티브,007340,미공개,미공개,미공개,C,2014,,,,,
8122,디티알오토모티브,007340,미공개,미공개,미공개,C,2015,,,,,
8121,디티알오토모티브,007340,미공개,미공개,미공개,B,2016,,,,,
8120,디티알오토모티브,007340,미공개,B+,미공개,B,2017,,,,,
8119,디티알오토모티브,007340,미공개,B+,미공개,B,2018,,,,,
8118,디티알오토모티브,007340,미공개,B,미공개,B,2019,,,,,
8117,디티알오토모티브,007340,B,B,C,B,2020,,,,,
8116,디티알오토모티브,007340,B,B,C,B+,2021,,,,,
8115,디티알오토모티브,007340,C,C,D,B,2022,,,,,
8114,디피씨,026890,미공개,미공개,미공개,미공개,2012,,,,,
8113,디피씨,026890,미공개,미공개,미공개,B,2013,,,,,
8112,디피씨,026890,미공개,미공개,미공개,B,2014,,,,,
8111,디피씨,026890,미공개,미공개,미공개,B+,2015,,,,,
8110,디피씨,026890,미공개,미공개,미공개,B+,2016,,,,,
8109,디피씨,026890,미공개,미공개,미공개,B,2017,,,,,
8108,디피씨,026890,미공개,미공개,미공개,B,2018,,,,,
8107,디피씨,026890,B,미공개,B,B+,2019,,,,,
8106,디피씨,026890,B,D,B,B+,2020,,,,,
8105,디피씨,026890,C,D,C,B+,2021,,,,,
8104,라이나생명보험,885673,등급없음,등급없음,등급없음,B,2022,,,,,
8103,라이나생명보험,885673,등급없음,등급없음,등급없음,B,2023,,,,,
8102,라이나생명보험,885673,등급없음,등급없음,등급없음,B,2024,,,,,
8101,라이나생명보험,885673,등급없음,등급없음,등급없음,B+,2025,,,,,
8100,락앤락,115390,미공개,미공개,미공개,B+,2012,,,,,
8099,락앤락,115390,미공개,미공개,미공개,B+,2013,,,,,
8098,락앤락,115390,미공개,미공개,미공개,B+,2014,,,,,
8097,락앤락,115390,미공개,미공개,미공개,B+,2015,,,,,
8096,락앤락,115390,미공개,미공개,미공개,B+,2016,,,,,
8095,락앤락,115390,미공개,미공개,미공개,B+,2017,,,,,
8094,락앤락,115390,미공개,미공개,미공개,B+,2018,,,,,
8093,락앤락,115390,B,B,B+,B,2019,,,,,
8092,락앤락,115390,C,C,B+,C,2020,,,,,
8091,락앤락,115390,C,C,C,B+,2021,,,,,
8090,락앤락,115390,B,B,B+,B,2022,,,,,
8089,락앤락,115390,C,C,C,B,2023,,,,,
8088,락앤락,115390,B+,A,A,B,2024,,,,,
8087,레고켐바이오,141080,미공개,미공개,미공개,B,2019,,,,,
8086,레고켐바이오,141080,C,D,C,B,2020,,,,,
8085,레고켐바이오,141080,C,D,C,B+,2021,,,,,
8084,레고켐바이오,141080,C,D,C,B,2022,,,,,
8083,레이크머티리얼즈,281740,C,C,D,C,2024,,,,,
8082,레이크머티리얼즈,281740,D,D,C,C,2025,,,,,
8081,레인보우로보틱스,277810,D,D,D,D,2024,,,,,
8080,레인보우로보틱스,277810,D,D,D,D,2025,,,,,
8079,로보스타,090360,C,D,C,B,2020,,,,,
8078,로보스타,090360,C,D,C,B,2021,,,,,
8077,로보스타,090360,C,D,C,C,2022,,,,,
8076,로보스타,090360,D,D,D,C,2023,,,,,
8075,로보스타,090360,D,D,D,C,2024,,,,,
8074,로보스타,090360,D,D,D,C,2025,,,,,
8073,로케트전기,000420,미공개,미공개,미공개,미공개,2012,,,,,
8072,로케트전기,000420,미공개,미공개,미공개,B,2013,,,,,
8071,롯데관광개발,032350,미공개,미공개,미공개,미공개,2012,,,,,
8070,롯데관광개발,032350,미공개,미공개,미공개,B,2014,,,,,
8069,롯데관광개발,032350,미공개,미공개,미공개,C,2015,,,,,
8068,롯데관광개발,032350,미공개,미공개,미공개,C,2016,,,,,
8067,롯데관광개발,032350,미공개,미공개,미공개,C,2017,,,,,
8066,롯데관광개발,032350,미공개,미공개,미공개,B,2018,,,,,
8065,롯데관광개발,032350,미공개,미공개,B,D,2019,,,,,
8064,롯데관광개발,032350,C,D,B,C,2020,,,,,
8063,롯데관광개발,032350,B,D,B,B,2021,,,,,
8062,롯데관광개발,032350,D,D,C,D,2022,,,,,
8061,롯데관광개발,032350,D,D,C,D,2023,,,,,
8060,롯데관광개발,032350,D,D,D,D,2024,,,,,
8059,롯데관광개발,032350,D,D,C,D,2025,,,,,
8058,롯데렌탈,089860,B+,A,A,B,2023,,,,,
8057,롯데렌탈,089860,A,A,A,A,2024,,,,,
8056,롯데렌탈,089860,A,A+,A,A,2025,,,,,
8055,롯데미도파,004010,B+,A,B+,B+,2012,,,,,
8054,롯데손해보험,000400,B+,미공개,A,A,2012,,,,,
8053,롯데손해보험,000400,미공개,미공개,B+,B+,2013,,,,,
8052,롯데손해보험,000400,B+,미공개,A,B+,2014,,,,,
8051,롯데손해보험,000400,B+,미공개,A,B+,2015,,,,지배구조 등급조정(2015.8),
8050,롯데손해보험,000400,A,미공개,A,A+,2016,,,,,
8049,롯데손해보험,000400,A,미공개,A,A,2017,,,,,
8048,롯데손해보험,000400,A,미공개,A+,A,2018,,,,,
8047,롯데손해보험,000400,B+,미공개,A,B+,2019,,,,,
8046,롯데손해보험,000400,B+,C,A,A,2020,,,,,
8045,롯데손해보험,000400,A,B,A+,A,2021,,,,,
8044,롯데손해보험,000400,B+,B,B+,B+,2022,,,,,
8043,롯데손해보험,000400,B+,B,B+,B+,2023,,,,,
8042,롯데손해보험,000400,B+,C,A,B+,2024,,,,,
8041,롯데손해보험,000400,B+,B+,A,B+,2025,,,,,
8040,롯데쇼핑,023530,A,A,A+,A,2012,,,,,
8039,롯데쇼핑,023530,B+,A,B+,B+,2013,,,,,
8038,롯데쇼핑,023530,A,A,A,A,2014,,,,,
8037,롯데쇼핑,023530,미공개,A,미공개,C,2015,,,사회 등급조정(2016.5),지배구조 등급조정(2015.8),
8036,롯데쇼핑,023530,B+,A,A,C,2016,통합 등급조정(2016.8),,사회 등급조정(2016.8),지배구조 등급조정(2016.8),
8035,롯데쇼핑,023530,B+,A,A+,B,2017,,,,,
8034,롯데쇼핑,023530,A,A,A+,B+,2018,,,,,
8033,롯데쇼핑,023530,A,A,A,A,2019,,,사회 등급조정(2020.1),,
8032,롯데쇼핑,023530,A,A,A+,A,2020,,,,,
8031,롯데쇼핑,023530,A,A,A+,A,2021,,,,,
8030,롯데쇼핑,023530,A,A,A+,A,2022,,,,,
8029,롯데쇼핑,023530,A,A,A+,A,2023,,,,,
8028,롯데쇼핑,023530,A,A,A+,A,2024,,,,,
8027,롯데쇼핑,023530,A,A,A+,A,2025,,,,,
8026,롯데에너지머티리얼즈,020150,C,B,B,C,2023,,,,,
8025,롯데에너지머티리얼즈,020150,C,B,B+,C,2024,,,,,
8024,롯데에너지머티리얼즈,020150,B+,B+,B+,B,2025,,,,,
8023,롯데웰푸드,280360,B+,B+,A,B+,2023,,,,,
8022,롯데웰푸드,280360,A,A,A,A,2024,,,,,
8021,롯데웰푸드,280360,A,A,A,B+,2025,,,,,
8020,롯데이노베이트,286940,A,A,A+,A,2023,,,,,
8019,롯데이노베이트,286940,A,A,A+,A,2024,,,,,
8018,롯데이노베이트,286940,A,A,A+,A,2025,,,,,
8017,롯데정밀화학,004000,B+,B+,B+,B+,2012,,,,,
8016,롯데정밀화학,004000,미공개,미공개,미공개,B,2013,,,,,
8015,롯데정밀화학,004000,B+,B+,B+,B+,2014,,,,,
8014,롯데정밀화학,004000,B+,B+,B+,B,2015,,,,,
8013,롯데정밀화학,004000,B+,A,A,B,2016,,,,,
8012,롯데정밀화학,004000,A,A,A+,A,2017,,,,,
8011,롯데정밀화학,004000,A,A,A+,B+,2018,,,,,
8010,롯데정밀화학,004000,A,B+,A+,A,2019,,,,,
8009,롯데정밀화학,004000,A,A,A+,A,2020,,,,,
8008,롯데정밀화학,004000,A,A,A+,A,2021,,,,,
8007,롯데정밀화학,004000,A,A,A+,A,2022,,,,,
8006,롯데정밀화학,004000,A+,A+,A+,A,2023,,,,,
8005,롯데정밀화학,004000,A,A,A+,A,2024,,,,,
8004,롯데정밀화학,004000,A,A,A+,A,2025,,,,,
8003,롯데정보통신,286940,A,B+,A,A,2020,,,,,
8002,롯데정보통신,286940,A,A,A,A,2021,,,,,
8001,롯데정보통신,286940,A,A,A,A,2022,,,,,
8000,롯데제과,280360,A,A,A,B+,2019,,,,,
7999,롯데제과,280360,A,A,A+,B+,2020,,,,,
7998,롯데제과,280360,A,A,A,A,2021,,,,,
7997,롯데제과,280360,A,B,A,A,2022,,,,,
7996,롯데지주,004990,A,A,A,B+,2012,,,,,
7995,롯데지주,004990,B+,B+,B+,B+,2013,,,,,
7994,롯데지주,004990,B+,A,B+,B+,2014,,,,,
7993,롯데지주,004990,B+,A,B+,C,2015,,,사회 등급조정(2016.2),지배구조 등급조정(2015.8),
7992,롯데지주,004990,B+,A,A+,C,2016,,,,지배구조 등급조정(2017.2),
7991,롯데지주,004990,B+,A,A+,B,2017,,,,,
7990,롯데지주,004990,B+,B,A,B+,2019,,,,,
7989,롯데지주,004990,B+,B,A,B,2020,,,,,
7988,롯데지주,004990,A,B+,A+,A,2021,,,,,
7987,롯데지주,004990,A,A,A+,B+,2022,,,,,
7986,롯데지주,004990,A,A,A+,A,2023,,,,,
7985,롯데지주,004990,A,A,A+,A,2024,,,,,
7984,롯데지주,004990,A,A,A+,B+,2025,,,,,
7983,롯데칠성음료,005300,B+,B+,A,미공개,2012,,,,,
7982,롯데칠성음료,005300,B+,B+,A,B,2013,,,,,
7981,롯데칠성음료,005300,B+,B+,B+,B+,2014,,,,,
7980,롯데칠성음료,005300,B+,A,A,B,2015,,,,지배구조 등급조정(2015.8),
7979,롯데칠성음료,005300,B+,A,A,C,2016,,,,,
7978,롯데칠성음료,005300,B+,A,B+,B,2017,,,,,
7977,롯데칠성음료,005300,B+,B+,A,B,2018,,,,지배구조 등급조정(2019.4),
7976,롯데칠성음료,005300,B+,B+,A,B,2019,,,,,
7975,롯데칠성음료,005300,B+,B+,A,B+,2020,통합 등급조정(2020.10),,,지배구조 등급조정(2020.10),
7974,롯데칠성음료,005300,A,B+,A+,A,2021,,,,,
7973,롯데칠성음료,005300,B+,A,A,B,2022,,,,,
7972,롯데칠성음료,005300,A,A+,A,B+,2023,,,,,
7971,롯데칠성음료,005300,A,A+,A+,B+,2024,,,,,
7970,롯데칠성음료,005300,A,A,A+,B+,2025,,,,,
7969,롯데카드,854231,등급없음,등급없음,등급없음,B+,2019,,,,,
7968,롯데카드,854231,등급없음,등급없음,등급없음,B+,2020,,,,,
7967,롯데카드,854231,등급없음,등급없음,등급없음,B+,2021,,,,,
7966,롯데카드,854231,등급없음,등급없음,등급없음,B+,2022,,,,,
7965,롯데카드,854231,등급없음,등급없음,등급없음,A,2023,,,,,
7964,롯데카드,854231,등급없음,등급없음,등급없음,A,2024,,,,,
7963,롯데카드,854231,등급없음,등급없음,등급없음,A,2025,,,,,
7962,롯데캐피탈,855981,등급없음,등급없음,등급없음,B+,2019,,,,,
7961,롯데캐피탈,855981,등급없음,등급없음,등급없음,B+,2020,,,,,
7960,롯데캐피탈,855981,등급없음,등급없음,등급없음,B,2021,,,,,
7959,롯데캐피탈,855981,등급없음,등급없음,등급없음,B,2022,,,,,
7958,롯데캐피탈,855981,등급없음,등급없음,등급없음,B,2023,,,,,
7957,롯데캐피탈,855981,등급없음,등급없음,등급없음,B,2024,,,,,
7956,롯데캐피탈,855981,등급없음,등급없음,등급없음,B,2025,,,,,
7955,롯데케미칼,011170,A,A+,A+,B+,2012,,,,,
7954,롯데케미칼,011170,A,A,A,B+,2013,,,,,
7953,롯데케미칼,011170,A,A+,A,B+,2014,,,,,
7952,롯데케미칼,011170,A,A+,A+,B,2015,,,,지배구조 등급조정(2015.8),
7951,롯데케미칼,011170,A,A,A+,B,2016,,,,지배구조 등급조정(2016.8),
7950,롯데케미칼,011170,A,A,A+,B+,2017,,,,,
7949,롯데케미칼,011170,A,미공개,A+,A,2018,,환경 등급조정(2019.4),,,
7948,롯데케미칼,011170,B,미공개,A,B+,2019,통합 등급조정(2020.4),환경 등급조정(2020.4),사회 등급조정(2020.4),,
7947,롯데케미칼,011170,B+,B,A,A,2020,통합 등급조정(2021.7),"환경 등급조정(2020.10, 2021.7)",사회 등급조정(2020.10),,
7946,롯데케미칼,011170,A,B,A+,A,2021,,환경 등급조정(2021.10),,,
7945,롯데케미칼,011170,A,B+,A+,A,2022,,,,,
7944,롯데케미칼,011170,B+,A,A+,B,2023,,,,,
7943,롯데케미칼,011170,A,A,A+,B+,2024,,,,,
7942,롯데케미칼,011170,B+,A,A+,B,2025,,,,,
7941,롯데푸드,002270,미공개,B+,미공개,미공개,2012,,,,,
7940,롯데푸드,002270,미공개,B+,미공개,C,2013,,,,,
7939,롯데푸드,002270,미공개,B+,미공개,C,2014,,,,,
7938,롯데푸드,002270,미공개,B+,미공개,D,2015,,,,지배구조 등급조정(2015.8),
7937,롯데푸드,002270,B+,A,A,C,2016,,,,,
7936,롯데푸드,002270,미공개,A,A+,C,2017,,,,,
7935,롯데푸드,002270,A,B+,A+,B+,2018,,,,,
7934,롯데푸드,002270,B+,B+,A,B+,2019,,,,,
7933,롯데푸드,002270,A,B+,A+,B+,2020,,,,,
7932,롯데푸드,002270,A,B+,A,A,2021,,,,,
7931,롯데하이마트,071840,미공개,미공개,미공개,B+,2012,,,,,
7930,롯데하이마트,071840,B+,미공개,B+,A,2013,,,,,
7929,롯데하이마트,071840,B+,미공개,B+,A,2014,,,,,
7928,롯데하이마트,071840,B+,미공개,B+,B+,2015,,,,지배구조 등급조정(2015.8),
7927,롯데하이마트,071840,B+,미공개,A,B+,2016,,,,,
7926,롯데하이마트,071840,B+,미공개,A+,A,2017,,,,,
7925,롯데하이마트,071840,A,미공개,A,A,2018,,,사회 등급조정(2019.4),,
7924,롯데하이마트,071840,A,B+,A+,B+,2019,,,,,
7923,롯데하이마트,071840,A,B+,A+,A,2020,,,,,
7922,롯데하이마트,071840,A,A,A+,A,2021,,,,,
7921,롯데하이마트,071840,A,A,A+,A,2022,,,,,
7920,롯데하이마트,071840,A,A,A+,A,2023,,,,,
7919,롯데하이마트,071840,A,A,A+,A,2024,,,,,
7918,롯데하이마트,071840,A,A,A+,A,2025,,,,,
7917,루닛,328130,B,C,B+,B,2024,,,,,
7916,루닛,328130,C,C,B+,D,2025,,,,,
7915,루트로닉,085370,C,D,C,B,2023,,,,,
7914,리가켐바이오,141080,C,C,C,C,2023,,,,,
7913,리가켐바이오,141080,B+,B,A,B,2024,,,,,
7912,리가켐바이오,141080,B+,B+,A,B,2025,,,,,
7911,리노공업,058470,B,B,B,B,2019,,,,,
7910,리노공업,058470,B,C,B,B+,2020,,,,,
7909,리노공업,058470,C,C,B,B,2021,,,,,
7908,리노공업,058470,C,D,D,B+,2022,,,,,
7907,리노공업,058470,C,C,D,B,2023,,,,,
7906,리노공업,058470,D,C,D,D,2024,,,,,
7905,리노공업,058470,D,D,D,C,2025,,,,,
7904,리더스 기술투자,019570,D,D,C,D,2020,,,,,
7903,리더스 기술투자,019570,D,D,C,D,2021,,,,,
7902,리튬포어스,073570,D,D,D,D,2024,,,,,
7901,마니커,027740,미공개,미공개,미공개,미공개,2012,,,,,
7900,마니커,027740,미공개,미공개,미공개,D,2013,,,,,
7899,마니커,027740,미공개,미공개,미공개,C,2014,,,,,
7898,마니커,027740,미공개,미공개,미공개,C,2015,,,,,
7897,마니커,027740,미공개,미공개,미공개,D,2016,,,,,
7896,마니커,027740,미공개,미공개,미공개,C,2017,,,,,
7895,마니커,027740,미공개,미공개,미공개,C,2018,,,,,
7894,마니커,027740,미공개,미공개,B,C,2019,,,,,
7893,마니커,027740,C,D,B+,C,2020,,,,,
7892,마니커,027740,C,D,B,B,2021,,,,,
7891,마니커,027740,D,D,D,D,2022,,,,,
7890,마니커,027740,D,D,D,C,2023,,,,,
7889,마니커,027740,D,D,D,C,2024,,,,,
7888,마니커,027740,C,C,C,C,2025,,,,,
7887,만도,204320,미공개,B+,미공개,B,2016,,,,,
7886,만도,204320,미공개,B+,미공개,B,2017,,,,,
7885,만도,204320,B+,B+,B+,B+,2018,,,,,
7884,만도,204320,B+,B+,A,B+,2019,,,,,
7883,만도,204320,A,A,A+,A,2020,,,,,
7882,만도,204320,A,B+,A+,A,2021,,,,,
7881,만도,204320,A,A,A,B+,2022,,,,,
7880,만호제강,001080,미공개,미공개,미공개,미공개,2012,,,,,
7879,만호제강,001080,미공개,미공개,미공개,B,2013,,,,,
7878,만호제강,001080,미공개,미공개,미공개,B,2014,,,,,
7877,만호제강,001080,미공개,미공개,미공개,B,2015,,,,,
7876,만호제강,001080,미공개,미공개,미공개,B,2016,,,,,
7875,만호제강,001080,미공개,미공개,미공개,B,2017,,,,,
7874,만호제강,001080,미공개,미공개,미공개,B,2018,,,,,
7873,만호제강,001080,B,미공개,B,B+,2019,,,,,
7872,만호제강,001080,C,C,B,B,2020,,,,,
7871,만호제강,001080,C,C,C,B+,2021,,,,,
7870,만호제강,001080,C,D,C,B+,2022,,,,,
7869,만호제강,001080,C,C,C,B+,2023,,,,,
7868,만호제강,001080,D,C,D,D,2024,,,,,
7867,만호제강,001080,D,D,D,D,2025,,,,,
7866,매일유업,267980,B+,B+,B+,B+,2019,,,,,
7865,매일유업,267980,B+,B+,B+,B+,2020,,,,,
7864,매일유업,267980,B+,B,A,B+,2021,,,,,
7863,매일유업,267980,A,A,A,A,2022,,,,,
7862,매일유업,267980,A,A,A+,A,2023,,,,,
7861,매일유업,267980,A,A,A+,A,2024,,,,,
7860,매일유업,267980,A,A,A+,A,2025,,,,,
7859,멀티캠퍼스,067280,B,미공개,B,B,2019,,,,,
7858,멀티캠퍼스,067280,B,D,B,B,2020,,,,,
7857,멀티캠퍼스,067280,B,D,B+,B+,2021,,,,,
7856,멀티캠퍼스,067280,B,D,B,B,2022,,,,,
7855,멀티캠퍼스,067280,C,D,B,C,2023,,,,,
7854,멀티캠퍼스,067280,D,D,D,C,2024,,,,,
7853,멀티캠퍼스,067280,B+,B+,A,B+,2025,,,,,
7852,메가스터디교육,215200,C,D,C,B,2021,,,,,
7851,메가스터디교육,215200,B,D,B,B,2022,,,,,
7850,메가스터디교육,215200,C,D,B,C,2023,,,,,
7849,메가스터디교육,215200,D,D,D,D,2024,,,,,
7848,메가스터디교육,215200,C,D,B,C,2025,,,,,
7847,메드팩토,235980,C,D,C,B+,2021,,,,,
7846,메드팩토,235980,D,D,D,C,2022,,,,,
7845,메드팩토,235980,C,D,C,C,2023,,,,,
7844,메디톡스,086900,미공개,미공개,미공개,B,2019,,,,,
7843,메디톡스,086900,C,D,D,B,2020,,,,,
7842,메디톡스,086900,C,D,D,B,2021,,,,,
7841,메디톡스,086900,D,D,D,C,2022,,,,,
7840,메디톡스,086900,D,D,C,D,2023,,,,,
7839,메디톡스,086900,B,B+,B+,C,2024,통합 등급조정(2025.04.),,,지배구조 등급조정(2025.04.),
7838,메디톡스,086900,C,B+,B,D,2025,,,,지배구조 등급조정(2025.11.),
7837,메디파트너생명공학,015540,미공개,미공개,미공개,C,2019,,,,,
7836,메디파트너생명공학,015540,C,D,C,C,2020,,,,,
7835,메디포스트,078160,B,미공개,B,B,2019,,,,,
7834,메디포스트,078160,B,D,B+,B+,2020,,,,,
7833,메디포스트,078160,B,D,B,B+,2021,,,,,
7832,메디플란트,015540,미공개,미공개,미공개,미공개,2012,,,,,
7831,메디플란트,015540,미공개,미공개,미공개,C,2013,,,,,
7830,메디플란트,015540,미공개,미공개,미공개,C,2014,,,,,
7829,메디플란트,015540,미공개,미공개,미공개,C,2015,,,,,
7828,메디플란트,015540,미공개,미공개,미공개,D,2016,,,,,
7827,메디플란트,015540,미공개,미공개,미공개,D,2017,,,,,
7826,메디플란트,015540,미공개,미공개,미공개,C,2018,,,,,
7825,메리츠금융지주,138040,미공개,미공개,미공개,B+,2013,,,,,
7824,메리츠금융지주,138040,미공개,미공개,미공개,B+,2014,,,,,
7823,메리츠금융지주,138040,미공개,미공개,미공개,A,2015,,,,,
7822,메리츠금융지주,138040,미공개,미공개,미공개,A,2016,,,,,
7821,메리츠금융지주,138040,B+,미공개,미공개,A,2017,,,,,
7820,메리츠금융지주,138040,B+,미공개,미공개,A,2018,,,,,
7819,메리츠금융지주,138040,B+,미공개,B+,A,2019,,,,,
7818,메리츠금융지주,138040,B+,D,B+,A,2020,,,,,
7817,메리츠금융지주,138040,B+,D,B+,A,2021,,,,,
7816,메리츠금융지주,138040,B,C,C,B+,2022,,,,,
7815,메리츠금융지주,138040,B+,B,A,B+,2023,,,,,
7814,메리츠금융지주,138040,A,A,A,A,2024,,,,,
7813,메리츠금융지주,138040,A,B+,A,A,2025,,,,,
7812,메리츠종금증권,008560,미공개,미공개,미공개,B+,2012,,,,,
7811,메리츠종금증권,008560,미공개,미공개,미공개,B+,2013,,,,,
7810,메리츠종금증권,008560,미공개,미공개,미공개,B+,2014,,,,,
7809,메리츠종금증권,008560,미공개,미공개,미공개,A+,2015,,,,,
7808,메리츠종금증권,008560,B+,미공개,미공개,A+,2016,,,,,
7807,메리츠종금증권,008560,B+,미공개,B+,A,2017,,,,,
7806,메리츠종금증권,008560,B+,미공개,B+,A,2018,,,,,
7805,메리츠종금증권,008560,B+,미공개,B+,A,2019,,,,,
7804,메리츠종금증권,008560,B+,B,A,B+,2020,,,,,
7803,메리츠증권,008560,B+,C,A,B+,2021,,,,,
7802,메리츠증권,008560,B+,C,A,B+,2022,,,,,
7801,메리츠증권,008560,등급없음,등급없음,등급없음,B+,2023,,,,,
7800,메리츠증권,008560,등급없음,등급없음,등급없음,B,2024,,,,지배구조 등급조정(2025.01.),
7799,메리츠증권,008560,등급없음,등급없음,등급없음,B,2025,,,,,
7798,메리츠캐피탈,867865,등급없음,등급없음,등급없음,B+,2020,,,,,
7797,메리츠캐피탈,867865,등급없음,등급없음,등급없음,B+,2021,,,,,
7796,메리츠캐피탈,867865,등급없음,등급없음,등급없음,B,2022,,,,,
7795,메리츠캐피탈,867865,등급없음,등급없음,등급없음,B+,2023,,,,,
7794,메리츠캐피탈,867865,등급없음,등급없음,등급없음,B+,2024,,,,,
7793,메리츠캐피탈,867865,등급없음,등급없음,등급없음,B+,2025,,,,,
7792,메리츠화재,000060,B+,미공개,B+,A,2012,,,,,
7791,메리츠화재,000060,B+,미공개,미공개,A,2013,,,,,
7790,메리츠화재,000060,B+,미공개,B+,A+,2014,,,,,
7789,메리츠화재,000060,B+,미공개,B+,A,2015,,,,,
7788,메리츠화재,000060,B+,미공개,B+,A+,2016,,,,,
7787,메리츠화재,000060,B+,미공개,미공개,A,2017,,,,,
7786,메리츠화재,000060,B+,미공개,미공개,A,2018,,,,,
7785,메리츠화재,000060,B,미공개,B+,B+,2019,,,,,
7784,메리츠화재,000060,B,D,B+,B+,2020,,,,,
7783,메리츠화재,000060,B,D,B+,B+,2021,,,,,
7782,메리츠화재,000060,B,C,B,B+,2022,,,,,
7781,메리츠화재해상보험,000060,등급없음,등급없음,등급없음,B+,2023,,,,,
7780,메리츠화재해상보험,000060,등급없음,등급없음,등급없음,B+,2024,,,,,
7779,메리츠화재해상보험,000060,등급없음,등급없음,등급없음,B+,2025,,,,,
7778,메이슨캐피탈,021880,미공개,미공개,미공개,D,2019,,,,,
7777,메이슨캐피탈,021880,D,D,C,D,2020,,,,,
7776,메이슨캐피탈,021880,D,D,C,D,2021,,,,,
7775,메이슨캐피탈,021880,D,D,D,D,2022,,,,,
7774,메이슨캐피탈,021880,D,D,D,D,2023,,,,,
7773,메이슨캐피탈,021880,D,D,D,D,2024,,,,,
7772,메이슨캐피탈,021880,D,D,D,D,2025,,,,,
7771,메지온,140410,C,D,C,C,2020,,,,,
7770,메지온,140410,C,D,C,B,2021,,,,,
7769,메지온,140410,D,D,D,D,2022,,,,,
7768,메지온,140410,D,D,D,D,2023,,,,,
7767,메지온,140410,D,D,D,D,2024,,,,,
7766,메지온,140410,D,D,D,D,2025,,,,,
7765,메타랩스,090370,미공개,미공개,미공개,C,2018,,,,,
7764,메타랩스,090370,미공개,미공개,미공개,B,2019,,,,,
7763,메타랩스,090370,C,D,B,B,2020,,,,,
7762,메타랩스,090370,C,D,C,B+,2021,,,,,
7761,메타랩스,090370,D,D,D,D,2022,,,,,
7760,메타랩스,090370,D,D,D,D,2023,,,,,
7759,메타랩스,090370,D,D,D,D,2024,,,,,
7758,메타랩스,090370,D,D,D,D,2025,,,,,
7757,메타케어,118000,D,D,D,D,2024,,,,,
7756,메타케어,118000,D,D,D,D,2025,,,,,
7755,메트라이프생명보험,832969,등급없음,등급없음,등급없음,B,2019,,,,,
7754,메트라이프생명보험,832969,등급없음,등급없음,등급없음,B+,2020,,,,,
7753,메트라이프생명보험,832969,등급없음,등급없음,등급없음,B,2021,,,,,
7752,메트라이프생명보험,832969,등급없음,등급없음,등급없음,B,2022,,,,,
7751,메트라이프생명보험,832969,등급없음,등급없음,등급없음,B,2023,,,,,
7750,메트라이프생명보험,832969,등급없음,등급없음,등급없음,B,2024,,,,,
7749,메트라이프생명보험,832969,등급없음,등급없음,등급없음,C,2025,,,,,
7748,명문제약,017180,미공개,미공개,미공개,미공개,2012,,,,,
7747,명문제약,017180,미공개,미공개,미공개,B,2013,,,,,
7746,명문제약,017180,미공개,미공개,미공개,B,2014,,,,,
7745,명문제약,017180,미공개,미공개,미공개,B,2015,,,,,
7744,명문제약,017180,미공개,미공개,미공개,B,2016,,,,,
7743,명문제약,017180,미공개,미공개,미공개,B,2017,,,,,
7742,명문제약,017180,미공개,미공개,B+,B,2018,,,,,
7741,명문제약,017180,B,미공개,B,B,2019,,,,,
7740,명문제약,017180,C,D,B,B,2020,,,,,
7739,명문제약,017180,B,D,B,B+,2021,,,,,
7738,명문제약,017180,D,D,D,C,2022,,,,,
7737,명문제약,017180,C,D,D,B,2023,,,,,
7736,명문제약,017180,D,D,D,C,2024,,,,,
7735,명문제약,017180,D,D,D,C,2025,,,,,
7734,명신산업,009900,D,D,D,D,2022,,,,,
7733,명신산업,009900,D,C,C,D,2023,,,,,
7732,명신산업,009900,C,C,C,C,2024,,,,,
7731,명신산업,009900,D,C,C,D,2025,,,,,
7730,모나리자,012690,미공개,미공개,미공개,미공개,2012,,,,,
7729,모나리자,012690,미공개,B+,미공개,C,2013,,,,,
7728,모나리자,012690,미공개,미공개,미공개,C,2014,,,,,
7727,모나리자,012690,미공개,미공개,미공개,C,2015,,,,,
7726,모나리자,012690,미공개,미공개,미공개,C,2016,,,,,
7725,모나리자,012690,미공개,미공개,미공개,C,2017,,,,,
7724,모나리자,012690,미공개,미공개,미공개,C,2018,,,,,
7723,모나리자,012690,B,B,B,B,2019,,,,,
7722,모나리자,012690,B,B,B,B,2020,,,,,
7721,모나리자,012690,B,B,C,B,2021,,,,,
7720,모나리자,012690,D,D,C,D,2022,,,,,
7719,모나리자,012690,B+,B+,A,B,2023,,,,,
7718,모나리자,012690,A,A,A+,A,2024,,,,,
7717,모나리자,012690,A,A,A,B+,2025,,,,,
7716,모나미,005360,미공개,미공개,미공개,미공개,2012,,,,,
7715,모나미,005360,미공개,미공개,미공개,C,2013,,,,,
7714,모나미,005360,미공개,미공개,미공개,B,2014,,,,,
7713,모나미,005360,미공개,미공개,미공개,C,2015,,,,,
7712,모나미,005360,미공개,미공개,미공개,B,2016,,,,,
7711,모나미,005360,미공개,미공개,미공개,B,2017,,,,,
7710,모나미,005360,미공개,미공개,미공개,B,2018,,,,,
7709,모나미,005360,미공개,미공개,미공개,C,2019,,,,,
7708,모나미,005360,C,D,C,B,2020,,,,,
7707,모나미,005360,C,D,C,B,2021,,,,,
7706,모나미,005360,D,D,D,D,2022,,,,,
7705,모나미,005360,D,D,C,D,2023,,,,,
7704,모나미,005360,D,D,C,D,2024,,,,,
7703,모나미,005360,D,D,C,D,2025,,,,,
7702,모나용평,070960,D,C,D,D,2024,,,,,
7701,모나용평,070960,D,C,D,D,2025,,,,,
7700,모델솔루션,417970,C,D,D,B,2024,,,,,
7699,모델솔루션,417970,C,C,D,C,2025,,,,지배구조 등급조정(2026.01.),
7698,모두투어,080160,B,미공개,B,B+,2019,,,,,
7697,모두투어,080160,B,D,B+,B+,2020,,,,,
7696,모두투어,080160,C,D,C,B,2022,,,,,
7695,모두투어,080160,C,D,C,C,2023,,,,,
7694,모두투어,080160,C,D,D,B+,2024,,,,,
7693,모토닉,009680,미공개,미공개,미공개,미공개,2012,,,,,
7692,모토닉,009680,미공개,미공개,미공개,B,2013,,,,,
7691,모토닉,009680,미공개,미공개,미공개,B,2014,,,,,
7690,모토닉,009680,미공개,미공개,미공개,B,2015,,,,,
7689,모토닉,009680,미공개,미공개,미공개,B,2016,,,,,
7688,모토닉,009680,미공개,미공개,미공개,B,2017,,,,,
7687,모토닉,009680,미공개,미공개,미공개,B,2018,,,,,
7686,모토닉,009680,B,미공개,B,B+,2019,,,,,
7685,모토닉,009680,B,B,B,B,2020,,,,,
7684,모토닉,009680,B,B,B,B+,2021,,,,,
7683,모토닉,009680,B,C,B,B+,2022,,,,,
7682,모토닉,009680,C,C,C,B,2023,,,,,
7681,모토닉,009680,C,C,C,B,2024,,,,,
7680,모토닉,009680,D,C,C,D,2025,,,,,
7679,모트렉스,118990,D,C,D,D,2024,,,,,
7678,모트렉스,118990,C,C,B,D,2025,,,,,
7677,무림P&P,009580,미공개,미공개,미공개,미공개,2012,,,,,
7676,무림P&P,009580,미공개,B+,미공개,B,2013,,,,,
7675,무림P&P,009580,미공개,B+,미공개,C,2014,,,,,
7674,무림P&P,009580,미공개,B+,미공개,C,2015,,,,,
7673,무림P&P,009580,미공개,B+,미공개,B,2016,,,,,
7672,무림P&P,009580,미공개,미공개,미공개,D,2017,,환경 등급조정(2018.3),,,
7671,무림P&P,009580,미공개,B+,미공개,B,2018,,,,,
7670,무림P&P,009580,B+,B+,B+,B,2019,,,,,
7669,무림P&P,009580,B+,B+,B+,B+,2020,,,,,
7668,무림P&P,009580,A,B+,A,A,2021,,,,,
7667,무림P&P,009580,B+,B,A,B+,2022,,,,,
7666,무림P&P,009580,B+,B+,A,B+,2023,,,,,
7665,무림P&P,009580,A,A,A,B+,2024,,,,,
7664,무림P&P,009580,A,A,A,B+,2025,,,사회 등급조정(2026.07.),,
7663,무림페이퍼,009200,미공개,B+,미공개,미공개,2012,,,,,
7662,무림페이퍼,009200,미공개,B+,미공개,C,2013,,,,,
7661,무림페이퍼,009200,미공개,B+,미공개,C,2014,,,,,
7660,무림페이퍼,009200,미공개,B+,미공개,B,2015,,,,,
7659,무림페이퍼,009200,미공개,B+,미공개,B,2016,,,,,
7658,무림페이퍼,009200,미공개,B+,미공개,B,2017,,,,,
7657,무림페이퍼,009200,미공개,B+,미공개,B,2018,,,,,
7656,무림페이퍼,009200,B+,B+,B+,B,2019,,,,,
7655,무림페이퍼,009200,B+,B+,B+,B+,2020,,,,,
7654,무림페이퍼,009200,A,B+,B+,A,2021,,,,,
7653,무림페이퍼,009200,B,B,B+,B,2022,,,,,
7652,무림페이퍼,009200,B+,B+,A,B,2023,,,,,
7651,무림페이퍼,009200,B+,A,B+,B+,2024,,,,,
7650,무림페이퍼,009200,B+,A,A,B,2025,,,사회 등급조정(2026.07.),,
7649,무학,033920,미공개,미공개,미공개,미공개,2012,,,,,
7648,무학,033920,미공개,미공개,미공개,B,2013,,,,,
7647,무학,033920,미공개,미공개,미공개,B+,2014,,,,,
7646,무학,033920,미공개,미공개,미공개,C,2015,,,,,
7645,무학,033920,미공개,미공개,미공개,B,2016,,,,,
7644,무학,033920,미공개,미공개,미공개,B,2017,,,,,
7643,무학,033920,미공개,미공개,미공개,B,2018,,,,,
7642,무학,033920,미공개,B,미공개,C,2019,,,,,
7641,무학,033920,C,B,C,C,2020,,,,,
7640,무학,033920,B,D,B,B+,2021,,,,,
7639,무학,033920,C,D,C,B,2022,,,,,
7638,무학,033920,C,C,D,C,2023,,,,,
7637,무학,033920,D,C,D,D,2024,,,,,
7636,무학,033920,C,C,C,C,2025,,,,,
7635,문배철강,008420,미공개,미공개,미공개,미공개,2012,,,,,
7634,문배철강,008420,미공개,미공개,미공개,C,2013,,,,,
7633,문배철강,008420,미공개,미공개,미공개,C,2014,,,,,
7632,문배철강,008420,미공개,미공개,미공개,B,2015,,,,,
7631,문배철강,008420,미공개,미공개,미공개,B,2016,,,,,
7630,문배철강,008420,미공개,미공개,미공개,B,2017,,,,,
7629,문배철강,008420,미공개,미공개,미공개,B,2018,,,,,
7628,문배철강,008420,미공개,미공개,미공개,B,2019,,,,,
7627,문배철강,008420,C,D,C,B,2020,,,,,
7626,문배철강,008420,C,D,C,B,2021,,,,,
7625,문배철강,008420,D,D,D,C,2022,,,,,
7624,문배철강,008420,D,D,D,C,2023,,,,,
7623,문배철강,008420,D,D,C,C,2024,,,,,
7622,문배철강,008420,D,D,C,D,2025,,,,,
7621,미래나노텍,095500,C,C,B,D,2024,,,,,
7620,미래나노텍,095500,C,B,B,C,2025,,,,,
7619,미래산업,025560,미공개,미공개,미공개,B+,2012,,,,,
7618,미래산업,025560,미공개,미공개,미공개,B,2013,,,,,
7617,미래산업,025560,미공개,미공개,미공개,B,2014,,,,,
7616,미래산업,025560,미공개,미공개,미공개,B,2015,,,,,
7615,미래산업,025560,미공개,미공개,미공개,B+,2016,,,,,
7614,미래산업,025560,미공개,미공개,미공개,B+,2017,,,,,
7613,미래산업,025560,미공개,미공개,미공개,B,2018,,,,,
7612,미래산업,025560,B,B,B,B,2019,,,,,
7611,미래산업,025560,B,B,C,B,2020,,,,,
7610,미래산업,025560,C,C,C,C,2021,,,,,
7609,미래산업,025560,D,D,D,D,2022,,,,,
7608,미래산업,025560,D,C,D,D,2023,,,,,
7607,미래산업,025560,D,D,D,D,2024,,,,,
7606,미래산업,025560,D,C,C,D,2025,,,,,
7605,미래아이앤지,007120,미공개,미공개,미공개,미공개,2012,,,,,
7604,미래아이앤지,007120,미공개,미공개,미공개,B,2013,,,,,
7603,미래아이앤지,007120,미공개,미공개,미공개,C,2014,,,,,
7602,미래아이앤지,007120,미공개,미공개,미공개,C,2015,,,,,
7601,미래아이앤지,007120,미공개,미공개,미공개,C,2016,,,,,
7600,미래아이앤지,007120,미공개,미공개,미공개,C,2017,,,,,
7599,미래아이앤지,007120,미공개,미공개,미공개,C,2018,,,,,
7598,미래아이앤지,007120,미공개,미공개,미공개,B,2019,,,,,
7597,미래아이앤지,007120,C,D,C,C,2020,,,,,
7596,미래아이앤지,007120,C,D,C,C,2021,,,,,
7595,미래아이앤지,007120,D,D,D,D,2022,,,,,
7594,미래아이앤지,007120,D,D,D,D,2023,,,,,
7593,미래아이앤지,007120,D,D,D,D,2024,,,,,
7592,미래아이앤지,007120,D,D,D,D,2025,,,,,
7591,미래에셋대우,006800,B+,B+,B+,B+,2012,,,,,
7590,미래에셋대우,006800,미공개,미공개,미공개,B+,2013,,,,,
7589,미래에셋대우,006800,B+,B+,B+,B+,2014,,,,,
7588,미래에셋대우,006800,B+,미공개,미공개,A+,2015,,,사회 등급조정(2015.8),,
7587,미래에셋대우,006800,B+,미공개,B+,A+,2016,,,,,
7586,미래에셋대우,006800,B+,미공개,미공개,A,2017,,,,,
7585,미래에셋대우,006800,미공개,미공개,B+,미공개,2018,,,,,
7584,미래에셋대우,006800,B+,B+,A,B+,2019,,,,,
7583,미래에셋대우,006800,A,B+,A+,B+,2020,,,,,
7582,미래에셋벤처투자,100790,D,D,D,C,2023,,,,,
7581,미래에셋벤처투자,100790,C,D,D,B,2024,,,,,
7580,미래에셋벤처투자,100790,D,D,D,D,2025,,,,,
7579,미래에셋생명,085620,B+,미공개,B+,A,2016,,,,,
7578,미래에셋생명,085620,B+,미공개,B+,A,2017,,,,,
7577,미래에셋생명,085620,미공개,미공개,B+,미공개,2018,,,,,
7576,미래에셋생명,085620,B,미공개,B+,B,2019,,,,,
7575,미래에셋생명,085620,B,D,B+,B,2020,,,,,
7574,미래에셋생명,085620,B+,C,A+,B+,2021,,,,,
7573,미래에셋생명,085620,B+,B,A,B+,2022,,,,,
7572,미래에셋생명,085620,B+,B,B+,B+,2023,,,,,
7571,미래에셋생명,085620,B+,B+,A,B+,2024,,,,,
7570,미래에셋생명,085620,B+,B+,B+,B+,2025,,,,,
7569,미래에셋증권,037620,미공개,미공개,B+,B+,2012,,,,,
7568,미래에셋증권,037620,B+,미공개,B+,B+,2013,,,,,
7567,미래에셋증권,037620,B+,미공개,B+,B+,2014,,,,,
7566,미래에셋증권,037620,미공개,미공개,B+,B+,2015,,,,,
7565,미래에셋증권,037620,B+,미공개,B+,A,2016,,,,,
7564,미래에셋증권,006800,B+,A,A+,B,2021,,,,,
7563,미래에셋증권,006800,A,A,A+,B+,2022,,,,,
7562,미래에셋증권,006800,A,A,A+,B+,2023,,,,,
7561,미래에셋증권,006800,B+,A+,A,B,2024,통합 등급조정(2025.07.),,,지배구조 등급조정(2025.07.),
7560,미래에셋증권,006800,B,A,A,C,2025,통합 등급조정(2025.11.),,,지배구조 등급조정(2025.11.),
7559,미래에셋캐피탈,840265,등급없음,등급없음,등급없음,B+,2021,,,,,
7558,미래에셋캐피탈,840265,등급없음,등급없음,등급없음,B+,2022,,,,,
7557,미래에셋캐피탈,840265,등급없음,등급없음,등급없음,B+,2023,,,,,
7556,미래에셋캐피탈,840265,등급없음,등급없음,등급없음,B+,2024,,,,,
7555,미래에셋캐피탈,840265,등급없음,등급없음,등급없음,B+,2025,,,,,
7554,미래컴퍼니,049950,B,미공개,B,B+,2019,,,,,
7553,미래컴퍼니,049950,B,D,B,B+,2020,,,,,
7552,미래테크놀로지,213090,B,D,B,B+,2020,,,,,
7551,미래테크놀로지,213090,B,D,B,B,2021,,,,,
7550,미스토홀딩스,081660,B+,B+,A,B,2024,,,,,
7549,미스토홀딩스,081660,B+,B+,A,B+,2025,,,,,
7548,미원상사,002840,미공개,미공개,미공개,미공개,2012,,,,,
7547,미원상사,002840,미공개,미공개,미공개,B,2013,,,,,
7546,미원상사,002840,미공개,미공개,미공개,C,2014,,,,,
7545,미원상사,002840,미공개,미공개,미공개,C,2015,,,,,
7544,미원상사,002840,미공개,미공개,미공개,C,2016,,,,,
7543,미원상사,002840,미공개,미공개,미공개,B,2017,,,,,
7542,미원상사,002840,미공개,미공개,미공개,B+,2018,,,,,
7541,미원상사,002840,미공개,미공개,미공개,B,2019,,,,,
7540,미원상사,002840,C,D,B,B,2020,,,,,
7539,미원상사,002840,C,C,D,B,2021,,,,,
7538,미원상사,002840,C,C,D,C,2022,,,,,
7537,미원상사,002840,C,C,D,B,2023,,,,,
7536,미원상사,002840,C,C,D,C,2024,,,,,
7535,미원상사,002840,C,C,D,B,2025,,,,,
7534,미원에스씨,268280,미공개,미공개,미공개,B,2019,,,,,
7533,미원에스씨,268280,C,C,C,B,2020,,,,,
7532,미원에스씨,268280,C,C,C,B+,2021,,,,,
7531,미원에스씨,268280,C,C,C,B,2022,,,,,
7530,미원에스씨,268280,C,B,B+,C,2023,,,,,
7529,미원에스씨,268280,B,C,B,B+,2024,,,,,
7528,미원에스씨,268280,C,C,C,B,2025,,,,,
7527,미원홀딩스,107590,미공개,미공개,미공개,미공개,2012,,,,,
7526,미원홀딩스,107590,미공개,미공개,미공개,B,2013,,,,,
7525,미원홀딩스,107590,미공개,미공개,미공개,B,2014,,,,,
7524,미원홀딩스,107590,미공개,미공개,미공개,B,2015,,,,,
7523,미원홀딩스,107590,미공개,미공개,미공개,B,2016,,,,,
7522,미원홀딩스,107590,미공개,미공개,미공개,B,2017,,,,,
7521,미원홀딩스,107590,미공개,미공개,미공개,B,2018,,,,,
7520,미원홀딩스,107590,미공개,미공개,미공개,B,2019,,,,,
7519,미원홀딩스,107590,C,C,C,C,2020,,,,,
7518,미원홀딩스,107590,C,C,C,B,2021,,,,,
7517,미원홀딩스,107590,C,C,C,B,2022,,,,,
7516,미원홀딩스,107590,C,C,B,D,2023,,,,,
7515,미원홀딩스,107590,C,C,B,C,2024,,,,,
7514,미원홀딩스,107590,C,C,C,C,2025,,,,,
7513,미원화학,134380,미공개,미공개,미공개,C,2013,,,,,
7512,미원화학,134380,미공개,미공개,미공개,C,2014,,,,,
7511,미원화학,134380,미공개,미공개,미공개,C,2015,,,,,
7510,미원화학,134380,미공개,미공개,미공개,C,2016,,,,,
7509,미원화학,134380,미공개,미공개,미공개,C,2017,,,,,
7508,미원화학,134380,미공개,미공개,미공개,C,2018,,,,,
7507,미원화학,134380,미공개,미공개,B,C,2019,,,,,
7506,미원화학,134380,C,C,C,C,2020,,,,,
7505,미원화학,134380,C,C,C,B+,2021,,,,,
7504,미원화학,134380,C,C,D,C,2022,,,,,
7503,미원화학,134380,C,C,C,C,2023,,,,,
7502,미원화학,134380,C,C,C,B,2024,,,,,
7501,미원화학,134380,C,C,C,B,2025,,,,,
7500,미창석유공업,003650,미공개,미공개,미공개,미공개,2012,,,,,
7499,미창석유공업,003650,미공개,미공개,미공개,B,2013,,,,,
7498,미창석유공업,003650,미공개,미공개,미공개,B+,2014,,,,,
7497,미창석유공업,003650,미공개,미공개,미공개,B,2015,,,,,
7496,미창석유공업,003650,미공개,미공개,미공개,B,2016,,,,,
7495,미창석유공업,003650,미공개,미공개,미공개,B+,2017,,,,,
7494,미창석유공업,003650,미공개,미공개,미공개,B,2018,,,,,
7493,미창석유공업,003650,미공개,미공개,미공개,B+,2019,,,,,
7492,미창석유공업,003650,C,C,C,B,2020,,,,,
7491,미창석유공업,003650,C,C,C,B,2021,,,,,
7490,미창석유공업,003650,C,D,D,B,2022,,,,,
7489,미창석유공업,003650,D,C,D,D,2023,,,,,
7488,미창석유공업,003650,D,C,D,D,2024,,,,,
7487,미창석유공업,003650,D,C,D,D,2025,,,,,
7486,바이넥스,053030,D,D,D,D,2022,,,,,
7485,바이넥스,053030,D,D,D,D,2023,,,,,
7484,바이오노트,377740,D,D,D,C,2024,,,,,
7483,바이오노트,377740,C,D,D,B,2025,,,,,
7482,바이오니아,064550,D,D,D,D,2022,,,,,
7481,바이오니아,064550,D,D,D,C,2023,,,,,
7480,바이오니아,064550,D,D,D,C,2024,,,,,
7479,바이오니아,064550,C,D,C,C,2025,,,,,
7478,바텍,043150,미공개,미공개,미공개,C,2019,,,,,
7477,바텍,043150,D,D,D,D,2022,,,,,
7476,바텍,043150,D,D,D,D,2024,,,,,
7475,박셀바이오,323990,D,D,D,C,2022,,,,,
7474,박셀바이오,323990,D,D,D,C,2023,,,,,
7473,박셀바이오,323990,C,D,D,B,2024,,,,,
7472,방림,003610,미공개,미공개,미공개,미공개,2012,,,,,
7471,방림,003610,미공개,미공개,미공개,B,2013,,,,,
7470,방림,003610,미공개,미공개,미공개,B,2014,,,,,
7469,방림,003610,미공개,미공개,미공개,C,2015,,,,,
7468,방림,003610,미공개,B+,미공개,B,2016,,,,,
7467,방림,003610,미공개,B+,미공개,B,2017,,,,,
7466,방림,003610,미공개,B+,미공개,B,2018,,,,,
7465,방림,003610,B,B,미공개,B,2019,,,,,
7464,방림,003610,B,B,C,B,2020,,,,,
7463,방림,003610,C,C,C,B+,2021,,,,,
7462,방림,003610,D,D,D,C,2022,,,,,
7461,방림,003610,C,C,D,C,2023,,,,,
7460,방림,003610,C,C,D,C,2024,,,,,
7459,방림,003610,D,C,D,D,2025,,,,,
7458,배명금속,011800,미공개,미공개,미공개,미공개,2012,,,,,
7457,백광산업,001340,미공개,B+,미공개,미공개,2012,,,,,
7456,백광산업,001340,미공개,B+,미공개,C,2013,,,,,
7455,백광산업,001340,미공개,B+,미공개,B,2014,,,,,
7454,백광산업,001340,미공개,B+,미공개,B,2015,,,,,
7453,백광산업,001340,미공개,B+,미공개,B,2016,,,,,
7452,백광산업,001340,미공개,B+,미공개,B,2017,,,,,
7451,백광산업,001340,미공개,B+,미공개,C,2018,,,,,
7450,백광산업,001340,미공개,B,미공개,C,2019,,,,,
7449,백광산업,001340,C,B,C,D,2020,,,,,
,,,,,,,,,,,,
7447,백광산업,001340,D,C,D,D,2022,,,,,
7446,백광산업,001340,D,C,D,D,2023,,,,,
7445,백광소재,014580,미공개,미공개,미공개,미공개,2012,,,,,
7444,백광소재,014580,미공개,미공개,미공개,C,2013,,,,,
7443,백광소재,014580,미공개,미공개,미공개,C,2014,,,,,
7442,백광소재,014580,미공개,미공개,미공개,C,2015,,,,,
7441,백광소재,014580,미공개,B+,미공개,C,2016,,,,,
7440,백광소재,014580,미공개,미공개,미공개,C,2017,,,,,
7439,백광소재,014580,미공개,미공개,미공개,C,2018,,,,,
7438,백광소재,014580,미공개,미공개,미공개,B,2019,,,,,
7437,백광소재,014580,C,C,B,B,2020,,,,,
7436,백산,035150,미공개,미공개,미공개,미공개,2012,,,,,
7435,백산,035150,미공개,미공개,미공개,B,2013,,,,,
7434,백산,035150,미공개,미공개,미공개,C,2014,,,,,
7433,백산,035150,미공개,미공개,미공개,B,2015,,,,,
7432,백산,035150,미공개,미공개,미공개,B,2016,,,,,
7431,백산,035150,미공개,미공개,미공개,B,2017,,,,,
7430,백산,035150,미공개,미공개,미공개,C,2018,,,,,
7429,백산,035150,미공개,B,B,C,2019,,,,,
7428,백산,035150,C,C,B,B,2020,,,,,
7427,백산,035150,C,C,B,B,2021,,,,,
7426,백산,035150,D,D,D,D,2022,,,,,
7425,백산,035150,D,C,C,D,2023,,,,,
7424,백산,035150,C,C,C,C,2024,,,,,
7423,백산,035150,D,C,C,D,2025,,,,,
7422,범양건영,002410,미공개,미공개,미공개,C,2015,,,,,
7421,범양건영,002410,미공개,미공개,미공개,C,2016,,,,,
7420,범양건영,002410,미공개,미공개,미공개,B,2017,,,,,
7419,범양건영,002410,미공개,미공개,미공개,C,2018,,,,,
7418,범양건영,002410,미공개,미공개,미공개,C,2019,,,,,
7417,범양건영,002410,C,D,C,B,2020,,,,,
7416,범양건영,002410,C,D,B,C,2021,,,,,
7415,범양건영,002410,D,D,C,D,2022,,,,,
7414,범양건영,002410,D,D,C,D,2023,,,,,
7413,범양건영,002410,D,D,C,D,2024,,,,,
7412,범양건영,002410,D,D,D,D,2025,,,,,
7411,벽산,007210,미공개,B+,미공개,미공개,2012,,,,,
7410,벽산,007210,미공개,미공개,미공개,C,2013,,,,,
7409,벽산,007210,미공개,미공개,미공개,B,2014,,,,,
7408,벽산,007210,미공개,미공개,미공개,D,2015,,,,,
7407,벽산,007210,미공개,B+,미공개,C,2016,,,,,
7406,벽산,007210,미공개,B+,미공개,C,2017,,,,,
7405,벽산,007210,미공개,B+,미공개,C,2018,,,,,
7404,벽산,007210,B,B,B,B,2019,,,,,
7403,벽산,007210,C,B,B,C,2020,,,,,
7402,벽산,007210,B,B+,B,B,2021,,,,,
7401,벽산,007210,D,C,C,D,2022,,,,,
7400,벽산,007210,C,B+,B+,D,2023,,,,,
7399,벽산,007210,B+,B+,B+,B,2024,,,,,
7398,벽산,007210,C,B+,B+,D,2025,,,,,
7397,보락,002760,미공개,B+,미공개,미공개,2012,,,,,
7396,보락,002760,미공개,미공개,미공개,B,2013,,,,,
7395,보락,002760,미공개,미공개,미공개,B,2014,,,,,
7394,보락,002760,미공개,미공개,미공개,B,2015,,,,,
7393,보락,002760,미공개,미공개,미공개,C,2016,,,,,
7392,보락,002760,미공개,미공개,미공개,B,2017,,,,,
7391,보락,002760,미공개,미공개,미공개,B,2018,,,,,
7390,보락,002760,미공개,미공개,미공개,C,2019,,,,,
7389,보락,002760,C,D,C,B,2020,,,,,
7388,보락,002760,C,D,C,B,2021,,,,,
7387,보락,002760,D,D,D,D,2022,,,,,
7386,보락,002760,D,D,D,C,2023,,,,,
7385,보락,002760,D,D,D,C,2024,,,,,
7384,보락,002760,D,D,D,D,2025,,,,,
7383,보령,003850,B+,B+,A,B,2022,,,,,
7382,보령,003850,B+,A,A,B,2023,,,,,
7381,보령,003850,A,A,A+,B+,2024,,,,,
7380,보령,003850,A,A,A+,B+,2025,,,,,
7379,보령제약,003850,미공개,미공개,미공개,미공개,2012,,,,,
7378,보령제약,003850,미공개,미공개,미공개,C,2013,,,,,
7377,보령제약,003850,미공개,미공개,미공개,C,2014,,,,,
7376,보령제약,003850,미공개,미공개,미공개,C,2015,,,,,
7375,보령제약,003850,미공개,미공개,미공개,C,2016,,,,,
7374,보령제약,003850,미공개,미공개,미공개,B+,2017,,,,,
7373,보령제약,003850,미공개,미공개,미공개,C,2018,,,,,
7372,보령제약,003850,B,미공개,B,B,2019,,,,,
7371,보령제약,003850,C,D,B,B,2020,,,,,
7370,보령제약,003850,B+,B,A,B+,2021,,,,,
7369,보로노이,310210,D,D,D,C,2024,,,,,
7368,보로노이,310210,D,D,D,C,2025,,,,,
7367,보루네오가구,004740,미공개,미공개,미공개,미공개,2012,,,,,
7366,보루네오가구,004740,미공개,미공개,미공개,B,2013,,,,,
7365,보루네오가구,004740,미공개,미공개,미공개,C,2015,,,,,
7364,보루네오가구,004740,미공개,미공개,미공개,C,2016,,,,,
7363,보루네오가구,004740,미공개,미공개,미공개,C,2017,,,,,
7362,보해양조,000890,미공개,B+,미공개,미공개,2012,,,,,
7361,보해양조,000890,미공개,미공개,미공개,D,2013,,,,,
7360,보해양조,000890,미공개,미공개,미공개,C,2014,,,,,
7359,보해양조,000890,미공개,미공개,미공개,C,2015,,,,,
7358,보해양조,000890,미공개,미공개,미공개,B,2016,,,,,
7357,보해양조,000890,미공개,미공개,미공개,C,2017,,,,,
7356,보해양조,000890,미공개,미공개,미공개,B,2018,,,,,
7355,보해양조,000890,B,B,B,B,2019,,,,,
7354,보해양조,000890,B,B,B,B,2020,,,,,
7353,보해양조,000890,C,D,C,B,2021,,,,,
7352,보해양조,000890,D,D,D,C,2022,,,,,
7351,보해양조,000890,D,D,D,D,2023,,,,,
7350,보해양조,000890,D,D,D,C,2024,,,,,
7349,보해양조,000890,D,D,D,C,2025,,,,,
7348,부광약품,003000,미공개,미공개,미공개,B+,2012,,,,,
7347,부광약품,003000,미공개,미공개,미공개,B+,2013,,,,,
7346,부광약품,003000,미공개,미공개,미공개,B+,2014,,,,,
7345,부광약품,003000,미공개,미공개,미공개,B,2015,,,,,
7344,부광약품,003000,미공개,미공개,미공개,B+,2016,,,,,
7343,부광약품,003000,미공개,미공개,미공개,B,2017,,,,,
7342,부광약품,003000,미공개,미공개,미공개,B,2018,,,,,
7341,부광약품,003000,B,미공개,미공개,B+,2019,,,,,
7340,부광약품,003000,C,D,C,B,2020,,,,,
7339,부광약품,003000,C,D,D,B+,2021,,,,,
7338,부광약품,003000,C,D,D,B,2022,,,,,
7337,부광약품,003000,B+,B,A,B+,2023,,,,,
7336,부광약품,003000,B+,B,A+,B+,2024,,,,,
7335,부광약품,003000,B+,B+,A,B+,2025,,,,,
7334,부국증권,001270,미공개,미공개,미공개,미공개,2012,,,,,
7333,부국증권,001270,미공개,미공개,미공개,B,2013,,,,,
7332,부국증권,001270,미공개,미공개,미공개,B,2014,,,,,
7331,부국증권,001270,미공개,미공개,미공개,B,2015,,,,,
7330,부국증권,001270,미공개,미공개,미공개,B+,2016,,,,,
7329,부국증권,001270,미공개,미공개,미공개,B+,2017,,,,,
7328,부국증권,001270,미공개,미공개,미공개,미공개,2018,,,,,
7327,부국증권,001270,미공개,미공개,B,C,2019,,,,,
7326,부국증권,001270,B,D,B,B,2020,,,,,
7325,부국증권,001270,C,D,B,C,2021,,,,,
7324,부국증권,001270,C,D,C,B,2022,,,,,
7323,부국증권,001270,C,D,B,C,2023,,,,,
7322,부국증권,001270,C,D,B,C,2024,,,,,
7321,부국증권,001270,C,D,C,B,2025,,,,,
7320,부국철강,026940,미공개,미공개,미공개,미공개,2012,,,,,
7319,부국철강,026940,미공개,미공개,미공개,B,2013,,,,,
7318,부국철강,026940,미공개,미공개,미공개,C,2014,,,,,
7317,부국철강,026940,미공개,미공개,미공개,C,2015,,,,,
7316,부국철강,026940,미공개,미공개,미공개,B,2016,,,,,
7315,부국철강,026940,미공개,미공개,미공개,B,2017,,,,,
7314,부국철강,026940,미공개,미공개,미공개,B,2018,,,,,
7313,부국철강,026940,미공개,미공개,미공개,B,2019,,,,,
7312,부국철강,026940,D,D,C,C,2020,,,,,
7311,부국철강,026940,C,D,C,B,2021,,,,,
7310,부국철강,026940,D,D,D,D,2022,,,,,
7309,부국철강,026940,D,D,D,D,2023,,,,,
7308,부국철강,026940,D,D,D,D,2024,,,,,
7307,부국철강,026940,D,D,D,D,2025,,,,,
7306,부산도시가스,015350,미공개,미공개,미공개,미공개,2012,,,,,
7305,부산도시가스,015350,미공개,미공개,미공개,B,2013,,,,,
7304,부산도시가스,015350,미공개,미공개,B+,B,2014,,,,,
7303,부산도시가스,015350,미공개,미공개,B+,B,2015,,,,,
7302,부산도시가스,015350,미공개,미공개,B+,B+,2016,,,,,
7301,부산도시가스,015350,미공개,미공개,미공개,B,2017,,,,,
7300,부산도시가스,015350,미공개,미공개,A,B,2018,,,,,
7299,부산도시가스,015350,B,미공개,B+,B,2019,,,,,
7298,부산도시가스,015350,B,C,B+,B+,2020,,,,,
7297,부산도시가스,015350,B,C,B,B+,2021,,,,,
7296,부산산업,011390,미공개,미공개,미공개,미공개,2012,,,,,
7295,부산산업,011390,미공개,미공개,미공개,B,2013,,,,,
7294,부산산업,011390,미공개,미공개,미공개,B,2014,,,,,
7293,부산산업,011390,미공개,미공개,미공개,B,2015,,,,,
7292,부산산업,011390,미공개,미공개,미공개,B,2016,,,,,
7291,부산산업,011390,미공개,미공개,미공개,B,2017,,,,,
7290,부산산업,011390,미공개,미공개,미공개,C,2018,,,,,
7289,부산산업,011390,미공개,미공개,미공개,C,2019,,,,,
7288,부산산업,011390,D,D,C,C,2020,,,,,
7287,부산산업,011390,C,D,D,B,2021,,,,,
7286,부산산업,011390,C,D,D,B,2022,,,,,
7285,부산산업,011390,D,C,D,D,2023,,,,,
7284,부산산업,011390,D,C,D,D,2024,,,,,
7283,부산산업,011390,D,C,D,D,2025,,,,,
7282,부산은행,005280,등급없음,등급없음,등급없음,A,2019,,,,,
7281,부산은행,005280,등급없음,등급없음,등급없음,A,2020,,,,,
7280,부산은행,005280,등급없음,등급없음,등급없음,B+,2021,,,,지배구조 등급조정(2021.10),
7279,부산은행,005280,등급없음,등급없음,등급없음,B+,2022,,,,,
7278,부산은행,005280,등급없음,등급없음,등급없음,B+,2023,,,,,
7277,부산은행,005280,등급없음,등급없음,등급없음,B+,2024,,,,,
7276,부산은행,005280,등급없음,등급없음,등급없음,A,2025,,,,,
7275,부산주공,005030,미공개,미공개,미공개,미공개,2012,,,,,
7274,부산주공,005030,미공개,미공개,미공개,B,2013,,,,,
7273,부산주공,005030,미공개,B+,미공개,B,2014,,,,,
7272,부산주공,005030,미공개,B+,미공개,B+,2015,,,,,
7271,부산주공,005030,미공개,B+,미공개,B,2016,,,,,
7270,부산주공,005030,미공개,B+,미공개,B,2017,,,,,
7269,부산주공,005030,미공개,미공개,미공개,C,2018,,,,,
7268,부산주공,005030,미공개,B,미공개,C,2019,,,,,
7267,부산주공,005030,C,B,C,C,2020,,,,,
7266,부산주공,005030,C,B,D,B,2021,,,,,
7265,부산주공,005030,D,D,D,D,2022,,,,,
7264,부산주공,005030,C,C,C,C,2023,,,,,
7263,부산주공,005030,C,C,C,C,2024,,,,,
7262,부산주공,005030,D,C,C,D,2025,,,,,
7261,브이티,018290,D,D,D,D,2025,,,,,
7260,브이티지엠피,018290,C,C,C,B+,2021,,,,,
7259,블루산업개발,006740,D,C,D,D,2025,,,,,
7258,비덴트,121800,D,D,D,D,2022,,,,,
7257,비비안,002070,D,D,C,C,2021,,,,,
7256,비비안,002070,D,D,D,D,2022,,,,,
7255,비비안,002070,D,D,D,D,2023,,,,,
7254,비비안,002070,D,D,D,D,2024,,,,,
7253,비비안,002070,D,D,D,D,2025,,,,,
7252,비상교육,100220,미공개,미공개,미공개,미공개,2012,,,,,
7251,비상교육,100220,미공개,미공개,미공개,B,2013,,,,,
7250,비상교육,100220,미공개,미공개,미공개,B,2014,,,,,
7249,비상교육,100220,미공개,미공개,미공개,C,2015,,,,,
7248,비상교육,100220,미공개,미공개,미공개,C,2016,,,,,
7247,비상교육,100220,미공개,미공개,B+,B,2017,,,,,
7246,비상교육,100220,미공개,미공개,미공개,B,2018,,,,,
7245,비상교육,100220,B,미공개,B+,B+,2019,,,,,
7244,비상교육,100220,B,D,B+,B,2020,,,,,
7243,비상교육,100220,B,D,B+,B+,2021,,,,,
7242,비상교육,100220,B,D,B,B,2022,,,,,
7241,비상교육,100220,B,D,B,B,2023,,,,,
7240,비상교육,100220,B,D,B,B,2024,,,,,
7239,비상교육,100220,C,D,B,D,2025,,,,,
7238,비씨카드,837726,등급없음,등급없음,등급없음,B,2024,,,,,
7237,비씨카드,837726,등급없음,등급없음,등급없음,B,2025,,,,,
7236,비에이치,090460,미공개,미공개,B,B,2019,,,,,
7235,비에이치,090460,D,D,C,C,2020,,,,,
7234,비에이치,090460,B+,B+,B+,B+,2021,,,,,
7233,비에이치,090460,C,C,B+,C,2022,,,,,
7232,비에이치,090460,C,B+,A,D,2023,,,,,
7231,비에이치,090460,C,B,B+,C,2024,,,,,
7230,비에이치,090460,B,B+,A+,D,2025,,,,,
7229,비엠더블유파이낸셜서비스코리아,878437,등급없음,등급없음,등급없음,C,2023,,,,,
7228,비엠더블유파이낸셜서비스코리아,878437,등급없음,등급없음,등급없음,C,2024,,,,,
7227,비엠더블유파이낸셜서비스코리아,878437,등급없음,등급없음,등급없음,D,2025,,,,,
7226,비츠로셀,082920,B+,B,B+,B+,2021,,,,,
7225,비케이탑스,030790,C,D,C,C,2021,,,,,
7224,비케이탑스,030790,D,D,D,D,2022,,,,,
7223,비케이탑스,030790,D,D,D,D,2023,,,,,
7222,비티원,101140,B,미공개,B,B,2019,,,,,
7221,비티원,101140,C,D,B,C,2020,,,,,
7220,빙그레,005180,미공개,미공개,B+,미공개,2012,,,,,
7219,빙그레,005180,미공개,미공개,B+,B,2013,,,,,
7218,빙그레,005180,미공개,미공개,B+,B,2014,,,,,
7217,빙그레,005180,미공개,미공개,미공개,B,2015,,,,,
7216,빙그레,005180,미공개,미공개,B+,B,2016,,,,,
7215,빙그레,005180,미공개,미공개,B+,B,2017,,,,,
7214,빙그레,005180,B+,B+,A,B+,2018,,,,,
7213,빙그레,005180,A,B+,A,A,2019,,,,,
7212,빙그레,005180,A,B+,A+,A,2020,,,,,
7211,빙그레,005180,A,A,A+,A,2021,,,,,
7210,빙그레,005180,A,A,A,B+,2022,,,,,
7209,빙그레,005180,A,A,A+,B+,2023,,,,,
7208,빙그레,005180,A,A,A+,A,2024,,,,,
7207,빙그레,005180,A,A,A+,B+,2025,,,,,
7206,사람인,143240,C,D,C,C,2023,,,,,
7205,사람인,143240,C,D,C,C,2024,,,,,
7204,사람인,143240,C,D,C,C,2025,,,,,
7203,사람인에이치알,143240,B,D,B+,B,2020,,,,,
7202,사람인에이치알,143240,B,D,B+,B,2021,,,,,
7201,사람인에이치알,143240,C,D,C,B,2022,,,,,
7200,사조대림,003960,미공개,미공개,미공개,미공개,2012,,,,,
7199,사조대림,003960,미공개,미공개,미공개,C,2014,,,,,
7198,사조대림,003960,미공개,미공개,미공개,C,2015,,,,,
7197,사조대림,003960,미공개,미공개,미공개,C,2016,,,,,
7196,사조대림,003960,미공개,미공개,미공개,B,2017,,,,,
7195,사조대림,003960,미공개,미공개,미공개,C,2018,,,,,
7194,사조대림,003960,미공개,미공개,B,C,2019,,,,,
7193,사조대림,003960,C,D,B,B,2020,,,,,
7192,사조대림,003960,B+,C,A,B+,2021,,,,,
7191,사조대림,003960,C,B,B,D,2022,,,,,
7190,사조대림,003960,B,B+,A,C,2023,,,,,
7189,사조대림,003960,A,A,A,B+,2024,,,,,
7188,사조대림,003960,A,A,A,B+,2025,,,,,
7187,사조동아원,008040,미공개,미공개,미공개,미공개,2012,,,,,
7186,사조동아원,008040,미공개,미공개,미공개,B,2013,,,,,
7185,사조동아원,008040,미공개,미공개,미공개,C,2014,,,,,
7184,사조동아원,008040,미공개,미공개,미공개,B,2015,,,,,
7183,사조동아원,008040,미공개,미공개,미공개,C,2016,,,,,
7182,사조동아원,008040,미공개,미공개,미공개,B,2017,,,,,
7181,사조동아원,008040,미공개,미공개,미공개,B,2018,,,,,
7180,사조동아원,008040,미공개,미공개,B,B,2019,,,,,
7179,사조동아원,008040,C,D,C,B,2020,,,,,
7178,사조동아원,008040,B,C,B,B+,2021,,,,,
7177,사조동아원,008040,C,C,B+,C,2022,,,,,
7176,사조동아원,008040,C,B+,B,C,2023,,,,,
7175,사조동아원,008040,B,B+,A,C,2024,,,,,
7174,사조동아원,008040,B+,B+,B+,B,2025,,,사회 등급조정(2026.07.),,
7173,사조산업,007160,미공개,미공개,미공개,미공개,2012,,,,,
7172,사조산업,007160,미공개,미공개,미공개,C,2013,,,,,
7171,사조산업,007160,미공개,미공개,미공개,C,2014,,,,,
7170,사조산업,007160,미공개,미공개,미공개,B,2015,,,,,
7169,사조산업,007160,미공개,미공개,미공개,C,2016,,,,,
7168,사조산업,007160,미공개,미공개,미공개,C,2017,,,,,
7167,사조산업,007160,미공개,미공개,미공개,C,2018,,,,,
7166,사조산업,007160,미공개,미공개,B,D,2019,,,,,
7165,사조산업,007160,D,D,C,D,2020,,,,,
7164,사조산업,007160,B,C,B,B+,2021,,,,,
7163,사조산업,007160,C,C,B,D,2022,,,,,
7162,사조산업,007160,B,B+,B+,C,2023,,,,,
7161,사조산업,007160,B+,B+,B+,B+,2024,,,,,
7160,사조산업,007160,B+,B+,B+,B+,2025,,,,,
7159,사조씨푸드,014710,미공개,미공개,미공개,C,2014,,,,,
7158,사조씨푸드,014710,미공개,미공개,미공개,B,2015,,,,,
7157,사조씨푸드,014710,미공개,미공개,미공개,B,2016,,,,,
7156,사조씨푸드,014710,미공개,미공개,미공개,B+,2017,,,,,
7155,사조씨푸드,014710,미공개,미공개,미공개,B,2018,,,,,
7154,사조씨푸드,014710,미공개,미공개,미공개,C,2019,,,,,
7153,사조씨푸드,014710,C,D,B,B,2020,,,,,
7152,사조씨푸드,014710,B,C,B+,B+,2021,,,,,
7151,사조씨푸드,014710,C,D,B,B,2022,,,,,
7150,사조씨푸드,014710,B,B,B+,B,2023,,,,,
7149,사조씨푸드,014710,B,C,B+,B,2024,,,,,
7148,사조씨푸드,014710,B,B,B+,B,2025,,,,,
7147,사조오양,006090,미공개,미공개,미공개,미공개,2012,,,,,
7146,사조오양,006090,미공개,미공개,미공개,B,2013,,,,,
7145,사조오양,006090,미공개,미공개,미공개,C,2014,,,,,
7144,사조오양,006090,미공개,미공개,미공개,C,2015,,,,,
7143,사조오양,006090,미공개,미공개,미공개,C,2016,,,,,
7142,사조오양,006090,미공개,미공개,미공개,B,2017,,,,,
7141,사조오양,006090,미공개,미공개,미공개,B,2018,,,,,
7140,사조오양,006090,미공개,미공개,B,C,2019,,,,,
7139,사조오양,006090,C,D,B,C,2020,,,,,
7138,사조오양,006090,C,D,B,C,2021,,,,,
7137,사조오양,006090,C,C,B,D,2022,,,,,
7136,사조오양,006090,C,B,B+,C,2023,,,,,
7135,사조오양,006090,B,B+,A,C,2024,,,,,
7134,사조오양,006090,C,B,B+,C,2025,,,,,
7133,사조해표,079660,미공개,미공개,미공개,미공개,2012,,,,,
7132,사조해표,079660,미공개,미공개,미공개,B,2013,,,,,
7131,사조해표,079660,미공개,미공개,미공개,B,2014,,,,,
7130,사조해표,079660,미공개,미공개,미공개,C,2015,,,,,
7129,사조해표,079660,미공개,미공개,미공개,C,2016,,,,,
7128,사조해표,079660,미공개,미공개,미공개,B,2017,,,,,
7127,사조해표,079660,미공개,미공개,미공개,C,2018,,,,,
7126,산은캐피탈,008270,등급없음,등급없음,등급없음,B,2020,,,,,
7125,산은캐피탈,008270,등급없음,등급없음,등급없음,B,2021,,,,,
7124,산은캐피탈,008270,등급없음,등급없음,등급없음,B,2022,,,,,
7123,산은캐피탈,008270,등급없음,등급없음,등급없음,B,2023,,,,,
7122,산은캐피탈,008270,등급없음,등급없음,등급없음,B,2024,,,,,
7121,산은캐피탈,008270,등급없음,등급없음,등급없음,B,2025,,,,,
7120,삼강엠앤티,100090,D,C,C,D,2022,,,,,
7119,삼광글라스,005090,미공개,미공개,미공개,미공개,2012,,,,,
7118,삼광글라스,005090,미공개,미공개,미공개,C,2013,,,,,
7117,삼광글라스,005090,미공개,미공개,미공개,B,2014,,,,,
7116,삼광글라스,005090,미공개,B+,미공개,B,2015,,,,,
7115,삼광글라스,005090,미공개,B+,미공개,C,2016,,,,,
7114,삼광글라스,005090,미공개,미공개,미공개,D,2017,,,,,
7113,삼광글라스,005090,미공개,미공개,미공개,C,2018,,,,,
7112,삼광글라스,005090,미공개,미공개,미공개,B,2019,,,,,
7111,삼광글라스,005090,C,C,B,C,2020,,,,,
7110,삼립,005610,미공개,미공개,미공개,미공개,2012,,,,,
7109,삼립,005610,미공개,미공개,미공개,B,2013,,,,,
7108,삼립,005610,미공개,미공개,미공개,C,2014,,,,,
7107,삼립,005610,미공개,미공개,미공개,C,2015,,,,,
7106,삼립,005610,미공개,미공개,미공개,B,2016,,,,,
7105,삼립,005610,미공개,미공개,미공개,C,2017,,,,,
7104,삼립,005610,B+,미공개,B+,B+,2018,,,,,
7103,삼립,005610,B+,B,A,B+,2019,,,,,
7102,삼립,005610,B+,B,A,B,2020,,,,지배구조 등급조정(2020.10),
7101,삼립,005610,B+,B,A,B+,2021,,,,,
7100,삼립,005610,B,C,B+,B,2022,,,,,
7099,삼립,005610,D,C,C,D,2023,통합 등급조정(2024.04.),,사회 등급조정(2024.04.),,
7098,삼립,005610,B,B,C,B,2024,,,사회 등급조정(2024.10.),,
7097,삼립,005610,B,B+,A,C,2025,,,,,
7096,삼부토건,001470,미공개,미공개,미공개,미공개,2012,,,,,
7095,삼부토건,001470,미공개,미공개,미공개,C,2013,,,,,
7094,삼부토건,001470,미공개,미공개,미공개,B,2014,,,,,
7093,삼부토건,001470,미공개,미공개,미공개,C,2015,,,,,
7092,삼부토건,001470,미공개,미공개,B,B,2019,,,,,
7091,삼부토건,001470,C,C,B,B,2020,,,,,
7090,삼부토건,001470,C,C,D,B+,2021,,,,,
7089,삼부토건,001470,D,D,D,C,2022,,,,,
7088,삼부토건,001470,C,C,C,C,2023,,,,,
7087,삼부토건,001470,D,C,C,D,2024,,,,,
7086,삼성E&A,028050,A,A+,A+,A,2023,,,,,
7085,삼성E&A,028050,A,A,A,A,2024,,,,,
7084,삼성E&A,028050,A,A,A,A,2025,,,,,
7083,삼성SDI,006400,A,A+,A,B+,2012,,,,,
7082,삼성SDI,006400,A,A+,A,B,2013,,,,,
7081,삼성SDI,006400,A,A,A,B+,2014,,,,,
7080,삼성SDI,006400,A,A+,A,B+,2015,,,,,
7079,삼성SDI,006400,A,A,A,B+,2016,,,,,
7078,삼성SDI,006400,B+,A,A+,B,2017,,,,,
7077,삼성SDI,006400,A,A,A,B+,2018,,,,,
7076,삼성SDI,006400,A,B+,A+,B+,2019,,,,,
7075,삼성SDI,006400,A,A,A,B+,2020,,,,지배구조 등급조정(2021.7),
7074,삼성SDI,006400,A,A,A+,B+,2021,,,,지배구조 등급조정(2021.10),
7073,삼성SDI,006400,A,A,A+,B+,2022,,,,,
7072,삼성SDI,006400,A,A+,A+,B+,2023,,,,,
7071,삼성SDI,006400,A+,A+,A+,A,2024,,,,,
7070,삼성SDI,006400,A,A,A+,B+,2025,,,,,
7069,삼성공조,006660,미공개,미공개,미공개,미공개,2012,,,,,
7068,삼성공조,006660,미공개,미공개,미공개,B,2013,,,,,
7067,삼성공조,006660,미공개,미공개,미공개,B,2014,,,,,
7066,삼성공조,006660,미공개,미공개,미공개,B+,2015,,,,,
7065,삼성공조,006660,미공개,미공개,미공개,B,2016,,,,,
7064,삼성공조,006660,미공개,미공개,미공개,B,2017,,,,,
7063,삼성공조,006660,미공개,미공개,미공개,B,2018,,,,,
7062,삼성공조,006660,미공개,미공개,미공개,B,2019,,,,,
7061,삼성공조,006660,C,C,C,B,2020,,,,,
7060,삼성공조,006660,C,C,C,B,2021,,,,,
7059,삼성공조,006660,C,D,C,B,2022,,,,,
7058,삼성공조,006660,C,C,C,C,2023,,,,,
7057,삼성공조,006660,D,D,C,C,2024,,,,,
7056,삼성공조,006660,D,D,C,C,2025,,,,,
7055,삼성물산,000830,A,A,A,B+,2012,,,,,
7054,삼성물산,000830,A,A,A,B+,2013,,,,,
7053,삼성물산,000830,B+,A,A,B,2014,,,,,
7052,삼성물산,028260,미공개,B+,미공개,D,2015,,,사회 등급조정(2016.2),,
7051,삼성물산,000830,B+,A,B+,B,2015,,,,,
7050,삼성물산,028260,A+,A,A+,A+,2016,,,,,
7049,삼성물산,028260,A,A,A+,A,2017,,,,,
7048,삼성물산,028260,A,A+,A,A,2018,통합 등급조정(2019.4),,사회 등급조정(2019.4),,
7047,삼성물산,028260,A,A+,A,A,2019,통합 등급조정(2020.1),,사회 등급조정(2020.1),,
7046,삼성물산,028260,A,A+,A,B+,2020,,,,지배구조 등급조정(2020.10),
7045,삼성물산,028260,A,A,A+,A,2021,,,,,
7044,삼성물산,028260,A,A,A,A,2022,,,사회 등급조정(2022.11),,
7043,삼성물산,028260,A+,A+,A+,A+,2023,,,,,
7042,삼성물산,028260,A,A,A+,A,2024,,,,,
7041,삼성물산,028260,A,A,A,A+,2025,통합 등급조정(2026.01.),,사회 등급조정(2026.01.),,
7040,삼성바이오로직스,207940,B+,B+,B+,B+,2017,,,,,
7039,삼성바이오로직스,207940,B+,미공개,A,B,2018,,,,지배구조 등급조정(2018.7),
7038,삼성바이오로직스,207940,B+,미공개,A,B+,2019,,,,,
7037,삼성바이오로직스,207940,B+,B,A,B+,2020,,,,,
7036,삼성바이오로직스,207940,A,A,A+,A,2021,,,,,
7035,삼성바이오로직스,207940,A,A,A+,A,2022,,,,,
7034,삼성바이오로직스,207940,A+,A,A,A+,2023,,,,,
7033,삼성바이오로직스,207940,A,A,A+,A,2024,,,,,
7032,삼성바이오로직스,207940,A,A,A+,A,2025,,,,,
7031,삼성생명,032830,미공개,미공개,미공개,B+,2012,,,,,
7030,삼성생명,032830,A,A,A+,A,2013,,,,,
7029,삼성생명,032830,A,A,A+,A,2014,,,,,
7028,삼성생명,032830,A,A+,A,A,2015,,,,,
7027,삼성생명,032830,A,A,B+,A+,2016,,,,,
7026,삼성생명,032830,A,A,A,A,2017,,,사회 등급조정(2017.8),,
7025,삼성생명,032830,B+,A,B+,미공개,2018,,,,,
7024,삼성생명,032830,B+,A,A,B+,2019,,,,,
7023,삼성생명,032830,B+,A,A,B+,2020,,,,,
7022,삼성생명,032830,A,A,A+,B+,2021,,,,,
7021,삼성생명,032830,A,A,A+,B+,2022,,,,,
7020,삼성생명,032830,A,A+,A+,B+,2023,,,,,
7019,삼성생명,032830,A,A,A+,B+,2024,,,,,
7018,삼성생명,032830,A,A+,A,B+,2025,,,,,
7017,삼성에스디에스,018260,B+,미공개,B+,B+,2016,,,,,
7016,삼성에스디에스,018260,B+,B+,B+,B+,2017,,,,,
7015,삼성에스디에스,018260,B+,B+,A,B+,2018,,,,,
7014,삼성에스디에스,018260,B+,B+,A,B+,2019,,,,,
7013,삼성에스디에스,018260,A,B+,A+,A,2020,,,,,
7012,삼성에스디에스,018260,A,A,A+,A,2021,,,,,
7011,삼성에스디에스,018260,A,A,A+,A,2022,,,,,
7010,삼성에스디에스,018260,A,A,A+,B+,2023,,,,,
7009,삼성에스디에스,018260,A,B+,A+,A,2024,,,,,
7008,삼성에스디에스,018260,A,A,A+,A,2025,,,,,
7007,삼성엔지니어링,028050,B+,미공개,B+,B+,2012,,,,,
7006,삼성엔지니어링,028050,B+,B+,A,B+,2013,,,,,
7005,삼성엔지니어링,028050,A,A,A,B+,2014,,,,,
7004,삼성엔지니어링,028050,A,A,A,B+,2015,,,,,
7003,삼성엔지니어링,028050,B+,A,B+,B+,2016,,,사회 등급조정(2017.2),,
7002,삼성엔지니어링,028050,A,A,A+,B+,2017,,,,,
7001,삼성엔지니어링,028050,A,A,A+,A,2018,,,,,
7000,삼성엔지니어링,028050,A,A,A+,A,2019,,,,,
6999,삼성엔지니어링,028050,A,A,A+,A,2020,,,,,
6998,삼성엔지니어링,028050,A,A,A+,A,2021,,,,,
6997,삼성엔지니어링,028050,A,A,A+,B+,2022,,,,,
6996,삼성전기,009150,A+,A+,A+,A,2012,,,,,
6995,삼성전기,009150,A+,A+,A+,A,2013,,,,,
6994,삼성전기,009150,A+,A+,A+,A,2014,,,,,
6993,삼성전기,009150,A,A,A,A,2015,,,,,
6992,삼성전기,009150,A+,A+,A+,A+,2016,,,,,
6991,삼성전기,009150,A+,A+,A+,A,2017,,,,,
6990,삼성전기,009150,A,A,A+,A,2018,,,,,
6989,삼성전기,009150,A,A,A+,A,2019,,,,,
6988,삼성전기,009150,A,A,A+,B+,2020,,,,지배구조 등급조정(2021.7),
6987,삼성전기,009150,A,A,A+,B+,2021,,,,지배구조 등급조정(2021.10),
6986,삼성전기,009150,A,A,A+,A,2022,,,,,
6985,삼성전기,009150,A,A,A+,A,2023,,,,,
6984,삼성전기,009150,A,A,A+,A,2024,,,,,
6983,삼성전기,009150,A,A,A+,B+,2025,,,,,
6982,삼성전자,005930,A,A,A,A,2012,,,,,
6981,삼성전자,005930,A,A,B+,A,2013,,,,,
6980,삼성전자,005930,A,A,A+,A,2014,,,,,
6979,삼성전자,005930,A,A+,B+,B+,2015,,,사회 등급조정(2016.2),,
6978,삼성전자,005930,A,A,A+,B+,2016,,,,,
6977,삼성전자,005930,B+,A,A,B,2017,,,사회 등급조정(2017.8),지배구조 등급조정(2017.8),
6976,삼성전자,005930,B+,A,B+,B+,2018,통합 등급조정(2019.4),,사회 등급조정(2019.4),,
6975,삼성전자,005930,B+,B+,B+,B,2019,,,사회 등급조정(2020.1),지배구조 등급조정(2019.10),
6974,삼성전자,005930,B,A,A+,C,2020,"통합 등급조정(2021.4, 2021.7)",,,"지배구조 등급조정(2020.10, 2021.4, 2021.7)",
6973,삼성전자,005930,B+,A,A+,B,2021,통합 등급조정(2021.10),,,지배구조 등급조정(2021.10),
6972,삼성전자,005930,A,A,A+,B+,2022,,,,,
6971,삼성전자,005930,A,A,A+,B+,2023,,,,,
6970,삼성전자,005930,B+,B+,A,B,2024,,,,,
6969,삼성전자,005930,A,B+,A+,B+,2025,,,,,
6968,삼성제약,001360,미공개,미공개,미공개,미공개,2012,,,,,
6967,삼성제약,001360,미공개,미공개,미공개,B,2013,,,,,
6966,삼성제약,001360,미공개,미공개,미공개,B,2014,,,,,
6965,삼성제약,001360,미공개,미공개,미공개,D,2015,,,,,
6964,삼성제약,001360,미공개,미공개,미공개,C,2016,,,,,
6963,삼성제약,001360,미공개,미공개,미공개,C,2017,,,,,
6962,삼성제약,001360,미공개,미공개,미공개,C,2018,,,,,
6961,삼성제약,001360,미공개,B,미공개,D,2019,,,,,
6960,삼성제약,001360,C,B,C,D,2020,,,,,
6959,삼성제약,001360,C,D,C,B,2021,,,,,
6958,삼성제약,001360,D,D,D,D,2022,,,,,
6957,삼성제약,001360,D,D,D,C,2023,,,,,
6956,삼성제약,001360,D,D,D,D,2024,,,,,
6955,삼성제약,001360,D,D,D,D,2025,,,,,
6954,삼성중공업,010140,B+,B+,A+,미공개,2012,,,,,
6953,삼성중공업,010140,B+,B+,A,B,2013,,,,,
6952,삼성중공업,010140,B+,A,A,B,2014,,,,,
6951,삼성중공업,010140,B+,B+,B+,B+,2015,,,,,
6950,삼성중공업,010140,B+,A,A,B,2016,,,,,
6949,삼성중공업,010140,B+,B+,미공개,B+,2017,,,사회 등급조정(2017.8),,
6948,삼성중공업,010140,B+,A,미공개,B,2018,,,,,
6947,삼성중공업,010140,B+,B+,B+,B+,2019,,,사회 등급조정(2020.7),,
6946,삼성중공업,010140,B+,B+,B,A,2020,통합 등급조정(2020.10),,사회 등급조정(2020.10),,
6945,삼성중공업,010140,B+,B,A,B+,2021,,,,,
6944,삼성중공업,010140,B+,B+,B+,B+,2022,,,,,
6943,삼성중공업,010140,A,A,A+,B+,2023,,,,,
6942,삼성중공업,010140,A,A,A,B+,2024,,,,,
6941,삼성중공업,010140,B+,A,B+,B+,2025,통합 등급조정(2026.01.),,사회 등급조정(2026.01.),,
6940,삼성증권,016360,A,B+,A+,A,2012,,,,,
6939,삼성증권,016360,B+,미공개,B+,A,2013,,,,,
6938,삼성증권,016360,B+,미공개,A,A,2014,,,,,
6937,삼성증권,016360,A,미공개,B+,A+,2015,,,,,
6936,삼성증권,016360,A,미공개,B+,A+,2016,,,,,
6935,삼성증권,016360,B+,미공개,B+,A,2017,,,,,
6934,삼성증권,016360,미공개,미공개,A,미공개,2018,통합 등급조정(2019.4),,,지배구조 등급조정(2019.4),
6933,삼성증권,016360,B+,B,A,B,2019,,,,,
6932,삼성증권,016360,B+,B,A+,B,2020,,,,,
6931,삼성증권,016360,A,A,A+,B+,2021,,,,,
6930,삼성증권,016360,A,A,A+,B+,2022,,,,,
6929,삼성증권,016360,B+,A,A+,B,2023,,,,,
6928,삼성증권,016360,A,A+,A,B+,2024,,,,,
6927,삼성증권,016360,A,A,A+,B+,2025,,,,,
6926,삼성출판사,068290,미공개,미공개,미공개,미공개,2012,,,,,
6925,삼성출판사,068290,미공개,미공개,미공개,B,2013,,,,,
6924,삼성출판사,068290,미공개,미공개,미공개,B,2014,,,,,
6923,삼성출판사,068290,미공개,미공개,미공개,B,2015,,,,,
6922,삼성출판사,068290,미공개,미공개,미공개,B,2016,,,,,
6921,삼성출판사,068290,미공개,미공개,미공개,B,2017,,,,,
6920,삼성출판사,068290,미공개,미공개,미공개,B,2018,,,,,
6919,삼성출판사,068290,미공개,미공개,미공개,C,2019,,,,,
6918,삼성출판사,068290,C,D,C,B,2020,,,,,
6917,삼성출판사,068290,C,D,D,B+,2021,,,,,
6916,삼성출판사,068290,C,D,D,B+,2022,,,,,
6915,삼성출판사,068290,C,D,D,B,2023,,,,,
6914,삼성출판사,068290,C,D,D,B+,2024,,,,,
6913,삼성출판사,068290,C,D,C,B,2025,,,,,
6912,삼성카드,029780,미공개,미공개,B+,B+,2012,,,,,
6911,삼성카드,029780,미공개,미공개,B+,B,2013,,,,,
6910,삼성카드,029780,미공개,미공개,B+,B+,2014,,,,,
6909,삼성카드,029780,B+,미공개,미공개,A,2015,,,사회 등급조정(2016.2),,
6908,삼성카드,029780,B+,미공개,B+,A+,2016,,,,,
6907,삼성카드,029780,B+,미공개,미공개,A,2017,,,,,
6906,삼성카드,029780,미공개,미공개,미공개,미공개,2018,,,,,
6905,삼성카드,029780,B,미공개,B+,B+,2019,,,,,
6904,삼성카드,029780,B,D,B+,B+,2020,,,,,
6903,삼성카드,029780,A,A+,A+,A,2021,,,,,
6902,삼성카드,029780,A,A,A+,A,2022,,,,,
6901,삼성카드,029780,A,A+,A+,A,2023,,,,,
6900,삼성카드,029780,A,A+,A+,A,2024,,,,,
6899,삼성카드,029780,A,A,A+,A,2025,,,,,
6898,삼성화재,000810,A,A+,A+,A,2020,,,,,
6897,삼성화재해상보험,000810,A,B+,A,A,2012,,,,,
6896,삼성화재해상보험,000810,A,A,A,A,2013,,,,,
6895,삼성화재해상보험,000810,A,A,A,A,2014,,,,,
6894,삼성화재해상보험,000810,A,A,A,A+,2015,,,,,
6893,삼성화재해상보험,000810,A+,A,A+,A+,2016,,,,,
6892,삼성화재해상보험,000810,A,A,A+,A,2017,,,,,
6891,삼성화재해상보험,000810,A,A+,A+,미공개,2018,,,,,
6890,삼성화재해상보험,000810,A,A+,A+,A,2019,,,,,
6889,삼성화재해상보험,000810,A,A+,A+,B+,2021,,,,,
6888,삼성화재해상보험,000810,A,A,A,A,2022,,,,,
6887,삼성화재해상보험,000810,A,A,A+,A,2023,,,,,
6886,삼성화재해상보험,000810,B+,A,A,B+,2024,,,,,
6885,삼성화재해상보험,000810,A,A,A+,A,2025,,,,,
6884,삼아알미늄,006110,미공개,미공개,미공개,미공개,2012,,,,,
6883,삼아알미늄,006110,미공개,미공개,미공개,B,2013,,,,,
6882,삼아알미늄,006110,미공개,미공개,미공개,B,2014,,,,,
6881,삼아알미늄,006110,미공개,미공개,미공개,B,2015,,,,,
6880,삼아알미늄,006110,미공개,미공개,미공개,B,2016,,,,,
6879,삼아알미늄,006110,미공개,B+,미공개,B,2017,,,,,
6878,삼아알미늄,006110,미공개,미공개,미공개,B,2018,,,,,
6877,삼아알미늄,006110,B,B+,미공개,B,2019,,,,,
6876,삼아알미늄,006110,B,B,C,B,2020,,,,,
6875,삼아알미늄,006110,B,B,C,B+,2021,,,,,
6874,삼아알미늄,006110,C,D,D,B,2022,,,,,
6873,삼아알미늄,006110,C,C,D,C,2023,,,,,
6872,삼아알미늄,006110,C,C,D,C,2024,,,,,
6871,삼아알미늄,006110,D,C,C,D,2025,,,,,
6870,삼양사,145990,미공개,미공개,B+,미공개,2012,,,,,
6869,삼양사,145990,B+,B+,B+,B,2013,,,,,
6868,삼양사,145990,B+,B+,B+,B,2014,,,,,
6867,삼양사,145990,미공개,B+,B+,C,2015,,,,,
6866,삼양사,145990,미공개,미공개,B+,C,2016,,환경 등급조정(2017.2),,,
6865,삼양사,145990,미공개,미공개,B+,B,2017,,,,,
6864,삼양사,145990,B+,B+,B+,B,2018,,,,,
6863,삼양사,145990,B+,B+,B+,B,2019,,,,,
6862,삼양사,145990,B+,B+,B+,B,2020,,,,,
6861,삼양사,145990,A,A,A,B+,2021,,,,,
6860,삼양사,145990,B+,B+,A,B,2022,,,,,
6859,삼양사,145990,B+,A+,A,B,2023,,,,,
6858,삼양사,145990,A,A+,A+,B+,2024,,,,,
6857,삼양사,145990,B+,A,B+,B+,2025,통합 등급조정(2026.04.),,사회 등급조정(2026.04.),,
6856,삼양식품,003230,미공개,미공개,미공개,미공개,2012,,,,,
6855,삼양식품,003230,미공개,미공개,미공개,C,2013,,,,,
6854,삼양식품,003230,미공개,미공개,미공개,C,2014,,,,,
6853,삼양식품,003230,미공개,미공개,미공개,C,2015,,,,,
6852,삼양식품,003230,미공개,B+,미공개,D,2016,,,,,
6851,삼양식품,003230,미공개,미공개,B+,B,2017,,,,,
6850,삼양식품,003230,미공개,미공개,미공개,D,2018,,,,,
6849,삼양식품,003230,미공개,미공개,B,D,2019,,,,,
6848,삼양식품,003230,B,B,B,B,2020,,,,,
6847,삼양식품,003230,A,A,A+,A,2021,,,,,
6846,삼양식품,003230,B+,A,A+,B,2022,,,,,
6845,삼양식품,003230,A,A,A+,A,2023,,,,,
6844,삼양식품,003230,A,A,A+,A,2024,,,,,
6843,삼양식품,003230,A+,A+,A+,A,2025,,,,,
6842,삼양엔텍,008720,미공개,미공개,미공개,미공개,2012,,,,,
6841,삼양엔텍,008720,미공개,미공개,미공개,C,2013,,,,,
6840,삼양엔텍,008720,미공개,미공개,미공개,C,2014,,,,,
6839,삼양제넥스,003940,B+,B+,B+,미공개,2012,,,,,
6838,삼양제넥스,003940,B+,B+,B+,B,2013,,,,,
6837,삼양제넥스,003940,B+,B+,B+,B+,2014,,,,,
6836,삼양제넥스,003940,B+,B+,미공개,B+,2015,,,,,
6835,삼양케이씨아이,036670,A,A,A+,B+,2025,,,,,
6834,삼양패키징,272550,B+,B,B+,B+,2019,,,,,
6833,삼양패키징,272550,C,C,B+,C,2020,,,,,
6832,삼양패키징,272550,B+,B,B+,B+,2021,,,,,
6831,삼양패키징,272550,B,C,B+,B,2022,,,,,
6830,삼양패키징,272550,B,B+,B+,C,2023,,,,,
6829,삼양패키징,272550,B,A,A,C,2024,,,,,
6828,삼양패키징,272550,B,B+,A,C,2025,,,,,
6827,삼양홀딩스,000070,미공개,B+,미공개,미공개,2012,,,,,
6826,삼양홀딩스,000070,미공개,미공개,미공개,B,2013,,,,,
6825,삼양홀딩스,000070,미공개,미공개,미공개,C,2014,,,,,
6824,삼양홀딩스,000070,미공개,미공개,미공개,C,2015,,,,,
6823,삼양홀딩스,000070,미공개,미공개,미공개,C,2016,,,,,
6822,삼양홀딩스,000070,미공개,미공개,미공개,B,2017,,,,,
6821,삼양홀딩스,000070,미공개,미공개,B+,B,2018,,,,,
6820,삼양홀딩스,000070,미공개,B,B+,D,2019,,,,,
6819,삼양홀딩스,000070,B+,B,B+,B+,2020,,,,,
6818,삼양홀딩스,000070,B+,A,A,B,2021,,,,,
6817,삼양홀딩스,000070,B+,B+,A,B,2022,,,,,
6816,삼양홀딩스,000070,B+,A,A,B+,2023,,,,,
6815,삼양홀딩스,000070,A,A,A+,B+,2024,,,,,
6814,삼양홀딩스,000070,B+,A,A,B,2025,,,,,
6813,삼영,003720,C,C,D,C,2023,,,,,
6812,삼영,003720,D,C,D,D,2024,,,,,
6811,삼영,003720,D,C,D,D,2025,,,,,
6810,삼영무역,002810,미공개,미공개,미공개,미공개,2012,,,,,
6809,삼영무역,002810,미공개,미공개,미공개,B,2013,,,,,
6808,삼영무역,002810,미공개,미공개,미공개,B,2014,,,,,
6807,삼영무역,002810,미공개,미공개,미공개,B,2015,,,,,
6806,삼영무역,002810,미공개,미공개,미공개,B,2016,,,,,
6805,삼영무역,002810,미공개,미공개,미공개,B,2017,,,,,
6804,삼영무역,002810,미공개,미공개,미공개,C,2018,,,,,
6803,삼영무역,002810,미공개,미공개,미공개,C,2019,,,,,
6802,삼영무역,002810,C,D,C,C,2020,,,,,
6801,삼영무역,002810,B,D,C,B+,2021,,,,,
6800,삼영무역,002810,B,D,C,B+,2022,,,,,
6799,삼영무역,002810,C,D,D,B+,2023,,,,,
6798,삼영무역,002810,C,D,D,B+,2024,,,,,
6797,삼영무역,002810,C,D,D,B,2025,,,,,
6796,삼영전자공업,005680,B+,B+,B+,미공개,2012,,,,,
6795,삼영전자공업,005680,B+,B+,B+,B,2013,,,,,
6794,삼영전자공업,005680,미공개,B+,미공개,B,2014,,,,,
6793,삼영전자공업,005680,미공개,B+,미공개,B,2015,,,,,
6792,삼영전자공업,005680,B+,B+,미공개,B+,2016,,,,,
6791,삼영전자공업,005680,미공개,B+,미공개,B,2017,,,,,
6790,삼영전자공업,005680,미공개,B+,미공개,B,2018,,,,,
6789,삼영전자공업,005680,B,B,B+,B,2019,,,,,
6788,삼영전자공업,005680,B+,B+,B+,B,2020,,,,,
6787,삼영전자공업,005680,B,B,B,B+,2021,,,,,
6786,삼영전자공업,005680,C,C,D,C,2022,,,,,
6785,삼영전자공업,005680,D,C,C,D,2023,,,,,
6784,삼영전자공업,005680,C,C,D,C,2024,,,,,
6783,삼영전자공업,005680,D,C,C,D,2025,,,,,
6782,삼영화학공업,003720,미공개,미공개,미공개,미공개,2012,,,,,
6781,삼영화학공업,003720,미공개,미공개,미공개,B,2013,,,,,
6780,삼영화학공업,003720,미공개,미공개,미공개,B,2014,,,,,
6779,삼영화학공업,003720,미공개,미공개,미공개,B,2015,,,,,
6778,삼영화학공업,003720,미공개,B+,미공개,C,2016,,,,,
6777,삼영화학공업,003720,미공개,B+,미공개,C,2017,,,,,
6776,삼영화학공업,003720,미공개,B+,미공개,B,2018,,,,,
6775,삼영화학공업,003720,B,B,미공개,B,2019,,,,,
6774,삼영화학공업,003720,C,B,C,C,2020,,,,,
6773,삼영화학공업,003720,B,B,C,B,2021,,,,,
6772,삼영화학공업,003720,C,C,D,C,2022,,,,,
6771,삼원강재,023000,미공개,미공개,미공개,미공개,2012,,,,,
6770,삼원강재,023000,미공개,미공개,미공개,C,2013,,,,,
6769,삼원강재,023000,미공개,B+,미공개,C,2014,,,,,
6768,삼원강재,023000,미공개,B+,미공개,C,2015,,,,,
6767,삼원강재,023000,미공개,B+,미공개,C,2016,,,,,
6766,삼원강재,023000,미공개,B+,미공개,B,2017,,,,,
6765,삼원강재,023000,미공개,B+,미공개,B,2018,,,,,
6764,삼원강재,023000,B,B,미공개,B,2019,,,,,
6763,삼원강재,023000,B,B+,C,B,2020,,,,,
6762,삼원강재,023000,C,B,D,B,2021,,,,,
6761,삼원강재,023000,C,C,D,C,2022,,,,,
6760,삼원강재,023000,B,B,B,B+,2023,,,,,
6759,삼원강재,023000,B+,B+,B+,A,2024,,,,,
6758,삼원강재,023000,B+,B+,B+,A,2025,,,,,
6757,삼익THK,004380,미공개,미공개,미공개,미공개,2012,,,,,
6756,삼익THK,004380,미공개,미공개,미공개,B,2013,,,,,
6755,삼익THK,004380,미공개,미공개,미공개,C,2014,,,,,
6754,삼익THK,004380,미공개,미공개,미공개,B,2015,,,,,
6753,삼익THK,004380,미공개,미공개,미공개,C,2016,,,,,
6752,삼익THK,004380,미공개,미공개,미공개,B,2017,,,,,
6751,삼익THK,004380,미공개,미공개,미공개,B,2018,,,,,
6750,삼익THK,004380,미공개,B,B,C,2019,,,,,
6749,삼익THK,004380,B+,B,B,B+,2020,,,,,
6748,삼익THK,004380,B+,B,B,B+,2021,,,,,
6747,삼익THK,004380,C,C,C,C,2022,,,,,
6746,삼익THK,004380,C,C,C,B,2023,,,,,
6745,삼익THK,004380,C,C,C,B,2024,,,,,
6744,삼익THK,004380,C,C,C,C,2025,,,,,
6743,삼익악기,002450,미공개,미공개,미공개,미공개,2012,,,,,
6742,삼익악기,002450,미공개,미공개,미공개,C,2013,,,,,
6741,삼익악기,002450,미공개,미공개,미공개,C,2014,,,,,
6740,삼익악기,002450,미공개,미공개,미공개,C,2015,,,,,
6739,삼익악기,002450,미공개,미공개,미공개,D,2016,,,,,
6738,삼익악기,002450,미공개,미공개,미공개,B,2017,,,,,
6737,삼익악기,002450,미공개,미공개,미공개,C,2018,,,,,
6736,삼익악기,002450,미공개,미공개,미공개,C,2019,,,,,
6735,삼익악기,002450,C,D,C,B,2020,,,,,
6734,삼익악기,002450,C,D,C,B+,2021,,,,,
6733,삼익악기,002450,D,C,D,D,2022,,,,,
6732,삼익악기,002450,C,C,D,C,2023,,,,,
6731,삼익악기,002450,D,D,D,D,2024,,,,,
6730,삼익악기,002450,D,D,D,D,2025,,,,,
6729,삼일씨엔에스,004440,B,C,B,B+,2021,,,,,
6728,삼일씨엔에스,004440,D,D,D,D,2022,,,,,
6727,삼일씨엔에스,004440,D,C,D,D,2023,,,,,
6726,삼일씨엔에스,004440,C,C,D,C,2024,,,,,
6725,삼일씨엔에스,004440,D,C,D,D,2025,,,,,
6724,삼일제약,000520,미공개,미공개,미공개,미공개,2012,,,,,
6723,삼일제약,000520,미공개,미공개,미공개,C,2013,,,,,
6722,삼일제약,000520,미공개,미공개,미공개,B,2014,,,,,
6721,삼일제약,000520,미공개,미공개,미공개,B,2015,,,,,
6720,삼일제약,000520,미공개,미공개,미공개,C,2016,,,,,
6719,삼일제약,000520,미공개,미공개,미공개,B,2017,,,,,
6718,삼일제약,000520,미공개,미공개,미공개,B,2018,,,,,
6717,삼일제약,000520,미공개,미공개,미공개,B,2019,,,,,
6716,삼일제약,000520,B,D,B+,B,2020,,,,,
6715,삼일제약,000520,B,D,B,B+,2021,,,,,
6714,삼일제약,000520,D,D,D,C,2022,,,,,
6713,삼일제약,000520,C,D,C,C,2023,,,,,
6712,삼일제약,000520,C,D,C,B,2024,,,,,
6711,삼일제약,000520,C,B,C,C,2025,,,,,
6710,삼정펄프,009770,미공개,미공개,미공개,미공개,2012,,,,,
6709,삼정펄프,009770,미공개,미공개,미공개,B,2013,,,,,
6708,삼정펄프,009770,미공개,미공개,미공개,B,2014,,,,,
6707,삼정펄프,009770,미공개,미공개,미공개,B,2015,,,,,
6706,삼정펄프,009770,미공개,미공개,미공개,B,2016,,,,,
6705,삼정펄프,009770,미공개,미공개,미공개,B,2017,,,,,
6704,삼정펄프,009770,미공개,미공개,미공개,C,2018,,,,,
6703,삼정펄프,009770,미공개,미공개,B,C,2019,,,,,
6702,삼정펄프,009770,C,C,B,C,2020,,,,,
6701,삼정펄프,009770,C,C,D,B,2021,,,,,
6700,삼정펄프,009770,D,D,C,D,2022,,,,,
6699,삼정펄프,009770,D,C,C,D,2023,,,,,
6698,삼정펄프,009770,D,C,D,D,2024,,,,,
6697,삼정펄프,009770,D,C,C,D,2025,,,,,
6696,삼진제약,005500,미공개,미공개,미공개,미공개,2012,,,,,
6695,삼진제약,005500,미공개,미공개,미공개,B,2013,,,,,
6694,삼진제약,005500,미공개,미공개,미공개,B,2014,,,,,
6693,삼진제약,005500,미공개,미공개,미공개,B,2015,,,,,
6692,삼진제약,005500,미공개,미공개,미공개,B,2016,,,,,
6691,삼진제약,005500,미공개,미공개,미공개,B,2017,,,,,
6690,삼진제약,005500,미공개,미공개,B+,B,2018,,,,,
6689,삼진제약,005500,B,미공개,B+,B,2019,,,,,
6688,삼진제약,005500,B,D,B+,B,2020,,,,,
6687,삼진제약,005500,B,D,B,B+,2021,,,,,
6686,삼진제약,005500,D,D,D,D,2022,,,,,
6685,삼진제약,005500,C,D,D,B+,2023,,,,,
6684,삼진제약,005500,B,C,B,B+,2024,,,,,
6683,삼진제약,005500,B+,B,B+,B+,2025,,,,,
6682,삼천당제약,000250,미공개,미공개,B,C,2019,,,,,
6681,삼천당제약,000250,C,D,B,C,2020,,,,,
6680,삼천당제약,000250,C,D,B,B,2021,,,,,
6679,삼천당제약,000250,D,D,D,C,2022,,,,,
6678,삼천당제약,000250,D,D,D,D,2023,,,,,
6677,삼천당제약,000250,D,C,D,D,2024,,,,,
6676,삼천당제약,000250,D,D,D,C,2025,,,,,
6675,삼천리,004690,B+,미공개,B+,B+,2012,,,,,
6674,삼천리,004690,B+,미공개,B+,B+,2013,,,,,
6673,삼천리,004690,B+,B+,B+,B+,2014,,,,,
6672,삼천리,004690,미공개,B+,B+,C,2015,,,,,
6671,삼천리,004690,B+,B+,B+,B+,2016,,,,,
6670,삼천리,004690,B+,B+,B+,B,2017,,,,,
6669,삼천리,004690,B+,B+,B+,B+,2018,,,,,
6668,삼천리,004690,B+,B,A,B+,2019,,,,,
6667,삼천리,004690,B+,B+,A,B+,2020,,,,,
6666,삼천리,004690,B+,B,A,B+,2021,,,,,
6665,삼천리,004690,C,C,B+,C,2022,,,,,
6664,삼천리,004690,C,B,B,C,2023,,,,,
6663,삼천리,004690,C,B,B+,C,2024,,,,,
6662,삼천리,004690,C,B+,B+,D,2025,,,,,
6661,삼표시멘트,038500,B+,B+,B,B+,2020,,,,,
6660,삼표시멘트,038500,B,B,D,A,2021,,,,,
6659,삼표시멘트,038500,C,B,B,C,2022,,,,,
6658,삼표시멘트,038500,A,A,A+,A,2023,,,,,
6657,삼표시멘트,038500,A,A,A+,A,2024,,,,,
6656,삼표시멘트,038500,A,A,A+,A,2025,,,,,
6655,삼호,001880,미공개,미공개,B+,미공개,2012,,,,,
6654,삼호,001880,미공개,미공개,B+,C,2013,,,,,
6653,삼호,001880,B+,B+,B+,B,2014,,,,,
6652,삼호,001880,미공개,B+,미공개,B,2015,,,,,
6651,삼호,001880,미공개,미공개,미공개,B,2016,,,,,
6650,삼호,001880,미공개,미공개,미공개,B,2017,,,,,
6649,삼호,001880,미공개,미공개,미공개,B,2018,,,,,
6648,삼호,001880,B+,B,B+,B+,2019,,,,,
6647,삼호,001880,B,B,B+,B,2020,,,,,
6646,삼호개발,010960,미공개,미공개,미공개,미공개,2012,,,,,
6645,삼호개발,010960,미공개,미공개,미공개,B,2013,,,,,
6644,삼호개발,010960,미공개,미공개,미공개,B,2014,,,,,
6643,삼호개발,010960,미공개,미공개,미공개,C,2015,,,,,
6642,삼호개발,010960,미공개,미공개,미공개,B,2016,,,,,
6641,삼호개발,010960,미공개,미공개,미공개,B,2017,,,,,
6640,삼호개발,010960,미공개,미공개,미공개,C,2018,,,,,
6639,삼호개발,010960,미공개,미공개,미공개,B,2019,,,,,
6638,삼호개발,010960,D,D,C,C,2020,,,,,
6637,삼호개발,010960,C,D,D,B,2021,,,,,
6636,삼호개발,010960,B,C,B+,B,2022,,,,,
6635,삼호개발,010960,B+,B,A,B+,2023,,,,,
6634,삼호개발,010960,B+,B+,A,B+,2024,,,,,
6633,삼호개발,010960,B+,B+,B+,B,2025,,,,,
6632,삼화왕관,004450,미공개,미공개,미공개,미공개,2012,,,,,
6631,삼화왕관,004450,미공개,미공개,미공개,C,2013,,,,,
6630,삼화왕관,004450,미공개,미공개,미공개,C,2014,,,,,
6629,삼화왕관,004450,미공개,미공개,미공개,C,2015,,,,,
6628,삼화왕관,004450,미공개,미공개,미공개,C,2016,,,,,
6627,삼화왕관,004450,미공개,미공개,미공개,B,2017,,,,,
6626,삼화왕관,004450,미공개,미공개,미공개,B,2018,,,,,
6625,삼화왕관,004450,B,B+,미공개,B,2019,,,,,
6624,삼화왕관,004450,B,B,C,B,2020,,,,,
6623,삼화왕관,004450,B,B,C,B,2021,,,,,
6622,삼화왕관,004450,D,D,D,D,2022,,,,,
6621,삼화왕관,004450,D,C,D,D,2023,,,,,
6620,삼화왕관,004450,C,C,D,C,2024,,,,,
6619,삼화왕관,004450,D,C,D,D,2025,,,,,
6618,삼화전기,009470,미공개,미공개,미공개,미공개,2012,,,,,
6617,삼화전기,009470,미공개,미공개,미공개,B,2013,,,,,
6616,삼화전기,009470,미공개,B+,미공개,B,2014,,,,,
6615,삼화전기,009470,미공개,미공개,미공개,B,2015,,,,,
6614,삼화전기,009470,미공개,미공개,미공개,B,2016,,,,,
6613,삼화전기,009470,미공개,미공개,미공개,B,2017,,,,,
6612,삼화전기,009470,미공개,미공개,미공개,B,2018,,,,,
6611,삼화전기,009470,미공개,미공개,미공개,B,2019,,,,,
6610,삼화전기,009470,C,C,B,B,2020,,,,,
6609,삼화전기,009470,C,C,C,B,2021,,,,,
6608,삼화전기,009470,D,D,D,D,2022,,,,,
6607,삼화전기,009470,D,C,C,D,2023,,,,,
6606,삼화전기,009470,D,C,C,D,2024,,,,,
6605,삼화전기,009470,D,C,C,D,2025,,,,,
6604,삼화전자공업,011230,미공개,미공개,미공개,미공개,2012,,,,,
6603,삼화전자공업,011230,미공개,미공개,미공개,C,2013,,,,,
6602,삼화전자공업,011230,미공개,미공개,미공개,C,2014,,,,,
6601,삼화전자공업,011230,미공개,미공개,미공개,C,2015,,,,,
6600,삼화전자공업,011230,미공개,미공개,미공개,C,2016,,,,,
6599,삼화전자공업,011230,미공개,미공개,미공개,C,2017,,,,,
6598,삼화전자공업,011230,미공개,미공개,미공개,C,2018,,,,,
6597,삼화전자공업,011230,미공개,미공개,B,B,2019,,,,,
6596,삼화전자공업,011230,D,D,C,C,2020,,,,,
6595,삼화전자공업,011230,C,C,C,B,2021,,,,,
6594,삼화전자공업,011230,D,D,D,D,2022,,,,,
6593,삼화전자공업,011230,D,D,D,D,2023,,,,,
6592,삼화전자공업,011230,D,D,D,D,2024,,,,,
6591,삼화전자공업,011230,D,D,D,D,2025,,,,,
6590,삼화콘덴서공업,001820,미공개,미공개,미공개,미공개,2012,,,,,
6589,삼화콘덴서공업,001820,미공개,미공개,미공개,B,2013,,,,,
6588,삼화콘덴서공업,001820,미공개,미공개,미공개,B,2014,,,,,
6587,삼화콘덴서공업,001820,미공개,미공개,미공개,B,2015,,,,,
6586,삼화콘덴서공업,001820,미공개,미공개,미공개,B,2016,,,,,
6585,삼화콘덴서공업,001820,미공개,미공개,미공개,C,2017,,,,,
6584,삼화콘덴서공업,001820,미공개,미공개,미공개,B,2018,,,,,
6583,삼화콘덴서공업,001820,B,B,B,B,2019,,,,,
6582,삼화콘덴서공업,001820,B,B,B,B,2020,,,,,
6581,삼화콘덴서공업,001820,C,C,B,B,2021,,,,,
6580,삼화콘덴서공업,001820,D,D,C,D,2022,,,,,
6579,삼화콘덴서공업,001820,D,C,C,D,2023,,,,,
6578,삼화콘덴서공업,001820,C,C,C,C,2024,,,,,
6577,삼화콘덴서공업,001820,C,C,C,C,2025,,,,,
6576,삼환기업,000360,미공개,미공개,미공개,미공개,2012,,,,,
6575,삼환기업,000360,미공개,미공개,미공개,C,2014,,,,,
6574,상상인,038540,미공개,미공개,미공개,C,2019,,,,,
6573,상상인,038540,C,D,C,C,2020,,,,지배구조 등급조정(2020.10),
6572,상상인,038540,D,D,D,C,2021,,,,,
6571,상상인,038540,D,D,D,D,2022,,,,,
6570,상상인,038540,D,D,C,D,2023,,,,,
6569,상상인증권,001290,미공개,미공개,B,D,2019,,,,,
6568,상상인증권,001290,C,D,B,C,2020,,,,,
6567,상상인증권,001290,C,D,B,D,2021,,,,,
6566,상상인증권,001290,D,D,C,D,2022,,,,,
6565,상상인증권,001290,D,D,C,D,2023,,,,,
6564,상상인증권,001290,C,D,C,C,2024,,,,,
6563,상상인증권,001290,B,D,B,B,2025,,,,,
6562,상신브레이크,041650,미공개,미공개,미공개,미공개,2012,,,,,
6561,상신브레이크,041650,미공개,미공개,미공개,B,2013,,,,,
6560,상신브레이크,041650,미공개,미공개,미공개,B,2014,,,,,
6559,상신브레이크,041650,미공개,미공개,미공개,B,2015,,,,,
6558,상신브레이크,041650,미공개,미공개,미공개,B,2016,,,사회 등급조정(2016.8),,
6557,상신브레이크,041650,미공개,미공개,미공개,B,2017,,,,,
6556,상신브레이크,041650,미공개,미공개,미공개,B,2018,,,,,
6555,상신브레이크,041650,B,B,B,B,2019,,,,,
6554,상신브레이크,041650,B,B,B,B,2020,,,,,
6553,상신브레이크,041650,B,B,B,B,2021,,,,,
6552,상신브레이크,041650,D,D,C,C,2022,,,,,
6551,상신브레이크,041650,C,D,B,C,2023,,,,,
6550,상신브레이크,041650,C,C,C,C,2024,,,,,
6549,상신브레이크,041650,B,B,B,B,2025,,,,,
6548,상아프론테크,089980,C,C,B,B,2021,,,,,
6547,상아프론테크,089980,C,C,B+,C,2022,,,,,
6546,상아프론테크,089980,C,B,B,D,2023,,,,,
6545,상아프론테크,089980,B,B+,B+,C,2024,,,,,
6544,새론오토모티브,075180,미공개,B+,미공개,미공개,2012,,,,,
6543,새론오토모티브,075180,미공개,B+,미공개,C,2013,,,,,
6542,새론오토모티브,075180,미공개,B+,B+,C,2014,,,,,
6541,새론오토모티브,075180,미공개,B+,미공개,C,2015,,,,,
6540,새론오토모티브,075180,미공개,B+,미공개,C,2016,,,,,
6539,새론오토모티브,075180,미공개,B+,미공개,C,2017,,,,,
6538,새론오토모티브,075180,미공개,B+,미공개,B,2018,,,,,
6537,새론오토모티브,075180,미공개,B,미공개,C,2019,,,,,
6536,새론오토모티브,075180,B,B,B,B,2020,,,,,
6535,새론오토모티브,075180,C,C,C,B,2021,,,,,
6534,새론오토모티브,075180,D,D,C,C,2022,,,,,
6533,새론오토모티브,075180,D,C,D,D,2023,,,,,
6532,새론오토모티브,075180,D,C,D,D,2024,,,,,
6531,새론오토모티브,075180,D,C,D,D,2025,,,,,
6530,샘표,007540,미공개,B+,미공개,미공개,2012,,,,,
6529,샘표,007540,미공개,B+,미공개,B,2013,,,,,
6528,샘표,007540,미공개,미공개,미공개,B,2014,,,,,
6527,샘표,007540,미공개,미공개,미공개,B,2015,,,,,
6526,샘표,007540,미공개,미공개,미공개,C,2016,,,,,
6525,샘표,007540,미공개,미공개,미공개,C,2017,,,,,
6524,샘표,007540,미공개,미공개,미공개,B,2018,,,,,
6523,샘표,007540,미공개,B,B+,C,2019,,,,,
6522,샘표,007540,C,B,B+,C,2020,,,,,
6521,샘표,007540,B,B,B+,B,2021,,,,,
6520,샘표,007540,C,D,C,C,2022,,,,,
6519,샘표,007540,C,C,B,D,2023,,,,,
6518,샘표,007540,C,C,B+,C,2024,,,,,
6517,샘표,007540,C,B,B+,D,2025,,,,,
6516,샘표식품,248170,미공개,미공개,미공개,C,2017,,,,,
6515,샘표식품,248170,B+,B+,B+,B,2018,,,,,
6514,샘표식품,248170,B+,B+,B+,B,2019,,,,,
6513,샘표식품,248170,C,B,B+,C,2020,,,,,
6512,샘표식품,248170,B,B,B+,B,2021,,,,,
6511,샘표식품,248170,C,D,C,C,2022,,,,,
6510,샘표식품,248170,C,C,B,D,2023,,,,,
6509,샘표식품,248170,C,C,B+,D,2024,,,,,
6508,샘표식품,248170,C,B,B+,D,2025,,,,,
6507,서부T&D,006730,미공개,미공개,미공개,C,2019,,,,,
6506,서부T&D,006730,C,D,C,B,2020,,,,,
6505,서부T&D,006730,C,D,C,B,2021,,,,,
6504,서부T&D,006730,D,D,D,C,2022,,,,,
6503,서부T&D,006730,D,D,D,D,2023,,,,,
6502,서부T&D,006730,D,C,D,D,2024,,,,,
6501,서부T&D,006730,D,C,D,D,2025,,,,,
6500,서연,007860,미공개,미공개,미공개,미공개,2012,,,,,
6499,서연,007860,미공개,미공개,미공개,B,2013,,,,,
6498,서연,007860,미공개,미공개,미공개,B,2014,,,,,
6497,서연,007860,미공개,미공개,미공개,C,2015,,,,지배구조 등급조정(2015.8),
6496,서연,007860,미공개,미공개,미공개,C,2016,,,,,
6495,서연,007860,미공개,미공개,미공개,D,2017,통합 등급조정(2018.3),,,지배구조 등급조정(2018.3),
6494,서연,007860,미공개,미공개,미공개,B,2018,,,,,
6493,서연,007860,B+,미공개,B+,B+,2019,,,,,
6492,서연,007860,B+,C,B+,B+,2020,,,,,
6491,서연,007860,B+,B+,A,B+,2021,,,,,
6490,서연,007860,B+,B,A,B,2022,,,,,
6489,서연,007860,B+,B+,A,B+,2023,,,,,
6488,서연,007860,B+,B+,A,B+,2024,,,,,
6487,서연,007860,B+,B+,A,B+,2025,,,,,
6486,서연이화,200880,미공개,미공개,미공개,C,2016,,,,,
6485,서연이화,200880,B+,미공개,B+,B+,2017,,,,,
6484,서연이화,200880,B+,미공개,B+,B+,2018,,,,,
6483,서연이화,200880,B+,B,B+,B+,2019,,,,,
6482,서연이화,200880,B+,B,B+,B+,2020,,,,,
6481,서연이화,200880,A,B+,A,A,2021,,,,,
6480,서연이화,200880,B+,B,A,B+,2022,,,,,
6479,서연이화,200880,B+,B+,A,B,2023,,,,,
6478,서연이화,200880,B+,B+,A,B+,2024,,,,,
6477,서연이화,200880,B+,B+,A,B,2025,,,,,
6476,서울도시가스,017390,미공개,미공개,미공개,B+,2012,,,,,
6475,서울도시가스,017390,미공개,미공개,B+,B,2013,,,,,
6474,서울도시가스,017390,미공개,미공개,미공개,B+,2014,,,,,
6473,서울도시가스,017390,미공개,미공개,미공개,B+,2015,,,,,
6472,서울도시가스,017390,B+,미공개,B+,B+,2016,,,,,
6471,서울도시가스,017390,미공개,미공개,미공개,B+,2017,,,,,
6470,서울도시가스,017390,미공개,미공개,미공개,B,2018,,,,,
6469,서울도시가스,017390,B,미공개,B+,B,2019,,,,,
6468,서울도시가스,017390,B,C,B+,B,2020,,,,,
6467,서울도시가스,017390,B+,C,B+,A,2021,,,,,
6466,서울도시가스,017390,C,D,B,C,2022,,,,,
6465,서울도시가스,017390,C,C,B,C,2023,,,,,
6464,서울도시가스,017390,C,C,C,C,2024,,,,,
6463,서울도시가스,017390,C,C,B,D,2025,,,,,
6462,서울바이오시스,092190,D,D,C,C,2022,,,,,
6461,서울반도체,046890,B,B+,B,B,2019,,,,,
6460,서울반도체,046890,C,B,B+,C,2020,,,,,
6459,서울반도체,046890,B+,B,B+,B+,2021,,,,,
6458,서울반도체,046890,B,D,B+,B+,2022,,,,,
6457,서울반도체,046890,C,C,B,C,2023,,,,,
6456,서울반도체,046890,C,C,D,C,2024,,,,,
6455,서울반도체,046890,C,C,B,D,2025,,,,,
6454,서울보증보험,813002,등급없음,등급없음,등급없음,B,2019,,,,,
6453,서울보증보험,813002,등급없음,등급없음,등급없음,B+,2020,,,,,
6452,서울보증보험,813002,등급없음,등급없음,등급없음,B+,2021,,,,,
6451,서울보증보험,813002,등급없음,등급없음,등급없음,B,2022,,,,,
6450,서울보증보험,813002,등급없음,등급없음,등급없음,B,2023,,,,,
6449,서울보증보험,813002,등급없음,등급없음,등급없음,B,2024,,,,,
6448,서울보증보험,031210,등급없음,등급없음,등급없음,B,2025,,,,,
6447,서울식품공업,004410,미공개,미공개,미공개,미공개,2012,,,,,
6446,서울식품공업,004410,미공개,미공개,미공개,B,2013,,,,,
6445,서울식품공업,004410,미공개,미공개,미공개,B,2014,,,,,
6444,서울식품공업,004410,미공개,미공개,미공개,B,2015,,,,,
6443,서울식품공업,004410,미공개,미공개,미공개,B,2016,,,,,
6442,서울식품공업,004410,미공개,미공개,미공개,B,2017,,,,,
6441,서울식품공업,004410,미공개,미공개,미공개,B,2018,,,,,
6440,서울식품공업,004410,미공개,B,B,C,2019,,,,,
6439,서울식품공업,004410,B,B,B,B,2020,,,,,
6438,서울식품공업,004410,B+,B,B,B+,2021,,,,,
6437,서울식품공업,004410,D,D,D,D,2022,,,,,
6436,서울식품공업,004410,D,C,D,D,2023,,,,,
6435,서울식품공업,004410,D,C,D,D,2024,,,,,
6434,서울식품공업,004410,D,C,D,D,2025,,,,,
6433,서원,021050,미공개,미공개,미공개,미공개,2012,,,,,
6432,서원,021050,미공개,미공개,미공개,B,2013,,,,,
6431,서원,021050,미공개,미공개,미공개,B,2014,,,,,
6430,서원,021050,미공개,미공개,미공개,B,2015,,,,,
6429,서원,021050,미공개,B+,미공개,B,2016,,,,,
6428,서원,021050,미공개,B+,미공개,B,2017,,,,,
6427,서원,021050,미공개,B+,미공개,B,2018,,,,,
6426,서원,021050,B,B,미공개,B,2019,,,,,
6425,서원,021050,B,B,C,B,2020,,,,,
6424,서원,021050,B,B,C,B+,2021,,,,,
6423,서원,021050,C,C,D,C,2022,,,,,
6422,서원,021050,C,C,D,C,2023,,,,,
6421,서원,021050,C,C,D,C,2024,,,,,
6420,서원,021050,C,C,D,C,2025,,,,,
6419,서진시스템,178320,C,C,C,B,2021,,,,,
6418,서진시스템,178320,D,D,D,D,2022,,,,,
6417,서진시스템,178320,D,C,D,D,2023,,,,,
6416,서진시스템,178320,D,C,C,D,2024,,,,,
6415,서진시스템,178320,C,C,B,D,2025,,,,,
6414,서흥,008490,미공개,미공개,미공개,미공개,2012,,,,,
6413,서흥,008490,미공개,미공개,미공개,B,2013,,,,,
6412,서흥,008490,미공개,미공개,미공개,B,2014,,,,,
6411,서흥,008490,미공개,미공개,미공개,B,2015,,,,,
6410,서흥,008490,미공개,미공개,미공개,C,2016,,,,,
6409,서흥,008490,미공개,미공개,미공개,B,2017,,,,,
6408,서흥,008490,미공개,미공개,미공개,B,2018,,,,,
6407,서흥,008490,미공개,미공개,미공개,C,2019,,,,,
6406,서흥,008490,C,C,C,B,2020,,,,,
6405,서흥,008490,B,C,B,B+,2021,,,,,
6404,서흥,008490,B,C,B,B+,2022,,,,,
6403,서흥,008490,B+,B+,A,B,2023,,,,,
6402,서흥,008490,C,B+,A,D,2024,,,,,
6401,서흥,008490,B,B+,A,C,2025,,,,,
6400,선도전기,007610,미공개,미공개,미공개,미공개,2012,,,,,
6399,선도전기,007610,미공개,미공개,미공개,C,2013,,,,,
6398,선도전기,007610,미공개,미공개,미공개,B,2014,,,,,
6397,선도전기,007610,미공개,미공개,미공개,B,2015,,,,,
6396,선도전기,007610,미공개,미공개,미공개,B,2016,,,,,
6395,선도전기,007610,미공개,미공개,미공개,B,2017,,,,,
6394,선도전기,007610,미공개,미공개,미공개,B,2018,,,,,
6393,선도전기,007610,미공개,B,B,C,2019,,,,,
6392,선도전기,007610,B,B,C,B,2020,,,,,
6391,선도전기,007610,C,C,C,B,2021,,,,,
6390,선도전기,007610,D,D,D,D,2022,,,,,
6389,선도전기,007610,D,C,C,D,2023,,,,,
6388,선도전기,007610,D,C,C,D,2024,,,,,
6387,선도전기,007610,D,C,D,D,2025,,,,,
6386,선익시스템,171090,D,D,D,D,2025,,,,,
6385,선진,136490,미공개,미공개,미공개,C,2013,,,,,
6384,선진,136490,미공개,미공개,미공개,C,2014,,,,,
6383,선진,136490,미공개,미공개,미공개,B,2015,,,,,
6382,선진,136490,미공개,미공개,미공개,B+,2016,,,,,
6381,선진,136490,미공개,미공개,미공개,B+,2017,,,,,
6380,선진,136490,미공개,미공개,미공개,B+,2018,,,,,
6379,선진,136490,B,미공개,B,B+,2019,,,,,
6378,선진,136490,B,D,B,B+,2020,,,,,
6377,선진,136490,B+,B,A,B,2021,,,,지배구조 등급조정(2022.01),
6376,선진,136490,C,C,B+,C,2022,,,,,
6375,선진,136490,B+,C,B,A,2023,,,,,
6374,선진,136490,A,B,A,A,2024,,,,,
6373,선진,136490,A,B+,A,A,2025,,,,,
6372,선진지주,014300,미공개,미공개,미공개,미공개,2012,,,,,
6371,선창산업,002820,미공개,미공개,미공개,미공개,2012,,,,,
6370,선창산업,002820,미공개,미공개,미공개,B,2013,,,,,
6369,선창산업,002820,미공개,미공개,미공개,B,2014,,,,,
6368,선창산업,002820,미공개,미공개,미공개,C,2015,,,,,
6367,선창산업,002820,미공개,B+,미공개,B,2016,,,,,
6366,선창산업,002820,미공개,미공개,미공개,B,2017,,,,,
6365,선창산업,002820,미공개,미공개,미공개,C,2018,,,,,
6364,선창산업,002820,B,B,B+,B,2019,,,,,
6363,선창산업,002820,B+,B,B,B+,2020,,,,,
6362,성문전자,014910,미공개,미공개,미공개,미공개,2012,,,,,
6361,성문전자,014910,미공개,미공개,미공개,C,2013,,,,,
6360,성문전자,014910,미공개,미공개,미공개,C,2014,,,,,
6359,성문전자,014910,미공개,미공개,미공개,B,2015,,,,,
6358,성문전자,014910,미공개,미공개,미공개,C,2016,,,,,
6357,성문전자,014910,미공개,미공개,미공개,B,2017,,,,,
6356,성문전자,014910,미공개,미공개,미공개,C,2018,,,,,
6355,성문전자,014910,미공개,미공개,미공개,C,2019,,,,,
6354,성문전자,014910,C,C,B,C,2020,,,,,
6353,성문전자,014910,C,C,C,C,2021,,,,,
6352,성문전자,014910,D,D,C,D,2022,,,,,
6351,성문전자,014910,C,C,D,C,2023,,,,,
6350,성문전자,014910,D,C,D,D,2024,,,,,
6349,성문전자,014910,D,C,D,D,2025,,,,,
6348,성보화학,003080,미공개,미공개,미공개,미공개,2012,,,,,
6347,성보화학,003080,미공개,미공개,미공개,C,2013,,,,,
6346,성보화학,003080,미공개,미공개,미공개,B,2014,,,,,
6345,성보화학,003080,미공개,미공개,미공개,C,2015,,,,,
6344,성보화학,003080,미공개,미공개,미공개,B,2016,,,,,
6343,성보화학,003080,미공개,미공개,미공개,C,2017,,,,,
6342,성보화학,003080,미공개,미공개,미공개,B,2018,,,,,
6341,성보화학,003080,미공개,미공개,B,B,2019,,,,,
6340,성보화학,003080,C,D,B,B,2020,,,,,
6339,성보화학,003080,B,D,B,B+,2021,,,,,
6338,성보화학,003080,D,D,C,C,2022,,,,,
6337,성보화학,003080,D,D,C,C,2023,,,,,
6336,성신양회,004980,미공개,B+,미공개,미공개,2012,,,,,
6335,성신양회,004980,B+,B+,미공개,B+,2013,,,,,
6334,성신양회,004980,B+,B+,미공개,B+,2014,,,,,
6333,성신양회,004980,미공개,B+,미공개,B,2015,,,,,
6332,성신양회,004980,미공개,B+,미공개,B,2016,,,사회 등급조정(2016.8),,
6331,성신양회,004980,미공개,B+,미공개,C,2017,,,,,
6330,성신양회,004980,미공개,B+,미공개,B,2018,,,,,
6329,성신양회,004980,B,B,미공개,B,2019,,,,,
6328,성신양회,004980,C,B+,B,C,2020,,,,,
6327,성신양회,004980,B+,B+,B+,B+,2021,,,,,
6326,성신양회,004980,C,C,B,C,2022,,,,,
6325,성신양회,004980,B,B,A,C,2023,,,,,
6324,성신양회,004980,C,B+,A,D,2024,,,,,
6323,성신양회,004980,B+,B+,A,B,2025,,,,,
6322,성우하이텍,015750,D,D,C,D,2022,,,,,
6321,성우하이텍,015750,D,D,C,D,2023,,,,,
6320,성우하이텍,015750,C,B,A,D,2024,,,,,
6319,성우하이텍,015750,C,B+,A,D,2025,,,,,
6318,성일하이텍,365340,C,C,C,C,2024,,,,,
6317,성일하이텍,365340,D,C,C,D,2025,,,,,
6316,성지건설,005980,미공개,미공개,미공개,미공개,2012,,,,,
6315,성지건설,005980,미공개,미공개,미공개,C,2013,,,,,
6314,성지건설,005980,미공개,미공개,미공개,C,2014,,,,,
6313,성지건설,005980,미공개,미공개,미공개,C,2015,,,,,
6312,성지건설,005980,미공개,미공개,미공개,C,2016,,,,,
6311,성지건설,005980,미공개,미공개,미공개,C,2017,,,,,
6310,성지건설,005980,미공개,미공개,미공개,D,2018,,,,,
6309,성창기업지주,000180,미공개,미공개,미공개,미공개,2012,,,,,
6308,성창기업지주,000180,미공개,미공개,미공개,C,2013,,,,,
6307,성창기업지주,000180,미공개,미공개,미공개,C,2014,,,,,
6306,성창기업지주,000180,미공개,미공개,미공개,D,2015,,,,,
6305,성창기업지주,000180,미공개,미공개,미공개,C,2016,,,,,
6304,성창기업지주,000180,미공개,미공개,미공개,C,2017,,,,,
6303,성창기업지주,000180,미공개,미공개,미공개,C,2018,,,,,
6302,성창기업지주,000180,미공개,미공개,미공개,C,2019,,,,,
6301,성창기업지주,000180,C,D,C,C,2020,,,,,
6300,성창기업지주,000180,C,D,C,C,2021,,,,,
6299,성창기업지주,000180,D,D,D,D,2022,,,,,
6298,성창기업지주,000180,D,D,D,C,2023,,,,,
6297,성창기업지주,000180,D,C,D,D,2024,,,,,
6296,성창기업지주,000180,D,C,D,D,2025,,,,,
6295,세기상사,002420,미공개,미공개,미공개,미공개,2012,,,,,
6294,세기상사,002420,미공개,미공개,미공개,B,2013,,,,,
6293,세기상사,002420,미공개,미공개,미공개,B,2014,,,,,
6292,세기상사,002420,미공개,미공개,미공개,B,2015,,,,,
6291,세기상사,002420,미공개,미공개,미공개,B,2016,,,,,
6290,세기상사,002420,미공개,미공개,미공개,B,2017,,,,,
6289,세기상사,002420,미공개,미공개,미공개,B,2018,,,,,
6288,세기상사,002420,B,미공개,B,B,2019,,,,,
6287,세기상사,002420,C,D,C,C,2020,,,,,
6286,세기상사,002420,C,D,C,B,2021,,,,,
6285,세기상사,002420,D,D,D,D,2022,,,,,
6284,세기상사,002420,C,D,D,B,2023,,,,,
6283,세기상사,002420,C,D,D,B,2024,,,,,
6282,세기상사,002420,C,D,D,B,2025,,,,,
6281,세방,004360,미공개,미공개,미공개,미공개,2012,,,,,
6280,세방,004360,미공개,미공개,미공개,B,2013,,,,,
6279,세방,004360,미공개,미공개,미공개,B+,2014,,,,,
6278,세방,004360,미공개,미공개,미공개,B+,2015,,,,,
6277,세방,004360,B+,미공개,B+,B+,2016,,,,,
6276,세방,004360,미공개,미공개,미공개,B,2017,,,,,
6275,세방,004360,미공개,미공개,미공개,B+,2018,,,,,
6274,세방,004360,미공개,B,B,C,2019,,,,,
6273,세방,004360,B+,B,B+,B+,2020,,,,,
6272,세방,004360,B,B,D,B+,2021,,,,,
6271,세방,004360,C,C,C,B,2022,,,,,
6270,세방,004360,B+,B+,B+,B,2023,,,,,
6269,세방,004360,C,B,C,C,2024,,,,,
6268,세방,004360,B,B+,B+,C,2025,,,,,
6267,세방전지,004490,B+,B+,B+,B+,2012,,,,,
6266,세방전지,004490,미공개,B+,미공개,B,2013,,,,,
6265,세방전지,004490,미공개,B+,미공개,B,2014,,,,,
6264,세방전지,004490,미공개,B+,B+,C,2015,,,,,
6263,세방전지,004490,B+,B+,B+,B,2016,,,,,
6262,세방전지,004490,미공개,B+,미공개,C,2017,,,,,
6261,세방전지,004490,미공개,B+,미공개,C,2018,,,,,
6260,세방전지,004490,B,B+,B,B,2019,,,,,
6259,세방전지,004490,B,B+,B,B,2020,,,,,
6258,세방전지,004490,B,B,B,B+,2021,,,,,
6257,세방전지,004490,C,B,C,C,2022,,,,,
6256,세방전지,004490,C,C,C,C,2023,,,,,
6255,세방전지,004490,C,C,C,C,2024,,,,,
6254,세방전지,004490,B,A,A,D,2025,,,,,
6253,세아베스틸,001430,미공개,B+,미공개,미공개,2012,,,,,
6252,세아베스틸,001430,미공개,B+,미공개,B,2013,,,,,
6251,세아베스틸,001430,미공개,미공개,미공개,B,2014,,,,,
6250,세아베스틸,001430,미공개,B+,미공개,C,2015,,,,,
6249,세아베스틸,001430,B+,B+,B+,B,2016,,,,,
6248,세아베스틸,001430,미공개,B+,미공개,C,2017,,,,,
6247,세아베스틸,001430,미공개,B+,B+,C,2018,,,,,
6246,세아베스틸,001430,미공개,B,B,C,2019,,,,,
6245,세아베스틸,001430,B,B,B,B+,2020,,,,,
,,,,,,,,,,,,
6243,세아베스틸지주,001430,C,C,B,B,2022,통합 등급조정(2022.11),,사회 등급조정(2022.11),,
6242,세아베스틸지주,001430,A,A,A,A,2023,,,사회 등급조정(2024.07.),,
6241,세아베스틸지주,001430,A,A,B+,A,2024,,,사회 등급조정(2024.10.),,
6240,세아베스틸지주,001430,A,A,A,A,2025,,,,,
6239,세아제강,003030,미공개,B+,미공개,미공개,2012,,,,,
6238,세아제강,003030,미공개,B+,미공개,B,2013,,,,,
6237,세아제강,003030,미공개,B+,미공개,B,2014,,,,,
6236,세아제강,003030,미공개,B+,미공개,C,2015,,,,,
6235,세아제강,003030,미공개,B+,B+,C,2016,,,,,
6234,세아제강,003030,미공개,B+,미공개,B,2017,,,,,
6233,세아제강,003030,미공개,B+,미공개,C,2018,,,,,
6232,세아제강,306200,B,B,B+,B,2020,,,,,
6231,세아제강,306200,B+,B+,B+,B+,2021,,,,,
6230,세아제강,306200,B+,B,B+,B+,2022,,,,,
6229,세아제강,306200,A,B+,A,A,2023,,,,,
6228,세아제강,306200,B+,B+,B+,B+,2024,,,,,
6227,세아제강,306200,B+,B+,A,B+,2025,,,,,
6226,세아제강지주,003030,B,미공개,B,B,2019,,,,,
6225,세아제강지주,003030,B,C,B,B,2020,,,,,
6224,세아제강지주,003030,B+,B+,B+,B+,2021,,,,,
6223,세아제강지주,003030,B,B,B+,B,2022,,,,,
6222,세아제강지주,003030,B+,B+,A,B+,2023,,,,,
6221,세아제강지주,003030,B+,B+,B+,B+,2024,,,,,
6220,세아제강지주,003030,C,B+,A,C,2025,,,,,
6219,세아특수강,019440,미공개,미공개,미공개,미공개,2012,,,,,
6218,세아특수강,019440,미공개,미공개,미공개,B+,2013,,,,,
6217,세아특수강,019440,미공개,B+,미공개,B,2014,,,,,
6216,세아특수강,019440,미공개,B+,미공개,B,2015,,,,,
6215,세아특수강,019440,미공개,B+,미공개,B,2016,,,,,
6214,세아특수강,019440,미공개,B+,미공개,B,2017,,,,,
6213,세아특수강,019440,미공개,B+,미공개,B,2018,,,,,
6212,세아특수강,019440,B,B,미공개,B,2019,,,,,
6211,세아특수강,019440,B,B,C,B,2020,,,,,
6210,세아특수강,019440,B+,B+,B+,B+,2021,,,,,
6209,세아특수강,019440,B+,C,B+,A,2022,,,,,
6208,세아특수강,019440,A,B+,A,A,2023,,,,,
6207,세아특수강,019440,B+,B+,B+,B+,2024,,,,,
6206,세아특수강,019440,B+,B+,A,B+,2025,,,,,
6205,세아홀딩스,058650,미공개,미공개,미공개,미공개,2012,,,,,
6204,세아홀딩스,058650,미공개,미공개,미공개,B,2013,,,,,
6203,세아홀딩스,058650,미공개,미공개,미공개,B,2014,,,,,
6202,세아홀딩스,058650,미공개,미공개,미공개,C,2015,,,,,
6201,세아홀딩스,058650,미공개,미공개,미공개,B,2016,,,,,
6200,세아홀딩스,058650,미공개,미공개,미공개,C,2017,,,,,
6199,세아홀딩스,058650,미공개,미공개,미공개,C,2018,,,,,
6198,세아홀딩스,058650,B,미공개,B,B,2019,,,,,
6197,세아홀딩스,058650,B,C,B,B+,2020,,,,,
6196,세아홀딩스,058650,B+,B+,B+,B+,2021,,,,,
6195,세아홀딩스,058650,C,C,B+,C,2022,,,,,
6194,세아홀딩스,058650,B+,A,A+,B,2023,,,,,
6193,세아홀딩스,058650,B+,A,A,B+,2024,,,,,
6192,세아홀딩스,058650,B+,A,A,B+,2025,,,,,
6191,세우글로벌,013000,미공개,미공개,미공개,미공개,2012,,,,,
6190,세우글로벌,013000,미공개,미공개,미공개,C,2013,,,,,
6189,세우글로벌,013000,미공개,미공개,미공개,C,2014,,,,,
6188,세우글로벌,013000,미공개,미공개,미공개,C,2015,,,,,
6187,세우글로벌,013000,미공개,미공개,미공개,C,2016,,,,,
6186,세우글로벌,013000,미공개,미공개,미공개,B,2017,,,,,
6185,세우글로벌,013000,미공개,미공개,미공개,C,2018,,,,,
6184,세우글로벌,013000,미공개,B,미공개,C,2019,,,,,
6183,세우글로벌,013000,C,B,C,C,2020,,,,,
6182,세우글로벌,013000,D,D,C,D,2021,,,,,
6181,세우글로벌,013000,D,D,D,D,2022,,,,,
6180,세우글로벌,013000,D,D,D,D,2023,,,,,
6179,세우글로벌,013000,D,D,D,D,2024,,,,,
6178,세우글로벌,013000,D,D,D,D,2025,,,,,
6177,세원셀론텍,091090,미공개,미공개,미공개,미공개,2012,,,,,
6176,세원셀론텍,091090,미공개,미공개,미공개,C,2013,,,,,
6175,세원셀론텍,091090,미공개,미공개,미공개,C,2014,,,,,
6174,세원셀론텍,091090,미공개,미공개,미공개,C,2015,,,,,
6173,세원셀론텍,091090,미공개,미공개,미공개,C,2016,,,,,
6172,세원셀론텍,091090,미공개,미공개,미공개,B,2017,,,,,
6171,세원셀론텍,091090,미공개,미공개,미공개,C,2018,,,,,
6170,세원셀론텍,091090,미공개,B,미공개,C,2019,,,,,
6169,세원셀론텍,091090,B,B,B,B,2020,,,,,
6168,세원이앤씨,091090,C,D,C,B,2021,,,,,
6167,세원이앤씨,091090,D,D,C,D,2022,,,,,
6166,세원이앤씨,091090,D,D,D,D,2023,,,,,
6165,세원이앤씨,091090,D,D,D,D,2024,,,,,
6164,세원이앤씨,091090,D,D,D,D,2025,,,,,
6163,세원정공,021820,미공개,미공개,미공개,미공개,2012,,,,,
6162,세원정공,021820,미공개,미공개,미공개,C,2013,,,,,
6161,세원정공,021820,미공개,미공개,미공개,B,2014,,,,,
6160,세원정공,021820,미공개,미공개,미공개,B,2015,,,,,
6159,세원정공,021820,미공개,미공개,미공개,B,2016,,,,,
6158,세원정공,021820,미공개,미공개,미공개,C,2017,,,,,
6157,세원정공,021820,미공개,미공개,미공개,B,2018,,,,,
6156,세원정공,021820,미공개,미공개,미공개,D,2019,통합 등급조정(2019.10),,,지배구조 등급조정(2019.10),
6155,세원정공,021820,C,C,B+,D,2020,,,,,
6154,세원정공,021820,C,C,B,C,2021,,,,지배구조 등급조정(2021.10),
6153,세원정공,021820,D,D,C,D,2022,,,,,
6152,세원정공,021820,C,C,C,C,2023,,,,,
6151,세원정공,021820,C,C,C,C,2024,,,,,
6150,세원정공,021820,D,C,C,D,2025,,,,,
6149,세이브존I&C,067830,미공개,미공개,미공개,미공개,2012,,,,,
6148,세이브존I&C,067830,미공개,미공개,미공개,C,2013,,,,,
6147,세이브존I&C,067830,미공개,미공개,미공개,C,2014,,,,,
6146,세이브존I&C,067830,미공개,미공개,미공개,B,2015,,,,,
6145,세이브존I&C,067830,미공개,미공개,미공개,B,2016,,,,,
6144,세이브존I&C,067830,미공개,미공개,미공개,B,2017,,,,,
6143,세이브존I&C,067830,미공개,미공개,미공개,C,2018,,,,,
6142,세이브존I&C,067830,미공개,미공개,미공개,C,2019,,,,,
6141,세이브존I&C,067830,C,D,B,C,2020,,,,,
6140,세이브존I&C,067830,C,D,C,B,2021,,,,,
6139,세이브존I&C,067830,C,D,C,C,2022,,,,,
6138,세이브존I&C,067830,C,D,C,C,2023,,,,,
6137,세이브존I&C,067830,D,D,D,C,2024,,,,,
6136,세이브존I&C,067830,D,D,C,D,2025,,,,,
6135,세종공업,033530,미공개,B+,미공개,미공개,2012,,,,,
6134,세종공업,033530,미공개,미공개,미공개,B,2013,,,,,
6133,세종공업,033530,미공개,미공개,미공개,B,2014,,,,,
6132,세종공업,033530,미공개,미공개,미공개,B,2015,,,,,
6131,세종공업,033530,미공개,미공개,미공개,C,2016,,,,,
6130,세종공업,033530,미공개,B+,미공개,C,2017,,,,,
6129,세종공업,033530,미공개,미공개,미공개,C,2018,,,,,
6128,세종공업,033530,미공개,B,B,D,2019,,,,,
6127,세종공업,033530,C,B,B+,C,2020,,,,,
6126,세종공업,033530,B,B,B,B,2021,,,,,
6125,세종공업,033530,C,D,B,D,2022,,,,,
6124,세진중공업,075580,미공개,미공개,B+,B+,2017,,,,,
6123,세진중공업,075580,미공개,미공개,미공개,B,2018,,,,,
6122,세진중공업,075580,B,미공개,B,B+,2019,,,,,
6121,세진중공업,075580,B,D,B+,B+,2020,,,,,
6120,세진중공업,075580,C,C,C,B+,2021,,,,,
6119,세진중공업,075580,D,D,D,C,2022,,,,,
6118,세진중공업,075580,C,C,D,C,2023,,,,,
6117,세진중공업,075580,C,C,D,C,2024,,,,,
6116,세진중공업,075580,D,D,D,C,2025,,,,,
6115,세하,027970,미공개,미공개,미공개,미공개,2012,,,,,
6114,세하,027970,미공개,미공개,미공개,C,2013,,,,,
6113,세하,027970,미공개,미공개,미공개,B,2014,,,,,
6112,세하,027970,미공개,B+,미공개,C,2015,,,,,
6111,세하,027970,미공개,B+,미공개,C,2016,,,,,
6110,세하,027970,미공개,B+,미공개,B,2017,,,,,
6109,세하,027970,미공개,B+,미공개,B,2018,,,,,
6108,세하,027970,B,B+,B,B,2019,,,,,
6107,세하,027970,B,B+,B,B,2020,,,,,
6106,세하,027970,B,B,B,B,2021,,,,,
6105,세하,027970,D,D,C,D,2022,,,,,
6104,세화아이엠씨,145210,미공개,미공개,미공개,B+,2017,,,,,
6103,세화아이엠씨,145210,미공개,미공개,미공개,D,2018,,,사회 등급조정(2019.4),,
6102,세화아이엠씨,145210,미공개,미공개,미공개,C,2019,,,,,
6101,세화아이엠씨,145210,C,D,C,C,2020,,,,,
6100,세화아이엠씨,145210,C,C,C,C,2021,,,,,
6099,센트랄모텍,308170,B,D,B,B+,2021,,,,,
6098,센트랄모텍,308170,B,D,B,B+,2022,,,,,
6097,센트럴인사이트,012600,D,D,C,D,2021,통합 등급조정(2021.10),,,지배구조 등급조정(2021.10),
6096,센트럴인사이트,012600,D,D,D,D,2022,,,,,
6095,셀리드,299660,D,D,D,D,2022,,,,,
6094,셀리버리,268600,C,D,C,B+,2021,,,,,
6093,셀리버리,268600,C,D,D,B,2022,,,,,
6092,셀리버리,268600,D,D,D,D,2023,,,,,
6091,셀바스AI,108860,D,D,D,D,2024,,,,,
6090,셀바스AI,108860,D,D,D,D,2025,,,,,
6089,셀트리온,068270,미공개,미공개,미공개,B,2018,,,,,
6088,셀트리온,068270,B+,B,B,B+,2019,,,,,
6087,셀트리온,068270,B+,B,B,B+,2020,,,,,
6086,셀트리온,068270,B,C,B+,B+,2021,,,,지배구조 등급조정(2022.04),
6085,셀트리온,068270,B,C,B+,B,2022,,,,지배구조 등급조정(2022.11),
6084,셀트리온,068270,B,B+,A+,C,2023,,,,,
6083,셀트리온,068270,A,A,A+,A,2024,,,,,
6082,셀트리온,068270,A,A,A+,B+,2025,,,,,
6081,셀트리온제약,068760,미공개,미공개,미공개,B,2019,,,,,
6080,셀트리온제약,068760,C,D,C,B,2020,,,,,
6079,셀트리온제약,068760,C,D,B,C,2021,,,,지배구조 등급조정(2022.04),
6078,셀트리온제약,068760,D,D,C,D,2022,,,,,
6077,셀트리온제약,068760,D,D,C,D,2023,,,,,
6076,셀트리온제약,068760,D,C,C,D,2024,,,,,
6075,셀트리온제약,068760,C,B,B+,C,2025,,,,,
6074,셀트리온헬스케어,091990,B,미공개,B,B+,2019,,,,,
6073,셀트리온헬스케어,091990,B,D,B,B+,2020,,,,,
6072,셀트리온헬스케어,091990,B,D,B,B+,2021,,,,지배구조 등급조정(2022.04),
6071,셀트리온헬스케어,091990,B,D,B,B,2022,,,,지배구조 등급조정(2022.11),
6070,셀트리온헬스케어,091990,C,C,B+,D,2023,,,,,
6069,소노스퀘어,007720,D,D,D,D,2025,,,,,
6068,솔루스첨단소재,336370,B,D,B,B+,2021,,,,,
6067,솔루스첨단소재,336370,C,D,C,B,2022,,,,,
6066,솔루스첨단소재,336370,B,C,B+,B,2023,,,,,
6065,솔루스첨단소재,336370,B+,B,B+,B+,2024,,,,,
6064,솔루스첨단소재,336370,B+,B+,B+,B,2025,,,,,
6063,솔루엠,248070,C,D,D,B,2023,,,,,
6062,솔루엠,248070,B+,B+,B+,B,2024,,,,,
6061,솔루엠,248070,C,B,B+,D,2025,,,,,
6060,솔브레인,036830,B,B,B,B,2019,,,,,
6059,솔브레인,036830,C,C,B,B,2020,,,,,
6058,솔브레인,357780,C,C,B+,C,2022,,,,,
6057,솔브레인,357780,B,B+,B+,C,2023,,,,,
6056,솔브레인,357780,B+,B+,A+,B,2024,,,,,
6055,솔브레인,357780,A,B+,A+,B+,2025,,,,,
6054,솔브레인홀딩스,036830,B,B,B+,B,2021,,,,,
6053,솔브레인홀딩스,036830,C,C,B+,C,2022,,,,,
6052,솔브레인홀딩스,036830,C,B+,B+,D,2023,,,,,
6051,솔브레인홀딩스,036830,B+,B+,A+,B,2024,,,,,
6050,솔브레인홀딩스,036830,A,B+,A+,B+,2025,,,,,
6049,송원산업,004430,미공개,B+,미공개,미공개,2012,,,,,
6048,송원산업,004430,미공개,B+,미공개,C,2013,,,,,
6047,송원산업,004430,미공개,B+,미공개,B,2014,,,,,
6046,송원산업,004430,미공개,B+,미공개,C,2015,,,,,
6045,송원산업,004430,미공개,B+,미공개,C,2016,,,,,
6044,송원산업,004430,B+,B+,B+,B,2017,,,,,
6043,송원산업,004430,미공개,B+,미공개,D,2018,,,,,
6042,송원산업,004430,미공개,B,B+,C,2019,,,,,
6041,송원산업,004430,B,B+,B+,C,2020,,,,,
6040,송원산업,004430,C,B,B,C,2021,,,,,
6039,송원산업,004430,D,C,C,D,2022,,,,,
6038,송원산업,004430,C,B+,B+,D,2023,,,,,
6037,송원산업,004430,C,B+,B+,D,2024,,,,,
6036,송원산업,004430,C,B+,A,D,2025,,,,,
6035,수산세보틱스,017550,D,C,D,D,2024,,,,,
6034,수산세보틱스,017550,D,C,D,D,2025,,,,,
6033,수산인더스트리,126720,C,C,D,C,2024,,,,,
6032,수산인더스트리,126720,D,D,D,D,2025,,,,,
6031,수산중공업,017550,미공개,미공개,미공개,미공개,2012,,,,,
6030,수산중공업,017550,미공개,미공개,미공개,C,2013,,,,,
6029,수산중공업,017550,미공개,미공개,미공개,C,2014,,,,,
6028,수산중공업,017550,미공개,미공개,미공개,C,2015,,,,,
6027,수산중공업,017550,미공개,미공개,미공개,B,2016,,,,,
6026,수산중공업,017550,미공개,미공개,미공개,B,2017,,,,,
6025,수산중공업,017550,미공개,미공개,미공개,B,2018,,,,,
6024,수산중공업,017550,B,B,B,B,2019,,,,,
6023,수산중공업,017550,B,B,B,B,2020,,,,,
6022,수산중공업,017550,C,D,C,B+,2021,,,,,
6021,수산중공업,017550,D,D,D,C,2022,,,,,
6020,수산중공업,017550,C,C,D,B,2023,,,,,
6019,슈피겐코리아,192440,C,D,C,B+,2021,,,,,
6018,스튜디오드래곤,253450,B,미공개,미공개,B+,2019,,,,,
6017,스튜디오드래곤,253450,B,D,B,B+,2020,,,,,
6016,스튜디오드래곤,253450,B,D,B+,B+,2021,,,,,
6015,스튜디오드래곤,253450,C,C,B,C,2022,,,,,
6014,스튜디오드래곤,253450,B+,B+,A,B+,2023,,,,,
6013,스튜디오드래곤,253450,A,A+,A,B+,2024,,,,,
6012,스튜디오드래곤,253450,B+,A,A,B,2025,,,,,
6011,스틱인베스트먼트,026890,B,C,A,B,2023,,,,,
6010,스틱인베스트먼트,026890,B+,B+,A,B,2024,,,,,
6009,스틱인베스트먼트,026890,B+,B+,A,B,2025,,,,,
6008,시그네틱스,033170,미공개,B+,B,C,2019,,,,,
6007,시그네틱스,033170,C,B,B,C,2020,,,,,
6006,시그네틱스,033170,C,B,B,C,2021,,,,,
6005,시그네틱스,033170,D,C,D,D,2022,,,,,
6004,시그네틱스,033170,D,C,C,D,2023,,,,,
6003,시그네틱스,033170,C,C,C,C,2024,,,,,
6002,시그네틱스,033170,D,C,C,D,2025,,,,,
6001,시노펙스,025320,C,C,C,C,2025,,,,,
6000,시디즈,134790,미공개,미공개,미공개,B,2018,,,,,
5999,시디즈,134790,미공개,미공개,미공개,C,2019,,,,,
5998,시디즈,134790,C,D,C,B,2020,,,,,
5997,시디즈,134790,C,C,C,C,2021,,,,,
5996,시디즈,134790,C,D,C,C,2022,,,,,
5995,시디즈,134790,D,C,D,D,2023,,,,,
5994,시디즈,134790,D,C,D,D,2024,,,,,
5993,시디즈,134790,D,C,D,D,2025,,,,,
5992,시알홀딩스,000480,D,C,D,D,2023,,,,,
5991,시알홀딩스,000480,C,C,B,C,2024,,,,,
5990,시알홀딩스,000480,C,B+,A,D,2025,,,,,
5989,신대양제지,016590,미공개,미공개,미공개,미공개,2012,,,,,
5988,신대양제지,016590,미공개,미공개,미공개,C,2013,,,,,
5987,신대양제지,016590,미공개,미공개,미공개,C,2014,,,,,
5986,신대양제지,016590,미공개,미공개,미공개,B,2015,,,,,
5985,신대양제지,016590,미공개,미공개,미공개,C,2016,,,,,
5984,신대양제지,016590,미공개,미공개,미공개,C,2017,,,,,
5983,신대양제지,016590,미공개,미공개,미공개,D,2018,,,,,
5982,신대양제지,016590,미공개,미공개,B,C,2019,,,,,
5981,신대양제지,016590,C,C,C,C,2020,,,,,
5980,신대양제지,016590,C,C,C,B,2021,,,,,
5979,신대양제지,016590,D,D,C,D,2022,,,,,
5978,신대양제지,016590,D,C,D,D,2023,,,,,
5977,신대양제지,016590,D,C,D,D,2024,,,,,
5976,신대양제지,016590,D,C,D,D,2025,,,,,
5975,신도리코,029530,미공개,B+,미공개,미공개,2012,,,,,
5974,신도리코,029530,B+,B+,B+,B,2013,,,,,
5973,신도리코,029530,미공개,미공개,미공개,B+,2014,,,,,
5972,신도리코,029530,B+,B+,미공개,B+,2015,,,,,
5971,신도리코,029530,미공개,B+,미공개,B,2016,,,,,
5970,신도리코,029530,B+,B+,미공개,B+,2017,,,,,
5969,신도리코,029530,미공개,미공개,미공개,B+,2018,,,,,
5968,신도리코,029530,B+,B,B+,B+,2019,,,,,
5967,신도리코,029530,B,B,B+,B,2020,,,,,
5966,신도리코,029530,C,C,C,B+,2021,,,,,
5965,신도리코,029530,C,C,D,B+,2022,,,,,
5964,신도리코,029530,C,C,D,C,2023,,,,,
5963,신도리코,029530,D,C,D,D,2024,,,,,
5962,신도리코,029530,D,C,C,D,2025,,,,,
5961,신라교역,004970,미공개,미공개,미공개,미공개,2012,,,,,
5960,신라교역,004970,미공개,미공개,미공개,B,2013,,,,,
5959,신라교역,004970,미공개,미공개,미공개,B,2014,,,,,
5958,신라교역,004970,미공개,미공개,미공개,C,2015,,,,,
5957,신라교역,004970,미공개,미공개,미공개,B,2016,,,,,
5956,신라교역,004970,미공개,미공개,미공개,C,2017,,,,,
5955,신라교역,004970,미공개,미공개,미공개,C,2018,,,,,
5954,신라교역,004970,미공개,미공개,B,C,2019,,,,,
5953,신라교역,004970,C,D,C,B,2020,,,,,
5952,신라교역,004970,C,D,D,B+,2021,,,,,
5951,신라교역,004970,D,D,D,C,2022,,,,,
5950,신라교역,004970,D,D,D,C,2023,,,,,
5949,신라교역,004970,D,D,D,C,2024,,,,,
5948,신라교역,004970,D,D,D,C,2025,,,,,
5947,신라젠,215600,미공개,미공개,미공개,B,2019,,,,,
5946,신라젠,215600,C,D,C,B,2020,,,,지배구조 등급조정(2020.10),
5945,신라젠,215600,C,D,D,B,2023,,,,,
5944,신라젠,215600,D,D,D,C,2024,,,,,
5943,신성델타테크,065350,C,C,D,B,2024,,,,,
5942,신성델타테크,065350,D,D,D,C,2025,,,,,
5941,신성에프에이,104120,미공개,미공개,미공개,미공개,2012,,,,,
5940,신성에프에이,104120,미공개,미공개,미공개,C,2013,,,,,
5939,신성에프에이,104120,미공개,미공개,미공개,C,2014,,,,,
5938,신성에프에이,104120,미공개,미공개,미공개,D,2015,,,,,
5937,신성에프에이,104120,미공개,미공개,미공개,C,2016,,,,,
5936,신성이엔지,011930,미공개,미공개,미공개,미공개,2012,,,,,
5935,신성이엔지,104110,미공개,미공개,미공개,미공개,2012,,,,,
5934,신성이엔지,011930,미공개,미공개,미공개,C,2013,,,,,
5933,신성이엔지,104110,미공개,미공개,미공개,C,2013,,,,,
5932,신성이엔지,104110,미공개,미공개,미공개,C,2014,,,,,
5931,신성이엔지,011930,미공개,미공개,미공개,C,2014,,,,,
5930,신성이엔지,011930,미공개,미공개,미공개,B,2015,,,,,
5929,신성이엔지,104110,미공개,미공개,미공개,D,2015,,,,,
5928,신성이엔지,104110,미공개,미공개,미공개,C,2016,,,,,
5927,신성이엔지,011930,미공개,미공개,미공개,B,2016,,,,,
5926,신성이엔지,011930,미공개,미공개,미공개,B,2017,,,,,
5925,신성이엔지,011930,미공개,미공개,미공개,C,2018,,,,,
5924,신성이엔지,011930,B,B,B,B,2019,,,,,
5923,신성이엔지,011930,C,C,C,B,2020,,,,,
5922,신성이엔지,011930,B,B,C,B+,2021,,,,,
5921,신성이엔지,011930,D,D,C,C,2022,,,,,
5920,신성이엔지,011930,D,C,D,D,2023,,,,,
5919,신성이엔지,011930,C,C,C,C,2024,,,,,
5918,신성이엔지,011930,C,C,B,B,2025,,,,,
5917,신성통상,005390,미공개,미공개,미공개,미공개,2012,,,,,
5916,신성통상,005390,미공개,미공개,미공개,C,2013,,,,,
5915,신성통상,005390,미공개,미공개,미공개,C,2014,,,,,
5914,신성통상,005390,미공개,미공개,미공개,C,2015,,,,,
5913,신성통상,005390,미공개,미공개,미공개,B,2016,,,,,
5912,신성통상,005390,미공개,미공개,미공개,B,2017,,,,,
5911,신성통상,005390,미공개,미공개,미공개,C,2018,,,,,
5910,신성통상,005390,미공개,미공개,미공개,C,2019,통합 등급조정(2020.7),,사회 등급조정(2020.7),,
5909,신성통상,005390,C,C,D,C,2020,,,사회 등급조정(2020.10),,
5908,신성통상,005390,C,C,C,B,2021,,,,,
5907,신성통상,005390,D,D,D,D,2022,,,,,
5906,신성통상,005390,D,D,D,D,2023,,,,,
5905,신성통상,005390,D,D,D,D,2024,,,,,
5904,신성통상,005390,D,C,D,D,2025,,,,,
5903,신세계,004170,B+,미공개,B+,B+,2012,,,,,
5902,신세계,004170,B+,B+,A,B+,2013,,,,,
5901,신세계,004170,B+,B+,B+,B+,2014,,,,,
5900,신세계,004170,B+,B+,A,C,2015,,,,지배구조 등급조정(2016.2),
5899,신세계,004170,B+,B+,A+,C,2016,,,,,
5898,신세계,004170,B+,B+,A+,B,2017,,,,,
5897,신세계,004170,B+,B+,A+,B,2018,,,,,
5896,신세계,004170,B+,B+,A,B+,2019,,,,,
5895,신세계,004170,A,B+,A,A,2020,,,,,
5894,신세계,004170,A,A,A+,A,2021,,,,,
5893,신세계,004170,A,A,A+,B+,2022,,,,,
5892,신세계,004170,A,A,A+,A,2023,,,,,
5891,신세계,004170,A,A,A+,A,2024,,,,,
5890,신세계,004170,A+,A+,A+,A,2025,,,,,
5889,신세계I&C,035510,미공개,미공개,B+,미공개,2012,,,,,
5888,신세계I&C,035510,B+,B+,B+,B,2013,,,,,
5887,신세계I&C,035510,미공개,미공개,B+,B,2014,,,,,
5886,신세계I&C,035510,미공개,B+,미공개,B,2015,,,,,
5885,신세계I&C,035510,B+,B+,B+,B,2016,,,,,
5884,신세계I&C,035510,B+,미공개,A,B,2017,,,,,
5883,신세계I&C,035510,미공개,미공개,A,B,2018,,,,,
5882,신세계I&C,035510,B+,B,B+,B+,2019,,,,,
5881,신세계I&C,035510,B+,B,B+,B+,2020,,,,,
5880,신세계I&C,035510,B+,B,B+,A,2021,,,,,
5879,신세계I&C,035510,B+,B+,A,B+,2022,,,,,
5878,신세계I&C,035510,A,A,A+,A,2023,,,,,
5877,신세계I&C,035510,A,A,A+,A,2024,,,,,
5876,신세계I&C,035510,A,A,A+,A,2025,,,,,
5875,신세계건설,034300,미공개,미공개,미공개,미공개,2012,,,,,
5874,신세계건설,034300,미공개,미공개,B+,C,2013,,,,,
5873,신세계건설,034300,미공개,미공개,A,C,2014,,,,,
5872,신세계건설,034300,미공개,미공개,B+,B,2015,,,,,
5871,신세계건설,034300,B+,B+,B+,B,2016,,,,,
5870,신세계건설,034300,미공개,미공개,미공개,B+,2017,,,사회 등급조정(2017.8),,
5869,신세계건설,034300,B+,미공개,B+,B+,2018,,,,,
5868,신세계건설,034300,B,미공개,B,B+,2019,,,,,
5867,신세계건설,034300,B,C,B,B+,2020,,,,,
5866,신세계건설,034300,B+,C,A,A,2021,,,,,
5865,신세계건설,034300,B+,B,A,B+,2022,,,,,
5864,신세계건설,034300,B+,B+,A,B+,2023,,,,,
5863,신세계건설,034300,B+,B+,B+,B+,2024,,,,,
5862,신세계인터내셔날,031430,미공개,미공개,미공개,미공개,2012,,,,,
5861,신세계인터내셔날,031430,미공개,미공개,미공개,B,2013,,,,,
5860,신세계인터내셔날,031430,B+,B+,B+,B,2014,,,,,
5859,신세계인터내셔날,031430,B+,B+,B+,B+,2015,,,,,
5858,신세계인터내셔날,031430,B+,B+,A,B+,2016,,,,,
5857,신세계인터내셔날,031430,B+,미공개,A,B,2017,,,,,
5856,신세계인터내셔날,031430,B+,미공개,B+,B+,2018,,,,,
5855,신세계인터내셔날,031430,B+,B,A,B+,2019,,,,,
5854,신세계인터내셔날,031430,A,B,A,A,2020,,,,,
5853,신세계인터내셔날,031430,A,B+,A,A,2021,,,,,
5852,신세계인터내셔날,031430,B+,C,B+,B+,2022,,,,,
5851,신세계인터내셔날,031430,A,A,A,A,2023,,,,,
5850,신세계인터내셔날,031430,A,A,A,A,2024,,,,,
5849,신세계인터내셔날,031430,A,A,A+,B+,2025,,,,,
5848,신세계푸드,031440,미공개,미공개,B+,미공개,2012,,,,,
5847,신세계푸드,031440,미공개,미공개,미공개,C,2013,,,,,
5846,신세계푸드,031440,미공개,B+,B+,C,2014,,,,,
5845,신세계푸드,031440,미공개,미공개,B+,B,2015,,,,,
5844,신세계푸드,031440,미공개,미공개,B+,C,2016,,,,,
5843,신세계푸드,031440,B+,B+,A,B,2017,,,,,
5842,신세계푸드,031440,미공개,미공개,미공개,C,2018,,,사회 등급조정(2019.4),,
5841,신세계푸드,031440,B+,B,B+,B+,2019,,,,,
5840,신세계푸드,031440,B+,B,B+,B+,2020,,,,,
5839,신세계푸드,031440,A,B+,A,A,2021,,,,,
5838,신세계푸드,031440,B,C,B+,B+,2022,,,,,
5837,신세계푸드,031440,A,B+,A,A,2023,,,,,
5836,신세계푸드,031440,A,A,A+,A,2024,,,,,
5835,신세계푸드,031440,A,A,A+,A,2025,,,,,
5834,신송홀딩스,006880,미공개,미공개,미공개,B,2015,,,,,
5833,신송홀딩스,006880,미공개,미공개,미공개,B,2016,,,,,
5832,신송홀딩스,006880,미공개,미공개,미공개,B,2017,,,,,
5831,신송홀딩스,006880,미공개,미공개,미공개,B,2018,,,,,
5830,신송홀딩스,006880,B,미공개,B,B,2019,,,,,
5829,신송홀딩스,006880,B,D,B,B+,2020,,,,,
5828,신송홀딩스,006880,C,D,C,B,2021,,,,,
5827,신송홀딩스,006880,D,D,D,C,2022,,,,,
5826,신송홀딩스,006880,C,D,D,B,2023,,,,,
5825,신송홀딩스,006880,D,D,D,D,2024,,,,,
5824,신송홀딩스,006880,D,D,D,D,2025,,,,,
5823,신영와코루,005800,미공개,미공개,미공개,미공개,2012,,,,,
5822,신영와코루,005800,미공개,미공개,미공개,C,2013,,,,,
5821,신영와코루,005800,미공개,미공개,미공개,C,2014,,,,,
5820,신영와코루,005800,미공개,미공개,미공개,C,2015,,,,,
5819,신영와코루,005800,미공개,미공개,미공개,C,2016,,,,,
5818,신영와코루,005800,미공개,미공개,미공개,C,2017,,,,,
5817,신영와코루,005800,미공개,미공개,미공개,D,2018,,,,,
5816,신영와코루,005800,미공개,미공개,B,C,2019,,,,,
5815,신영와코루,005800,C,D,B,C,2020,,,,,
5814,신영와코루,005800,C,D,B,B,2021,,,,,
5813,신영와코루,005800,D,D,D,D,2022,,,,,
5812,신영와코루,005800,D,D,D,D,2023,,,,,
5811,신영와코루,005800,D,D,D,D,2024,,,,,
5810,신영와코루,005800,D,D,D,D,2025,,,,,
5809,신영증권,001720,미공개,미공개,미공개,B+,2012,,,,,
5808,신영증권,001720,미공개,미공개,미공개,B+,2013,,,,,
5807,신영증권,001720,미공개,미공개,미공개,B,2014,,,,,
5806,신영증권,001720,미공개,미공개,미공개,B+,2015,,,,,
5805,신영증권,001720,미공개,미공개,미공개,A,2016,,,,,
5804,신영증권,001720,B+,미공개,미공개,A,2017,,,,,
5803,신영증권,001720,미공개,미공개,미공개,미공개,2018,,,,,
5802,신영증권,001720,B,미공개,B,B+,2019,,,,,
5801,신영증권,001720,B,D,B,B+,2020,,,,,
5800,신영증권,001720,B,D,C,B+,2021,,,,,
5799,신영증권,001720,B+,C,B+,B+,2022,,,,,
5798,신영증권,001720,B+,B,A,B+,2023,,,,,
5797,신영증권,001720,B+,B+,A,B+,2024,,,,,
5796,신영증권,001720,B+,B+,A,B+,2025,,,,,
5795,신원,009270,미공개,미공개,미공개,미공개,2012,,,,,
5794,신원,009270,미공개,미공개,미공개,B,2013,,,,,
5793,신원,009270,미공개,미공개,미공개,B,2014,,,,,
5792,신원,009270,미공개,미공개,미공개,C,2015,,,,,
5791,신원,009270,미공개,미공개,미공개,D,2016,,,,,
5790,신원,009270,미공개,미공개,미공개,B,2017,,,,,
5789,신원,009270,미공개,미공개,미공개,C,2018,,,,,
5788,신원,009270,미공개,미공개,미공개,D,2019,,,,,
5787,신원,009270,D,D,C,C,2020,,,,,
5786,신원,009270,C,D,B,B,2021,,,,,
5785,신원,009270,D,D,C,C,2022,,,,,
5784,신원,009270,C,C,B,D,2023,,,,,
5783,신원,009270,B+,B,A,B+,2024,,,,,
5782,신원,009270,B,B+,A+,C,2025,,,,,
5781,신일건업,014350,미공개,미공개,미공개,미공개,2012,,,,,
5780,신일산업,002700,미공개,미공개,미공개,미공개,2012,,,,,
5779,신일산업,002700,미공개,미공개,미공개,C,2013,,,,,
5778,신일산업,002700,미공개,미공개,미공개,C,2014,,,,,
5777,신일산업,002700,미공개,미공개,미공개,D,2015,,,,,
5776,신일산업,002700,미공개,미공개,미공개,D,2016,,,,,
5775,신일산업,002700,미공개,미공개,미공개,C,2017,,,,지배구조 등급조정(2018.3),
5774,신일산업,002700,미공개,미공개,미공개,B,2018,,,,,
5773,신일산업,002700,미공개,미공개,B,B,2019,,,,,
5772,신일산업,002700,C,D,C,B,2020,,,,,
5771,신일전자,002700,C,D,D,B+,2021,,,,,
5770,신일전자,002700,D,D,D,D,2022,,,,,
5769,신일전자,002700,D,D,D,D,2023,,,,,
5768,신일전자,002700,D,D,D,C,2024,,,,,
5767,신일전자,002700,D,D,D,D,2025,,,,,
5766,신풍,002870,D,D,D,C,2023,,,,,
5765,신풍,002870,D,D,D,C,2024,,,,,
5764,신풍,002870,D,D,D,D,2025,,,,,
5763,신풍제약,019170,미공개,미공개,미공개,미공개,2012,,,,,
5762,신풍제약,019170,미공개,미공개,미공개,B,2013,,,,,
5761,신풍제약,019170,미공개,미공개,미공개,B,2014,,,,,
5760,신풍제약,019170,미공개,미공개,미공개,B,2015,,,,,
5759,신풍제약,019170,미공개,미공개,미공개,B,2016,,,,,
5758,신풍제약,019170,미공개,미공개,미공개,B,2017,,,,,
5757,신풍제약,019170,미공개,미공개,미공개,B,2018,,,,,
5756,신풍제약,019170,B,미공개,B,B+,2019,,,,,
5755,신풍제약,019170,B,D,B,B+,2020,,,,,
5754,신풍제약,019170,B,D,B,B+,2021,,,,,
5753,신풍제약,019170,D,D,C,D,2022,통합 등급조정(2023.),,,지배구조 등급조정(2023.),
5752,신풍제약,019170,D,D,D,D,2023,,,,,
5751,신풍제약,019170,C,C,B+,D,2024,,,,,
5750,신풍제약,019170,C,C,B+,D,2025,,,,,
5749,신풍제지,002870,미공개,B+,미공개,미공개,2012,,,,,
5748,신풍제지,002870,미공개,B+,미공개,B,2013,,,,,
5747,신풍제지,002870,미공개,B+,미공개,B,2014,,,,,
5746,신풍제지,002870,미공개,B+,미공개,B,2015,,,,,
5745,신풍제지,002870,미공개,B+,미공개,B,2016,,,,,
5744,신풍제지,002870,미공개,B+,미공개,B,2017,,,,,
5743,신풍제지,002870,미공개,B+,미공개,B,2018,,,,,
5742,신풍제지,002870,B+,B+,B,B+,2019,,,,,
5741,신풍제지,002870,B,B+,C,B,2020,,,,,
5740,신풍제지,002870,B+,B,B,B+,2021,,,,,
5739,신풍제지,002870,D,D,D,C,2022,,,,,
5738,신한,005450,미공개,미공개,미공개,미공개,2012,,,,,
5737,신한,005450,미공개,미공개,미공개,C,2013,,,,,
5736,신한,005450,미공개,미공개,미공개,C,2014,,,,,
5735,신한,005450,미공개,미공개,미공개,C,2015,,,,,
5734,신한,005450,미공개,미공개,미공개,C,2016,,,,,
5733,신한,005450,미공개,미공개,미공개,C,2017,,,,,
5732,신한,005450,미공개,미공개,미공개,D,2018,,,,,
5731,신한,005450,미공개,미공개,미공개,D,2019,,,,,
5730,신한금융투자,008670,등급없음,등급없음,등급없음,B,2019,,,,지배구조 등급조정(2020.4),
5729,신한금융투자,008670,등급없음,등급없음,등급없음,B,2020,,,,지배구조 등급조정(2020.10),
5728,신한금융투자,008670,등급없음,등급없음,등급없음,B,2021,,,,,
5727,신한라이프생명보험,828992,등급없음,등급없음,등급없음,A,2021,,,,,
5726,신한라이프생명보험,828992,등급없음,등급없음,등급없음,A,2022,,,,,
5725,신한라이프생명보험,828992,등급없음,등급없음,등급없음,A+,2023,,,,,
5724,신한라이프생명보험,828992,등급없음,등급없음,등급없음,A,2024,,,,,
5723,신한라이프생명보험,828992,등급없음,등급없음,등급없음,A,2025,,,,,
5722,신한생명보험,828992,등급없음,등급없음,등급없음,B+,2019,,,,,
5721,신한생명보험,828992,등급없음,등급없음,등급없음,B+,2020,,,,,
5720,신한은행,000010,등급없음,등급없음,등급없음,B+,2019,,,,,
5719,신한은행,000010,등급없음,등급없음,등급없음,A,2020,,,,,
5718,신한은행,000010,등급없음,등급없음,등급없음,A,2021,,,,,
5717,신한은행,000010,등급없음,등급없음,등급없음,B+,2022,,,,지배구조 등급조정(2022.11),
5716,신한은행,000010,등급없음,등급없음,등급없음,B+,2023,,,,,
5715,신한은행,000010,등급없음,등급없음,등급없음,B+,2024,,,,,
5714,신한은행,000010,등급없음,등급없음,등급없음,A,2025,,,,,
5713,신한지주,055550,A,B+,A,A+,2012,,,,,
5712,신한지주,055550,A+,A,A+,A+,2013,,,,,
5711,신한지주,055550,A,A,A,A+,2014,,,,,
5710,신한지주,055550,A+,A,A+,A+,2015,,,,,
5709,신한지주,055550,A+,A+,A+,A+,2016,,,,,
5708,신한지주,055550,A+,A+,A,S,2017,통합 등급조정(2017.8),,사회 등급조정(2017.8),,
5707,신한지주,055550,A+,A+,A,A+,2018,,,사회 등급조정(2018.10),,
5706,신한지주,055550,A+,A+,B+,A+,2019,,,사회 등급조정(2020.4),,
5705,신한지주,055550,A+,A+,A,A+,2020,,,사회 등급조정(2020.10),,
5704,신한지주,055550,A+,A+,A+,A+,2021,,,,,
5703,신한지주,055550,A+,A+,A+,A+,2022,,,,,
5702,신한지주,055550,A+,A+,A+,A+,2023,,,,,
5701,신한지주,055550,A+,A+,A,A+,2024,,,,,
5700,신한지주,055550,A+,A+,B+,A+,2025,,,사회 등급조정(2026.04.),,
5699,신한카드,032710,등급없음,등급없음,등급없음,A,2019,,,,,
5698,신한카드,032710,등급없음,등급없음,등급없음,A,2020,,,,,
5697,신한카드,032710,등급없음,등급없음,등급없음,B+,2021,,,,,
5696,신한카드,032710,등급없음,등급없음,등급없음,A,2022,,,,,
5695,신한카드,032710,등급없음,등급없음,등급없음,A,2023,,,,,
5694,신한카드,032710,등급없음,등급없음,등급없음,A,2024,,,,,
5693,신한카드,032710,등급없음,등급없음,등급없음,A,2025,,,,,
5692,신한캐피탈,811323,등급없음,등급없음,등급없음,B+,2019,,,,,
5691,신한캐피탈,811323,등급없음,등급없음,등급없음,B+,2020,,,,,
5690,신한캐피탈,811323,등급없음,등급없음,등급없음,B+,2021,,,,,
5689,신한캐피탈,811323,등급없음,등급없음,등급없음,B+,2022,,,,,
5688,신한캐피탈,811323,등급없음,등급없음,등급없음,B+,2023,,,,,
5687,신한캐피탈,811323,등급없음,등급없음,등급없음,A,2024,,,,,
5686,신한캐피탈,811323,등급없음,등급없음,등급없음,B+,2025,,,,,
5685,신한투자증권,008670,등급없음,등급없음,등급없음,A,2022,,,,,
5684,신한투자증권,008670,등급없음,등급없음,등급없음,A,2023,,,,,
5683,신한투자증권,008670,등급없음,등급없음,등급없음,A,2024,,,,,
5682,신한투자증권,008670,등급없음,등급없음,등급없음,A,2025,,,,,
5681,신화실업,001770,미공개,미공개,미공개,미공개,2012,,,,,
5680,신화실업,001770,미공개,미공개,미공개,C,2013,,,,,
5679,신화실업,001770,미공개,미공개,미공개,C,2014,,,,,
5678,신화실업,001770,미공개,미공개,미공개,C,2015,,,,,
5677,신화실업,001770,미공개,미공개,미공개,C,2016,,,,,
5676,신화실업,001770,미공개,미공개,미공개,B,2017,,,,,
5675,신화실업,001770,미공개,미공개,미공개,C,2018,,,,,
5674,신화실업,001770,미공개,미공개,미공개,D,2019,,,,지배구조 등급조정(2020.4),
5673,신화실업,001770,D,D,C,D,2020,,,,지배구조 등급조정(2020.10),
5672,신화실업,001770,C,D,C,B,2021,,,,,
5671,신화인터텍,056700,미공개,B,B,C,2019,,,,,
5670,신화인터텍,056700,B,B,B,B,2020,,,,,
5669,신화인터텍,056700,B,B,C,B,2021,,,,,
5668,신화인터텍,056700,D,D,D,C,2022,,,,,
5667,신화인터텍,056700,C,C,C,C,2023,,,,,
5666,신화인터텍,056700,C,C,C,B,2024,,,,,
5665,신화인터텍,056700,C,C,C,B,2025,,,,,
5664,신흥,004080,미공개,미공개,미공개,미공개,2012,,,,,
5663,신흥,004080,미공개,미공개,미공개,B,2013,,,,,
5662,신흥,004080,미공개,미공개,미공개,B,2014,,,,,
5661,신흥,004080,미공개,미공개,미공개,B+,2015,,,,,
5660,신흥,004080,미공개,미공개,미공개,B+,2016,,,,,
5659,신흥,004080,미공개,미공개,미공개,B+,2017,,,,,
5658,신흥,004080,미공개,미공개,미공개,B+,2018,,,,,
5657,신흥,004080,B,미공개,B,B,2019,,,,,
5656,신흥,004080,B,D,B,B,2020,,,,,
5655,신흥,004080,B,D,B,B,2021,,,,,
5654,신흥,004080,D,D,C,D,2022,,,,,
5653,신흥,004080,C,D,C,C,2023,,,,,
5652,신흥,004080,D,D,D,D,2024,,,,,
5651,신흥,004080,C,D,C,C,2025,,,,,
5650,신흥에스이씨,243840,C,D,C,B,2021,,,,,
5649,실리콘웍스,108320,B,미공개,B+,B+,2019,,,,,
5648,실리콘투,257720,D,D,D,D,2025,,,,,
5647,심텍,222800,C,C,B,D,2022,,,,,
5646,심텍,222800,B+,B+,B+,B,2023,,,,,
5645,심텍,222800,A,B+,A+,B+,2024,,,,,
5644,심텍,222800,A,A,A+,B+,2025,,,,,
5643,쌍방울,102280,미공개,미공개,미공개,미공개,2012,,,,,
5642,쌍방울,102280,미공개,미공개,미공개,C,2013,,,,,
5641,쌍방울,102280,미공개,미공개,미공개,C,2014,,,,,
5640,쌍방울,102280,미공개,미공개,미공개,D,2015,,,,,
5639,쌍방울,102280,미공개,미공개,미공개,C,2016,,,,,
5638,쌍방울,102280,미공개,미공개,미공개,C,2017,,,,,
5637,쌍방울,102280,미공개,미공개,미공개,C,2018,,,,,
5636,쌍방울,102280,미공개,미공개,B,C,2019,,,,,
5635,쌍방울,102280,C,D,B,C,2020,,,,,
5634,쌍방울,102280,C,D,B,C,2021,,,,,
5633,쌍방울,102280,D,D,C,D,2022,,,,,
5632,쌍방울,102280,D,D,D,D,2023,,,,,
5631,쌍방울,102280,D,D,D,D,2024,,,,,
5630,쌍방울,102280,D,D,D,D,2025,,,,,
5629,쌍용씨앤이,003410,A,A,A,B+,2021,,,사회 등급조정(2022.04),,
5628,쌍용씨앤이,003410,B+,B+,B,B+,2022,,,사회 등급조정(2022.11),,
5627,쌍용씨앤이,003410,B+,B+,B,A,2023,,,,,
,,,,,,,,,,,,
5625,쌍용양회공업,003410,미공개,B+,미공개,미공개,2012,,,,,
5624,쌍용양회공업,003410,미공개,B+,미공개,C,2013,,,,,
5623,쌍용양회공업,003410,미공개,B+,B+,C,2014,,,,,
5622,쌍용양회공업,003410,미공개,B+,미공개,B,2015,,,,,
5621,쌍용양회공업,003410,B+,A,A,B,2016,통합 등급조정(2016.8),,사회 등급조정(2016.8),,
5620,쌍용양회공업,003410,B+,A,미공개,B+,2017,,,,,
5619,쌍용양회공업,003410,A,A,A,B+,2018,,,,,
5618,쌍용양회공업,003410,B+,B+,B+,B+,2019,,,사회 등급조정(2020.4),,
5617,쌍용양회공업,003410,B+,B,B+,B+,2020,,,사회 등급조정(2020.10),,
5616,쌍용자동차,003620,미공개,B+,미공개,미공개,2012,,,,,
5615,쌍용자동차,003620,B+,B+,B+,B+,2013,,,,,
5614,쌍용자동차,003620,B+,B+,B+,B+,2014,,,,,
5613,쌍용자동차,003620,B+,B+,미공개,B+,2015,,,,,
5612,쌍용자동차,003620,B+,B+,미공개,B+,2016,,,,,
5611,쌍용자동차,003620,B+,B+,미공개,B+,2017,,,,,
5610,쌍용자동차,003620,B+,미공개,B+,B+,2018,,환경 등급조정(2018.10),,,
5609,쌍용자동차,003620,B,B+,B,B,2019,통합 등급조정(2020.1),,사회 등급조정(2020.1),,
5608,쌍용자동차,003620,B+,B+,B,B+,2020,,,사회 등급조정(2020.10),,
5607,써니전자,004770,미공개,미공개,미공개,미공개,2012,,,,,
5606,써니전자,004770,미공개,미공개,미공개,C,2013,,,,,
5605,써니전자,004770,미공개,미공개,미공개,B,2014,,,,,
5604,써니전자,004770,미공개,미공개,미공개,C,2015,,,,,
5603,써니전자,004770,미공개,미공개,미공개,C,2016,,,,,
5602,써니전자,004770,미공개,미공개,B+,B,2017,,,,,
5601,써니전자,004770,미공개,미공개,미공개,B,2018,,,,,
5600,써니전자,004770,미공개,미공개,B,B,2019,,,,,
5599,써니전자,004770,C,C,B,B,2020,,,,,
5598,써니전자,004770,C,D,B,B,2021,,,,,
5597,써니전자,004770,D,D,D,C,2022,,,,,
5596,써니전자,004770,D,C,C,D,2023,,,,,
5595,써니전자,004770,D,C,D,D,2024,,,,,
5594,써니전자,004770,D,C,D,D,2025,,,,,
5593,쎌마테라퓨틱스,015540,D,D,C,D,2021,,,,,
5592,쎌마테라퓨틱스,015540,D,D,D,D,2022,,,,,
5591,쎌마테라퓨틱스,015540,D,D,D,D,2023,,,,,
5590,쏘카,403550,C,D,D,B,2024,,,,,
5589,쏘카,403550,C,D,D,B,2025,,,,,
5588,씨아이에스,222080,C,D,C,B+,2021,,,,,
5587,씨아이에스,222080,D,D,D,C,2022,,,,,
5586,씨아이에스,222080,C,C,C,C,2023,,,,,
5585,씨아이에스,222080,C,C,C,C,2024,,,,,
5584,씨아이에스,222080,D,C,C,D,2025,,,,,
5583,씨아이테크,004920,미공개,미공개,미공개,미공개,2012,,,,,
5582,씨아이테크,004920,미공개,미공개,미공개,C,2013,,,,,
5581,씨아이테크,004920,미공개,미공개,미공개,D,2014,,,,,
5580,씨아이테크,004920,미공개,미공개,미공개,D,2015,,,,,
5579,씨아이테크,004920,미공개,미공개,미공개,C,2016,,,,,
5578,씨아이테크,004920,미공개,미공개,미공개,D,2017,,,,,
5577,씨아이테크,004920,미공개,미공개,미공개,C,2018,,,,,
5576,씨아이테크,004920,미공개,미공개,미공개,C,2019,,,,,
5575,씨아이테크,004920,C,D,C,C,2020,,,,,
5574,씨아이테크,004920,C,D,C,C,2021,,,,,
5573,씨아이테크,004920,D,D,D,D,2022,,,,,
5572,씨아이테크,004920,D,D,D,D,2023,,,,,
5571,씨아이테크,004920,D,D,D,D,2024,,,,,
5570,씨아이테크,004920,D,D,D,D,2025,,,,,
5569,씨앤씨인터내셔널,352480,C,D,D,B+,2025,,,,,
5568,씨에스윈드,112610,미공개,미공개,미공개,B+,2016,,,,,
5567,씨에스윈드,112610,B+,미공개,미공개,B+,2017,,,,,
5566,씨에스윈드,112610,미공개,미공개,미공개,B+,2018,,,,,
5565,씨에스윈드,112610,B,B,미공개,B+,2019,,,,,
5564,씨에스윈드,112610,B,B,C,B,2020,,,,,
5563,씨에스윈드,112610,B,B,C,B+,2021,,,,,
5562,씨에스윈드,112610,C,C,B,C,2022,,,,,
5561,씨에스윈드,112610,A,B+,B+,A,2023,,,,,
5560,씨에스윈드,112610,A,A,B+,A,2024,,,,,
5559,씨에스윈드,112610,A,A+,A,B+,2025,,,,,
5558,씨젠,096530,미공개,미공개,미공개,C,2019,,,,,
5557,씨젠,096530,D,D,C,D,2020,통합 등급조정(2021.4),,,지배구조 등급조정(2021.4),
5556,씨젠,096530,D,D,C,D,2021,통합 등급조정(2021.10),,,지배구조 등급조정(2021.10),
5555,씨젠,096530,C,B,B+,D,2022,,,,,
5554,씨젠,096530,B+,B+,B+,B+,2023,,,,,
5553,씨젠,096530,B+,B,A,B+,2024,,,,,
5552,씨젠,096530,B+,B+,A,B,2025,,,,,
5551,씨티알모빌리티,308170,C,D,C,B,2023,,,,,
5550,씨티알모빌리티,308170,B,B,C,B,2024,,,,,
5549,씨티알모빌리티,308170,C,C,C,C,2025,,,,,
5548,씨티은행,016830,등급없음,등급없음,등급없음,A,2019,,,,,
5547,아난티,025980,C,D,B,D,2020,,,,,
5546,아난티,025980,D,D,C,D,2021,,,,,
5545,아난티,025980,C,C,B,D,2022,,,,,
5544,아난티,025980,C,B+,C,D,2023,,,,,
5543,아난티,025980,C,B,B,D,2024,,,,,
5542,아난티,025980,D,B,C,D,2025,,,,,
5541,아남전자,008700,미공개,미공개,미공개,미공개,2012,,,,,
5540,아남전자,008700,미공개,미공개,미공개,B,2013,,,,,
5539,아남전자,008700,미공개,미공개,미공개,C,2014,,,,,
5538,아남전자,008700,미공개,미공개,미공개,C,2015,,,,,
5537,아남전자,008700,미공개,미공개,미공개,B,2016,,,,,
5536,아남전자,008700,미공개,미공개,미공개,B,2017,,,,,
5535,아남전자,008700,미공개,미공개,미공개,C,2018,,,,,
5534,아남전자,008700,미공개,미공개,미공개,C,2019,,,,,
5533,아남전자,008700,C,C,C,C,2020,,,,,
5532,아남전자,008700,C,C,C,B,2021,,,,,
5531,아남전자,008700,D,D,C,D,2022,,,,,
5530,아남전자,008700,D,D,C,C,2023,,,,,
5529,아남전자,008700,D,D,D,C,2024,,,,,
5528,아남전자,008700,D,D,D,D,2025,,,,,
5527,아모레퍼시픽,090430,A,A,A+,B+,2012,,,,,
5526,아모레퍼시픽,090430,B+,B+,A,B+,2013,,,,,
5525,아모레퍼시픽,090430,B+,B+,A,B+,2014,,,,,
5524,아모레퍼시픽,090430,B+,B+,A,B,2015,,,,,
5523,아모레퍼시픽,090430,A,A,A,B+,2016,,,,,
5522,아모레퍼시픽,090430,A,A,A,B+,2017,,,,,
5521,아모레퍼시픽,090430,B+,A,A+,B,2018,,,,,
5520,아모레퍼시픽,090430,A,A,A+,B+,2019,,,,,
5519,아모레퍼시픽,090430,A,A,A+,A,2020,,,,,
5518,아모레퍼시픽,090430,A,A,A+,A,2021,,,,,
5517,아모레퍼시픽,090430,A,A,A+,A,2022,,,,,
5516,아모레퍼시픽,090430,A,A,A+,A,2023,,,,,
5515,아모레퍼시픽,090430,A,A,A+,A,2024,,,,,
5514,아모레퍼시픽,090430,A,A,A+,A,2025,,,,,
5513,아모레퍼시픽홀딩스,002790,미공개,미공개,B+,미공개,2012,,,,,
5512,아모레퍼시픽홀딩스,002790,미공개,미공개,B+,B,2013,,,,,
5511,아모레퍼시픽홀딩스,002790,미공개,미공개,미공개,B,2014,,,,,
5510,아모레퍼시픽홀딩스,002790,미공개,미공개,A,C,2015,,,,,
5509,아모레퍼시픽홀딩스,002790,B+,미공개,A+,C,2016,,,,,
5508,아모레퍼시픽홀딩스,002790,미공개,미공개,A,B,2017,,,,,
5507,아모레퍼시픽홀딩스,002790,A,A,A+,B+,2018,,,,,
5506,아모레퍼시픽홀딩스,002790,A,A,A+,B+,2019,,,,,
5505,아모레퍼시픽홀딩스,002790,A,A,A+,A,2020,,,,,
5504,아모레퍼시픽홀딩스,002790,A,A,A+,A,2021,,,,,
5503,아모레퍼시픽홀딩스,002790,A,A,A+,B+,2022,,,,,
5502,아모레퍼시픽홀딩스,002790,A,A,A+,A,2023,,,,,
5501,아모레퍼시픽홀딩스,002790,A+,A,A+,A+,2024,,,,,
5500,아모레퍼시픽홀딩스,002790,A,A,A+,A,2025,,,,,
5499,아미코젠,092040,미공개,미공개,B,C,2019,,,,,
5498,아미코젠,092040,C,D,C,C,2020,,,,,
5497,아미코젠,092040,C,C,B+,C,2021,,,,,
5496,아미코젠,092040,C,C,B+,C,2022,,,,,
5495,아미코젠,092040,B,B,B+,B,2023,,,,,
5494,아비스타,090370,미공개,미공개,미공개,미공개,2012,,,,,
5493,아비스타,090370,미공개,미공개,미공개,C,2013,,,,,
5492,아비스타,090370,미공개,미공개,미공개,C,2014,,,,,
5491,아비스타,090370,미공개,미공개,미공개,B,2015,,,,,
5490,아비스타,090370,미공개,미공개,미공개,B,2016,,,,,
5489,아비스타,090370,미공개,미공개,미공개,B,2017,,,,,
5488,아세아,002030,B+,B+,B+,미공개,2012,,,,,
5487,아세아,002030,B+,B+,B+,B,2013,,,,,
5486,아세아,002030,미공개,B+,B+,C,2014,,,,,
5485,아세아,002030,미공개,미공개,미공개,C,2015,,,,,
5484,아세아,002030,미공개,미공개,미공개,B,2016,,,,,
5483,아세아,002030,미공개,미공개,미공개,B,2017,,,,,
5482,아세아,002030,미공개,미공개,미공개,C,2018,,,,,
5481,아세아,002030,미공개,B,B,C,2019,,,,,
5480,아세아,002030,C,C,B,C,2020,,,,,
5479,아세아,002030,B+,B,B+,B+,2021,,,,,
5478,아세아,002030,B+,B,B+,B+,2022,,,,,
5477,아세아,002030,A,B+,B+,A,2023,,,,,
5476,아세아,002030,A,A,A,A,2024,,,,,
5475,아세아,002030,B+,B+,A,B+,2025,,,,,
5474,아세아시멘트,183190,미공개,B+,B+,C,2015,,,,,
5473,아세아시멘트,183190,미공개,B+,미공개,B,2016,통합 등급조정(2016.8),,사회 등급조정(2016.8),,
5472,아세아시멘트,183190,미공개,B+,미공개,C,2017,,,,,
5471,아세아시멘트,183190,미공개,A,B+,C,2018,,,,,
5470,아세아시멘트,183190,B,A,A,C,2019,,,,,
5469,아세아시멘트,183190,B+,B+,B+,B,2020,,,,,
5468,아세아시멘트,183190,B+,B+,B+,B,2021,,,,,
5467,아세아시멘트,183190,C,B,B+,C,2022,,,,,
5466,아세아시멘트,183190,B+,B+,A,B,2023,,,,,
5465,아세아시멘트,183190,A,A,A,B+,2024,,,,,
5464,아세아시멘트,183190,B+,A,B+,B,2025,,,,,
5463,아세아제지,002310,미공개,미공개,미공개,미공개,2012,,,,,
5462,아세아제지,002310,미공개,미공개,미공개,C,2013,,,,,
5461,아세아제지,002310,미공개,미공개,미공개,C,2014,,,,,
5460,아세아제지,002310,미공개,미공개,미공개,C,2015,,,,,
5459,아세아제지,002310,미공개,미공개,미공개,B,2016,,,,,
5458,아세아제지,002310,미공개,미공개,미공개,B,2017,,,,,
5457,아세아제지,002310,미공개,미공개,미공개,C,2018,,,,,
5456,아세아제지,002310,B,B,미공개,B,2019,,,,,
5455,아세아제지,002310,B,C,B,B,2020,,,,,
5454,아세아제지,002310,B,C,B+,B,2021,,,,,
5453,아세아제지,002310,C,C,B+,D,2022,,,,,
5452,아세아제지,002310,C,B,B+,D,2023,,,,,
5451,아세아제지,002310,B+,B+,A,B,2024,,,,,
5450,아세아제지,002310,B+,B+,A,B,2025,,,,,
5449,아세아페이퍼텍,009380,미공개,미공개,미공개,미공개,2012,,,,,
5448,아센디오,012170,C,D,D,B,2021,,,,,
5447,아센디오,012170,D,D,D,D,2022,,,,,
5446,아센디오,012170,D,D,D,D,2023,,,,,
5445,아센디오,012170,D,D,D,D,2024,,,,,
5444,아센디오,012170,D,D,D,D,2025,,,,,
5443,아시아나IDT,267850,C,D,B,C,2020,통합 등급조정(2021.7),,,지배구조 등급조정(2021.7),
5442,아시아나IDT,267850,D,B,C,D,2021,통합 등급조정(2021.10),,,지배구조 등급조정(2021.10),
5441,아시아나IDT,267850,C,D,C,C,2022,,,,,
5440,아시아나IDT,267850,D,C,C,D,2023,,,,,
5439,아시아나IDT,267850,B,C,B+,B,2024,통합 등급조정(2024.10.),,,지배구조 등급조정(2024.10.),
5438,아시아나IDT,267850,C,C,A,C,2025,,,,,
5437,아시아나항공,020560,B+,A,B+,미공개,2012,,,,,
5436,아시아나항공,020560,B+,A,B+,B+,2013,,,,,
5435,아시아나항공,020560,B+,B+,A,C,2014,,,,,
5434,아시아나항공,020560,B+,A,B+,C,2015,,,,,
5433,아시아나항공,020560,B+,B+,A+,B,2016,,,,,
5432,아시아나항공,020560,B+,B+,A,B,2017,,,,,
5431,아시아나항공,020560,미공개,B+,미공개,B,2018,,,사회 등급조정(2018.10),,
5430,아시아나항공,020560,B,B+,B+,C,2019,,,,,
5429,아시아나항공,020560,C,B+,B+,D,2020,통합 등급조정(2021.7),,,지배구조 등급조정(2021.7),
5428,아시아나항공,020560,C,B+,A,D,2021,통합 등급조정(2021.10),,,지배구조 등급조정(2021.10),
5427,아시아나항공,020560,B,B+,A,C,2022,,,,,
5426,아시아나항공,020560,B+,A,A,B,2023,통합 등급조정(2024.07.),,,지배구조 등급조정(2024.07.),
5425,아시아나항공,020560,B+,A,B+,B+,2024,통합 등급조정(2024.10.),,,지배구조 등급조정(2024.10.),
5424,아시아나항공,020560,B+,A,B+,B+,2025,,,,,
5423,아이마켓코리아,122900,미공개,미공개,미공개,미공개,2012,,,,,
5422,아이마켓코리아,122900,미공개,미공개,미공개,B,2013,,,,,
5421,아이마켓코리아,122900,미공개,미공개,미공개,B,2014,,,,,
5420,아이마켓코리아,122900,미공개,미공개,미공개,B,2015,,,,,
5419,아이마켓코리아,122900,미공개,미공개,미공개,C,2016,,,,,
5418,아이마켓코리아,122900,미공개,미공개,미공개,B+,2017,,,,,
5417,아이마켓코리아,122900,미공개,미공개,미공개,B+,2018,,,,,
5416,아이마켓코리아,122900,B,미공개,B+,B+,2019,,,,,
5415,아이마켓코리아,122900,B,D,B,B+,2020,,,,,
5414,아이마켓코리아,122900,B,D,B+,B+,2021,,,,,
5413,아이마켓코리아,122900,C,D,B+,C,2022,,,,,
5412,아이마켓코리아,122900,C,C,B+,C,2023,,,,,
5411,아이마켓코리아,122900,B,C,B+,B,2024,,,,,
5410,아이마켓코리아,122900,C,C,B+,C,2025,,,,,
5409,아이비케이연금보험,829322,등급없음,등급없음,등급없음,B,2019,,,,,
5408,아이비케이연금보험,829322,등급없음,등급없음,등급없음,B+,2020,,,,,
5407,아이비케이연금보험,829322,등급없음,등급없음,등급없음,B,2021,,,,,
5406,아이비케이연금보험,829322,등급없음,등급없음,등급없음,B,2022,,,,,
5405,아이비케이연금보험,829322,등급없음,등급없음,등급없음,B,2023,,,,,
5404,아이비케이연금보험,829322,등급없음,등급없음,등급없음,B,2024,,,,,
5403,아이비케이연금보험,829322,등급없음,등급없음,등급없음,B,2025,,,,,
5402,아이비케이캐피탈,828519,등급없음,등급없음,등급없음,B,2020,,,,,
5401,아이비케이캐피탈,828519,등급없음,등급없음,등급없음,B+,2021,,,,,
5400,아이비케이캐피탈,828519,등급없음,등급없음,등급없음,B+,2022,,,,,
5399,아이비케이캐피탈,828519,등급없음,등급없음,등급없음,B,2023,,,,,
5398,아이비케이캐피탈,828519,등급없음,등급없음,등급없음,B,2024,,,,,
5397,아이비케이캐피탈,828519,등급없음,등급없음,등급없음,B+,2025,,,,,
5396,아이비케이투자증권,809467,등급없음,등급없음,등급없음,B,2023,,,,,
5395,아이비케이투자증권,809467,등급없음,등급없음,등급없음,B,2024,,,,,
5394,아이비케이투자증권,809467,등급없음,등급없음,등급없음,B+,2025,,,,,
5393,아이센스,099190,B,C,B+,B+,2024,,,,,
5392,아이센스,099190,B+,B,B+,A,2025,,,,,
5391,아이에스동서,010780,미공개,미공개,미공개,미공개,2012,,,,,
5390,아이에스동서,010780,미공개,미공개,미공개,C,2013,,,,,
5389,아이에스동서,010780,미공개,미공개,미공개,B,2014,,,,,
5388,아이에스동서,010780,미공개,미공개,미공개,C,2015,,,,,
5387,아이에스동서,010780,미공개,미공개,미공개,B,2016,,,,,
5386,아이에스동서,010780,미공개,미공개,미공개,B,2017,,,,,
5385,아이에스동서,010780,미공개,미공개,미공개,C,2018,,,,,
5384,아이에스동서,010780,미공개,B,미공개,B,2019,,,,,
5383,아이에스동서,010780,B,B,B,B+,2020,,,,,
5382,아이에스동서,010780,B+,B,B+,B+,2021,,,,,
5381,아이에스동서,010780,B+,B,A,B+,2022,,,,,
5380,아이에스동서,010780,B+,B+,A,B+,2023,,,,,
5379,아이에스동서,010780,C,B,B+,C,2024,,,,,
5378,아이에스동서,010780,C,B+,A,D,2025,,,,,
5377,아이에이치큐,003560,미공개,미공개,미공개,미공개,2012,,,,,
5376,아이에이치큐,003560,미공개,미공개,미공개,C,2013,,,,,
5375,아이에이치큐,003560,미공개,미공개,미공개,C,2014,,,,,
5374,아이에이치큐,003560,미공개,미공개,미공개,B,2015,,,,,
5373,아이에이치큐,003560,미공개,미공개,미공개,C,2016,,,,,
5372,아이에이치큐,003560,미공개,미공개,미공개,B,2017,,,,,
5371,아이에이치큐,003560,미공개,미공개,미공개,B,2018,,,,,
5370,아이에이치큐,003560,B,미공개,미공개,B+,2019,,,,,
5369,아이에이치큐,003560,B,D,B,B+,2020,,,,,
5368,아이에이치큐,003560,C,D,C,B,2021,,,,,
5367,아이에이치큐,003560,D,D,D,D,2022,,,,,
5366,아이에이치큐,003560,D,D,C,D,2023,,,,,
5365,아이에이치큐,003560,D,D,C,D,2024,,,,,
5364,아이에이치큐,003560,D,D,D,D,2025,,,,,
5363,아이엠라이프생명보험,813363,등급없음,등급없음,등급없음,B+,2025,,,,,
5362,아이엠뱅크,005270,등급없음,등급없음,등급없음,B+,2024,,,,지배구조 등급조정(2024.10.),
5361,아이엠뱅크,005270,등급없음,등급없음,등급없음,B+,2025,,,,,
5360,아이엠증권,814270,등급없음,등급없음,등급없음,B+,2025,,,,,
5359,아이콘트롤스,039570,미공개,미공개,미공개,B+,2017,,,,,
5358,아이티센씨티에스,031820,C,B+,A,D,2025,,,,,
5357,아이티엠반도체,084850,B+,B+,A,B+,2021,,,,,
5356,아이티엠반도체,084850,B,C,B+,B,2022,,,,,
5355,아이티엠반도체,084850,B+,B+,A,B,2023,,,,,
5354,아이티엠반도체,084850,B+,B+,A,B,2024,,,,,
5353,아이티엠반도체,084850,B+,B+,A,B,2025,,,,,
5352,아이패밀리에스씨,114840,C,D,D,B,2025,,,,,
5351,아주IB투자,027360,C,D,B,C,2020,,,,,
5350,아주IB투자,027360,B,D,B+,B,2021,,,,,
5349,아주IB투자,027360,B,C,B+,B,2022,,,,,
5348,아주IB투자,027360,B,C,A,B,2023,,,,,
5347,아주IB투자,027360,B,C,A,B,2024,,,,,
5346,아주IB투자,027360,B,C,A,B,2025,,,,,
5345,아주스틸,139990,C,C,C,C,2023,,,,,
5344,아주스틸,139990,D,C,D,D,2024,,,,,
5343,아주스틸,139990,C,C,B,D,2025,,,,,
5342,아주캐피탈,033660,미공개,미공개,미공개,미공개,2012,,,,,
5341,아주캐피탈,033660,미공개,미공개,미공개,B,2013,,,,,
5340,아주캐피탈,033660,미공개,미공개,미공개,B,2014,,,,,
5339,아주캐피탈,033660,미공개,미공개,미공개,B,2015,,,,,
5338,아주캐피탈,033660,미공개,미공개,미공개,A,2016,,,,,
5337,아주캐피탈,033660,B+,미공개,미공개,A,2017,,,,,
5336,아주캐피탈,033660,미공개,미공개,미공개,미공개,2018,,,,,
5335,아주캐피탈,033660,B,미공개,B+,B+,2019,,,,,
5334,아진전자부품,009320,D,D,D,D,2024,,,,,
5333,아진전자부품,009320,C,B,B+,D,2025,,,,,
5332,아트라스BX,023890,B+,B,B,B+,2019,,,,,
5331,아티스,101140,미공개,미공개,미공개,미공개,2012,,,,,
5330,아티스,101140,미공개,미공개,미공개,C,2013,,,,,
5329,아티스,101140,미공개,미공개,미공개,C,2014,,,,,
5328,아티스,101140,미공개,미공개,미공개,C,2015,,,,,
5327,아티스,101140,미공개,미공개,미공개,B+,2016,,,,,
5326,아티스,101140,미공개,미공개,미공개,B,2017,,,,,
5325,아티스,101140,미공개,미공개,미공개,B,2018,,,,,
5324,아프리카TV,067160,B,D,B,B,2020,,,,,
5323,아프리카TV,067160,B,D,B,B+,2021,,,,,
5322,아프리카TV,067160,C,C,B+,D,2022,,,,,
5321,안랩,053800,B,미공개,B+,B+,2019,,,,,
5320,안랩,053800,B+,C,B+,B+,2020,,,,,
5319,안랩,053800,B+,B,B+,A,2021,,,,,
5318,안랩,053800,B+,B+,A,B+,2022,,,,,
5317,안랩,053800,B+,B+,A,B+,2023,,,,,
5316,안랩,053800,A,B+,A+,B+,2024,,,,,
5315,안랩,053800,A,B+,A+,B+,2025,,,,,
5314,안트로젠,065660,C,D,C,B+,2020,,,,,
5313,안트로젠,065660,C,D,C,B+,2021,,,,,
5312,알루코,001780,미공개,미공개,미공개,미공개,2012,,,,,
5311,알루코,001780,미공개,미공개,미공개,D,2013,,,,,
5310,알루코,001780,미공개,미공개,미공개,C,2014,,,,,
5309,알루코,001780,미공개,미공개,미공개,D,2015,,,,,
5308,알루코,001780,미공개,미공개,미공개,D,2016,,,,,
5307,알루코,001780,미공개,미공개,미공개,B,2017,,,,,
5306,알루코,001780,미공개,미공개,미공개,C,2018,,,,,
5305,알루코,001780,미공개,미공개,B,B,2019,,,,,
5304,알루코,001780,B,B,B,B,2020,,,,,
5303,알루코,001780,C,C,D,B,2021,,,,,
5302,알루코,001780,D,D,C,D,2022,,,,,
5301,알루코,001780,D,C,C,D,2023,,,,,
5300,알루코,001780,C,B,B,C,2024,,,,,
5299,알루코,001780,C,C,B,C,2025,,,,,
5298,알보젠코리아,002250,미공개,미공개,미공개,미공개,2012,,,,,
5297,알보젠코리아,002250,미공개,미공개,미공개,B,2013,,,,,
5296,알보젠코리아,002250,미공개,미공개,미공개,B,2014,,,,,
5295,알보젠코리아,002250,미공개,미공개,미공개,C,2015,,,,,
5294,알보젠코리아,002250,미공개,미공개,미공개,C,2016,,,,,
5293,알보젠코리아,002250,미공개,미공개,미공개,B,2017,,,,,
5292,알보젠코리아,002250,미공개,미공개,미공개,B,2018,,,,,
5291,알서포트,131370,B,D,C,B+,2021,,,,,
5290,알서포트,131370,D,D,C,D,2022,,,,,
5289,알앤엘바이오,003190,미공개,미공개,미공개,미공개,2012,,,,,
5288,알테오젠,196170,C,D,C,B,2021,,,,,
5287,알테오젠,196170,C,D,C,B+,2022,,,,,
5286,알테오젠,196170,C,D,B,C,2023,,,,,
5285,알테오젠,196170,C,D,C,B,2024,,,,,
5284,알테오젠,196170,C,D,C,C,2025,,,,,
5283,압타바이오,293780,D,D,D,C,2022,,,,,
5282,애경산업,018250,B,C,B+,B,2020,,,,지배구조 등급조정(2021.1),
5281,애경산업,018250,A,B+,A+,B+,2021,,,,,
5280,애경산업,018250,A,B+,A+,B+,2022,,,,,
5279,애경산업,018250,A,A,A+,A,2023,,,,,
5278,애경산업,018250,A,A,A+,A,2024,,,,,
5277,애경산업,018250,A,A,A+,A,2025,,,,,
5276,애경유화,161000,미공개,미공개,미공개,C,2014,,,,,
5275,애경유화,161000,미공개,B+,미공개,C,2015,,,,,
5274,애경유화,161000,미공개,B+,미공개,C,2016,,,,,
5273,애경유화,161000,미공개,B+,미공개,B,2017,,,,,
5272,애경유화,161000,미공개,B+,미공개,C,2018,,,,,
5271,애경유화,161000,B,B+,미공개,B,2019,,,,,
5270,애경유화,161000,B,B+,C,B,2020,,,,,
5269,애경케미칼,161000,B,B,C,B,2021,,,,,
5268,애경케미칼,161000,B+,B+,A,B+,2022,,,,,
5267,애경케미칼,161000,A,A,A,B+,2023,,,,,
5266,애경케미칼,161000,B+,B+,A,B+,2024,,,,,
5265,애경케미칼,161000,A,A,A+,A,2025,,,,,
5264,에넥스,011090,미공개,미공개,미공개,미공개,2012,,,,,
5263,에넥스,011090,미공개,미공개,미공개,C,2013,,,,,
5262,에넥스,011090,미공개,미공개,미공개,B,2014,,,,,
5261,에넥스,011090,미공개,미공개,미공개,B,2015,,,,,
5260,에넥스,011090,미공개,미공개,미공개,C,2016,,,,,
5259,에넥스,011090,미공개,미공개,B+,C,2017,,,,,
5258,에넥스,011090,미공개,미공개,B+,C,2018,,,,,
5257,에넥스,011090,미공개,B,B+,C,2019,,,,,
5256,에넥스,011090,B,B,B+,B,2020,,,,,
5255,에넥스,011090,B,C,B,B,2021,,,,,
5254,에넥스,011090,C,D,C,C,2022,,,,,
5253,에넥스,011090,C,C,C,C,2023,,,,,
5252,에넥스,011090,D,C,D,D,2024,,,,,
5251,에넥스,011090,D,C,D,D,2025,,,,,
5250,에버다임,041440,B+,B,B+,B+,2019,,,,,
5249,에버다임,041440,A,B+,B+,A,2020,,,,,
5248,에스디바이오센서,137310,D,C,C,D,2023,,,,,
5247,에스디바이오센서,137310,C,C,B,D,2024,,,,,
5246,에스디바이오센서,137310,C,C,B,C,2025,,,,,
5245,에스메디,118000,D,D,D,C,2023,,,,,
5244,에스모,073070,C,C,C,C,2020,,,,,
5243,에스앤에스텍,101490,C,D,C,B+,2021,,,,,
5242,에스앤에스텍,101490,C,D,D,B,2022,,,,,
5241,에스앤에스텍,101490,C,D,D,B+,2023,,,,,
5240,에스앤에스텍,101490,C,D,D,B+,2024,,,,,
5239,에스앤에스텍,101490,C,D,D,B+,2025,,,,,
5238,에스에프에이,056190,B+,B,B,B+,2019,,,,,
5237,에스에프에이,056190,B+,B,B+,B+,2020,,,,,
5236,에스에프에이,056190,B+,C,B,A,2021,,,,,
5235,에스에프에이,056190,C,D,C,B,2022,,,,,
5234,에스에프에이,056190,C,C,C,B,2023,,,,,
5233,에스에프에이,056190,C,C,C,B,2024,,,,,
5232,에스에프에이,056190,C,C,C,C,2025,,,,,
5231,에스엘,005850,미공개,미공개,B+,미공개,2012,,,,,
5230,에스엘,005850,미공개,미공개,미공개,B,2013,,,,,
5229,에스엘,005850,미공개,미공개,미공개,B,2014,,,,,
5228,에스엘,005850,미공개,미공개,B+,B,2015,,,,,
5227,에스엘,005850,미공개,미공개,B+,C,2016,,,,,
5226,에스엘,005850,미공개,미공개,B+,C,2017,,,,,
5225,에스엘,005850,미공개,미공개,B+,C,2018,,,,,
5224,에스엘,005850,미공개,B,B+,D,2019,,,,지배구조 등급조정(2020.7),
5223,에스엘,005850,C,B,B+,D,2020,,,,지배구조 등급조정(2020.10),
5222,에스엘,005850,B+,B+,B+,B+,2021,,,,,
5221,에스엘,005850,B+,B,B+,B+,2022,,,사회 등급조정(2022.11),,
5220,에스엘,005850,B+,B+,A,B+,2023,,,,,
5219,에스엘,005850,B,B+,A,C,2024,,,,,
5218,에스엘,005850,A,B+,A+,B+,2025,,,,,
5217,에스엠,041510,미공개,미공개,B,C,2019,,,,,
5216,에스엠,041510,C,D,B,D,2020,,,,,
5215,에스엠,041510,B,D,B,B,2021,,,,,
5214,에스엠,041510,C,D,B,D,2022,,,,,
5213,에스엠,041510,B+,A,A,B+,2023,,,,,
5212,에스엠,041510,B+,A,B+,B+,2024,,,,,
5211,에스엠,041510,B+,B+,A,B+,2025,,,,,
5210,에스엠벡셀,010580,D,D,D,D,2022,,,,,
5209,에스엠벡셀,010580,D,D,C,C,2023,,,,,
5208,에스엠벡셀,010580,D,D,D,C,2024,,,,,
5207,에스엠벡셀,010580,D,C,C,D,2025,,,,,
5206,에스원,012750,미공개,미공개,B+,미공개,2012,,,,,
5205,에스원,012750,미공개,미공개,B+,B,2013,,,,,
5204,에스원,012750,미공개,미공개,B+,B,2014,,,,,
5203,에스원,012750,미공개,미공개,미공개,C,2015,,,,,
5202,에스원,012750,미공개,미공개,B+,B,2016,,,,,
5201,에스원,012750,미공개,미공개,미공개,C,2017,,,사회 등급조정(2017.8),,
5200,에스원,012750,미공개,미공개,미공개,C,2018,,,,,
5199,에스원,012750,B+,B,B+,B+,2019,,,,,
5198,에스원,012750,B+,B,A,B+,2020,,,,,
5197,에스원,012750,A,B,A,A,2021,,,,,
5196,에스원,012750,B+,B+,A,B,2022,,,,,
5195,에스원,012750,B+,B+,A,B+,2023,,,,,
5194,에스원,012750,B+,B+,A,B+,2024,,,,,
5193,에스원,012750,B+,B+,A,B+,2025,,,,,
5192,에스제이엠,123700,미공개,미공개,미공개,미공개,2012,,,,,
5191,에스제이엠,123700,미공개,미공개,미공개,B+,2013,,,,,
5190,에스제이엠,123700,미공개,미공개,미공개,B,2014,,,,,
5189,에스제이엠,123700,미공개,미공개,미공개,B,2015,,,,,
5188,에스제이엠,123700,미공개,미공개,미공개,B+,2016,,,,,
5187,에스제이엠,123700,미공개,미공개,미공개,B,2017,,,,,
5186,에스제이엠,123700,미공개,미공개,미공개,B,2018,,,,,
5185,에스제이엠,123700,미공개,미공개,B,B,2019,,,,,
5184,에스제이엠,123700,C,C,B,C,2020,,,,,
5183,에스제이엠,123700,B,C,B,B+,2021,,,,,
5182,에스제이엠,123700,D,D,C,C,2022,,,,,
5181,에스제이엠,123700,C,C,C,C,2023,,,,,
5180,에스제이엠,123700,C,C,C,C,2024,,,,,
5179,에스제이엠,123700,C,C,C,C,2025,,,,,
5178,에스제이엠홀딩스,025530,미공개,미공개,미공개,미공개,2012,,,,,
5177,에스제이엠홀딩스,025530,미공개,미공개,미공개,B,2013,,,,,
5176,에스제이엠홀딩스,025530,미공개,미공개,미공개,B,2014,,,,,
5175,에스제이엠홀딩스,025530,미공개,미공개,미공개,B,2015,,,,,
5174,에스제이엠홀딩스,025530,미공개,미공개,미공개,B,2016,,,,,
5173,에스제이엠홀딩스,025530,미공개,미공개,미공개,B+,2017,,,,,
5172,에스제이엠홀딩스,025530,미공개,미공개,미공개,B,2018,,,,,
5171,에스제이엠홀딩스,025530,B,미공개,B,B+,2019,,,,,
5170,에스제이엠홀딩스,025530,B,C,B,B,2020,,,,,
5169,에스제이엠홀딩스,025530,B,C,B,B,2021,,,,,
5168,에스제이엠홀딩스,025530,C,D,C,C,2022,,,,,
5167,에스제이엠홀딩스,025530,C,C,C,C,2023,,,,,
5166,에스제이엠홀딩스,025530,C,C,C,C,2024,,,,,
5165,에스제이엠홀딩스,025530,C,C,C,C,2025,,,,,
5164,에스제이지세종,033530,D,C,C,D,2023,,,,,
5163,에스케이바이오팜,326030,A,B+,A+,A,2023,,,,,
5162,에스케이바이오팜,326030,A,B+,A+,A,2024,,,,,
5161,에스케이바이오팜,326030,A,A,A,A,2025,,,,,
5160,에스티큐브,052020,C,D,C,C,2020,,,,,
5159,에스티큐브,052020,C,D,C,B,2021,,,,,
5158,에스티큐브,052020,D,D,D,C,2023,,,,,
5157,에스티큐브,052020,D,D,D,D,2024,,,,,
5156,에스티팜,237690,B,미공개,B,B+,2019,,,,,
5155,에스티팜,237690,B,D,B+,B+,2020,,,,,
5154,에스티팜,237690,A,B+,A,A,2021,,,,,
5153,에스티팜,237690,B+,B,B+,A,2022,,,,,
5152,에스티팜,237690,A,A,A,A,2023,,,,,
5151,에스티팜,237690,A,A,A+,B+,2024,,,,,
5150,에스티팜,237690,A,A,A+,B+,2025,,,,,
5149,에스피지,058610,D,D,D,C,2024,,,,,
5148,에스피지,058610,D,D,D,D,2025,,,,,
5147,에쓰씨엔지니어링,023960,미공개,미공개,미공개,미공개,2012,,,,,
5146,에쓰씨엔지니어링,023960,미공개,미공개,미공개,C,2013,,,,,
5145,에쓰씨엔지니어링,023960,미공개,미공개,미공개,C,2014,,,,,
5144,에쓰씨엔지니어링,023960,미공개,미공개,미공개,C,2015,,,,,
5143,에쓰씨엔지니어링,023960,미공개,미공개,미공개,C,2016,,,,,
5142,에쓰씨엔지니어링,023960,미공개,미공개,미공개,B,2017,,,,,
5141,에쓰씨엔지니어링,023960,미공개,미공개,미공개,C,2018,,,,,
5140,에쓰씨엔지니어링,023960,미공개,B,미공개,C,2019,,,,,
5139,에쓰씨엔지니어링,023960,C,C,B,B,2020,,,,,
5138,에쓰씨엔지니어링,023960,C,C,C,B,2021,,,,,
5137,에쓰씨엔지니어링,023960,D,D,D,D,2022,,,,,
5136,에쓰씨엔지니어링,023960,D,C,D,D,2023,,,,,
5135,에쓰씨엔지니어링,023960,D,C,D,D,2024,,,,,
5134,에쓰씨엔지니어링,023960,D,C,C,D,2025,,,,,
5133,에어부산,298690,C,C,B+,C,2020,통합 등급조정(2021.7),,,지배구조 등급조정(2021.7),
5132,에어부산,298690,C,C,B,D,2021,,,,지배구조 등급조정(2021.10),
5131,에어부산,298690,D,C,C,D,2022,,,,,
5130,에어부산,298690,C,C,B,D,2023,,,,,
5129,에어부산,298690,C,B+,B+,D,2024,통합 등급조정(2024.10.),,,지배구조 등급조정(2024.10.),
5128,에어부산,298690,B,B+,B+,C,2025,,,,,
5127,에이리츠,140910,C,D,D,B,2023,,,,,
5126,에이리츠,140910,C,D,D,B,2024,,,,,
5125,에이리츠,140910,C,D,D,B,2025,,,,,
5124,에이블씨엔씨,078520,미공개,미공개,미공개,미공개,2012,,,,,
5123,에이블씨엔씨,078520,미공개,미공개,미공개,B,2013,,,,,
5122,에이블씨엔씨,078520,미공개,미공개,미공개,B,2014,,,,,
5121,에이블씨엔씨,078520,미공개,미공개,미공개,B,2015,,,,,
5120,에이블씨엔씨,078520,미공개,미공개,미공개,B,2016,,,,,
5119,에이블씨엔씨,078520,미공개,미공개,미공개,B+,2017,,,,,
5118,에이블씨엔씨,078520,미공개,미공개,미공개,D,2018,,,,,
5117,에이블씨엔씨,078520,미공개,미공개,미공개,C,2019,,,,,
5116,에이블씨엔씨,078520,C,D,B,C,2020,,,,,
5115,에이블씨엔씨,078520,B+,C,B+,B+,2021,,,,,
5114,에이블씨엔씨,078520,B,D,B,B,2022,,,,,
5113,에이블씨엔씨,078520,C,C,B,C,2023,,,,,
5112,에이블씨엔씨,078520,B+,B,B+,B+,2024,,,,,
5111,에이블씨엔씨,078520,B,B+,A,C,2025,,,,,
5110,에이비엘바이오,298380,B,D,B,A,2021,,,,,
5109,에이비엘바이오,298380,C,D,D,B+,2022,,,,,
5108,에이비엘바이오,298380,C,D,D,B+,2023,,,,,
5107,에이비엘바이오,298380,C,D,D,B+,2024,,,,,
5106,에이비엘바이오,298380,C,D,D,B+,2025,,,,,
5105,에이비엘생명보험,804337,등급없음,등급없음,등급없음,B,2019,,,,,
5104,에이비엘생명보험,804337,등급없음,등급없음,등급없음,B+,2020,,,,,
5103,에이비엘생명보험,804337,등급없음,등급없음,등급없음,B,2021,,,,,
5102,에이비엘생명보험,804337,등급없음,등급없음,등급없음,B+,2022,,,,,
5101,에이비엘생명보험,804337,등급없음,등급없음,등급없음,B+,2023,,,,,
5100,에이비엘생명보험,804337,등급없음,등급없음,등급없음,B+,2024,,,,,
5099,에이비엘생명보험,804337,등급없음,등급없음,등급없음,B+,2025,,,,,
5098,에이스침대,003800,C,D,C,B,2022,,,,,
5097,에이스테크,088800,C,D,C,B,2021,,,,,
5096,에이스테크,088800,D,D,C,C,2022,,,,,
5095,에이스테크,088800,D,D,C,C,2023,,,,,
5094,에이아이에이생명보험,801688,등급없음,등급없음,등급없음,B,2019,,,,,
5093,에이아이에이생명보험,801688,등급없음,등급없음,등급없음,B,2020,,,,,
5092,에이아이에이생명보험,801688,등급없음,등급없음,등급없음,B,2021,,,,,
5091,에이아이에이생명보험,801688,등급없음,등급없음,등급없음,B,2022,,,,,
5090,에이아이에이생명보험,801688,등급없음,등급없음,등급없음,B,2023,,,,,
5089,에이아이에이생명보험,801688,등급없음,등급없음,등급없음,B,2024,,,,,
5088,에이아이에이생명보험,801688,등급없음,등급없음,등급없음,B,2025,,,,,
5087,에이엔피,015260,미공개,미공개,미공개,미공개,2012,,,,,
5086,에이엔피,015260,미공개,미공개,미공개,C,2013,,,,,
5085,에이엔피,015260,미공개,미공개,미공개,C,2014,,,,,
5084,에이엔피,015260,미공개,미공개,미공개,C,2015,,,,,
5083,에이엔피,015260,미공개,미공개,미공개,C,2016,,,,,
5082,에이엔피,015260,미공개,미공개,미공개,C,2017,,,,,
5081,에이엔피,015260,미공개,미공개,미공개,C,2018,,,,,
5080,에이엔피,015260,미공개,B,미공개,D,2019,,,,,
5079,에이엔피,015260,C,B,C,C,2020,,,,,
5078,에이엔피,015260,C,C,C,B,2021,,,,,
5077,에이엔피,015260,D,D,D,D,2022,,,,,
5076,에이엔피,015260,D,C,D,D,2023,,,,,
5075,에이엔피,015260,D,C,D,D,2024,,,,,
5074,에이엔피,015260,D,C,D,D,2025,,,,,
5073,에이치엘비,028300,미공개,미공개,미공개,C,2019,,,,,
5072,에이치엘비,028300,C,D,B,C,2020,,,,,
5071,에이치엘비,028300,B,B,B+,B,2021,,,,,
5070,에이치엘비생명과학,067630,C,D,C,C,2020,,,,,
5069,에이치엘비생명과학,067630,C,C,C,C,2021,,,,,
5068,에이치엘사이언스,239610,B,D,B,B+,2021,,,,,
5067,에이프로젠,007460,D,D,D,D,2023,,,,,
5066,에이프로젠,007460,D,D,D,D,2024,,,,,
5065,에이프로젠,007460,D,D,C,D,2025,,,,,
5064,에이프로젠 KIC,007460,미공개,미공개,미공개,C,2018,,,,,
5063,에이프로젠 KIC,007460,미공개,B,미공개,C,2019,,,,,
5062,에이프로젠 KIC,007460,C,C,D,C,2020,,,,,
5061,에이프로젠 MED,007460,C,D,C,C,2021,,,,,
5060,에이프로젠 MED,007460,D,D,D,D,2022,,,,,
5059,에이프로젠KIC,007460,미공개,미공개,미공개,미공개,2012,,,,,
5058,에이프로젠KIC,007460,미공개,미공개,미공개,C,2013,,,,,
5057,에이프로젠KIC,007460,미공개,미공개,미공개,D,2014,,,,,
5056,에이프로젠KIC,007460,미공개,미공개,미공개,B,2015,,,,,
5055,에이프로젠KIC,007460,미공개,미공개,미공개,C,2016,,,,,
5054,에이프로젠KIC,007460,미공개,미공개,미공개,C,2017,,,,,
5053,에이프로젠바이오로직스,003060,D,D,D,D,2023,,,,,
5052,에이프로젠바이오로직스,003060,D,C,D,D,2024,,,,,
5051,에이프로젠바이오로직스,003060,D,C,D,D,2025,,,,,
5050,에이프로젠제약,003060,미공개,미공개,미공개,미공개,2012,,,,,
5049,에이프로젠제약,003060,미공개,미공개,미공개,C,2013,,,,,
5048,에이프로젠제약,003060,미공개,미공개,미공개,C,2014,,,,,
5047,에이프로젠제약,003060,미공개,미공개,미공개,C,2015,,,,,
5046,에이프로젠제약,003060,미공개,미공개,미공개,C,2016,,,,,
5045,에이프로젠제약,003060,미공개,미공개,미공개,C,2017,,,,,
5044,에이프로젠제약,003060,미공개,미공개,미공개,D,2018,,,,,
5043,에이프로젠제약,003060,미공개,미공개,미공개,D,2019,,,,,
5042,에이프로젠제약,003060,C,D,C,C,2020,,,,,
5041,에이프로젠제약,003060,C,D,C,C,2021,,,,,
5040,에이프로젠제약,003060,D,D,D,D,2022,,,,,
5039,에이플러스에셋,244920,D,D,D,C,2022,,,,,
5038,에이플러스에셋,244920,C,D,C,C,2023,,,,,
5037,에이플러스에셋,244920,D,D,D,C,2024,,,,,
5036,에이플러스에셋,244920,D,D,D,C,2025,,,,,
5035,에이피티씨,089970,C,D,D,B+,2022,,,,,
5034,에치에프알,230240,D,D,D,D,2024,,,,,
5033,에코마케팅,230360,C,D,C,B,2021,,,,,
5032,에코마케팅,230360,C,D,D,B,2022,,,,,
5031,에코마케팅,230360,C,D,C,B,2023,,,,,
5030,에코마케팅,230360,C,D,D,B,2024,,,,,
5029,에코앤드림,101360,D,C,C,D,2025,,,,,
5028,에코프로,086520,B,미공개,B+,B,2019,,,,,
5027,에코프로,086520,B,C,B+,B+,2020,,,,,
5026,에코프로,086520,B+,B,B+,B+,2021,,,,,
5025,에코프로,086520,C,C,B,D,2022,,,,,
5024,에코프로,086520,C,B+,A,D,2023,,,,,
5023,에코프로,086520,C,B,B+,D,2024,,,,,
5022,에코프로,086520,C,B,A,C,2025,,,,,
5021,에코프로머티,450080,B+,B,B+,B+,2025,,,,,
5020,에코프로비엠,247540,B,B,B,B+,2021,,,,,
5019,에코프로비엠,247540,B,C,B+,B,2022,,,,,
5018,에코프로비엠,247540,B,B+,A,C,2023,,,,,
5017,에코프로비엠,247540,C,B,B+,D,2024,,,,,
5016,에코프로비엠,247540,B+,B,A,B,2025,,,,,
5015,에코프로에이치엔,383310,B,C,B,B+,2023,,,,,
5014,에코프로에이치엔,383310,B,B,B,B+,2024,,,,,
5013,에코프로에이치엔,383310,B+,B+,A,B+,2025,,,,,
5012,에프에스티,036810,D,D,D,D,2022,,,,,
5011,에프에스티,036810,C,B+,B+,D,2023,,,,,
5010,에프에스티,036810,C,C,D,C,2024,,,,,
5009,에프에스티,036810,C,C,B,D,2025,,,,,
5008,엑세스바이오,950130,D,D,D,D,2022,,,,,
5007,엑시큐어하이트론,019490,D,C,D,D,2024,,,,,
5006,엑시큐어하이트론,019490,D,C,D,D,2025,,,,,
5005,엔에스쇼핑,138250,미공개,미공개,미공개,B+,2016,,,,,
5004,엔에스쇼핑,138250,미공개,미공개,미공개,B+,2017,,,,,
5003,엔에스쇼핑,138250,미공개,미공개,B+,B+,2018,,,,,
5002,엔에스쇼핑,138250,B,미공개,B+,B+,2019,,,,,
5001,엔에스쇼핑,138250,B+,C,B+,A,2020,,,,,
5000,엔에스쇼핑,138250,A,A,A,A,2021,,,,,
4999,엔에이치농협캐피탈,806955,등급없음,등급없음,등급없음,A,2022,,,,,
4998,엔에이치농협캐피탈,806955,등급없음,등급없음,등급없음,A,2023,,,,,
4997,엔에이치농협캐피탈,806955,등급없음,등급없음,등급없음,A,2024,,,,,
4996,엔에이치농협캐피탈,806955,등급없음,등급없음,등급없음,A,2025,,,,,
4995,엔에이치엔,181710,B,미공개,B,B+,2019,,,,,
4994,엔에이치엔,181710,B,D,B+,B+,2020,,,,,
4993,엔에이치엔,181710,B+,C,A,A,2021,,,,,
4992,엔에이치엔,181710,A,B+,A,A,2022,,,,,
4991,엔에이치엔,181710,A,B+,A+,A,2023,,,,,
4990,엔에이치엔,181710,A,A,A+,A,2024,,,,,
4989,엔에이치엔,181710,A,A,A+,A,2025,,,,,
4988,엔지켐생명과학,183490,C,D,C,B,2020,,,,,
4987,엔지켐생명과학,183490,C,D,C,B,2021,,,,,
4986,엔지켐생명과학,183490,D,D,D,D,2022,,,,,
4985,엔케이,085310,미공개,미공개,미공개,미공개,2012,,,,,
4984,엔케이,085310,미공개,미공개,미공개,C,2013,,,,,
4983,엔케이,085310,미공개,미공개,미공개,B,2014,,,,,
4982,엔케이,085310,미공개,미공개,미공개,B,2015,,,,,
4981,엔케이,085310,미공개,미공개,미공개,C,2016,,,,,
4980,엔케이,085310,미공개,미공개,미공개,C,2017,,,,,
4979,엔케이,085310,미공개,미공개,미공개,C,2018,,,,,
4978,엔케이,085310,미공개,B,미공개,D,2019,,,,,
4977,엔케이,085310,C,B,C,C,2020,,,,,
4976,엔케이,085310,C,B,C,C,2021,,,,,
4975,엔케이,085310,D,D,D,D,2022,,,,,
4974,엔케이,085310,C,D,C,C,2023,,,,,
4973,엔케이,085310,D,D,D,D,2024,,,,,
4972,엔케이,085310,D,D,C,D,2025,,,,,
4971,엔케이맥스,182400,C,D,B,B,2021,,,,,
4970,엔케이맥스,182400,D,D,D,D,2023,,,,,
4969,엔케이맥스,182400,D,D,D,D,2024,,,,,
4968,엔케이물산,009810,미공개,미공개,미공개,미공개,2012,,,,,
4967,엔케이물산,009810,미공개,미공개,미공개,C,2013,,,,,
4966,엔케이물산,009810,미공개,미공개,미공개,C,2014,,,,,
4965,엔케이물산,009810,미공개,미공개,미공개,D,2015,,,,,
4964,엔케이물산,009810,미공개,미공개,미공개,C,2016,,,,,
4963,엔케이물산,009810,미공개,미공개,미공개,C,2017,,,,,
4962,엔케이물산,009810,미공개,미공개,미공개,D,2018,,,,,
4961,엔케이물산,009810,미공개,미공개,미공개,C,2019,,,,,
4960,엔케이물산,009810,C,D,C,C,2020,,,,,
4959,엔케이물산,009810,C,D,C,C,2021,,,,,
4958,엔켐,348370,C,C,C,C,2023,,,,,
4957,엔켐,348370,D,C,C,D,2024,,,,,
4956,엔켐,348370,D,C,C,D,2025,,,,,
4955,엔피씨,004250,미공개,미공개,미공개,미공개,2012,,,,,
4954,엔피씨,004250,미공개,미공개,미공개,B,2013,,,,,
4953,엔피씨,004250,미공개,미공개,미공개,C,2014,,,,,
4952,엔피씨,004250,미공개,미공개,미공개,C,2015,,,,,
4951,엔피씨,004250,미공개,미공개,미공개,B,2016,,,,,
4950,엔피씨,004250,미공개,미공개,미공개,B,2017,,,,,
4949,엔피씨,004250,미공개,미공개,미공개,B,2018,,,,,
4948,엔피씨,004250,미공개,미공개,미공개,C,2019,,,,,
4947,엔피씨,004250,C,C,C,C,2020,,,,,
4946,엔피씨,004250,C,C,D,C,2021,,,,,
4945,엔피씨,004250,D,D,C,D,2022,,,,,
4944,엔피씨,004250,D,C,C,D,2023,,,,,
4943,엔피씨,004250,D,C,C,D,2024,,,,,
4942,엔피씨,004250,D,C,C,D,2025,,,,,
4941,엘브이엠씨,900140,D,D,D,C,2022,,,,,
4940,엘비세미콘,061970,C,B,B,C,2021,,,,,
4939,엘비세미콘,061970,D,C,C,D,2022,,,,,
4938,엘앤씨바이오,290650,C,D,C,B+,2021,,,,,
4937,엘앤씨바이오,290650,C,D,D,B+,2022,,,,,
4936,엘앤씨바이오,290650,C,D,D,B+,2023,,,,,
4935,엘앤씨바이오,290650,C,D,D,B+,2024,,,,,
4934,엘앤씨바이오,290650,C,D,C,B+,2025,,,,,
4933,엘앤에프,066970,미공개,B,B+,C,2019,,,,,
4932,엘앤에프,066970,B,B,B+,B,2020,,,,,
4931,엘앤에프,066970,B+,B,B+,B+,2021,,,,,
4930,엘앤에프,066970,C,D,B,C,2022,,,,,
4929,엘앤에프,066970,C,B,B,C,2023,,,,,
4928,엘앤에프,066970,B,B+,A,C,2024,,,,,
4927,엘앤에프,066970,B+,B+,A,B,2025,,,,,
4926,엘에스일렉트릭,010120,A,B+,A+,B+,2021,,,,,
4925,엘에스일렉트릭,010120,A,B+,A,A,2022,,,,,
4924,엘에스일렉트릭,010120,A,A,A+,A,2023,,,,,
4923,엘에스일렉트릭,010120,A,A,A,A,2024,,,,,
4922,엘에스일렉트릭,010120,A,A+,A,A,2025,,,,,
4921,엠로,058970,D,D,D,C,2024,,,,,
4920,엠로,058970,C,B,B+,D,2025,,,,,
4919,엠씨넥스,097520,C,C,B,B,2021,,,,,
4918,엠씨넥스,097520,C,C,C,B,2023,,,,,
4917,엠씨넥스,097520,B,C,B+,B+,2024,,,,,
4916,엠씨넥스,097520,B+,B,A,B+,2025,,,,,
4915,엠엑스로보틱스,007820,B,B,미공개,B,2019,,,,,
4914,엠엑스로보틱스,007820,B,B,C,B,2020,,,,,
4913,엠엑스로보틱스,007820,C,D,C,B,2021,,,,,
4912,엠엑스로보틱스,007820,C,D,D,B,2022,,,,,
4911,엠엑스로보틱스,007820,C,D,C,B,2023,,,,,
4910,엠엑스로보틱스,007820,C,D,C,C,2024,,,,,
4909,엠엑스로보틱스,007820,C,D,C,C,2025,,,,,
4908,엠투엔,033310,D,D,D,D,2022,,,,,
4907,영보화학,014440,미공개,미공개,미공개,미공개,2012,,,,,
4906,영보화학,014440,미공개,미공개,미공개,C,2013,,,,,
4905,영보화학,014440,미공개,미공개,미공개,C,2014,,,,,
4904,영보화학,014440,미공개,미공개,미공개,C,2015,,,,,
4903,영보화학,014440,미공개,미공개,미공개,C,2016,,,,,
4902,영보화학,014440,미공개,미공개,미공개,C,2017,,,,,
4901,영보화학,014440,미공개,미공개,미공개,C,2018,,,,,
4900,영보화학,014440,B,B,B,B,2019,,,,,
4899,영보화학,014440,B,B,B,B,2020,,,,,
4898,영보화학,014440,B,B,C,B,2021,,,,,
4897,영보화학,014440,D,C,C,D,2022,,,,,
4896,영보화학,014440,D,C,C,D,2023,,,,,
4895,영보화학,014440,D,C,C,D,2024,,,,,
4894,영보화학,014440,D,C,C,D,2025,,,,,
4893,영원무역,111770,미공개,미공개,미공개,미공개,2012,,,,,
4892,영원무역,111770,미공개,미공개,미공개,C,2013,,,,,
4891,영원무역,111770,미공개,미공개,미공개,B,2014,,,,,
4890,영원무역,111770,미공개,미공개,미공개,B,2015,,,,,
4889,영원무역,111770,미공개,미공개,미공개,B,2016,,,,,
4888,영원무역,111770,미공개,미공개,미공개,B,2017,,,,,
4887,영원무역,111770,미공개,미공개,미공개,B,2018,,,,,
4886,영원무역,111770,미공개,미공개,미공개,B,2019,,,,,
4885,영원무역,111770,B,D,B,B+,2020,,,,,
4884,영원무역,111770,B+,B+,B+,B+,2021,,,,,
4883,영원무역,111770,B+,C,B+,B+,2022,,,,,
4882,영원무역,111770,B+,B+,B+,B+,2023,,,,,
4881,영원무역,111770,B+,B+,B+,B+,2024,,,,,
4880,영원무역,111770,B,B+,B+,C,2025,,,,,
4879,영원무역홀딩스,009970,미공개,미공개,미공개,미공개,2012,,,,,
4878,영원무역홀딩스,009970,미공개,미공개,미공개,C,2013,,,,,
4877,영원무역홀딩스,009970,미공개,미공개,미공개,C,2014,,,,,
4876,영원무역홀딩스,009970,미공개,미공개,미공개,B,2015,,,,,
4875,영원무역홀딩스,009970,미공개,미공개,미공개,B,2016,,,,,
4874,영원무역홀딩스,009970,미공개,미공개,미공개,B,2017,,,,,
4873,영원무역홀딩스,009970,미공개,미공개,미공개,C,2018,,,,,
4872,영원무역홀딩스,009970,미공개,미공개,미공개,B,2019,,,,,
4871,영원무역홀딩스,009970,B,D,B,B,2020,,,,,
4870,영원무역홀딩스,009970,A,B+,B+,A,2021,,,,,
4869,영원무역홀딩스,009970,C,C,B+,C,2022,,,,,
4868,영원무역홀딩스,009970,B+,B+,B+,B+,2023,,,,,
4867,영원무역홀딩스,009970,A,B+,B+,A,2024,,,,,
4866,영원무역홀딩스,009970,C,B+,B+,C,2025,통합 등급조정(2026.04.),,,지배구조 등급조정(2026.04.),
4865,영진약품,003520,미공개,미공개,미공개,미공개,2012,,,,,
4864,영진약품,003520,미공개,미공개,미공개,B,2013,,,,,
4863,영진약품,003520,미공개,미공개,미공개,B,2014,,,,,
4862,영진약품,003520,미공개,미공개,미공개,B,2015,,,,,
4861,영진약품,003520,미공개,미공개,미공개,B,2016,,,,,
4860,영진약품,003520,미공개,미공개,B+,C,2017,,,,,
4859,영진약품,003520,미공개,미공개,미공개,B,2018,,,,,
4858,영진약품,003520,B,미공개,B,B,2019,,,,,
4857,영진약품,003520,B,D,B+,B+,2020,,,,,
4856,영진약품,003520,B+,B+,A,B+,2021,,,,,
4855,영진약품,003520,B+,B+,B+,B,2022,,,,,
4854,영진약품,003520,B+,B+,A,B+,2023,,,,,
4853,영진약품,003520,B+,B+,A,B+,2024,,,,,
4852,영진약품,003520,B+,B+,A,B+,2025,,,,,
4851,영풍,000670,미공개,B+,미공개,미공개,2012,,,,,
4850,영풍,000670,미공개,B+,미공개,C,2013,,,,,
4849,영풍,000670,미공개,B+,미공개,C,2014,,,,,
4848,영풍,000670,미공개,B+,미공개,C,2015,,,,,
4847,영풍,000670,미공개,미공개,미공개,D,2016,,,,,
4846,영풍,000670,미공개,B+,미공개,C,2017,,,,,
4845,영풍,000670,미공개,미공개,미공개,B,2018,통합 등급조정(2019.4),환경 등급조정(2019.4),,,
4844,영풍,000670,미공개,미공개,미공개,C,2019,통합 등급조정(2019.10),환경 등급조정(2019.10),,,
4843,영풍,000670,C,D,B,D,2020,,환경 등급조정(2020.10),,,
4842,영풍,000670,C,D,C,B+,2021,,환경 등급조정(2022.01),,,
4841,영풍,000670,B,C,B+,B,2022,,,,,
4840,영풍,000670,B+,B+,B+,B,2023,,,사회 등급조정(2024.04.),,
4839,영풍,000670,B,C,B,B+,2024,,환경 등급조정(2025.01.),,,
4838,영풍,000670,C,B,A,D,2025,통합 등급조정(2026.07.),,,지배구조 등급조정(2026.07.),
4837,영풍정밀,036560,B,B,미공개,B+,2019,,,,,
4836,영풍정밀,036560,B,B,B,B,2020,,,,,
4835,영풍정밀,036560,C,D,C,B+,2021,,,,,
4834,영풍정밀,036560,B,C,B,B+,2022,,,,,
4833,영풍정밀,036560,B,C,B,B+,2023,,,,,
4832,영풍정밀,036560,B+,B+,A,B+,2024,,,,,
4831,영풍제지,006740,미공개,미공개,미공개,미공개,2012,,,,,
4830,영풍제지,006740,미공개,미공개,미공개,C,2013,,,,,
4829,영풍제지,006740,미공개,미공개,미공개,C,2014,,,,,
4828,영풍제지,006740,미공개,미공개,미공개,B,2015,,,,,
4827,영풍제지,006740,미공개,미공개,미공개,C,2016,,,,,
4826,영풍제지,006740,미공개,미공개,미공개,C,2017,,,,,
4825,영풍제지,006740,미공개,미공개,미공개,C,2018,,,,,
4824,영풍제지,006740,미공개,B,미공개,C,2019,,,,,
4823,영풍제지,006740,B,B,C,B,2020,,,,,
4822,영풍제지,006740,B,B,C,B,2021,,,,,
4821,영풍제지,006740,D,C,D,D,2022,,,,,
4820,영풍제지,006740,D,C,D,D,2023,통합 등급조정(2024.07.),,,지배구조 등급조정(2024.07.),
4819,영풍제지,006740,D,C,D,D,2024,통합 등급조정(2024.10.),,,지배구조 등급조정(2024.10.),
4818,영화금속,012280,미공개,미공개,미공개,미공개,2012,,,,,
4817,영화금속,012280,미공개,미공개,미공개,C,2013,,,,,
4816,영화금속,012280,미공개,미공개,미공개,C,2014,,,,,
4815,영화금속,012280,미공개,미공개,미공개,B,2015,,,,,
4814,영화금속,012280,미공개,미공개,미공개,B,2016,,,,,
4813,영화금속,012280,미공개,미공개,미공개,B,2017,,,,,
4812,영화금속,012280,미공개,미공개,미공개,B,2018,,,,,
4811,영화금속,012280,미공개,미공개,미공개,B,2019,,,,,
4810,영화금속,012280,B,B,C,B,2020,,,,,
4809,영화금속,012280,C,C,C,B+,2021,,,,,
4808,영화금속,012280,D,D,D,C,2022,,,,,
4807,영화금속,012280,C,C,D,C,2023,,,,,
4806,영화금속,012280,D,C,D,D,2024,,,,,
4805,영화금속,012280,C,C,C,C,2025,,,,,
4804,영흥,012160,B,C,B,B+,2021,,,,,
4803,영흥,012160,C,D,D,B,2022,,,,,
4802,영흥,012160,C,C,C,C,2023,,,,,
4801,영흥,012160,C,C,D,C,2024,,,,,
4800,영흥,012160,D,C,D,D,2025,,,,,
4799,영흥철강,012160,미공개,미공개,미공개,미공개,2012,,,,,
4798,영흥철강,012160,미공개,미공개,미공개,B,2013,,,,,
4797,영흥철강,012160,미공개,미공개,미공개,B,2014,,,,,
4796,영흥철강,012160,미공개,B+,미공개,B,2015,,,,,
4795,영흥철강,012160,미공개,B+,미공개,B,2016,,,,,
4794,영흥철강,012160,B+,B+,B+,B+,2017,,,,,
4793,영흥철강,012160,미공개,B+,미공개,B,2018,,,,,
4792,영흥철강,012160,미공개,미공개,B,B,2019,,,,,
4791,영흥철강,012160,B,C,B,B+,2020,,,,,
4790,예스코,015360,미공개,미공개,B+,B+,2012,,,,,
4789,예스코,015360,미공개,미공개,B+,B+,2013,,,,,
4788,예스코,015360,B+,미공개,A,B+,2014,,,,,
4787,예스코,015360,미공개,미공개,B+,B+,2015,,,,,
4786,예스코,015360,미공개,미공개,B+,B+,2016,,,,,
4785,예스코,015360,B+,미공개,B+,A,2017,,,,,
4784,예스코홀딩스,015360,미공개,미공개,B+,B,2018,,,,,
4783,예스코홀딩스,015360,B,미공개,B+,B+,2019,,,,,
4782,예스코홀딩스,015360,B,D,B+,B+,2020,,,,,
4781,예스코홀딩스,015360,B+,B,B+,B+,2021,,,,지배구조 등급조정(2022.01),
4780,예스코홀딩스,015360,B,C,B,B,2022,,,,,
4779,예스코홀딩스,015360,B,C,B,B+,2023,,,,,
4778,오뚜기,007310,미공개,B+,미공개,미공개,2012,,,,,
4777,오뚜기,007310,미공개,B+,미공개,C,2013,,,,,
4776,오뚜기,007310,미공개,B+,미공개,C,2014,,,,,
4775,오뚜기,007310,미공개,미공개,미공개,C,2015,,,,,
4774,오뚜기,007310,미공개,미공개,B+,D,2016,통합 등급조정(2016.8),환경 등급조정(2016.8),,,
4773,오뚜기,007310,미공개,미공개,B+,D,2017,,,,,
4772,오뚜기,007310,B+,B+,A,B,2018,,,,,
4771,오뚜기,007310,B+,B+,A,B+,2019,,,,,
4770,오뚜기,007310,B+,B+,A,B,2020,,,,,
4769,오뚜기,007310,A,B+,A+,B+,2021,,,,,
4768,오뚜기,007310,C,C,B+,C,2022,,,,,
4767,오뚜기,007310,B+,B+,A,B+,2023,,,,,
4766,오뚜기,007310,A,A,A+,B+,2024,,,,,
4765,오뚜기,007310,A,A,A+,B+,2025,,,,,
4764,오렌지라이프,079440,B,미공개,B+,B+,2019,,,,,
4763,오렌지라이프,079440,등급없음,등급없음,등급없음,A,2020,,,,,
4762,오리엔트바이오,002630,미공개,미공개,미공개,미공개,2012,,,,,
4761,오리엔트바이오,002630,미공개,미공개,미공개,C,2013,,,,,
4760,오리엔트바이오,002630,미공개,미공개,미공개,C,2014,,,,,
4759,오리엔트바이오,002630,미공개,미공개,미공개,C,2015,,,,,
4758,오리엔트바이오,002630,미공개,미공개,미공개,C,2016,,,,,
4757,오리엔트바이오,002630,미공개,미공개,미공개,C,2017,,,,,
4756,오리엔트바이오,002630,미공개,미공개,미공개,C,2018,,,,,
4755,오리엔트바이오,002630,B,B,B,B,2019,,,,,
4754,오리엔트바이오,002630,C,B,B,C,2020,,,,,
4753,오리엔트바이오,002630,C,D,C,C,2021,,,,,
4752,오리엔트바이오,002630,D,D,D,D,2022,,,,,
4751,오리엔트바이오,002630,D,D,D,D,2023,,,,,
4750,오리엔트바이오,002630,D,D,D,D,2024,,,,,
4749,오리엔트바이오,002630,D,D,D,D,2025,,,,,
4748,오리온,271560,B+,B,B,B+,2019,,,,,
4747,오리온,271560,B+,B,B+,A,2020,,,,,
4746,오리온,271560,A,A,A,B+,2021,,,,,
4745,오리온,271560,A,B+,A,A,2022,,,,,
4744,오리온,271560,A,A,A,B+,2023,,,,,
4743,오리온,271560,A,A,A,B+,2024,,,,,
4742,오리온,271560,B+,B+,A,B+,2025,,,,,
4741,오리온홀딩스,001800,미공개,미공개,미공개,미공개,2012,,,,,
4740,오리온홀딩스,001800,미공개,미공개,미공개,B,2013,,,,,
4739,오리온홀딩스,001800,미공개,미공개,미공개,B,2014,,,,,
4738,오리온홀딩스,001800,미공개,미공개,미공개,C,2015,,,,,
4737,오리온홀딩스,001800,미공개,미공개,미공개,C,2016,,,,,
4736,오리온홀딩스,001800,미공개,미공개,미공개,C,2017,통합 등급조정(2018.3),,,지배구조 등급조정(2018.3),
4735,오리온홀딩스,001800,미공개,미공개,미공개,D,2018,,,,,
4734,오리온홀딩스,001800,B+,미공개,B+,B+,2019,,,,,
4733,오리온홀딩스,001800,B+,C,B+,A,2020,,,,,
4732,오리온홀딩스,001800,A,A,A,A,2021,,,,,
4731,오리온홀딩스,001800,A,B+,A,A,2022,,,,,
4730,오리온홀딩스,001800,A,A,A,A,2023,,,,,
4729,오리온홀딩스,001800,A,A,A,A,2024,,,,,
4728,오리온홀딩스,001800,B+,B+,A,B+,2025,,,,,
4727,오리콤,010470,B,미공개,B,B,2019,,,,,
4726,오리콤,010470,B,D,B+,B+,2020,,,,,
4725,오리콤,010470,B,D,B+,B+,2021,,,,,
4724,오리콤,010470,C,D,C,C,2022,,,,,
4723,오리콤,010470,B,D,C,B+,2023,,,,,
4722,오리콤,010470,B,D,C,B+,2024,,,,,
4721,오리콤,010470,B,D,C,B+,2025,,,,,
4720,오스코텍,039200,C,D,C,C,2020,,,,,
4719,오스코텍,039200,C,D,C,B,2021,,,,,
4718,오스코텍,039200,D,D,D,D,2022,,,,,
4717,오스코텍,039200,D,D,C,D,2023,,,,,
4716,오스코텍,039200,D,D,D,D,2024,,,,,
4715,오스코텍,039200,D,D,C,D,2025,,,,,
4714,오스템임플란트,048260,B,미공개,B,B+,2019,,,,,
4713,오스템임플란트,048260,C,D,B,C,2020,,,,,
4712,오스템임플란트,048260,C,C,B+,D,2021,통합 등급조정(2022.01),,,지배구조 등급조정(2022.01),
4711,오스템임플란트,048260,D,D,D,D,2022,,,,,
4710,오이솔루션,138080,B,D,B,B+,2021,,,,,
4709,오이솔루션,138080,C,D,D,B,2022,,,,,
4708,오픈엣지테크놀로지,394280,C,D,D,B,2025,,,,,
4707,오하임아이엔티,309930,D,D,D,C,2022,,,,,
4706,온타이드,005320,D,D,D,D,2024,,,,,
4705,온타이드,005320,D,D,D,D,2025,,,,,
4704,올릭스,226950,B,D,B,B+,2020,,,,,
4703,와이비로드,010600,미공개,미공개,미공개,미공개,2012,,,,,
4702,와이비로드,010600,미공개,미공개,미공개,C,2013,,,,,
4701,와이비로드,010600,미공개,미공개,미공개,C,2014,,,,,
4700,와이비로드,010600,미공개,미공개,미공개,C,2015,,,,,
4699,와이비로드,010600,미공개,미공개,미공개,C,2016,,,,,
4698,와이비로드,010600,미공개,미공개,미공개,B,2017,,,,,
4697,와이솔,122990,C,D,B+,B,2021,,,,,
4696,와이씨,232140,D,C,C,D,2025,,,,,
4695,와이엔텍,067900,C,D,C,C,2020,,,,,
4694,와이즈버즈,273060,B,D,B,B+,2021,,,,,
4693,와이즈버즈,273060,D,D,D,C,2022,,,,,
4692,와이즈버즈,273060,C,D,D,B,2023,,,,,
4691,와이즈버즈,273060,D,D,D,C,2024,,,,,
4690,와이즈버즈,273060,D,D,D,C,2025,,,,,
4689,와이지-원,019210,B,미공개,B+,B+,2019,,,,,
4688,와이지-원,019210,B,D,B+,B,2020,,,,,
4687,와이지엔터테인먼트,122870,미공개,미공개,B,C,2019,,,,,
4686,와이지엔터테인먼트,122870,C,D,B,C,2020,,,,,
4685,와이지엔터테인먼트,122870,B,D,B,B,2021,,,,,
4684,와이지엔터테인먼트,122870,C,C,B+,D,2022,,,,,
4683,와이지엔터테인먼트,122870,C,B+,A,D,2023,,,,,
4682,와이지엔터테인먼트,122870,B,A,C,B+,2024,,,,,
4681,와이지엔터테인먼트,122870,B+,A,A,B+,2025,,,,,
4680,와이투솔루션,011690,D,D,D,C,2022,,,,,
4679,와이투솔루션,011690,C,C,C,C,2023,,,,,
4678,와이투솔루션,011690,C,C,C,C,2024,,,,,
4677,와이투솔루션,011690,D,C,C,D,2025,,,,,
4676,용평리조트,070960,미공개,미공개,미공개,B,2017,,,,,
4675,용평리조트,070960,미공개,미공개,미공개,B,2018,,,,,
4674,용평리조트,070960,B,B,B,B,2019,,,,,
4673,용평리조트,070960,B,C,B,B,2020,,,,,
4672,용평리조트,070960,C,C,C,B,2021,,,,,
4671,용평리조트,070960,D,C,D,D,2022,,,,,
4670,용평리조트,070960,D,C,D,D,2023,,,,,
4669,우리금융지주,053000,A,미공개,A,A+,2012,,,,,
4668,우리금융지주,053000,B+,미공개,B+,A,2013,,,,,
4667,우리금융지주,053000,A,B+,A,A+,2014,,,,,
4666,우리금융지주,316140,B+,B+,B+,B+,2020,,,사회 등급조정(2020.10),,
4665,우리금융지주,316140,A,A+,A+,A,2021,,,,,
4664,우리금융지주,316140,A,A,A+,B+,2022,,,,지배구조 등급조정(2022.11),
4663,우리금융지주,316140,A,A+,A+,A,2023,,,,,
4662,우리금융지주,316140,A,A+,A,B+,2024,,,,지배구조 등급조정(2025.04.),
4661,우리금융지주,316140,A,A+,A,B+,2025,,,사회 등급조정(2026.04.),,
4660,우리금융캐피탈,033660,B,D,B+,B,2020,,,,,
4659,우리금융캐피탈,033660,B,D,B+,B+,2021,,,,,
4658,우리금융캐피탈,033660,등급없음,등급없음,등급없음,B,2022,,,,,
4657,우리금융캐피탈,033660,등급없음,등급없음,등급없음,B,2023,,,,,
4656,우리금융캐피탈,033660,등급없음,등급없음,등급없음,B,2024,,,,,
4655,우리금융캐피탈,033660,등급없음,등급없음,등급없음,B,2025,,,,,
4654,우리기술투자,041190,D,D,C,D,2020,,,,,
4653,우리기술투자,041190,C,D,C,C,2021,,,,,
4652,우리기술투자,041190,D,D,D,D,2022,,,,,
4651,우리기술투자,041190,D,D,D,D,2023,,,,,
4650,우리기술투자,041190,D,D,D,D,2024,,,,,
4649,우리기술투자,041190,D,D,D,D,2025,,,,,
4648,우리들제약,004720,미공개,미공개,미공개,미공개,2012,,,,,
4647,우리들제약,004720,미공개,미공개,미공개,C,2013,,,,,
4646,우리들제약,004720,미공개,미공개,미공개,C,2014,,,,,
4645,우리들제약,004720,미공개,미공개,미공개,C,2015,,,,,
4644,우리들제약,004720,미공개,미공개,미공개,C,2016,,,,,
4643,우리들제약,004720,미공개,미공개,미공개,D,2017,,,,,
4642,우리들제약,004720,미공개,미공개,미공개,C,2018,,,,,
4641,우리들제약,004720,미공개,미공개,B,C,2019,,,,,
4640,우리들제약,004720,C,D,B,C,2020,,,,,
4639,우리들휴브레인,118000,미공개,미공개,미공개,미공개,2012,,,,,
4638,우리들휴브레인,118000,미공개,미공개,미공개,D,2013,,,,,
4637,우리들휴브레인,118000,미공개,미공개,미공개,D,2014,,,,,
4636,우리들휴브레인,118000,미공개,미공개,미공개,C,2015,,,,,
4635,우리들휴브레인,118000,미공개,미공개,미공개,C,2016,,,,,
4634,우리들휴브레인,118000,미공개,미공개,미공개,C,2017,,,,,
4633,우리들휴브레인,118000,미공개,미공개,미공개,C,2018,,,,,
4632,우리들휴브레인,118000,미공개,미공개,B,C,2019,,,,,
4631,우리들휴브레인,118000,C,D,C,B,2020,,,,,
4630,우리들휴브레인,118000,B,D,B,B,2021,,,,,
4629,우리은행,000030,등급없음,등급없음,등급없음,C,2019,,,,지배구조 등급조정(2019.10),
4628,우리은행,000030,등급없음,등급없음,등급없음,B,2020,,,,,
4627,우리은행,000030,등급없음,등급없음,등급없음,C,2021,,,,지배구조 등급조정(2022.07),
4626,우리은행,000030,등급없음,등급없음,등급없음,B+,2022,,,,지배구조 등급조정(2022.11),
4625,우리은행,000030,등급없음,등급없음,등급없음,B+,2023,,,,,
4624,우리은행,000030,등급없음,등급없음,등급없음,B+,2024,,,,지배구조 등급조정(2024.10.),
4623,우리은행,000030,등급없음,등급없음,등급없음,B+,2025,,,,,
4622,우리종합금융,010050,미공개,미공개,미공개,B+,2012,,,,,
4621,우리종합금융,010050,미공개,미공개,미공개,B+,2013,,,,,
4620,우리종합금융,010050,미공개,미공개,미공개,C,2014,,,,,
4619,우리종합금융,010050,미공개,미공개,미공개,B,2015,,,,,
4618,우리종합금융,010050,미공개,미공개,미공개,B+,2016,,,,,
4617,우리종합금융,010050,미공개,미공개,미공개,B+,2017,,,,,
4616,우리종합금융,010050,미공개,미공개,미공개,B+,2018,,,,,
4615,우리종합금융,010050,미공개,미공개,미공개,C,2019,,,,,
4614,우리종합금융,010050,B,D,B,B,2020,,,,,
4613,우리종합금융,010050,B,D,B+,B,2021,,,,,
4612,우리종합금융,010050,B,C,B,B+,2022,,,,,
4611,우리종합금융,010050,B+,B+,A,B+,2023,,,,,
4610,우리종합금융,010050,등급없음,등급없음,등급없음,B+,2024,,,,,
4609,우리종합금융,010050,등급없음,등급없음,등급없음,B+,2025,,,,,
4608,우리카드,879070,등급없음,등급없음,등급없음,B+,2019,,,,,
4607,우리카드,879070,등급없음,등급없음,등급없음,B+,2020,,,,,
4606,우리카드,879070,등급없음,등급없음,등급없음,B+,2021,,,,,
4605,우리카드,879070,등급없음,등급없음,등급없음,B+,2022,,,,,
4604,우리카드,879070,등급없음,등급없음,등급없음,B+,2023,,,,,
4603,우리카드,879070,등급없음,등급없음,등급없음,A,2024,,,,,
4602,우리카드,879070,등급없음,등급없음,등급없음,A,2025,,,,,
4601,우성,006980,C,D,C,B,2022,,,,,
4600,우성,006980,C,D,C,C,2023,,,,,
4599,우성,006980,D,D,C,D,2024,,,,,
4598,우성,006980,C,B,B+,D,2025,,,,,
4597,우성머티리얼스,011300,미공개,미공개,미공개,미공개,2012,,,,,
4596,우성머티리얼스,011300,미공개,미공개,미공개,C,2013,,,,,
4595,우성머티리얼스,011300,미공개,미공개,미공개,C,2014,,,,,
4594,우성머티리얼스,011300,미공개,미공개,미공개,C,2015,,,,,
4593,우성머티리얼스,011300,미공개,미공개,미공개,C,2016,,,,,
4592,우성머티리얼스,011300,미공개,미공개,미공개,C,2017,,,,,
4591,우성머티리얼스,011300,미공개,미공개,미공개,C,2018,,,,,
4590,우성머티리얼스,011300,미공개,미공개,미공개,C,2019,,,,,
4589,우성머티리얼스,011300,C,C,C,B,2020,,,,,
4588,우성머티리얼스,011300,D,D,C,C,2021,,,,,
4587,우성머티리얼스,011300,C,D,D,B,2022,,,,,
4586,우성머티리얼스,011300,D,D,D,D,2023,,,,,
4585,우성머티리얼스,011300,D,D,D,D,2024,,,,,
4584,우성머티리얼스,011300,D,D,D,D,2025,,,,,
4583,우성사료,006980,미공개,미공개,미공개,미공개,2012,,,,,
4582,우성사료,006980,미공개,미공개,미공개,B,2013,,,,,
4581,우성사료,006980,미공개,미공개,미공개,B,2014,,,,,
4580,우성사료,006980,미공개,미공개,미공개,B,2015,,,,,
4579,우성사료,006980,미공개,미공개,미공개,B+,2016,,,,,
4578,우성사료,006980,미공개,미공개,미공개,B,2017,,,,,
4577,우성사료,006980,미공개,미공개,미공개,C,2018,,,,,
4576,우성사료,006980,미공개,미공개,B,C,2019,,,,,
4575,우성사료,006980,C,D,C,C,2020,,,,,
4574,우성사료,006980,C,D,C,B+,2021,,,,,
4573,우신시스템,017370,미공개,미공개,미공개,미공개,2012,,,,,
4572,우신시스템,017370,미공개,미공개,미공개,B,2013,,,,,
4571,우신시스템,017370,미공개,미공개,미공개,C,2014,,,,,
4570,우신시스템,017370,미공개,미공개,미공개,C,2015,,,,,
4569,우신시스템,017370,미공개,미공개,미공개,C,2016,,,,,
4568,우신시스템,017370,미공개,미공개,미공개,C,2017,,,,,
4567,우신시스템,017370,미공개,미공개,미공개,C,2018,,,,,
4566,우신시스템,017370,B,B,미공개,B,2019,,,,,
4565,우신시스템,017370,B+,B,B,B+,2020,,,,,
4564,우신시스템,017370,B,C,C,B+,2021,,,,,
4563,우신시스템,017370,D,D,D,C,2022,,,,,
4562,우신시스템,017370,C,D,D,B,2023,,,,,
4561,우신시스템,017370,C,D,D,B,2024,,,,,
4560,우신시스템,017370,C,D,C,C,2025,,,,,
4559,우진,105840,미공개,미공개,미공개,미공개,2012,,,,,
4558,우진,105840,미공개,미공개,미공개,B+,2013,,,,,
4557,우진,105840,미공개,미공개,미공개,B,2014,,,,,
4556,우진,105840,미공개,미공개,미공개,B+,2015,,,,,
4555,우진,105840,미공개,미공개,미공개,B,2016,,,,,
4554,우진,105840,미공개,미공개,미공개,B,2017,,,,,
4553,우진,105840,미공개,미공개,미공개,B,2018,,,,,
4552,우진,105840,B,B,B,B,2019,,,,,
4551,우진,105840,B+,B,B,B+,2020,,,,,
4550,우진,105840,B,C,C,B+,2021,,,,,
4549,우진,105840,C,D,C,B,2022,,,,,
4548,우진,105840,C,D,C,C,2023,,,,,
4547,우진,105840,C,D,C,B,2024,,,,,
4546,우진,105840,B,C,B,B,2025,,,,,
4545,우진아이엔에스,010400,C,C,C,B+,2020,,,,,
4544,우진아이엔에스,010400,C,C,C,B+,2021,,,,,
4543,우진아이엔에스,010400,C,D,D,B,2022,,,,,
4542,우진아이엔에스,010400,C,C,D,B,2023,,,,,
4541,우진아이엔에스,010400,C,C,C,B,2024,,,,,
4540,우진아이엔에스,010400,C,C,C,C,2025,,,,,
4539,우진플라임,049800,미공개,미공개,미공개,미공개,2012,,,,,
4538,우진플라임,049800,미공개,미공개,미공개,C,2013,,,,,
4537,우진플라임,049800,미공개,미공개,미공개,B,2014,,,,,
4536,우진플라임,049800,미공개,미공개,미공개,C,2015,,,,,
4535,우진플라임,049800,미공개,미공개,미공개,B,2016,,,,,
4534,우진플라임,049800,미공개,미공개,미공개,B,2017,,,,,
4533,우진플라임,049800,미공개,미공개,미공개,B,2018,,,,,
4532,우진플라임,049800,B,B,B,B,2019,,,,,
4531,우진플라임,049800,B,B,B,B,2020,,,,,
4530,우진플라임,049800,B,B,C,B,2021,,,,,
4529,우진플라임,049800,D,D,D,D,2022,,,,,
4528,우진플라임,049800,C,C,D,C,2023,,,,,
4527,우진플라임,049800,D,C,D,D,2024,,,,,
4526,우진플라임,049800,D,C,D,D,2025,,,,,
4525,웅진,016880,미공개,미공개,미공개,미공개,2012,,,,,
4524,웅진,016880,미공개,미공개,미공개,C,2015,,,,,
4523,웅진,016880,미공개,미공개,미공개,B,2016,,,,,
4522,웅진,016880,미공개,미공개,미공개,B,2017,,,,,
4521,웅진,016880,미공개,미공개,미공개,C,2018,통합 등급조정(2019.4),,,지배구조 등급조정(2019.4),
4520,웅진,016880,미공개,미공개,B,C,2019,,,,,
4519,웅진,016880,B,D,B,B+,2020,,,,,
4518,웅진,016880,B,D,B+,B+,2021,,,,,
4517,웅진,016880,C,C,B+,C,2022,,,,,
4516,웅진,016880,B+,B,A,B,2023,,,,,
4515,웅진,016880,B,C,B+,B,2024,,,,,
4514,웅진,016880,B,C,B+,B,2025,,,,,
4513,웅진씽크빅,095720,B+,B+,B+,B+,2012,,,,,
4512,웅진씽크빅,095720,미공개,B+,B+,C,2013,,,,,
4511,웅진씽크빅,095720,미공개,미공개,B+,B,2014,,,,,
4510,웅진씽크빅,095720,미공개,미공개,미공개,B,2015,,,,,
4509,웅진씽크빅,095720,미공개,미공개,미공개,C,2016,,,,,
4508,웅진씽크빅,095720,미공개,미공개,미공개,C,2017,통합 등급조정(2017.8),,,지배구조 등급조정(2017.8),
4507,웅진씽크빅,095720,미공개,미공개,미공개,C,2018,,,,,
4506,웅진씽크빅,095720,B,미공개,B,B+,2019,,,,,
4505,웅진씽크빅,095720,B,D,B,B,2020,,,,,
4504,웅진씽크빅,095720,B+,B,A,B+,2021,,,,,
4503,웅진씽크빅,095720,B+,C,B+,B+,2022,,,,,
4502,웅진씽크빅,095720,B+,B+,A+,B,2023,,,,,
4501,웅진씽크빅,095720,B,B,A+,C,2024,,,,,
4500,웅진씽크빅,095720,C,B,A,C,2025,,,,,
4499,웅진에너지,103130,미공개,B+,미공개,미공개,2012,,,,,
4498,웅진에너지,103130,미공개,B+,미공개,B,2013,,,,,
4497,웅진에너지,103130,B+,A,미공개,B,2014,,,,,
4496,웅진에너지,103130,미공개,B+,미공개,C,2015,,,,,
4495,웅진에너지,103130,미공개,A,미공개,C,2016,,,,,
4494,웅진에너지,103130,B+,A,미공개,B,2017,,,,,
4493,웅진에너지,103130,미공개,B+,미공개,B,2018,,,,,
4492,웅진코웨이,021240,A,A+,A,B+,2019,,,,,
4491,원림,005820,미공개,미공개,미공개,미공개,2012,,,,,
4490,원림,005820,미공개,미공개,미공개,C,2013,,,,,
4489,원림,005820,미공개,미공개,미공개,C,2014,,,,,
4488,원림,005820,미공개,미공개,미공개,C,2015,,,,,
4487,원림,005820,미공개,미공개,미공개,C,2016,,,,,
4486,원림,005820,미공개,미공개,미공개,B,2017,,,,,
4485,원림,005820,미공개,미공개,미공개,C,2018,,,,,
4484,원림,005820,미공개,미공개,미공개,B,2019,,,,,
4483,원림,005820,C,D,B,C,2020,,,,,
4482,원림,005820,C,D,B,B,2021,,,,,
4481,원림,005820,D,D,D,C,2022,,,,,
4480,원림,005820,C,C,D,C,2023,,,,,
4479,원림,005820,D,D,D,C,2024,,,,,
4478,원림,005820,D,D,D,D,2025,,,,,
4477,원익,032940,D,D,D,D,2025,,,,,
4476,원익IPS,240810,미공개,미공개,B+,C,2019,,,,,
4475,원익IPS,240810,B,C,B+,B+,2020,,,,,
4474,원익IPS,240810,B+,B+,A,B+,2021,,,,,
4473,원익IPS,240810,B,C,B+,B,2022,,,,,
4472,원익IPS,240810,B,B,B+,B,2023,,,,,
4471,원익IPS,240810,B,B,A,C,2024,,,,,
4470,원익IPS,240810,B,B+,A,C,2025,,,,,
4469,원익QnC,074600,D,D,C,C,2022,,,,,
4468,원익QnC,074600,B+,B,A,B,2023,,,,,
4467,원익QnC,074600,C,B+,A,D,2024,,,,,
4466,원익QnC,074600,C,B+,A,D,2025,,,,,
4465,원익머트리얼즈,104830,C,C,B,B,2021,,,,,
4464,원익머트리얼즈,104830,C,C,B,B,2022,,,,,
4463,원익머트리얼즈,104830,B+,B+,A,B,2023,,,,,
4462,원익머트리얼즈,104830,B+,B+,A,B+,2025,,,,,
4461,원익큐브,014190,D,D,C,D,2025,,,,,
4460,원익피앤이,217820,D,C,C,D,2025,,,,,
4459,원익홀딩스,030530,미공개,미공개,B+,C,2019,,,,,
4458,원익홀딩스,030530,B,B,C,B,2021,,,,,
4457,원익홀딩스,030530,C,C,B,D,2022,,,,,
4456,원익홀딩스,030530,C,C,B+,D,2023,,,,,
4455,원익홀딩스,030530,C,B,B+,C,2025,,,,,
4454,원텍,336570,D,D,D,D,2024,,,,,
4453,원텍,336570,D,D,D,D,2025,,,,,
4452,웰바이오텍,010600,미공개,미공개,미공개,C,2018,,,,,
4451,웰바이오텍,010600,미공개,미공개,미공개,C,2019,,,,,
4450,웰바이오텍,010600,B,D,B,B,2020,,,,,
4449,웰바이오텍,010600,B,D,B,B,2021,,,,,
4448,웰바이오텍,010600,D,D,D,D,2022,,,,,
4447,웰바이오텍,010600,D,D,D,D,2023,,,,,
4446,웰바이오텍,010600,D,D,D,D,2024,,,,,
4445,웰바이오텍,010600,D,D,D,D,2025,,,,,
4444,웹젠,069080,미공개,미공개,B,C,2019,,,,,
4443,웹젠,069080,B,D,B,B+,2020,,,,,
4442,웹젠,069080,B,D,B,B+,2021,,,,,
4441,웹젠,069080,C,D,C,C,2022,,,,,
4440,웹젠,069080,B,D,C,B+,2023,,,,,
4439,웹젠,069080,B,D,C,B+,2024,,,,,
4438,웹젠,069080,C,D,D,B,2025,,,,,
4437,위닉스,044340,C,C,C,B+,2021,,,,,
4436,위메이드,112040,B,미공개,B,B,2019,,,,,
4435,위메이드,112040,B,D,B,B,2020,,,,,
4434,위메이드,112040,B,D,C,B+,2021,,,,,
4433,위메이드,112040,C,B,B+,C,2022,,,,,
4432,위메이드,112040,C,B+,B+,C,2023,,,,,
4431,위메이드,112040,C,B+,A,C,2024,,,,,
4430,위메이드,112040,B+,A,A+,B,2025,,,,,
4429,위지윅스튜디오,299900,D,D,D,C,2023,,,,,
4428,윌비스,008600,미공개,미공개,미공개,미공개,2012,,,,,
4427,윌비스,008600,미공개,미공개,미공개,B,2013,,,,,
4426,윌비스,008600,미공개,미공개,미공개,B,2014,,,,,
4425,윌비스,008600,미공개,미공개,미공개,B,2015,,,,,
4424,윌비스,008600,미공개,미공개,미공개,B,2016,,,,,
4423,윌비스,008600,미공개,미공개,미공개,B+,2017,,,,,
4422,윌비스,008600,미공개,미공개,미공개,B,2018,,,,,
4421,윌비스,008600,미공개,미공개,미공개,C,2019,,,,,
4420,윌비스,008600,C,D,C,C,2020,,,,,
4419,윌비스,008600,C,D,D,B+,2021,,,,,
4418,윌비스,008600,D,D,D,C,2022,,,,,
4417,윌비스,008600,D,D,C,D,2023,,,,,
4416,윌비스,008600,D,D,C,D,2024,,,,,
4415,윌비스,008600,C,D,C,C,2025,,,,,
4414,유나이티드,033270,미공개,미공개,미공개,미공개,2012,,,,,
4413,유나이티드,033270,미공개,미공개,미공개,B,2013,,,,,
4412,유나이티드,033270,미공개,미공개,미공개,B,2014,,,,,
4411,유나이티드,033270,미공개,미공개,미공개,B+,2015,,,,,
4410,유나이티드,033270,미공개,미공개,미공개,B+,2016,,,,,
4409,유나이티드,033270,미공개,미공개,미공개,B,2017,,,,,
4408,유나이티드,033270,미공개,미공개,B+,B,2018,,,,,
4407,유나이티드,033270,B+,B,A,B,2019,,,,,
4406,유나이티드,033270,B,B,B+,B,2020,,,,,
4405,유나이티드,033270,B,C,B,B+,2021,,,,,
4404,유나이티드,033270,B,C,C,B+,2022,,,,,
4403,유나이티드,033270,B,C,B,B+,2023,,,,,
4402,유나이티드,033270,B+,B,B+,B+,2024,,,,,
4401,유나이티드,033270,B+,B,A,B+,2025,,,,,
4400,유니드,014830,미공개,B+,미공개,미공개,2012,,,,,
4399,유니드,014830,미공개,미공개,미공개,B,2013,,,,,
4398,유니드,014830,미공개,미공개,미공개,B,2014,,,,,
4397,유니드,014830,미공개,B+,미공개,C,2015,,,,,
4396,유니드,014830,미공개,B+,미공개,C,2016,,,,,
4395,유니드,014830,미공개,미공개,미공개,B,2017,,,,,
4394,유니드,014830,미공개,미공개,미공개,C,2018,,,,,
4393,유니드,014830,B,B,미공개,B,2019,,,,,
4392,유니드,014830,B,B,B,B,2020,,,,,
4391,유니드,014830,B+,B,B+,B+,2021,,,,,
4390,유니드,014830,B,C,B+,B,2022,,,,,
4389,유니드,014830,B+,B+,B+,B,2023,,,,,
4388,유니드,014830,B,B,B+,B,2024,,,,,
4387,유니드,014830,C,B,B+,C,2025,,,,,
4386,유니드비티플러스,446070,C,C,C,C,2024,,,,,
4385,유니드비티플러스,446070,C,C,C,C,2025,,,,,
4384,유니슨,018000,D,D,D,C,2022,,,,,
4383,유니슨,018000,C,C,C,C,2023,,,,,
4382,유니슨,018000,C,C,C,B,2024,,,,,
4381,유니슨,018000,C,C,C,C,2025,,,,,
4380,유니온,000910,미공개,미공개,미공개,미공개,2012,,,,,
4379,유니온,000910,미공개,미공개,미공개,B,2013,,,,,
4378,유니온,000910,미공개,미공개,미공개,B,2014,,,,,
4377,유니온,000910,미공개,미공개,미공개,B,2015,,,,,
4376,유니온,000910,미공개,미공개,미공개,B,2016,,,,,
4375,유니온,000910,미공개,미공개,미공개,B,2017,,,,,
4374,유니온,000910,미공개,미공개,미공개,C,2018,,,,,
4373,유니온,000910,미공개,미공개,B+,C,2019,,,,,
4372,유니온,000910,C,C,B,C,2020,,,,,
4371,유니온,000910,B,B,B,B,2021,,,,,
4370,유니온,000910,C,C,C,B,2022,,,,,
4369,유니온,000910,C,C,C,B,2023,,,,,
4368,유니온,000910,C,C,C,B,2024,,,,,
4367,유니온,000910,C,C,C,C,2025,,,,,
4366,유니온머티리얼,047400,미공개,미공개,미공개,미공개,2012,,,,,
4365,유니온머티리얼,047400,미공개,미공개,미공개,C,2013,,,,,
4364,유니온머티리얼,047400,미공개,미공개,미공개,C,2014,,,,,
4363,유니온머티리얼,047400,미공개,B+,미공개,C,2015,,,,,
4362,유니온머티리얼,047400,미공개,B+,미공개,C,2016,,,,,
4361,유니온머티리얼,047400,미공개,B+,미공개,B,2017,,,,,
4360,유니온머티리얼,047400,미공개,미공개,미공개,C,2018,,,,,
4359,유니온머티리얼,047400,미공개,미공개,B,B,2019,,,,,
4358,유니온머티리얼,047400,B,B,B,B,2020,,,,,
4357,유니온머티리얼,047400,B,B,C,B,2021,,,,,
4356,유니온머티리얼,047400,D,D,D,C,2022,,,,,
4355,유니온머티리얼,047400,C,C,D,C,2023,,,,,
4354,유니온머티리얼,047400,C,C,D,C,2024,,,,,
4353,유니온머티리얼,047400,D,C,D,D,2025,,,,,
4352,유니온스틸,003640,미공개,B+,미공개,미공개,2012,,,,,
4351,유니온스틸,003640,미공개,미공개,미공개,B,2013,,,,,
4350,유니온스틸,003640,미공개,B+,미공개,B,2014,,,,,
4349,유니켐,011330,미공개,미공개,미공개,미공개,2012,,,,,
4348,유니켐,011330,미공개,미공개,미공개,C,2013,,,,,
4347,유니켐,011330,미공개,미공개,미공개,C,2016,,,,,
4346,유니켐,011330,B+,미공개,미공개,B+,2017,,,,,
4345,유니켐,011330,미공개,미공개,미공개,B+,2018,,,,,
4344,유니켐,011330,B,B,미공개,B+,2019,,,,,
4343,유니켐,011330,B,B,C,B,2020,,,,,
4342,유니켐,011330,B,C,C,B+,2021,,,,,
4341,유니켐,011330,D,D,D,D,2022,,,,,
4340,유니켐,011330,D,C,C,D,2023,,,,,
4339,유니켐,011330,D,C,D,D,2024,,,,,
4338,유니켐,011330,D,C,D,D,2025,,,,,
4337,유니퀘스트,077500,미공개,미공개,미공개,미공개,2012,,,,,
4336,유니퀘스트,077500,미공개,미공개,미공개,B,2013,,,,,
4335,유니퀘스트,077500,미공개,미공개,미공개,B,2014,,,,,
4334,유니퀘스트,077500,미공개,미공개,미공개,B+,2015,,,,,
4333,유니퀘스트,077500,미공개,미공개,미공개,B,2016,,,,,
4332,유니퀘스트,077500,미공개,미공개,미공개,B+,2017,,,,,
4331,유니퀘스트,077500,미공개,미공개,미공개,B+,2018,,,,,
4330,유니퀘스트,077500,B,미공개,미공개,B+,2019,,,,,
4329,유니퀘스트,077500,B,D,C,B+,2020,,,,,
4328,유니퀘스트,077500,B,B,C,B+,2021,,,,,
4327,유니퀘스트,077500,D,D,D,D,2022,,,,,
4326,유니퀘스트,077500,C,D,D,B,2023,,,,,
4325,유니퀘스트,077500,D,D,D,C,2024,,,,,
4324,유니퀘스트,077500,D,D,D,D,2025,,,,,
4323,유니테스트,086390,C,D,C,C,2023,,,,,
4322,유니테스트,086390,C,D,C,C,2024,,,,,
4321,유바이오로직스,206650,D,D,D,D,2022,,,,,
4320,유바이오로직스,206650,D,D,C,D,2023,,,,,
4319,유비쿼스홀딩스,078070,B,D,B,B+,2021,,,,,
4318,유성기업,002920,미공개,미공개,미공개,미공개,2012,,,,,
4317,유성기업,002920,미공개,미공개,미공개,B,2013,,,,,
4316,유성기업,002920,미공개,미공개,미공개,C,2014,,,,,
4315,유성기업,002920,미공개,미공개,미공개,B,2015,,,,,
4314,유성기업,002920,미공개,B+,미공개,B+,2016,,,,,
4313,유성기업,002920,미공개,B+,미공개,B,2017,,,,,
4312,유성기업,002920,미공개,미공개,미공개,B,2018,,,,,
4311,유성기업,002920,미공개,B,B,C,2019,통합 등급조정(2019.10),,,지배구조 등급조정(2019.10),
4310,유성기업,002920,C,B,C,C,2020,,,,,
4309,유성기업,002920,C,B,D,C,2021,,,,,
4308,유성기업,002920,C,C,C,C,2022,,,,,
4307,유성기업,002920,C,C,C,C,2023,,,,,
4306,유성기업,002920,C,C,C,B,2024,,,,,
4305,유성기업,002920,C,C,C,C,2025,,,,,
4304,유수홀딩스,000700,B+,B+,B+,B+,2012,,,,,
4303,유수홀딩스,000700,미공개,B+,미공개,B,2013,,,,,
4302,유수홀딩스,000700,미공개,미공개,B+,B,2014,,,,,
4301,유수홀딩스,000700,미공개,미공개,미공개,B,2015,,,,,
4300,유수홀딩스,000700,미공개,미공개,미공개,B,2016,,,,,
4299,유수홀딩스,000700,B+,미공개,B+,B+,2017,,,,,
4298,유수홀딩스,000700,B+,미공개,B+,B+,2018,,,,,
4297,유수홀딩스,000700,B,미공개,B+,B+,2019,,,,,
4296,유수홀딩스,000700,B,C,B,B+,2020,,,,,
4295,유수홀딩스,000700,B+,D,B,A,2021,,,,,
4294,유수홀딩스,000700,B+,B,B+,B+,2022,,,,,
4293,유수홀딩스,000700,B+,B+,A,B+,2023,,,,,
4292,유수홀딩스,000700,B+,B+,A,B+,2024,,,,,
4291,유수홀딩스,000700,B+,B,A,B+,2025,,,,,
4290,유안타증권,003470,미공개,미공개,미공개,미공개,2012,,,,,
4289,유안타증권,003470,미공개,미공개,미공개,B+,2013,,,,,
4288,유안타증권,003470,미공개,미공개,미공개,C,2014,,,,,
4287,유안타증권,003470,미공개,미공개,미공개,B,2015,,,,,
4286,유안타증권,003470,미공개,미공개,미공개,A,2016,,,,,
4285,유안타증권,003470,B+,미공개,미공개,A,2017,,,,,
4284,유안타증권,003470,미공개,미공개,미공개,미공개,2018,,,,,
4283,유안타증권,003470,B,미공개,B,B,2019,,,,,
4282,유안타증권,003470,B,D,B+,B,2020,,,,,
4281,유안타증권,003470,C,D,C,B,2021,,,,,
4280,유안타증권,003470,C,D,C,B,2022,,,,,
4279,유안타증권,003470,C,C,D,B,2023,,,,,
4278,유안타증권,003470,C,C,D,C,2024,,,,지배구조 등급조정(2025.07.),
4277,유안타증권,003470,C,C,D,C,2025,,,,지배구조 등급조정(2025.11.),
4276,유양디앤유,011690,미공개,미공개,미공개,미공개,2012,,,,,
4275,유양디앤유,011690,미공개,미공개,미공개,B,2013,,,,,
4274,유양디앤유,011690,미공개,미공개,미공개,B,2014,,,,,
4273,유양디앤유,011690,미공개,미공개,미공개,B,2015,,,,,
4272,유양디앤유,011690,미공개,미공개,미공개,B,2016,,,,,
4271,유양디앤유,011690,미공개,미공개,미공개,B,2017,,,,,
4270,유양디앤유,011690,미공개,미공개,미공개,B,2018,,,,,
4269,유양디앤유,011690,미공개,B,B,C,2019,통합 등급조정(2020.7),,,지배구조 등급조정(2020.7),
4268,유양디앤유,011690,D,C,C,D,2020,통합 등급조정(2020.10),,,지배구조 등급조정(2020.10),
4267,유엔젤,072130,미공개,미공개,미공개,미공개,2012,,,,,
4266,유엔젤,072130,미공개,미공개,미공개,B,2013,,,,,
4265,유엔젤,072130,미공개,미공개,미공개,C,2014,,,,,
4264,유엔젤,072130,미공개,미공개,미공개,B,2015,,,,,
4263,유엔젤,072130,미공개,미공개,미공개,C,2016,,,,,
4262,유엔젤,072130,미공개,미공개,미공개,B,2017,,,,,
4261,유엔젤,072130,미공개,미공개,미공개,C,2018,,,,,
4260,유엔젤,072130,미공개,B,미공개,C,2019,,,,,
4259,유엔젤,072130,C,B,C,C,2020,,,,,
4258,유엔젤,072130,C,D,C,B,2021,,,,,
4257,유엔젤,072130,D,D,D,D,2022,,,,,
4256,유엔젤,072130,D,D,D,D,2023,,,,,
4255,유엔젤,072130,D,D,D,D,2024,,,,,
4254,유엔젤,072130,D,D,D,D,2025,,,,,
4253,유유제약,000220,미공개,미공개,미공개,미공개,2012,,,,,
4252,유유제약,000220,미공개,미공개,미공개,B,2013,,,,,
4251,유유제약,000220,미공개,미공개,미공개,B,2014,,,,,
4250,유유제약,000220,미공개,미공개,미공개,C,2015,,,,,
4249,유유제약,000220,미공개,미공개,미공개,B,2016,,,,,
4248,유유제약,000220,미공개,미공개,미공개,B,2017,,,,,
4247,유유제약,000220,미공개,미공개,미공개,B,2018,,,,,
4246,유유제약,000220,B,B,미공개,B+,2019,,,,,
4245,유유제약,000220,B,B,C,B,2020,,,,,
4244,유유제약,000220,B,D,B,B+,2021,,,,,
4243,유유제약,000220,C,D,B,D,2022,,,,,
4242,유유제약,000220,D,D,C,D,2023,,,,,
4241,유유제약,000220,C,D,C,C,2024,,,,,
4240,유유제약,000220,D,D,C,D,2025,,,,,
4239,유진기업,023410,미공개,미공개,미공개,D,2019,,,,,
4238,유진기업,023410,C,C,B+,C,2020,,,,,
4237,유진기업,023410,C,C,B,B,2021,,,,,
4236,유진기업,023410,D,D,C,D,2022,,,,,
4235,유진기업,023410,D,C,D,D,2023,,,,,
4234,유진기업,023410,D,D,D,D,2024,,,,,
4233,유진기업,023410,B,A,A+,D,2025,,,,,
4232,유진증권,001200,미공개,미공개,미공개,B+,2012,,,,,
4231,유진증권,001200,미공개,미공개,미공개,B+,2013,,,,,
4230,유진증권,001200,미공개,미공개,미공개,B,2014,,,,,
4229,유진증권,001200,미공개,미공개,미공개,B+,2015,,,,,
4228,유진증권,001200,미공개,미공개,미공개,A,2016,,,,,
4227,유진증권,001200,B+,미공개,미공개,A,2017,,,,,
4226,유진증권,001200,미공개,미공개,미공개,미공개,2018,,,,,
4225,유진증권,001200,미공개,미공개,미공개,B,2019,,,,,
4224,유진증권,001200,C,C,C,B,2021,,,,,
4223,유진증권,001200,B,C,B+,B,2022,,,,,
4222,유진증권,001200,B,C,B,B,2023,,,,,
4221,유진증권,001200,C,B,D,C,2024,,,,지배구조 등급조정(2025.07.),
4220,유진증권,001200,B+,B,A,B,2025,,,,지배구조 등급조정(2025.11.),
4219,유진테크,084370,B,미공개,B+,B,2019,,,,,
4218,유진테크,084370,B,C,B,B+,2021,,,,,
4217,유진테크,084370,D,D,C,C,2022,,,,,
4216,유진테크,084370,B,C,B,B,2023,,,,,
4215,유진테크,084370,C,C,C,C,2024,,,,,
4214,유진테크,084370,D,D,C,D,2025,,,,,
4213,유진투자증권,001200,B,C,B+,B,2020,,,,,
4212,유티아이,179900,C,D,D,B,2025,,,,,
4211,유틸렉스,263050,B,D,B,B+,2021,,,,,
4210,유한양행,000100,B+,B+,미공개,B+,2012,,,,,
4209,유한양행,000100,미공개,B+,미공개,B,2013,,,,,
4208,유한양행,000100,B+,B+,B+,B,2014,,,,,
4207,유한양행,000100,B+,B+,미공개,B+,2015,,,,,
4206,유한양행,000100,B+,B+,미공개,B+,2016,,,,,
4205,유한양행,000100,미공개,B+,미공개,B,2017,,,,,
4204,유한양행,000100,B+,B+,B+,B,2018,,,,,
4203,유한양행,000100,B+,B+,B+,B+,2019,,,,,
4202,유한양행,000100,B+,B+,B+,B+,2020,,,,,
4201,유한양행,000100,B+,B+,A,B+,2021,,,,,
4200,유한양행,000100,B+,B,A,B+,2022,,,,,
4199,유한양행,000100,A,B+,A+,A,2023,,,,,
4198,유한양행,000100,A,B+,A+,A,2024,,,,,
4197,유한양행,000100,A,B+,A+,A,2025,,,,,
4196,유화증권,003460,미공개,미공개,미공개,미공개,2012,,,,,
4195,유화증권,003460,미공개,미공개,미공개,B,2013,,,,,
4194,유화증권,003460,미공개,미공개,미공개,C,2014,,,,,
4193,유화증권,003460,미공개,미공개,미공개,B+,2015,,,,,
4192,유화증권,003460,미공개,미공개,미공개,B+,2016,,,,,
4191,유화증권,003460,미공개,미공개,미공개,B+,2017,,,,,
4190,유화증권,003460,미공개,미공개,미공개,미공개,2018,,,,,
4189,유화증권,003460,미공개,미공개,미공개,D,2019,,,,,
4188,유화증권,003460,C,D,C,B,2020,,,,,
4187,유화증권,003460,C,D,C,C,2021,,,,,
4186,유화증권,003460,D,D,D,C,2022,,,,,
4185,유화증권,003460,C,D,C,C,2023,,,,,
4184,유화증권,003460,D,D,D,C,2024,,,,,
4183,유화증권,003460,D,D,C,D,2025,,,,,
4182,윤성에프앤씨,372170,C,C,D,C,2024,,,,,
4181,윤성에프앤씨,372170,C,C,D,C,2025,,,,,
4180,율촌화학,008730,미공개,미공개,미공개,미공개,2012,,,,,
4179,율촌화학,008730,미공개,미공개,미공개,B,2013,,,,,
4178,율촌화학,008730,미공개,미공개,미공개,B,2014,,,,,
4177,율촌화학,008730,미공개,미공개,미공개,C,2015,,,,,
4176,율촌화학,008730,미공개,미공개,미공개,C,2016,,,,,
4175,율촌화학,008730,미공개,미공개,미공개,B,2017,,,,,
4174,율촌화학,008730,미공개,미공개,미공개,B,2018,,,,,
4173,율촌화학,008730,B,미공개,B+,B+,2019,,,,,
4172,율촌화학,008730,B,C,B+,B+,2020,,,,,
4171,율촌화학,008730,B,B,B,B+,2021,,,,,
4170,율촌화학,008730,C,C,C,C,2022,,,,,
4169,율촌화학,008730,D,C,C,D,2023,,,,,
4168,율촌화학,008730,C,C,C,C,2024,,,,,
4167,율촌화학,008730,D,C,C,D,2025,,,,,
4166,이건산업,008250,미공개,미공개,미공개,미공개,2012,,,,,
4165,이건산업,008250,미공개,미공개,미공개,C,2013,,,,,
4164,이건산업,008250,미공개,미공개,미공개,B,2014,,,,,
4163,이건산업,008250,미공개,미공개,미공개,B,2015,,,,,
4162,이건산업,008250,미공개,미공개,미공개,B,2016,,,,,
4161,이건산업,008250,미공개,미공개,미공개,B,2017,,,,,
4160,이건산업,008250,미공개,미공개,미공개,C,2018,,,,,
4159,이건산업,008250,미공개,미공개,미공개,C,2019,,,,,
4158,이건산업,008250,B,C,B,B,2020,,,,,
4157,이건산업,008250,C,D,C,B+,2021,,,,,
4156,이건산업,008250,D,D,C,D,2022,,,,,
4155,이건산업,008250,D,D,C,D,2023,,,,,
4154,이건산업,008250,D,D,D,D,2024,,,,,
4153,이건산업,008250,D,D,D,C,2025,,,,,
4152,이구산업,025820,미공개,미공개,미공개,미공개,2012,,,,,
4151,이구산업,025820,미공개,미공개,미공개,B,2013,,,,,
4150,이구산업,025820,미공개,B+,미공개,B,2014,,,,,
4149,이구산업,025820,미공개,B+,미공개,B+,2015,,,,,
4148,이구산업,025820,미공개,B+,미공개,B+,2016,,,,,
4147,이구산업,025820,미공개,B+,미공개,B,2017,,,,,
4146,이구산업,025820,B+,B+,미공개,B+,2018,,,,,
4145,이구산업,025820,B,B,미공개,B,2019,,,,,
4144,이구산업,025820,B,B,C,B,2020,,,,,
4143,이구산업,025820,B,B,C,B+,2021,,,,,
4142,이구산업,025820,C,C,C,C,2022,,,,,
4141,이구산업,025820,C,C,D,C,2023,,,,,
4140,이구산업,025820,C,C,D,B,2024,,,,,
4139,이구산업,025820,C,C,D,C,2025,,,,,
4138,이노션,214320,미공개,미공개,미공개,B,2017,,,,,
4137,이노션,214320,미공개,미공개,B+,B+,2018,,,,,
4136,이노션,214320,B+,미공개,B+,B+,2019,,,,,
4135,이노션,214320,B+,D,A,A,2020,,,,,
4134,이노션,214320,A,B+,A,A,2021,,,,,
4133,이노션,214320,B+,B,A,B+,2022,,,,,
4132,이노션,214320,B+,A,A,B+,2023,,,,,
4131,이노션,214320,A,A,A+,B+,2024,,,,,
4130,이노션,214320,A,B+,A+,B+,2025,,,,,
4129,이녹스첨단소재,272290,미공개,미공개,미공개,B,2019,,,,,
4128,이녹스첨단소재,272290,C,C,B,B,2020,,,,,
4127,이녹스첨단소재,272290,B,B,D,B+,2021,,,,,
4126,이녹스첨단소재,272290,C,C,C,C,2022,,,,,
4125,이녹스첨단소재,272290,B+,B+,B+,B+,2023,,,,,
4124,이녹스첨단소재,272290,B+,B+,B,B+,2024,,,,,
4123,이녹스첨단소재,272290,B+,B+,B+,B,2025,,,,,
4122,이니텍,053350,미공개,미공개,B,C,2019,통합 등급조정(2020.7),,,지배구조 등급조정(2020.7),
4121,이니텍,053350,B,D,B,B,2020,,,,지배구조 등급조정(2020.10),
4120,이니텍,053350,B,B,B+,B,2021,,,,,
4119,이니텍,053350,B,C,B+,B,2022,,,,,
4118,이니텍,053350,B+,B,B+,B+,2023,,,,,
4117,이니텍,053350,B,C,C,B+,2024,,,,,
4116,이니텍,053350,C,C,C,C,2025,,,,,
4115,이마트,139480,미공개,미공개,B+,B+,2012,,,,,
4114,이마트,139480,B+,B+,B+,B+,2013,,,,,
4113,이마트,139480,A,A+,B+,B+,2014,,,,,
4112,이마트,139480,미공개,A,미공개,C,2015,통합 등급조정(2016.5),,사회 등급조정(2016.5),지배구조 등급조정(2016.2),
4111,이마트,139480,미공개,A,미공개,C,2016,,,사회 등급조정(2016.8),,
4110,이마트,139480,B+,B+,A,B+,2017,,,,,
4109,이마트,139480,B+,B+,B+,B+,2018,,,,,
4108,이마트,139480,B+,B+,A,B+,2019,,,,,
4107,이마트,139480,A,A,A+,A,2020,,,,,
4106,이마트,139480,A,A,A,A,2021,,,,,
4105,이마트,139480,A,A+,A,B+,2022,,,,,
4104,이마트,139480,A,A,B+,A,2023,,,,,
4103,이마트,139480,A,A,A,A,2024,,,,,
4102,이마트,139480,A+,A+,A+,A,2025,,,,,
4101,이베스트투자증권,078020,B,미공개,B,B,2019,,,,,
4100,이베스트투자증권,078020,B,D,B,B,2020,,,,,
4099,이베스트투자증권,078020,B,D,B,B,2021,,,,,
4098,이베스트투자증권,078020,C,D,C,B,2022,,,,,
4097,이베스트투자증권,078020,C,D,D,B,2023,,,,,
4096,이수스페셜티케미컬,457190,D,D,C,C,2025,,,,,
4095,이수페타시스,007660,미공개,미공개,미공개,미공개,2012,,,,,
4094,이수페타시스,007660,미공개,미공개,미공개,C,2013,,,,,
4093,이수페타시스,007660,미공개,B+,미공개,C,2014,,,,,
4092,이수페타시스,007660,미공개,B+,미공개,C,2015,,,,,
4091,이수페타시스,007660,미공개,B+,A,D,2016,,,,,
4090,이수페타시스,007660,미공개,B+,B+,C,2017,,,,,
4089,이수페타시스,007660,미공개,B+,A,C,2018,,,,,
4088,이수페타시스,007660,B,B+,B+,C,2019,,,,,
4087,이수페타시스,007660,B,B+,B+,C,2020,,,,,
4086,이수페타시스,007660,B,B,A,C,2021,,,,,
4085,이수페타시스,007660,C,B,B+,D,2022,,,,,
4084,이수페타시스,007660,C,B,B+,C,2023,,,,,
4083,이수페타시스,007660,B,B+,A,C,2024,,,,,
4082,이수페타시스,007660,B,B+,A+,D,2025,,,,,
4081,이수화학,005950,미공개,B+,미공개,미공개,2012,,,,,
4080,이수화학,005950,미공개,B+,B+,C,2013,,,,,
4079,이수화학,005950,미공개,B+,미공개,C,2014,,,,,
4078,이수화학,005950,미공개,미공개,B+,C,2015,,환경 등급조정(2016.2),,,
4077,이수화학,005950,미공개,미공개,미공개,B,2016,통합 등급조정(2016.8),환경 등급조정(2016.8),,,
4076,이수화학,005950,B+,B+,B+,B,2017,,,,,
4075,이수화학,005950,미공개,B+,B+,C,2018,,,,,
4074,이수화학,005950,미공개,B,B,C,2019,통합 등급조정(2020.7),,,지배구조 등급조정(2020.7),
4073,이수화학,005950,C,B,B,C,2020,통합 등급조정(2020.10),,,지배구조 등급조정(2020.10),
4072,이수화학,005950,B,B,B+,B,2021,,,,,
4071,이수화학,005950,C,B,B+,D,2022,,,,,
4070,이수화학,005950,C,B,B,D,2023,,,,,
4069,이수화학,005950,B,B+,B+,C,2024,,,,,
4068,이수화학,005950,C,B,B+,D,2025,,,,,
4067,이스타코,015020,미공개,미공개,미공개,미공개,2012,,,,,
4066,이스타코,015020,미공개,미공개,미공개,C,2013,,,,,
4065,이스타코,015020,미공개,미공개,미공개,C,2014,,,,,
4064,이스타코,015020,미공개,미공개,미공개,C,2015,,,,,
4063,이스타코,015020,미공개,미공개,미공개,C,2016,,,,,
4062,이스타코,015020,미공개,미공개,미공개,D,2017,,,,,
4061,이스타코,015020,미공개,미공개,미공개,C,2018,,,,,
4060,이스타코,015020,미공개,미공개,미공개,C,2019,,,,,
4059,이스타코,015020,C,D,C,B,2020,,,,,
4058,이스타코,015020,C,D,C,B,2021,,,,,
4057,이스타코,015020,D,D,D,C,2022,,,,,
4056,이스타코,015020,D,D,D,C,2023,,,,,
4055,이스타코,015020,D,D,D,D,2024,,,,,
4054,이스타코,015020,D,D,D,C,2025,,,,,
4053,이아이디,093230,미공개,미공개,미공개,미공개,2012,,,,,
4052,이아이디,093230,미공개,미공개,미공개,C,2013,,,,,
4051,이아이디,093230,미공개,미공개,미공개,C,2014,,,,,
4050,이아이디,093230,미공개,미공개,미공개,C,2015,,,,,
4049,이아이디,093230,미공개,미공개,미공개,D,2016,,,,,
4048,이아이디,093230,미공개,미공개,미공개,C,2017,,,,,
4047,이아이디,093230,미공개,미공개,미공개,C,2018,,,,,
4046,이아이디,093230,미공개,미공개,미공개,C,2019,,,,,
4045,이아이디,093230,D,D,C,C,2020,,,,,
4044,이아이디,093230,D,D,C,C,2021,,,,,
4043,이아이디,093230,D,D,D,D,2022,,,,,
4042,이아이디,093230,D,D,D,D,2023,,,,,
4041,이아이디,093230,D,D,D,D,2024,,,,,
4040,이아이디,093230,D,D,D,D,2025,,,,,
4039,이엔에프테크놀로지,102710,C,D,B,C,2021,,,,,
4038,이엔에프테크놀로지,102710,D,D,C,D,2022,,,,,
4037,이엔에프테크놀로지,102710,C,C,B,D,2023,,,,,
4036,이엔플러스,074610,C,D,B,B,2021,,,,,
4035,이엔플러스,074610,D,D,C,D,2022,,,,,
4034,이엔플러스,074610,D,C,D,D,2023,,,,,
4033,이엔플러스,074610,D,C,D,D,2024,,,,,
4032,이엔플러스,074610,D,C,D,D,2025,,,,,
4031,이엠텍,091120,D,D,D,C,2024,,,,,
4030,이엠텍,091120,D,D,D,C,2025,,,,,
4029,이연제약,102460,미공개,미공개,미공개,미공개,2012,,,,,
4028,이연제약,102460,미공개,미공개,미공개,B,2013,,,,,
4027,이연제약,102460,미공개,미공개,미공개,B,2014,,,,,
4026,이연제약,102460,미공개,미공개,미공개,B,2015,,,,,
4025,이연제약,102460,미공개,미공개,미공개,B,2016,,,,,
4024,이연제약,102460,미공개,미공개,미공개,B+,2017,,,,,
4023,이연제약,102460,미공개,미공개,미공개,B,2018,,,,,
4022,이연제약,102460,B,미공개,B,B+,2019,,,,,
4021,이연제약,102460,C,D,B,B,2020,,,,,
4020,이연제약,102460,B,D,B,B+,2021,,,,,
4019,이연제약,102460,C,D,D,B+,2022,,,,,
4018,이연제약,102460,C,D,D,B+,2023,,,,,
4017,이연제약,102460,C,D,D,B+,2024,,,,,
4016,이연제약,102460,C,D,D,B,2025,,,,,
4015,이오테크닉스,039030,미공개,B,B,C,2019,,,,,
4014,이오테크닉스,039030,B,B,B,B,2020,,,,,
4013,이오테크닉스,039030,C,D,C,B,2021,,,,,
4012,이오테크닉스,039030,D,D,D,C,2022,,,,,
4011,이오테크닉스,039030,C,C,D,B,2023,,,,,
4010,이오테크닉스,039030,D,C,D,D,2024,,,,,
4009,이오테크닉스,039030,D,C,C,D,2025,,,,,
4008,이오플로우,294090,C,D,C,B,2023,,,,,
4007,이오플로우,294090,C,D,C,B,2024,,,,,
4006,이월드,084680,미공개,미공개,미공개,미공개,2012,,,,,
4005,이월드,084680,미공개,미공개,미공개,C,2013,,,,,
4004,이월드,084680,미공개,미공개,미공개,C,2014,,,,,
4003,이월드,084680,미공개,미공개,미공개,C,2015,,,,,
4002,이월드,084680,미공개,미공개,미공개,C,2016,,,,,
4001,이월드,084680,미공개,미공개,미공개,C,2017,,,,,
4000,이월드,084680,미공개,미공개,미공개,C,2018,,,,,
3999,이월드,084680,미공개,미공개,미공개,C,2019,,,,,
3998,이월드,084680,C,D,C,B,2020,,,,,
3997,이월드,084680,C,D,C,B,2021,,,,,
3996,이월드,084680,D,D,C,D,2022,,,,,
3995,이월드,084680,D,D,D,D,2023,,,,,
3994,이월드,084680,D,D,D,D,2024,,,,,
3993,이월드,084680,D,D,C,D,2025,,,,,
3992,이지홀딩스,035810,C,D,B,C,2021,,,,,
3991,이테크건설,016250,B,B,B,B,2019,,,,,
3990,이테크건설,016250,B,B,B+,B,2020,,,,,
3989,이화산업,000760,미공개,미공개,미공개,미공개,2012,,,,,
3988,이화산업,000760,미공개,미공개,미공개,C,2013,,,,,
3987,이화산업,000760,미공개,미공개,미공개,C,2014,,,,,
3986,이화산업,000760,미공개,미공개,미공개,C,2015,,,,,
3985,이화산업,000760,미공개,미공개,미공개,C,2016,,,,,
3984,이화산업,000760,미공개,미공개,미공개,C,2017,,,,,
3983,이화산업,000760,미공개,미공개,미공개,C,2018,,,,,
3982,이화산업,000760,미공개,미공개,미공개,C,2019,,,,,
3981,이화산업,000760,C,C,C,C,2020,,,,,
3980,이화산업,000760,C,D,C,B,2021,,,,,
3979,이화산업,000760,D,D,D,D,2022,,,,,
3978,이화산업,000760,C,C,D,C,2023,,,,,
3977,이화산업,000760,D,C,D,D,2024,,,,,
3976,이화산업,000760,D,D,D,D,2025,,,,,
3975,인디에프,014990,미공개,미공개,미공개,미공개,2012,,,,,
3974,인디에프,014990,미공개,미공개,미공개,C,2013,,,,,
3973,인디에프,014990,미공개,미공개,미공개,B,2014,,,,,
3972,인디에프,014990,미공개,미공개,미공개,C,2015,,,,,
3971,인디에프,014990,미공개,미공개,미공개,C,2016,,,,,
3970,인디에프,014990,미공개,미공개,미공개,B,2017,,,,,
3969,인디에프,014990,미공개,미공개,미공개,B,2018,,,,,
3968,인디에프,014990,미공개,미공개,B,C,2019,,,,,
3967,인디에프,014990,C,D,B,B,2020,,,,,
3966,인디에프,014990,C,D,B,B,2021,,,,,
3965,인디에프,014990,D,D,D,C,2022,,,,,
3964,인디에프,014990,D,D,D,C,2023,,,,,
3963,인디에프,014990,D,D,D,C,2024,,,,,
3962,인디에프,014990,C,D,D,B,2025,,,,,
3961,인바디,041830,미공개,미공개,미공개,B,2019,,,,,
3960,인바이오젠,101140,C,D,C,C,2021,,,,,
3959,인바이오젠,101140,D,D,D,D,2022,,,,,
3958,인바이오젠,101140,D,D,D,D,2023,,,,,
3957,인바이오젠,101140,D,D,D,D,2024,,,,,
3956,인바이오젠,101140,D,D,D,D,2025,,,,,
3955,인선이엔티,060150,C,C,C,B,2020,,,,,
3954,인선이엔티,060150,C,B,B,C,2021,,,,,
3953,인선이엔티,060150,D,C,C,D,2022,,,,,
3952,인선이엔티,060150,B,C,B,B,2023,,,,,
3951,인선이엔티,060150,C,C,C,C,2024,,,,,
3950,인선이엔티,060150,D,C,C,D,2025,,,,,
3949,인스코비,006490,미공개,미공개,미공개,미공개,2012,,,,,
3948,인스코비,006490,미공개,미공개,미공개,C,2013,,,,,
3947,인스코비,006490,미공개,미공개,미공개,D,2014,,,,,
3946,인스코비,006490,미공개,미공개,미공개,C,2015,,,,,
3945,인스코비,006490,미공개,미공개,미공개,B,2016,,,,,
3944,인스코비,006490,미공개,미공개,미공개,C,2017,,,,,
3943,인스코비,006490,미공개,B+,미공개,C,2018,,,,,
3942,인스코비,006490,미공개,B,B,C,2019,,,,,
3941,인스코비,006490,C,B,C,C,2020,,,,,
3940,인스코비,006490,C,D,C,B,2021,,,,,
3939,인스코비,006490,D,D,D,D,2022,,,,,
3938,인스코비,006490,D,D,D,D,2023,,,,,
3937,인스코비,006490,D,D,D,D,2024,,,,,
3936,인스코비,006490,D,D,D,D,2025,,,,,
3935,인지컨트롤스,023800,미공개,미공개,미공개,미공개,2012,,,,,
3934,인지컨트롤스,023800,미공개,미공개,미공개,C,2013,,,,,
3933,인지컨트롤스,023800,미공개,미공개,미공개,C,2014,,,,,
3932,인지컨트롤스,023800,미공개,미공개,미공개,C,2015,,,,,
3931,인지컨트롤스,023800,미공개,미공개,미공개,C,2016,,,,,
3930,인지컨트롤스,023800,미공개,미공개,미공개,C,2017,,,,,
3929,인지컨트롤스,023800,미공개,미공개,미공개,D,2018,,,,,
3928,인지컨트롤스,023800,미공개,B,B,C,2019,,,,,
3927,인지컨트롤스,023800,C,C,B,C,2020,,,,,
3926,인지컨트롤스,023800,C,D,C,B,2021,,,,,
3925,인지컨트롤스,023800,D,D,C,D,2022,,,,,
3924,인지컨트롤스,023800,C,C,C,C,2023,,,,,
3923,인지컨트롤스,023800,C,C,C,C,2024,,,,,
3922,인지컨트롤스,023800,C,C,C,C,2025,,,,,
3921,인천도시가스,034590,미공개,미공개,미공개,미공개,2012,,,,,
3920,인천도시가스,034590,미공개,미공개,미공개,C,2013,,,,,
3919,인천도시가스,034590,미공개,미공개,미공개,B,2014,,,,,
3918,인천도시가스,034590,미공개,미공개,미공개,B,2015,,,,,
3917,인천도시가스,034590,미공개,미공개,미공개,B,2016,,,,,
3916,인천도시가스,034590,미공개,미공개,미공개,B,2017,,,,,
3915,인천도시가스,034590,미공개,미공개,미공개,B,2018,,,,,
3914,인천도시가스,034590,B,미공개,B,B+,2019,,,,,
3913,인천도시가스,034590,B,C,B,B+,2020,,,,,
3912,인천도시가스,034590,C,D,C,B,2021,,,,,
3911,인천도시가스,034590,C,D,B,B,2022,,,,,
3910,인천도시가스,034590,B,D,B,B+,2023,,,,,
3909,인천도시가스,034590,B,D,B,B+,2024,,,,,
3908,인천도시가스,034590,C,D,B,B,2025,,,,,
3907,인크로스,216050,C,D,C,B,2020,,,,,
3906,인크로스,216050,B,D,C,B+,2021,,,,,
3905,인크로스,216050,C,D,C,B,2022,,,,,
3904,인크로스,216050,B,D,C,B+,2023,,,,,
3903,인크로스,216050,B,D,C,B+,2024,,,,,
3902,인크로스,216050,B,D,B,B,2025,,,,,
3901,인탑스,049070,B,C,B+,B+,2022,,,,,
3900,인탑스,049070,C,C,B+,C,2023,,,,,
3899,인탑스,049070,B,C,B+,B,2024,,,,,
3898,인탑스,049070,B+,B+,A,B,2025,,,,,
3897,인터지스,129260,미공개,미공개,미공개,C,2013,,,,,
3896,인터지스,129260,미공개,미공개,미공개,C,2014,,,,,
3895,인터지스,129260,미공개,미공개,미공개,B,2015,,,,,
3894,인터지스,129260,미공개,미공개,미공개,B,2016,,,,,
3893,인터지스,129260,미공개,미공개,미공개,B+,2017,,,,,
3892,인터지스,129260,B+,미공개,B+,B+,2018,,,,,
3891,인터지스,129260,B+,B,B+,B+,2019,,,,,
3890,인터지스,129260,B+,B,B,B+,2020,,,,,
3889,인터지스,129260,B,B,C,B+,2021,,,,,
3888,인터지스,129260,C,C,B,C,2022,,,,,
3887,인터지스,129260,C,C,C,C,2023,,,,,
3886,인터지스,129260,C,C,C,C,2024,,,,,
3885,인터지스,129260,C,C,C,B,2025,,,,,
3884,인터파크,035080,C,D,C,B,2022,,,,,
3883,인터플렉스,051370,미공개,B,B,C,2019,,,,,
3882,인터플렉스,051370,C,B,B,C,2020,,,,,
3881,인터플렉스,051370,B,B,C,B,2021,,,,,
3880,인터플렉스,051370,D,C,D,D,2022,,,,,
3879,인터플렉스,051370,D,C,C,D,2023,,,,,
3878,인터플렉스,051370,C,C,B,C,2024,,,,,
3877,인터플렉스,051370,C,B,B,C,2025,,,,,
3876,인텔리안테크,189300,C,D,C,B,2023,,,,,
3875,인텔리안테크,189300,C,B,B,C,2024,,,,,
3874,인텔리안테크,189300,C,C,B,D,2025,,,,,
3873,인트론바이오,048530,B,B,미공개,B,2019,,,,,
3872,인트론바이오,048530,B,B,C,B,2020,,,,,
3871,인트론바이오,048530,C,C,C,B,2021,,,,,
3870,인트론바이오,048530,C,D,D,B,2022,,,,,
3869,인팩,023810,미공개,미공개,미공개,미공개,2012,,,,,
3868,인팩,023810,미공개,미공개,미공개,C,2013,,,,,
3867,인팩,023810,미공개,미공개,미공개,C,2014,,,,,
3866,인팩,023810,미공개,미공개,미공개,B,2015,,,,,
3865,인팩,023810,미공개,미공개,미공개,C,2016,,,,,
3864,인팩,023810,미공개,미공개,미공개,B,2017,,,,,
3863,인팩,023810,미공개,미공개,미공개,B,2018,,,,,
3862,인팩,023810,미공개,미공개,B,B,2019,,,,,
3861,인팩,023810,C,C,C,B,2020,,,,,
3860,인팩,023810,C,D,C,B+,2021,,,,,
3859,인팩,023810,C,D,C,B,2022,,,,,
3858,인팩,023810,C,C,C,B,2023,,,,,
3857,인팩,023810,C,C,D,C,2024,,,,,
3856,인팩,023810,C,C,C,C,2025,,,,,
3855,일동제약,249420,미공개,미공개,미공개,B,2017,,,,,
3854,일동제약,249420,미공개,B+,B+,C,2018,,,,,
3853,일동제약,249420,B+,미공개,A,A,2019,,,,,
3852,일동제약,249420,A,B+,A+,B+,2020,,,,,
3851,일동제약,249420,A,B+,A,A,2021,,,,,
3850,일동제약,249420,B,C,A+,B,2022,,,,,
3849,일동제약,249420,B+,B+,A+,B,2023,,,,,
3848,일동제약,249420,A,A,A,B+,2024,,,,,
3847,일동제약,249420,B,A,A+,C,2025,,,,,
3846,일동홀딩스,000230,미공개,미공개,미공개,미공개,2012,,,,,
3845,일동홀딩스,000230,미공개,미공개,미공개,B,2013,,,,,
3844,일동홀딩스,000230,미공개,미공개,미공개,C,2014,,,,,
3843,일동홀딩스,000230,미공개,미공개,미공개,B+,2015,,,,,
3842,일동홀딩스,000230,미공개,미공개,미공개,B,2016,,,사회 등급조정(2017.2),,
3841,일동홀딩스,000230,미공개,미공개,미공개,B,2017,,,,,
3840,일동홀딩스,000230,미공개,미공개,B+,B,2018,,,,,
3839,일동홀딩스,000230,B+,미공개,A,B+,2019,,,,,
3838,일동홀딩스,000230,B+,B,A,B+,2020,,,,,
3837,일동홀딩스,000230,A,B+,A,A,2021,,,,,
3836,일동홀딩스,000230,B+,C,A+,B+,2022,,,,,
3835,일동홀딩스,000230,A,B+,A+,B+,2023,,,,,
3834,일동홀딩스,000230,B+,A,A,B+,2024,,,,,
3833,일동홀딩스,000230,A,A,A+,B+,2025,,,,,
3832,일성건설,013360,미공개,미공개,미공개,미공개,2012,,,,,
3831,일성건설,013360,미공개,미공개,미공개,C,2013,,,,,
3830,일성건설,013360,미공개,미공개,미공개,C,2014,,,,,
3829,일성건설,013360,미공개,미공개,미공개,C,2015,,,,,
3828,일성건설,013360,미공개,미공개,미공개,C,2016,,,,,
3827,일성건설,013360,미공개,미공개,미공개,B,2017,,,,,
3826,일성건설,013360,미공개,미공개,미공개,B,2018,,,,,
3825,일성건설,013360,미공개,B,미공개,C,2019,,,,,
3824,일성건설,013360,B,B,B,B,2020,,,,,
3823,일성건설,013360,B,B,C,B+,2021,,,,,
3822,일성건설,013360,D,D,D,C,2022,,,,,
3821,일성건설,013360,D,C,D,D,2023,,,,,
3820,일성건설,013360,D,C,D,D,2024,,,,,
3819,일성건설,013360,D,C,C,D,2025,,,,,
3818,일성신약,003120,미공개,미공개,미공개,미공개,2012,,,,,
3817,일성신약,003120,미공개,미공개,미공개,B,2014,,,,,
3816,일성신약,003120,미공개,미공개,미공개,B,2015,,,,,
3815,일성신약,003120,미공개,미공개,미공개,C,2016,,,,,
3814,일성신약,003120,미공개,미공개,미공개,B,2017,,,,,
3813,일성신약,003120,미공개,미공개,미공개,B,2018,,,,,
3812,일성신약,003120,B,미공개,B,B,2019,,,,,
3811,일성신약,003120,C,D,B,B,2020,,,,,
3810,일성신약,003120,C,D,C,B+,2021,,,,,
3809,일성신약,003120,D,D,D,D,2022,,,,,
3808,일성아이에스,003120,C,D,C,B,2023,,,,,
3807,일성아이에스,003120,D,D,D,C,2024,,,,,
3806,일성아이에스,003120,D,D,D,D,2025,,,,,
3805,일신방직,003200,미공개,미공개,미공개,미공개,2012,,,,,
3804,일신방직,003200,미공개,미공개,미공개,B+,2013,,,,,
3803,일신방직,003200,미공개,미공개,미공개,B+,2014,,,,,
3802,일신방직,003200,미공개,미공개,미공개,B+,2015,,,,,
3801,일신방직,003200,미공개,B+,미공개,B,2016,,,,,
3800,일신방직,003200,미공개,미공개,미공개,B+,2017,,,,,
3799,일신방직,003200,미공개,미공개,미공개,B,2018,,,,,
3798,일신방직,003200,미공개,미공개,미공개,B+,2019,,,,,
3797,일신방직,003200,B,B,B,B,2020,,,,,
3796,일신방직,003200,B+,B,B,A,2021,,,,,
3795,일신방직,003200,D,C,C,D,2022,,,,,
3794,일신방직,003200,D,C,C,D,2023,,,,,
3793,일신방직,003200,D,C,C,D,2024,,,,,
3792,일신방직,003200,D,C,C,D,2025,,,,,
3791,일신석재,007110,미공개,미공개,미공개,미공개,2012,,,,,
3790,일신석재,007110,미공개,미공개,미공개,C,2013,,,,,
3789,일신석재,007110,미공개,미공개,미공개,C,2014,,,,,
3788,일신석재,007110,미공개,미공개,미공개,C,2015,,,,,
3787,일신석재,007110,미공개,미공개,미공개,C,2016,,,,,
3786,일신석재,007110,미공개,미공개,미공개,B,2017,,,,,
3785,일신석재,007110,미공개,미공개,미공개,C,2018,,,,,
3784,일신석재,007110,미공개,미공개,미공개,C,2019,,,,,
3783,일신석재,007110,C,D,C,B,2020,,,,,
3782,일신석재,007110,C,D,C,B,2021,,,,,
3781,일신석재,007110,D,D,D,C,2022,,,,,
3780,일신석재,007110,D,D,D,C,2023,,,,,
3779,일신석재,007110,D,D,D,D,2024,,,,,
3778,일신석재,007110,D,C,C,D,2025,,,,,
3777,일양약품,007570,미공개,미공개,미공개,미공개,2012,,,,,
3776,일양약품,007570,미공개,미공개,미공개,B,2013,,,,,
3775,일양약품,007570,미공개,미공개,미공개,B,2014,,,,,
3774,일양약품,007570,미공개,미공개,미공개,B,2015,,,,,
3773,일양약품,007570,미공개,미공개,미공개,B,2016,,,,,
3772,일양약품,007570,미공개,미공개,미공개,B,2017,,,,,
3771,일양약품,007570,미공개,미공개,미공개,B,2018,,,,,
3770,일양약품,007570,B,미공개,B,B,2019,,,,,
3769,일양약품,007570,B,D,B,B+,2020,,,,,
3768,일양약품,007570,C,D,C,B+,2021,,,,,
3767,일양약품,007570,C,D,C,B+,2022,,,,,
3766,일양약품,007570,C,D,C,B+,2023,,,,,
3765,일양약품,007570,C,D,C,B+,2024,,,,,
3764,일양약품,007570,D,D,C,D,2025,통합 등급조정(2025.11.),,,지배구조 등급조정(2025.11.),
3763,일정실업,008500,미공개,미공개,미공개,미공개,2012,,,,,
3762,일정실업,008500,미공개,미공개,미공개,B,2013,,,,,
3761,일정실업,008500,미공개,미공개,미공개,B,2014,,,,,
3760,일정실업,008500,미공개,미공개,미공개,C,2015,,,,,
3759,일정실업,008500,미공개,미공개,미공개,C,2016,,,,,
3758,일정실업,008500,미공개,미공개,미공개,C,2017,,,,,
3757,일정실업,008500,미공개,미공개,미공개,C,2018,,,,,
3756,일정실업,008500,미공개,B,미공개,C,2019,,,,,
3755,일정실업,008500,C,C,C,C,2020,,,,,
3754,일정실업,008500,C,C,C,C,2021,,,,,
3753,일정실업,008500,D,D,D,C,2022,,,,,
3752,일정실업,008500,D,D,D,C,2023,,,,,
3751,일정실업,008500,D,D,D,D,2024,,,,,
3750,일정실업,008500,D,D,D,D,2025,,,,,
3749,일진다이아,081000,미공개,미공개,미공개,미공개,2012,,,,,
3748,일진다이아,081000,미공개,미공개,미공개,B,2013,,,,,
3747,일진다이아,081000,미공개,미공개,미공개,C,2014,,,,,
3746,일진다이아,081000,미공개,미공개,미공개,C,2015,,,,,
3745,일진다이아,081000,미공개,미공개,미공개,C,2016,,,,,
3744,일진다이아,081000,미공개,미공개,미공개,C,2017,,,,,
3743,일진다이아,081000,미공개,미공개,미공개,C,2018,,,,,
3742,일진다이아,081000,미공개,미공개,B,B,2019,,,,,
3741,일진다이아,081000,C,C,B,B,2020,,,,,
3740,일진다이아,081000,C,D,C,B,2021,,,,,
3739,일진다이아,081000,D,D,D,C,2022,,,,,
3738,일진다이아,081000,D,D,D,C,2023,,,,,
3737,일진다이아,081000,D,D,D,C,2024,,,,,
3736,일진다이아,081000,D,D,C,C,2025,,,,,
3735,일진디스플,020760,미공개,미공개,미공개,미공개,2012,,,,,
3734,일진디스플,020760,미공개,미공개,미공개,C,2013,,,,,
3733,일진디스플,020760,미공개,미공개,미공개,C,2014,,,,,
3732,일진디스플,020760,미공개,미공개,미공개,B,2015,,,,,
3731,일진디스플,020760,미공개,미공개,미공개,B,2016,,,,,
3730,일진디스플,020760,미공개,B+,미공개,C,2017,,,,,
3729,일진디스플,020760,미공개,B+,미공개,B,2018,,,,,
3728,일진디스플,020760,B,B,미공개,B,2019,,,,,
3727,일진디스플,020760,B,B,B,B,2020,,,,,
3726,일진디스플,020760,B,B,B,B,2021,,,,,
3725,일진디스플,020760,D,D,D,C,2022,,,,,
3724,일진디스플,020760,C,C,D,C,2023,,,,,
3723,일진디스플,020760,C,C,D,B,2024,,,,,
3722,일진디스플,020760,D,C,D,D,2025,,,,,
3721,일진머티리얼즈,020150,미공개,미공개,미공개,미공개,2012,,,,,
3720,일진머티리얼즈,020150,미공개,미공개,미공개,C,2013,,,,,
3719,일진머티리얼즈,020150,미공개,B+,미공개,B,2014,,,,,
3718,일진머티리얼즈,020150,미공개,B+,미공개,C,2015,,,,,
3717,일진머티리얼즈,020150,미공개,B+,미공개,C,2016,,,,,
3716,일진머티리얼즈,020150,미공개,B+,미공개,B,2017,,,,,
3715,일진머티리얼즈,020150,미공개,B+,미공개,B,2018,,,,,
3714,일진머티리얼즈,020150,B,B,B,B,2019,,,,,
3713,일진머티리얼즈,020150,C,B,C,C,2020,,,,,
3712,일진머티리얼즈,020150,C,C,C,B,2021,,,,,
3711,일진머티리얼즈,020150,D,D,D,D,2022,,,,,
3710,일진전기,103590,B+,B+,B+,미공개,2012,,,,,
3709,일진전기,103590,미공개,미공개,미공개,C,2013,,,,,
3708,일진전기,103590,미공개,미공개,미공개,C,2014,,,,,
3707,일진전기,103590,미공개,미공개,미공개,B,2015,,,,,
3706,일진전기,103590,미공개,미공개,미공개,B,2016,,,,,
3705,일진전기,103590,미공개,미공개,미공개,B,2017,,,,,
3704,일진전기,103590,미공개,미공개,미공개,C,2018,,,,,
3703,일진전기,103590,미공개,B,미공개,B,2019,,,,,
3702,일진전기,103590,C,C,B,C,2020,,,,,
3701,일진전기,103590,C,C,C,B,2021,,,,,
3700,일진전기,103590,D,D,C,D,2022,,,,,
3699,일진전기,103590,D,C,C,D,2023,,,,,
3698,일진전기,103590,D,C,C,D,2024,,,,,
3697,일진전기,103590,D,C,C,D,2025,,,,,
3696,일진하이솔루스,271940,C,C,B,C,2023,,,,,
3695,일진하이솔루스,271940,C,C,C,C,2024,,,,,
3694,일진하이솔루스,271940,C,C,C,B,2025,,,,,
3693,일진홀딩스,015860,미공개,미공개,미공개,미공개,2012,,,,,
3692,일진홀딩스,015860,미공개,미공개,미공개,C,2013,,,,,
3691,일진홀딩스,015860,미공개,미공개,미공개,C,2014,,,,,
3690,일진홀딩스,015860,미공개,미공개,미공개,C,2015,,,,,
3689,일진홀딩스,015860,미공개,미공개,미공개,B,2016,,,,,
3688,일진홀딩스,015860,미공개,미공개,미공개,B,2017,,,,,
3687,일진홀딩스,015860,미공개,미공개,미공개,B,2018,,,,,
3686,일진홀딩스,015860,미공개,미공개,미공개,B,2019,,,,,
3685,일진홀딩스,015860,B,C,B,B,2020,,,,,
3684,일진홀딩스,015860,C,C,C,B,2021,,,,,
3683,일진홀딩스,015860,C,D,C,B,2022,,,,,
3682,일진홀딩스,015860,B,D,C,B+,2023,,,,,
3681,일진홀딩스,015860,B,C,C,B+,2024,,,,,
3680,일진홀딩스,015860,C,C,C,B,2025,,,,,
3679,잇츠한불,226320,미공개,미공개,미공개,B+,2017,,,,,
3678,잇츠한불,226320,미공개,미공개,미공개,B,2018,,,,,
3677,잇츠한불,226320,B,B,B,B,2019,,,,,
3676,잇츠한불,226320,B,C,B,B,2020,,,,,
3675,잇츠한불,226320,B+,B+,B,B+,2021,,,,,
3674,잇츠한불,226320,C,D,C,B,2022,,,,,
3673,잇츠한불,226320,C,C,C,B,2023,,,,,
3672,잇츠한불,226320,C,C,C,B,2024,,,,,
3671,잇츠한불,226320,C,C,C,C,2025,,,,,
3670,자이에스앤디,317400,B,C,B,B+,2021,,,,,
3669,자이에스앤디,317400,B,C,B+,B+,2022,,,,,
3668,자이에스앤디,317400,C,C,B,B,2023,,,,,
3667,자이에스앤디,317400,B,C,B+,B,2024,,,,,
3666,자이에스앤디,317400,B+,B+,A,B+,2025,,,,,
3665,자화전자,033240,미공개,미공개,미공개,미공개,2012,,,,,
3664,자화전자,033240,미공개,미공개,미공개,C,2013,,,,,
3663,자화전자,033240,미공개,B+,미공개,B,2014,,,,,
3662,자화전자,033240,미공개,미공개,미공개,B,2015,,,,,
3661,자화전자,033240,미공개,B+,미공개,B,2016,,,,,
3660,자화전자,033240,미공개,미공개,미공개,B,2017,,,,,
3659,자화전자,033240,미공개,미공개,B+,C,2018,,,,,
3658,자화전자,033240,B,B,B,B,2019,,,,,
3657,자화전자,033240,B,B,B+,B,2020,,,,,
3656,자화전자,033240,C,C,C,B+,2021,,,,,
3655,자화전자,033240,D,D,C,C,2022,,,,,
3654,자화전자,033240,D,C,C,D,2023,,,,,
3653,자화전자,033240,C,C,D,C,2024,,,,,
3652,자화전자,033240,C,C,B,D,2025,,,,,
3651,전방,000950,미공개,미공개,미공개,미공개,2012,,,,,
3650,전방,000950,미공개,미공개,미공개,B,2013,,,,,
3649,전방,000950,미공개,미공개,미공개,B,2014,,,,,
3648,전방,000950,미공개,미공개,미공개,C,2015,,,,,
3647,전방,000950,미공개,미공개,미공개,C,2016,,,,,
3646,전방,000950,미공개,미공개,미공개,B,2017,,,,,
3645,전방,000950,미공개,미공개,미공개,C,2018,,,,,
3644,전방,000950,미공개,미공개,B,C,2019,,,,,
3643,전방,000950,C,C,B+,C,2020,,,,,
3642,전방,000950,C,C,B,B,2021,,,,,
3641,전방,000950,D,C,C,D,2022,,,,,
3640,전방,000950,D,C,C,D,2023,,,,,
3639,전방,000950,D,C,D,D,2024,,,,,
3638,전방,000950,D,C,D,D,2025,,,,,
3637,전북은행,006350,등급없음,등급없음,등급없음,A,2019,,,,,
3636,전북은행,006350,등급없음,등급없음,등급없음,A,2020,,,,,
3635,전북은행,006350,등급없음,등급없음,등급없음,A,2021,,,,,
3634,전북은행,006350,등급없음,등급없음,등급없음,B+,2022,,,,,
3633,전북은행,006350,등급없음,등급없음,등급없음,B+,2023,,,,,
3632,전북은행,006350,등급없음,등급없음,등급없음,B+,2024,,,,,
3631,전북은행,006350,등급없음,등급없음,등급없음,B+,2025,,,,,
3630,제낙스,065620,미공개,미공개,미공개,D,2019,통합 등급조정(2020.1),,,지배구조 등급조정(2020.1),
3629,제넥신,095700,미공개,미공개,B,B,2019,,,,,
3628,제넥신,095700,B,D,B+,B,2020,,,,,
3627,제넥신,095700,C,D,B,B,2021,,,,,
3626,제넥신,095700,D,D,C,D,2022,,,,,
3625,제넥신,095700,D,D,C,D,2023,,,,,
3624,제넥신,095700,C,D,C,B,2024,,,,,
3623,제룡전기,033100,C,C,D,B,2025,,,,,
3622,제이비우리캐피탈,818905,등급없음,등급없음,등급없음,A,2019,,,,,
3621,제이비우리캐피탈,818905,등급없음,등급없음,등급없음,B+,2020,,,,,
3620,제이비우리캐피탈,818905,등급없음,등급없음,등급없음,B+,2021,,,,,
3619,제이비우리캐피탈,818905,등급없음,등급없음,등급없음,B+,2022,,,,,
3618,제이비우리캐피탈,818905,등급없음,등급없음,등급없음,B+,2023,,,,,
3617,제이비우리캐피탈,818905,등급없음,등급없음,등급없음,B+,2024,,,,,
3616,제이비우리캐피탈,818905,등급없음,등급없음,등급없음,B+,2025,,,,,
3615,제이시스메디칼,287410,C,D,D,B,2024,,,,,
3614,제이앤티씨,204270,D,D,D,D,2022,,,,,
3613,제이앤티씨,204270,C,C,D,C,2024,,,,,
3612,제이앤티씨,204270,D,C,D,D,2025,,,,,
3611,제이에스전선,005560,미공개,미공개,미공개,미공개,2012,,,,,
3610,제이에스전선,005560,미공개,미공개,미공개,B,2013,,,,,
3609,제이에스코퍼레이션,194370,미공개,미공개,미공개,B+,2017,,,,,
3608,제이에스코퍼레이션,194370,미공개,미공개,미공개,B+,2018,,,,,
3607,제이에스코퍼레이션,194370,미공개,미공개,미공개,B+,2019,,,,,
3606,제이에스코퍼레이션,194370,C,D,C,B+,2020,,,,,
3605,제이에스코퍼레이션,194370,C,D,C,B+,2021,,,,,
3604,제이에스코퍼레이션,194370,C,D,D,B,2022,,,,,
3603,제이에스코퍼레이션,194370,D,D,D,C,2023,,,,,
3602,제이에스코퍼레이션,194370,C,D,D,B+,2024,,,,,
3601,제이에스코퍼레이션,194370,D,D,D,C,2025,,,,,
3600,제이오,418550,D,D,D,C,2025,,,,,
3599,제이준코스메틱,025620,미공개,미공개,미공개,미공개,2012,,,,,
3598,제이준코스메틱,025620,미공개,미공개,미공개,C,2013,,,,,
3597,제이준코스메틱,025620,미공개,미공개,미공개,D,2016,,,,,
3596,제이준코스메틱,025620,미공개,미공개,미공개,D,2017,,,,,
3595,제이준코스메틱,025620,미공개,미공개,미공개,C,2018,,,,,
3594,제이준코스메틱,025620,미공개,미공개,미공개,B,2019,,,,,
3593,제이준코스메틱,025620,C,D,C,B,2020,,,,,
3592,제이준코스메틱,025620,C,D,C,B,2021,,,,,
3591,제이준코스메틱,025620,D,D,D,C,2022,,,,,
3590,제이준코스메틱,025620,D,D,D,D,2023,,,,,
3589,제이준코스메틱,025620,D,D,D,D,2024,,,,,
3588,제이준코스메틱,025620,D,D,D,D,2025,,,,,
3587,제이콘텐트리,036420,미공개,미공개,B,C,2019,,,,,
3586,제이콘텐트리,036420,B,D,B,B,2020,,,,,
3585,제이콘텐트리,036420,C,D,B,C,2021,,,,,
3584,제일기획,030000,미공개,미공개,미공개,미공개,2012,,,,,
3583,제일기획,030000,미공개,미공개,미공개,B,2013,,,,,
3582,제일기획,030000,미공개,미공개,미공개,B,2014,,,,,
3581,제일기획,030000,미공개,B+,B+,C,2015,,,,,
3580,제일기획,030000,미공개,B+,미공개,B,2016,,,,,
3579,제일기획,030000,미공개,미공개,미공개,B,2017,,,,,
3578,제일기획,030000,미공개,미공개,미공개,B+,2018,,,,,
3577,제일기획,030000,B,미공개,B+,B+,2019,,,,,
3576,제일기획,030000,B+,D,A,B+,2020,,,,,
3575,제일기획,030000,B+,C,A,B+,2021,,,,,
3574,제일기획,030000,A,B+,A,A,2022,,,,,
3573,제일기획,030000,A,A,A+,A,2023,,,,,
3572,제일기획,030000,A,A,A+,A,2024,,,,,
3571,제일기획,030000,B+,A,A,B+,2025,,,,,
3570,제일모직,001300,A,A,A,A,2012,,,,,
3569,제일모직,001300,A,A,B+,A,2013,,,,,
3568,제일모직,001300,A,A,A,B+,2014,,,,,
3567,제일약품,271980,미공개,미공개,B,B,2019,,,,,
3566,제일약품,271980,C,D,B,B,2020,,,,,
3565,제일약품,271980,C,D,B,B,2021,,,,,
3564,제일약품,271980,D,D,D,D,2022,,,,,
3563,제일약품,271980,C,C,B+,D,2023,,,,,
3562,제일약품,271980,C,C,B+,D,2024,,,,,
3561,제일약품,271980,C,B,A,D,2025,,,,,
3560,제일연마,001560,미공개,미공개,미공개,미공개,2012,,,,,
3559,제일연마,001560,미공개,미공개,미공개,B,2013,,,,,
3558,제일연마,001560,미공개,미공개,미공개,B,2014,,,,,
3557,제일연마,001560,미공개,미공개,미공개,C,2015,,,,,
3556,제일연마,001560,미공개,미공개,미공개,C,2016,,,,,
3555,제일연마,001560,미공개,미공개,미공개,B+,2017,,,,,
3554,제일연마,001560,미공개,미공개,미공개,B,2018,,,,,
3553,제일연마,001560,미공개,미공개,미공개,B+,2019,,,,,
3552,제일연마,001560,C,C,C,B,2020,,,,,
3551,제일연마,001560,C,C,C,B+,2021,,,,,
3550,제일연마,001560,C,D,D,B+,2022,,,,,
3549,제일연마,001560,C,C,D,B,2023,,,,,
3548,제일연마,001560,C,C,D,B+,2024,,,,,
3547,제일연마,001560,C,C,C,C,2025,,,,,
3546,제일파마홀딩스,002620,미공개,미공개,미공개,미공개,2012,,,,,
3545,제일파마홀딩스,002620,미공개,미공개,미공개,B,2013,,,,,
3544,제일파마홀딩스,002620,미공개,미공개,미공개,B,2014,,,,,
3543,제일파마홀딩스,002620,미공개,미공개,미공개,B,2015,,,,,
3542,제일파마홀딩스,002620,미공개,미공개,미공개,B,2016,,,,,
3541,제일파마홀딩스,002620,미공개,미공개,미공개,B,2017,,,,,
3540,제일파마홀딩스,002620,미공개,미공개,미공개,B,2018,,,,,
3539,제일파마홀딩스,002620,B,미공개,B,B,2019,,,,,
3538,제일파마홀딩스,002620,B,D,B,B,2020,,,,,
3537,제일파마홀딩스,002620,B,D,B,B,2021,,,,,
3536,제일파마홀딩스,002620,D,D,D,D,2022,,,,,
3535,제일파마홀딩스,002620,C,C,B+,D,2023,,,,,
3534,제일파마홀딩스,002620,C,C,B+,C,2024,,,,,
3533,제일파마홀딩스,002620,B+,B,A,B+,2025,,,,,
3532,제주반도체,080220,D,C,D,D,2025,,,,,
3531,제주은행,006220,B+,미공개,미공개,A,2013,,,,,
3530,제주은행,006220,B+,미공개,미공개,A,2014,,,,,
3529,제주은행,006220,미공개,미공개,미공개,A,2015,,,,,
3528,제주은행,006220,B+,미공개,B+,A+,2016,,,,,
3527,제주은행,006220,B+,미공개,B+,A,2017,,,,,
3526,제주은행,006220,B+,미공개,B+,A,2018,,,,,
3525,제주은행,006220,B+,미공개,B+,B+,2019,,,,,
3524,제주은행,006220,B+,C,A,A,2020,,,,,
3523,제주은행,006220,A,B,A+,A,2021,,,,,
3522,제주은행,006220,B+,A,A,B+,2022,,,,,
3521,제주은행,006220,B+,B+,A,B+,2023,,,,,
3520,제주은행,006220,A,A,A,A,2024,,,,,
3519,제주은행,006220,A,B+,A,A,2025,,,,,
3518,제주항공,089590,미공개,미공개,미공개,B+,2017,,,,,
3517,제주항공,089590,미공개,미공개,미공개,B+,2018,,,,,
3516,제주항공,089590,B,미공개,B,B+,2019,,,,,
3515,제주항공,089590,B,C,B+,B+,2020,,,,,
3514,제주항공,089590,B+,B,B+,B+,2021,,,,,
3513,제주항공,089590,B,C,B+,B+,2022,,,,,
3512,제주항공,089590,A,A,A+,B+,2023,,,,,
3511,제주항공,089590,A,A+,A+,B+,2024,,,,,
3510,제주항공,089590,A,A,A+,A,2025,,,,,
3509,젬백스,082270,D,D,C,D,2020,,,,,
3508,젬백스,082270,D,D,D,D,2022,,,,,
3507,젬백스,082270,D,C,D,D,2023,,,,,
3506,젬백스,082270,D,C,C,D,2024,,,,,
3505,젬백스,082270,D,D,C,D,2025,,,,,
3504,조광페인트,004910,미공개,B+,미공개,미공개,2012,,,,,
3503,조광페인트,004910,미공개,미공개,미공개,C,2013,,,,,
3502,조광페인트,004910,미공개,미공개,미공개,C,2014,,,,,
3501,조광페인트,004910,미공개,미공개,미공개,D,2015,,,,,
3500,조광페인트,004910,미공개,미공개,미공개,B,2016,,,,,
3499,조광페인트,004910,미공개,미공개,미공개,B,2017,,,,,
3498,조광페인트,004910,미공개,미공개,미공개,C,2018,,,,,
3497,조광페인트,004910,미공개,미공개,B,B,2019,,,,,
3496,조광페인트,004910,C,C,B,B,2020,,,,,
3495,조광페인트,004910,B,B,B+,B,2021,,,,,
3494,조광페인트,004910,C,C,C,C,2022,,,,,
3493,조광페인트,004910,C,C,B,C,2023,,,,,
3492,조광페인트,004910,B+,B+,A,B,2024,,,,,
3491,조광페인트,004910,B+,A,A,B,2025,,,,,
3490,조광피혁,004700,미공개,미공개,미공개,B+,2012,,,,,
3489,조광피혁,004700,미공개,미공개,미공개,B,2013,,,,,
3488,조광피혁,004700,미공개,미공개,미공개,B,2014,,,,,
3487,조광피혁,004700,미공개,미공개,미공개,B,2015,,,,,
3486,조광피혁,004700,미공개,미공개,미공개,B,2016,,,,,
3485,조광피혁,004700,미공개,미공개,미공개,B+,2017,,,,,
3484,조광피혁,004700,미공개,미공개,미공개,B,2018,,,,,
3483,조광피혁,004700,B,B,B,B,2019,,,,,
3482,조광피혁,004700,C,D,C,B,2020,,,,,
3481,조광피혁,004700,C,D,C,B,2021,,,,,
3480,조광피혁,004700,C,D,D,B,2022,,,,,
3479,조광피혁,004700,C,D,D,B,2023,,,,,
3478,조광피혁,004700,C,D,D,B,2024,,,,,
3477,조광피혁,004700,D,D,D,D,2025,,,,,
3476,조비,001550,미공개,미공개,미공개,미공개,2012,,,,,
3475,조비,001550,미공개,미공개,미공개,D,2013,,,,,
3474,조비,001550,미공개,미공개,미공개,C,2014,,,,,
3473,조비,001550,미공개,미공개,미공개,C,2015,,,,,
3472,조비,001550,미공개,미공개,미공개,C,2016,,,,,
3471,조비,001550,미공개,미공개,미공개,B,2017,,,,,
3470,조비,001550,미공개,미공개,미공개,C,2018,,,,,
3469,조비,001550,미공개,미공개,B,C,2019,,,,,
3468,조비,001550,C,D,B,B,2020,,,,,
3467,조비,001550,C,D,C,B,2021,,,,,
3466,조비,001550,D,D,D,D,2022,,,,,
3465,조비,001550,D,D,D,D,2023,,,,,
3464,조비,001550,D,D,D,D,2024,,,,,
3463,조비,001550,D,D,C,D,2025,,,,,
3462,조선내화,000480,미공개,미공개,미공개,미공개,2012,,,,,
3461,조선내화,000480,미공개,미공개,B+,B,2013,,,,,
3460,조선내화,000480,미공개,미공개,미공개,B,2014,,,,,
3459,조선내화,000480,미공개,미공개,미공개,C,2015,,,,,
3458,조선내화,000480,미공개,미공개,미공개,B,2016,,,,,
3457,조선내화,000480,B+,B+,B+,B,2017,,,,,
3456,조선내화,000480,미공개,미공개,B+,D,2018,,,,,
3455,조선내화,000480,B,B,B,B,2019,,,,,
3454,조선내화,000480,C,B,B,C,2020,,,,,
3453,조선내화,000480,B,B,B,B,2021,,,,,
3452,조선내화,000480,D,C,C,D,2022,,,,,
3451,조선내화,462520,B,B+,A,C,2025,,,,,
3450,조선선재,120030,미공개,미공개,미공개,미공개,2012,,,,,
3449,조선선재,120030,미공개,미공개,미공개,C,2013,,,,,
3448,조선선재,120030,미공개,미공개,미공개,C,2014,,,,,
3447,조선선재,120030,미공개,미공개,미공개,C,2015,,,,,
3446,조선선재,120030,미공개,미공개,미공개,C,2016,,,,,
3445,조선선재,120030,미공개,미공개,미공개,C,2017,,,,,
3444,조선선재,120030,미공개,미공개,미공개,B,2018,,,,,
3443,조선선재,120030,미공개,미공개,미공개,B,2019,,,,,
3442,조선선재,120030,C,D,C,B+,2020,,,,,
3441,조선선재,120030,C,D,C,B+,2021,,,,,
3440,조선선재,120030,D,D,D,C,2022,,,,,
3439,조선선재,120030,D,D,D,D,2023,,,,,
3438,조선선재,120030,D,D,D,C,2024,,,,,
3437,조선선재,120030,D,D,D,C,2025,,,,,
3436,조일알미늄,018470,미공개,B+,미공개,미공개,2012,,,,,
3435,조일알미늄,018470,미공개,B+,미공개,B,2013,,,,,
3434,조일알미늄,018470,미공개,미공개,미공개,B,2014,,,,,
3433,조일알미늄,018470,미공개,B+,미공개,B,2015,,,,,
3432,조일알미늄,018470,미공개,B+,미공개,B,2016,,,,,
3431,조일알미늄,018470,미공개,B+,미공개,B,2017,,,,,
3430,조일알미늄,018470,미공개,B+,미공개,C,2018,,,,,
3429,조일알미늄,018470,미공개,B,미공개,C,2019,,,,,
3428,조일알미늄,018470,B,B,C,B,2020,,,,,
3427,조일알미늄,018470,B,B,C,B+,2021,,,,,
3426,조일알미늄,018470,C,C,C,B,2022,,,,,
3425,조일알미늄,018470,C,C,C,B,2023,,,,,
3424,조일알미늄,018470,C,C,D,B,2024,,,,,
3423,조일알미늄,018470,C,C,C,C,2025,,,,,
3422,조흥,002600,미공개,B+,미공개,미공개,2012,,,,,
3421,조흥,002600,미공개,미공개,미공개,C,2013,,,,,
3420,조흥,002600,미공개,미공개,미공개,B,2014,,,,,
3419,조흥,002600,미공개,미공개,미공개,B,2015,,,,,
3418,조흥,002600,미공개,미공개,미공개,B,2016,,,,,
3417,조흥,002600,미공개,미공개,미공개,B,2017,,,,,
3416,조흥,002600,미공개,미공개,미공개,B,2018,,,,,
3415,조흥,002600,B,B,미공개,B,2019,,,,,
3414,조흥,002600,B,B,C,B,2020,,,,,
3413,조흥,002600,C,D,C,B,2021,,,,,
3412,조흥,002600,C,C,C,C,2022,,,,,
3411,조흥,002600,C,C,B,C,2023,,,,,
3410,조흥,002600,B,B+,C,B,2024,,,,,
3409,조흥,002600,C,B,C,C,2025,,,,,
3408,종근당,185750,미공개,미공개,미공개,B,2015,,,,,
3407,종근당,185750,미공개,미공개,B+,B,2016,,,,,
3406,종근당,185750,미공개,미공개,B+,B+,2017,,,,,
3405,종근당,185750,미공개,미공개,B+,C,2018,통합 등급조정(2019.4),,,지배구조 등급조정(2019.4),
3404,종근당,185750,B,미공개,B+,B,2019,,,,,
3403,종근당,185750,B,C,B+,B+,2020,,,,,
3402,종근당,185750,A,A,A+,B+,2021,,,,,
3401,종근당,185750,B+,B+,A,B,2022,,,,,
3400,종근당,185750,B+,A,A,B,2023,,,,,
3399,종근당,185750,A,A,A,B+,2024,,,,,
3398,종근당,185750,A,A,A+,B+,2025,,,,,
3397,종근당바이오,063160,미공개,미공개,미공개,미공개,2012,,,,,
3396,종근당바이오,063160,미공개,미공개,미공개,B,2013,,,,,
3395,종근당바이오,063160,미공개,미공개,미공개,C,2014,,,,,
3394,종근당바이오,063160,미공개,미공개,미공개,B,2015,,,,,
3393,종근당바이오,063160,미공개,B+,미공개,B,2016,,,,,
3392,종근당바이오,063160,미공개,미공개,미공개,B,2017,,,,,
3391,종근당바이오,063160,미공개,미공개,미공개,B,2018,,,,,
3390,종근당바이오,063160,미공개,B,B,C,2019,,,,,
3389,종근당바이오,063160,C,B,C,C,2020,,,,,
3388,종근당바이오,063160,B+,B+,A,B+,2021,,,,,
3387,종근당바이오,063160,B+,B,A,B,2022,,,,,
3386,종근당바이오,063160,B+,A,A,B,2023,,,,,
3385,종근당바이오,063160,B+,B+,A,B+,2024,,,,,
3384,종근당바이오,063160,A,A,A,B+,2025,,,,,
3383,종근당홀딩스,001630,미공개,미공개,미공개,미공개,2012,,,,,
3382,종근당홀딩스,001630,미공개,미공개,미공개,B,2013,,,,,
3381,종근당홀딩스,001630,미공개,미공개,미공개,B,2014,,,,,
3380,종근당홀딩스,001630,미공개,미공개,미공개,C,2015,,,,,
3379,종근당홀딩스,001630,미공개,미공개,미공개,B,2016,,,,,
3378,종근당홀딩스,001630,미공개,미공개,미공개,B+,2017,,,,,
3377,종근당홀딩스,001630,미공개,미공개,B+,C,2018,통합 등급조정(2019.4),,,지배구조 등급조정(2019.4),
3376,종근당홀딩스,001630,B,미공개,B+,B,2019,,,,,
3375,종근당홀딩스,001630,C,C,B+,C,2020,,,,,
3374,종근당홀딩스,001630,B+,B+,A,B+,2021,,,,,
3373,종근당홀딩스,001630,B+,B+,A,B,2022,,,,,
3372,종근당홀딩스,001630,B+,A,A,B+,2023,,,,,
3371,종근당홀딩스,001630,A,A,A,A,2024,,,,,
3370,종근당홀딩스,001630,A,A,A,A,2025,,,,,
3369,주성엔지니어링,036930,B+,B+,B+,B+,2019,,,,,
3368,주성엔지니어링,036930,B,B,B+,B,2020,,,,,
3367,주성엔지니어링,036930,B+,B,A,B+,2021,,,,,
3366,주성엔지니어링,036930,C,C,B,C,2022,,,,,
3365,주성엔지니어링,036930,B,B+,B+,C,2023,,,,,
3364,주성엔지니어링,036930,B+,B+,A,B+,2024,,,,,
3363,주성엔지니어링,036930,B+,B+,A,B+,2025,,,,,
3362,주성코퍼레이션,109070,D,C,D,D,2023,,,,,
3361,주성코퍼레이션,109070,D,C,D,D,2024,,,,,
3360,주성코퍼레이션,109070,D,C,C,D,2025,,,,,
3359,주연테크,044380,미공개,미공개,미공개,미공개,2012,,,,,
3358,주연테크,044380,미공개,미공개,미공개,C,2013,,,,,
3357,주연테크,044380,미공개,미공개,미공개,C,2014,,,,,
3356,주연테크,044380,미공개,미공개,미공개,C,2015,,,,,
3355,주연테크,044380,미공개,미공개,미공개,C,2016,,,,,
3354,주연테크,044380,미공개,미공개,미공개,C,2017,,,,,
3353,주연테크,044380,미공개,미공개,미공개,C,2018,,,,,
3352,주연테크,044380,미공개,미공개,B,C,2019,,,,,
3351,주연테크,044380,C,C,B,C,2020,,,,,
3350,주연테크,044380,C,C,C,C,2021,,,,,
3349,주연테크,044380,D,D,D,D,2022,,,,,
3348,주연테크,044380,D,D,D,D,2023,,,,,
3347,주연테크,044380,D,D,D,D,2024,,,,,
3346,주연테크,044380,D,D,D,D,2025,,,,,
3345,중앙건설,015110,미공개,미공개,미공개,미공개,2012,,,,,
3344,지누스,013890,C,D,C,B+,2021,,,,,
3343,지누스,013890,B+,B,B+,A,2022,,,,,
3342,지누스,013890,A,A,A,A,2023,,,,,
3341,지누스,013890,A,A,A+,A,2024,,,,,
3340,지누스,013890,A,A,A+,A,2025,,,,,
3339,지니뮤직,043610,B,미공개,B,B,2019,,,,,
3338,지니뮤직,043610,B,D,B,B+,2020,,,,,
3337,지니뮤직,043610,B+,C,B+,A,2021,,,,,
3336,지니뮤직,043610,C,C,B,C,2022,,,,,
3335,지니뮤직,043610,C,D,B+,C,2023,,,,,
3334,지씨셀,144510,B+,B,A,B+,2022,,,,,
3333,지씨셀,144510,B,B,A,C,2023,,,,,
3332,지씨셀,144510,B+,B+,A,B,2024,,,,,
3331,지씨셀,144510,B,B+,A,C,2025,,,,,
3330,지아이이노베이션,358570,C,D,C,C,2025,,,,,
3329,지엠비코리아,013870,미공개,미공개,미공개,B+,2014,,,,,
3328,지엠비코리아,013870,미공개,미공개,미공개,B+,2015,,,,,
3327,지엠비코리아,013870,미공개,미공개,미공개,B,2016,,,,,
3326,지엠비코리아,013870,미공개,미공개,미공개,B,2017,,,,,
3325,지엠비코리아,013870,미공개,미공개,미공개,B,2018,,,,,
3324,지엠비코리아,013870,미공개,미공개,미공개,B,2019,,,,,
3323,지엠비코리아,013870,C,C,B,C,2020,,,,,
3322,지엠비코리아,013870,C,C,C,B,2021,,,,,
3321,지엠비코리아,013870,D,D,C,D,2022,,,,,
3320,지엠비코리아,013870,D,D,C,D,2023,,,,,
3319,지엠비코리아,013870,D,D,C,D,2024,,,,,
3318,지엠비코리아,013870,D,C,C,D,2025,,,,,
3317,지역난방공사,071320,B+,B+,B+,B+,2012,,,,,
3316,지역난방공사,071320,B+,B+,B+,B+,2013,,,,,
3315,지역난방공사,071320,B+,B+,B+,A,2014,,,,,
3314,지역난방공사,071320,B+,B+,B+,A,2015,,,,,
3313,지역난방공사,071320,B+,B+,B+,A,2016,,,,,
3312,지역난방공사,071320,A,A,A,B+,2017,,,,,
3311,지역난방공사,071320,A,A,A,B+,2018,,,,,
3310,지역난방공사,071320,B+,B+,A,B,2019,,,사회 등급조정(2019.10),,
3309,지역난방공사,071320,A,B+,A+,B+,2020,,,,,
3308,지역난방공사,071320,A,B+,A+,A,2021,,,,,
3307,지역난방공사,071320,A+,A,A+,A+,2022,,,,,
3306,지역난방공사,071320,A+,A+,A+,A,2023,,,,,
3305,지역난방공사,071320,A+,A+,A+,A,2024,,,,,
3304,지역난방공사,071320,A,A,A+,A,2025,,,,,
3303,지코,010580,미공개,미공개,미공개,미공개,2012,,,,,
3302,지코,010580,미공개,미공개,미공개,B,2013,,,,,
3301,지코,010580,미공개,미공개,미공개,B,2014,,,,,
3300,지코,010580,미공개,미공개,미공개,B,2015,,,,,
3299,지코,010580,미공개,미공개,미공개,C,2016,,,,,
3298,지코,010580,미공개,미공개,미공개,C,2017,,,,,
3297,지코,010580,미공개,미공개,미공개,C,2018,,,,,
3296,지코,010580,미공개,미공개,미공개,B,2019,,,,,
3295,지코,010580,C,C,C,C,2020,,,,,
3294,지투알,035000,미공개,미공개,미공개,미공개,2012,,,,,
3293,지투알,035000,미공개,미공개,미공개,B,2013,,,,,
3292,지투알,035000,미공개,미공개,미공개,B+,2014,,,,,
3291,지투알,035000,미공개,미공개,미공개,B+,2015,,,,,
3290,지투알,035000,미공개,미공개,미공개,B+,2016,,,,,
3289,지투알,035000,미공개,미공개,미공개,B+,2017,,,,,
3288,지투알,035000,미공개,미공개,B+,B,2018,,,,,
3287,지투알,035000,B,미공개,B+,B+,2019,,,,,
3286,지투알,035000,B,D,B+,B+,2020,,,,,
3285,지투알,035000,B,D,B,B,2021,,,,지배구조 등급조정(2022.07),
3284,지투알,035000,B,D,B,B+,2022,통합 등급조정(2022.11),,,지배구조 등급조정(2022.11),
3283,지트리비앤티,115450,미공개,미공개,미공개,B,2019,,,,,
3282,지트리비앤티,115450,C,D,B,B,2020,,,,,
3281,지트리비앤티,115450,B,D,B,B+,2021,,,,,
3280,진도,088790,미공개,미공개,미공개,미공개,2012,,,,,
3279,진도,088790,미공개,미공개,미공개,C,2013,,,,,
3278,진도,088790,미공개,미공개,미공개,C,2014,,,,,
3277,진도,088790,미공개,미공개,미공개,C,2015,,,,,
3276,진도,088790,미공개,미공개,미공개,C,2016,,,,,
3275,진도,088790,미공개,미공개,미공개,B,2017,,,,,
3274,진도,088790,미공개,미공개,미공개,C,2018,,,,,
3273,진도,088790,미공개,미공개,미공개,C,2019,,,,,
3272,진도,088790,B,D,B,B,2020,,,,,
3271,진도,088790,D,D,D,C,2021,,,,,
3270,진도,088790,D,D,D,C,2022,,,,,
3269,진도,088790,D,D,D,D,2023,,,,,
3268,진도,088790,D,D,D,D,2024,,,,,
3267,진도,088790,D,D,D,D,2025,,,,,
3266,진양산업,003780,미공개,미공개,미공개,미공개,2012,,,,,
3265,진양산업,003780,미공개,미공개,미공개,C,2013,,,,,
3264,진양산업,003780,미공개,미공개,미공개,C,2014,,,,,
3263,진양산업,003780,미공개,미공개,미공개,B,2015,,,,,
3262,진양산업,003780,미공개,미공개,미공개,B,2016,,,,,
3261,진양산업,003780,미공개,미공개,미공개,B,2017,,,,,
3260,진양산업,003780,미공개,미공개,미공개,B,2018,,,,,
3259,진양산업,003780,미공개,미공개,미공개,B,2019,,,,,
3258,진양산업,003780,D,D,C,C,2020,통합 등급조정(2021.4),,,지배구조 등급조정(2021.4),
3257,진양산업,003780,D,D,C,C,2021,통합 등급조정(2021.10),,,지배구조 등급조정(2021.10),
3256,진양산업,003780,D,D,D,D,2022,,,,,
3255,진양산업,003780,C,D,D,B,2023,,,,,
3254,진양산업,003780,D,D,D,D,2024,,,,,
3253,진양산업,003780,D,D,D,D,2025,,,,,
3252,진양폴리우레탄,010640,미공개,미공개,미공개,미공개,2012,,,,,
3251,진양폴리우레탄,010640,미공개,미공개,미공개,C,2013,,,,,
3250,진양폴리우레탄,010640,미공개,미공개,미공개,B,2014,,,,,
3249,진양폴리우레탄,010640,미공개,미공개,미공개,B,2015,,,,,
3248,진양폴리우레탄,010640,미공개,미공개,미공개,C,2016,,,,,
3247,진양폴리우레탄,010640,미공개,미공개,미공개,C,2017,,,,,
3246,진양폴리우레탄,010640,미공개,미공개,미공개,C,2018,,,,,
3245,진양폴리우레탄,010640,미공개,미공개,미공개,C,2019,,,,,
3244,진양폴리우레탄,010640,C,D,C,B,2020,,,,,
3243,진양폴리우레탄,010640,C,D,C,B+,2021,,,,,
3242,진양폴리우레탄,010640,D,D,D,C,2022,,,,,
3241,진양폴리우레탄,010640,D,D,D,C,2023,,,,,
3240,진양폴리우레탄,010640,D,D,D,D,2024,,,,,
3239,진양폴리우레탄,010640,D,D,D,D,2025,,,,,
3238,진양홀딩스,100250,미공개,미공개,미공개,미공개,2012,,,,,
3237,진양홀딩스,100250,미공개,미공개,미공개,B,2013,,,,,
3236,진양홀딩스,100250,미공개,미공개,미공개,B,2014,,,,,
3235,진양홀딩스,100250,미공개,미공개,미공개,B,2015,,,,,
3234,진양홀딩스,100250,미공개,미공개,미공개,B,2016,,,,,
3233,진양홀딩스,100250,미공개,미공개,미공개,B,2017,,,,,
3232,진양홀딩스,100250,미공개,미공개,미공개,B,2018,,,,,
3231,진양홀딩스,100250,B,미공개,미공개,B+,2019,,,,,
3230,진양홀딩스,100250,C,D,C,C,2020,,,,,
3229,진양홀딩스,100250,C,D,C,B,2021,,,,,
3228,진양홀딩스,100250,D,D,D,D,2022,,,,,
3227,진양홀딩스,100250,C,D,D,B,2023,,,,,
3226,진양홀딩스,100250,D,D,D,D,2024,,,,,
3225,진양홀딩스,100250,D,D,D,D,2025,,,,,
3224,진양화학,051630,미공개,미공개,미공개,미공개,2012,,,,,
3223,진양화학,051630,미공개,미공개,미공개,B,2013,,,,,
3222,진양화학,051630,미공개,미공개,미공개,B,2014,,,,,
3221,진양화학,051630,미공개,미공개,미공개,B,2015,,,,,
3220,진양화학,051630,미공개,미공개,미공개,B,2016,,,,,
3219,진양화학,051630,미공개,미공개,미공개,B,2017,,,,,
3218,진양화학,051630,미공개,미공개,미공개,C,2018,,,,,
3217,진양화학,051630,미공개,미공개,미공개,C,2019,,,,,
3216,진양화학,051630,D,D,C,C,2020,,,,,
3215,진양화학,051630,C,D,C,B,2021,,,,,
3214,진양화학,051630,D,D,D,C,2022,,,,,
3213,진양화학,051630,C,C,D,C,2023,,,,,
3212,진양화학,051630,D,C,C,D,2024,,,,,
3211,진양화학,051630,D,D,D,D,2025,,,,,
3210,진에어,272450,B,미공개,미공개,B+,2019,,,,,
3209,진에어,272450,B+,C,B+,A,2020,,,,,
3208,진에어,272450,B+,C,A,A,2021,,,,,
3207,진에어,272450,B+,B,B+,A,2022,,,,,
3206,진에어,272450,A,A,A,A,2023,,,,,
3205,진에어,272450,A,A+,A,A,2024,,,,,
3204,진에어,272450,A,A+,A,A,2025,,,,,
3203,진원생명과학,011000,미공개,미공개,미공개,미공개,2012,,,,,
3202,진원생명과학,011000,미공개,미공개,미공개,C,2013,,,,,
3201,진원생명과학,011000,미공개,미공개,미공개,C,2014,,,,,
3200,진원생명과학,011000,미공개,미공개,미공개,C,2015,,,,,
3199,진원생명과학,011000,미공개,미공개,미공개,D,2016,,,,,
3198,진원생명과학,011000,미공개,미공개,미공개,B,2017,,,,,
3197,진원생명과학,011000,미공개,미공개,미공개,C,2018,,,,,
3196,진원생명과학,011000,미공개,미공개,미공개,C,2019,,,,,
3195,진원생명과학,011000,C,D,C,B,2020,,,,,
3194,진원생명과학,011000,C,D,C,B+,2021,,,,,
3193,진원생명과학,011000,D,D,D,D,2022,,,,,
3192,진원생명과학,011000,D,D,C,D,2023,,,,,
3191,진원생명과학,011000,D,D,D,D,2024,,,,,
3190,진원생명과학,011000,D,D,D,D,2025,,,,,
3189,진흥기업,002780,미공개,미공개,미공개,미공개,2012,,,,,
3188,진흥기업,002780,B+,B+,B+,B,2013,,,,,
3187,진흥기업,002780,미공개,B+,미공개,D,2014,,,,,
3186,진흥기업,002780,미공개,B+,미공개,C,2015,,,,,
3185,진흥기업,002780,미공개,B+,미공개,B,2016,,,,,
3184,진흥기업,002780,B+,B+,B+,B,2017,,,,,
3183,진흥기업,002780,미공개,미공개,미공개,C,2018,,,,지배구조 등급조정(2018.7),
3182,진흥기업,002780,B,B,B,B,2019,,,,,
3181,진흥기업,002780,C,C,B,B,2020,,,,,
3180,진흥기업,002780,C,C,C,B+,2021,,,,,
3179,진흥기업,002780,C,D,C,B,2022,,,,,
3178,진흥기업,002780,C,C,C,B,2023,,,,,
3177,진흥기업,002780,C,D,C,B,2024,,,,,
3176,진흥기업,002780,D,D,C,C,2025,,,,,
3175,진흥저축은행,007200,미공개,미공개,미공개,미공개,2012,,,,,
3174,차바이오텍,085660,미공개,미공개,B,C,2019,,,,,
3173,차바이오텍,085660,C,D,C,B,2020,,,,,
3172,차바이오텍,085660,C,D,C,B,2021,,,,,
3171,차바이오텍,085660,D,D,D,C,2022,,,,,
3170,차바이오텍,085660,C,D,C,C,2023,,,,,
3169,차바이오텍,085660,C,D,C,C,2024,,,,,
3168,차바이오텍,085660,D,D,C,D,2025,,,,,
3167,참엔지니어링,009310,미공개,미공개,미공개,미공개,2012,,,,,
3166,참엔지니어링,009310,미공개,미공개,미공개,B,2013,,,,,
3165,참엔지니어링,009310,미공개,미공개,미공개,B,2014,,,,,
3164,참엔지니어링,009310,미공개,미공개,미공개,C,2015,,,,,
3163,참엔지니어링,009310,미공개,미공개,미공개,D,2016,,,,,
3162,참엔지니어링,009310,미공개,미공개,미공개,B,2017,,,,,
3161,참엔지니어링,009310,미공개,미공개,미공개,B,2018,,,,지배구조 등급조정(2019.4),
3160,참엔지니어링,009310,미공개,B,B,D,2019,,,,,
3159,참엔지니어링,009310,B,B,B,B,2020,,,,,
3158,참엔지니어링,009310,B,D,B,B+,2021,,,,,
3157,참엔지니어링,009310,C,D,C,B,2022,,,,,
3156,참엔지니어링,009310,D,D,D,D,2023,,,,,
3155,참엔지니어링,009310,D,D,D,C,2024,,,,,
3154,참엔지니어링,009310,D,D,D,C,2025,,,,,
3153,천보,278280,B,D,B,B+,2021,,,,,
3152,천보,278280,D,D,D,C,2022,,,,,
3151,천보,278280,C,C,D,B,2023,,,,,
3150,천보,278280,C,C,D,C,2024,,,,,
3149,천보,278280,D,C,D,D,2025,,,,,
3148,천일고속,000650,미공개,미공개,미공개,미공개,2012,,,,,
3147,천일고속,000650,미공개,미공개,미공개,C,2013,,,,,
3146,천일고속,000650,미공개,미공개,미공개,C,2014,,,,,
3145,천일고속,000650,미공개,미공개,미공개,B,2015,,,,,
3144,천일고속,000650,미공개,미공개,미공개,B,2016,,,,,
3143,천일고속,000650,미공개,미공개,미공개,B+,2017,,,,,
3142,천일고속,000650,미공개,미공개,미공개,B+,2018,,,,,
3141,천일고속,000650,B,미공개,B,B+,2019,,,,,
3140,천일고속,000650,B,C,B,B+,2020,,,,,
3139,천일고속,000650,B,C,C,B+,2021,,,,,
3138,천일고속,000650,D,D,D,D,2022,,,,,
3137,천일고속,000650,D,C,D,D,2023,,,,,
3136,천일고속,000650,D,C,D,D,2024,,,,,
3135,천일고속,000650,C,C,D,C,2025,,,,,
3134,청호ICT,012600,D,D,D,D,2023,,,,,
3133,청호ICT,012600,D,D,D,D,2024,,,,,
3132,청호ICT,012600,D,D,D,등급없음,2025,,,,,
3131,청호컴넷,012600,미공개,미공개,미공개,미공개,2012,,,,,
3130,청호컴넷,012600,미공개,미공개,미공개,C,2013,,,,,
3129,청호컴넷,012600,미공개,미공개,미공개,C,2014,,,,,
3128,청호컴넷,012600,미공개,미공개,미공개,B,2015,,,,,
3127,청호컴넷,012600,미공개,미공개,미공개,C,2016,,,,,
3126,청호컴넷,012600,미공개,미공개,미공개,B,2017,,,,,
3125,청호컴넷,012600,미공개,미공개,미공개,D,2018,,,,,
3124,청호컴넷,012600,B,B,미공개,B,2019,,,,,
3123,청호컴넷,012600,C,B,C,C,2020,통합 등급조정(2021.7),,,지배구조 등급조정(2021.7),
3122,체시스,033250,미공개,미공개,미공개,미공개,2012,,,,,
3121,체시스,033250,미공개,미공개,미공개,C,2013,,,,,
3120,체시스,033250,미공개,미공개,미공개,C,2014,,,,,
3119,체시스,033250,미공개,미공개,미공개,B,2015,,,,,
3118,체시스,033250,미공개,미공개,미공개,C,2016,,,,,
3117,체시스,033250,미공개,미공개,미공개,C,2017,,,,,
3116,체시스,033250,미공개,미공개,미공개,C,2018,,,,,
3115,체시스,033250,미공개,미공개,B,B,2019,,,,,
3114,체시스,033250,C,C,B,C,2020,,,,,
3113,체시스,033250,C,D,B,B,2021,,,,,
3112,체시스,033250,D,D,D,C,2022,,,,,
3111,체시스,033250,D,C,D,D,2023,,,,,
3110,체시스,033250,D,C,D,D,2024,,,,,
3109,체시스,033250,D,C,D,D,2025,,,,,
3108,초록뱀헬스케어,118000,D,D,D,D,2022,,,,,
3107,칩스앤미디어,094360,C,D,C,B,2025,,,,,
3106,카나리아바이오,016790,D,D,D,D,2023,,,,,
3105,카카오,035720,미공개,미공개,미공개,B+,2018,,,,,
3104,카카오,035720,B,미공개,B+,B+,2019,,,,,
3103,카카오,035720,B+,C,A+,A,2020,,,,,
3102,카카오,035720,A,A,A+,A,2021,,,,,
3101,카카오,035720,A,A,A,A,2022,,,사회 등급조정(2022.11),,
3100,카카오,035720,A,A+,A+,B+,2023,,,,지배구조 등급조정(2024.01.),
3099,카카오,035720,A,A+,A,B+,2024,,,사회 등급조정(2024.10.),,
3098,카카오,035720,A,A,A+,A,2025,,,,,
3097,카카오게임즈,293490,B,D,B+,B,2022,,,,,
3096,카카오게임즈,293490,A,A,A+,A,2023,,,,,
3095,카카오게임즈,293490,A,A,A+,A,2024,,,,,
3094,카카오게임즈,293490,A,A,A+,A,2025,,,,,
3093,카카오뱅크,323410,등급없음,등급없음,등급없음,B+,2022,,,,,
3092,카카오뱅크,323410,B+,B+,A,B+,2023,,,,,
3091,카카오뱅크,323410,A,A,A,A,2024,,,,,
3090,카카오뱅크,323410,A,A,A,A,2025,,,,,
3089,카카오페이,377300,A,A,A+,A,2023,,,,,
3088,카카오페이,377300,B+,A,B+,B+,2024,,,사회 등급조정(2024.10.),,
3087,카카오페이,377300,A,A,A+,A,2025,,,,,
3086,카페24,042000,B,D,B,B+,2020,,,,,
3085,카페24,042000,B,D,B,B+,2021,,,,,
3084,카페24,042000,C,D,D,B,2022,,,,,
3083,카페24,042000,C,D,C,B,2025,,,,,
3082,카프로,006380,미공개,B+,미공개,미공개,2012,,,,,
3081,카프로,006380,미공개,B+,미공개,B,2013,,,,,
3080,카프로,006380,미공개,B+,미공개,C,2014,,,,,
3079,카프로,006380,미공개,B+,미공개,C,2015,,,,,
3078,카프로,006380,미공개,B+,미공개,B,2016,,,,,
3077,카프로,006380,미공개,B+,미공개,B,2017,,,,,
3076,카프로,006380,미공개,미공개,미공개,B,2018,,,,,
3075,카프로,006380,B,B,B,B,2019,,,,,
3074,카프로,006380,B+,B+,B,B+,2020,,,,,
3073,카프로,006380,B,B,C,B+,2021,,,,,
3072,카프로,006380,C,C,D,C,2022,,,,,
3071,카프로,006380,C,C,C,C,2023,,,,,
3070,카프로,006380,D,C,D,D,2024,,,,,
3069,카프로,006380,C,C,C,C,2025,,,,,
3068,커넥트웨이브,119860,C,D,C,C,2023,,,,,
3067,커넥트웨이브,119860,C,D,C,C,2024,,,,,
3066,컨버즈,109070,미공개,미공개,미공개,C,2018,,,,,
3065,컨버즈,109070,미공개,미공개,미공개,D,2019,,,,,
3064,컨버즈,109070,D,C,C,D,2020,,,,,
3063,컨버즈,109070,B,B,C,B,2021,,,,,
3062,컨버즈,109070,D,D,D,C,2022,,,,,
3061,컴투스,078340,B,미공개,B,B,2019,,,,,
3060,컴투스,078340,B,D,B,B+,2020,,,,,
3059,컴투스,078340,B,D,C,B+,2021,,,,,
3058,컴투스,078340,D,C,C,D,2022,,,,,
3057,컴투스,078340,B+,B,A,B+,2023,,,,,
3056,컴투스,078340,A,A,A+,B+,2024,,,,,
3055,컴투스,078340,A,A,A+,B+,2025,,,,,
3054,케어랩스,263700,D,D,C,D,2025,,,,,
3053,케어젠,214370,미공개,미공개,미공개,B,2019,,,,,
3052,케어젠,214370,C,D,C,B,2020,,,,,
3051,케어젠,214370,B+,B,B+,A,2021,,,,,
3050,케어젠,214370,C,D,D,B+,2022,,,,,
3049,케어젠,214370,B,C,C,B+,2023,,,,,
3048,케어젠,214370,B,C,C,B+,2024,,,,,
3047,케어젠,214370,C,D,C,B,2025,,,,,
3046,케이디비생명보험,807958,등급없음,등급없음,등급없음,B,2019,,,,,
3045,케이디비생명보험,807958,등급없음,등급없음,등급없음,B,2020,,,,,
3044,케이디비생명보험,807958,등급없음,등급없음,등급없음,B,2021,,,,,
3043,케이디비생명보험,807958,등급없음,등급없음,등급없음,B,2022,,,,,
3042,케이디비생명보험,807958,등급없음,등급없음,등급없음,B,2023,,,,,
3041,케이디비생명보험,807958,등급없음,등급없음,등급없음,B,2024,,,,,
3040,케이디비생명보험,807958,등급없음,등급없음,등급없음,B,2025,,,,,
3039,케이뱅크,800172,등급없음,등급없음,등급없음,A,2022,,,,,
3038,케이뱅크,800172,등급없음,등급없음,등급없음,A,2023,,,,,
3037,케이뱅크,800172,등급없음,등급없음,등급없음,B+,2025,,,,,
3036,케이뱅크은행,800172,등급없음,등급없음,등급없음,A,2019,,,,,
3035,케이뱅크은행,800172,등급없음,등급없음,등급없음,A+,2020,,,,,
3034,케이뱅크은행,800172,등급없음,등급없음,등급없음,A+,2021,,,,,
3033,케이뱅크은행,800172,등급없음,등급없음,등급없음,B+,2024,,,,,
3032,케이비국민카드,861717,등급없음,등급없음,등급없음,A+,2020,,,,,
3031,케이비국민카드,861717,등급없음,등급없음,등급없음,A+,2021,,,,,
3030,케이비국민카드,861717,등급없음,등급없음,등급없음,A,2022,,,,,
3029,케이비국민카드,861717,등급없음,등급없음,등급없음,A,2023,,,,,
3028,케이비국민카드,861717,등급없음,등급없음,등급없음,A,2024,,,,,
3027,케이비국민카드,861717,등급없음,등급없음,등급없음,A,2025,,,,,
3026,케이비라이프생명보험,839185,등급없음,등급없음,등급없음,A,2023,,,,,
3025,케이비라이프생명보험,839185,등급없음,등급없음,등급없음,A,2025,,,,,
3024,케이비물산,008540,미공개,미공개,미공개,미공개,2012,,,,,
3023,케이비생명보험,805087,등급없음,등급없음,등급없음,A,2020,,,,,
3022,케이비생명보험,805087,등급없음,등급없음,등급없음,A,2021,,,,,
3021,케이비생명보험,805087,등급없음,등급없음,등급없음,B+,2022,,,,,
3020,케이비아이동국실업,001620,미공개,B,미공개,C,2019,,,,,
3019,케이비아이동국실업,001620,C,B,B,C,2020,,,,,
3018,케이비아이동국실업,001620,C,C,C,C,2021,,,,,
3017,케이비아이동국실업,001620,D,D,D,D,2022,,,,,
3016,케이비아이동국실업,001620,D,D,D,D,2023,,,,,
3015,케이비아이동국실업,001620,D,D,D,D,2024,,,,,
3014,케이비아이동국실업,001620,D,C,C,D,2025,,,,,
3013,케이비증권,003450,등급없음,등급없음,등급없음,B+,2019,,,,,
3012,케이비증권,003450,등급없음,등급없음,등급없음,A,2020,,,,,
3011,케이비증권,003450,등급없음,등급없음,등급없음,A,2021,,,,,
3010,케이비증권,003450,등급없음,등급없음,등급없음,A,2022,,,,,
3009,케이비증권,003450,등급없음,등급없음,등급없음,A,2023,,,,,
3008,케이비증권,003450,등급없음,등급없음,등급없음,B+,2024,,,,지배구조 등급조정(2025.07.),
3007,케이비증권,003450,등급없음,등급없음,등급없음,B+,2025,,,,지배구조 등급조정(2025.11.),
3006,케이비캐피탈,021960,등급없음,등급없음,등급없음,A,2021,,,,,
3005,케이비캐피탈,021960,등급없음,등급없음,등급없음,A,2023,,,,,
3004,케이비캐피탈,021960,등급없음,등급없음,등급없음,B+,2024,,,,,
3003,케이비캐피탈,021960,등급없음,등급없음,등급없음,B+,2025,,,,,
3002,케이씨,029460,미공개,미공개,B+,미공개,2012,,,,,
3001,케이씨,029460,미공개,미공개,미공개,B,2013,,,,,
3000,케이씨,029460,미공개,미공개,미공개,B,2014,,,,,
2999,케이씨,029460,미공개,미공개,미공개,B,2015,,,,,
2998,케이씨,029460,미공개,미공개,B+,B,2016,,,,,
2997,케이씨,029460,B+,미공개,B+,B+,2017,,,,,
2996,케이씨,029460,미공개,미공개,B+,B,2018,,,,,
2995,케이씨,029460,B,B,B+,B,2019,,,,,
2994,케이씨,029460,B+,B,B,B+,2020,,,,,
2993,케이씨,029460,B,B,C,B+,2021,,,,,
2992,케이씨,029460,C,D,B,C,2022,,,,,
2991,케이씨,029460,C,C,A,D,2023,,,,,
2990,케이씨,029460,B,C,B+,B,2024,,,,,
2989,케이씨,029460,C,C,B+,C,2025,,,,,
2988,케이씨씨,002380,B+,B+,미공개,B+,2012,,,,,
2987,케이씨씨,002380,B+,B+,미공개,B+,2013,,,,,
2986,케이씨씨,002380,B+,B+,미공개,B+,2014,,,,,
2985,케이씨씨,002380,미공개,B+,미공개,B,2015,,,,,
2984,케이씨씨,002380,B+,B+,A+,C,2016,,,,,
2983,케이씨씨,002380,B+,A,A,B,2017,,,,,
2982,케이씨씨,002380,미공개,B+,미공개,C,2018,통합 등급조정(2019.4),,사회 등급조정(2019.4),,
2981,케이씨씨,002380,B,B+,A,C,2019,,,,,
2980,케이씨씨,002380,B,B+,A,C,2020,통합 등급조정(2021.4),,,지배구조 등급조정(2021.4),
2979,케이씨씨,002380,B+,B+,A+,B,2021,통합 등급조정(2021.10),,,지배구조 등급조정(2021.10),
2978,케이씨씨,002380,A,B+,A,A,2022,,,,,
2977,케이씨씨,002380,A,A,A,B+,2023,,,,,
2976,케이씨씨,002380,B+,B+,A,B+,2024,,,,,
2975,케이씨씨,002380,B,B+,A,C,2025,,,,,
2974,케이씨씨글라스,344820,B+,B+,A,B+,2022,,,,,
2973,케이씨씨글라스,344820,A,A,A+,A,2023,,,,,
2972,케이씨씨글라스,344820,A,A,A+,B+,2024,,,,,
2971,케이씨씨글라스,344820,A,A,A,A,2025,,,,,
2970,케이씨텍,281820,B,B,B+,B,2019,,,,,
2969,케이씨텍,281820,B,B,B,B,2020,,,,,
2968,케이씨텍,281820,B,B,B,B,2021,,,,,
2967,케이씨텍,281820,C,D,C,B,2022,,,,,
2966,케이씨텍,281820,B,C,B,B,2023,,,,,
2965,케이씨텍,281820,C,C,C,B,2024,,,,,
2964,케이씨텍,281820,B,B,C,B+,2025,,,,,
2963,케이씨티시,009070,미공개,미공개,미공개,미공개,2012,,,,,
2962,케이씨티시,009070,미공개,미공개,미공개,C,2013,,,,,
2961,케이씨티시,009070,미공개,미공개,미공개,B,2014,,,,,
2960,케이씨티시,009070,미공개,미공개,미공개,C,2015,,,,,
2959,케이씨티시,009070,미공개,미공개,B+,B,2016,,,,,
2958,케이씨티시,009070,미공개,미공개,B+,C,2017,,,,,
2957,케이씨티시,009070,미공개,미공개,B+,C,2018,,,,,
2956,케이씨티시,009070,B,B,B+,B,2019,,,,,
2955,케이씨티시,009070,B,B,B,B,2020,,,,,
2954,케이씨티시,009070,B,B,C,B,2021,,,,,
2953,케이씨티시,009070,D,D,C,D,2022,,,,,
2952,케이씨티시,009070,D,C,C,D,2023,,,,,
2951,케이씨티시,009070,D,C,D,D,2024,,,,,
2950,케이씨티시,009070,D,C,D,D,2025,,,,,
2949,케이엔더블유,105330,C,C,C,C,2024,,,,,
2948,케이엔더블유,105330,C,C,B,C,2025,,,,,
2947,케이엠더블유,032500,C,C,C,B+,2020,,,,,
2946,케이엠더블유,032500,B,C,B,B+,2021,,,,,
2945,케이엠더블유,032500,D,D,C,C,2022,,,,,
2944,케이엠더블유,032500,C,C,B,C,2023,,,,,
2943,케이엠더블유,032500,C,C,D,C,2024,,,,,
2942,케이엠더블유,032500,D,D,C,C,2025,,,,,
2941,케이지에코솔루션,151860,D,D,D,D,2023,,,,,
2940,케이카,381970,B,C,B,B,2023,,,,,
2939,케이카,381970,B,C,B,B,2024,,,,,
2938,케이카,381970,B,C,B,B,2025,,,,,
2937,케이탑리츠,145270,D,D,D,D,2023,,,,,
2936,케이탑리츠,145270,D,D,D,D,2024,,,,,
2935,케이탑리츠,145270,D,D,D,D,2025,,,,,
2934,케이티,030200,A,A,A,A+,2012,,,,,
2933,케이티,030200,A,A,A,A+,2013,,,,,
2932,케이티,030200,A,A,B+,A+,2014,,,,,
2931,케이티,030200,A,A,B+,A+,2015,,,사회 등급조정(2015.8),,
2930,케이티,030200,A,A,A,A,2016,,,사회 등급조정(2017.2),지배구조 등급조정(2017.2),
2929,케이티,030200,A,A+,B+,A,2017,,,,,
2928,케이티,030200,A,A,B+,A,2018,,,사회 등급조정(2019.4),,
2927,케이티,030200,B+,A,B,B+,2019,통합 등급조정(2019.10),,사회 등급조정(2020.4),지배구조 등급조정(2019.10),
2926,케이티,030200,A+,A,A,A+,2020,,,사회 등급조정(2020.10),,
2925,케이티,030200,A+,A+,B+,A+,2021,,,"사회 등급조정(2021.10, 2022.01)",,
2924,케이티,030200,A,A,B+,A,2022,,,사회 등급조정(2023.07),,
2923,케이티,030200,A,B+,A,A,2023,,,사회 등급조정(2023.10.),,
2922,케이티,030200,A+,A,A+,A+,2024,,,,,
2921,케이티,030200,A,A,A,A,2025,,,사회 등급조정(2026.01.),,
2920,케이티스,058860,미공개,미공개,미공개,미공개,2012,,,,,
2919,케이티스,058860,미공개,미공개,미공개,B+,2013,,,,,
2918,케이티스,058860,미공개,미공개,미공개,B+,2014,,,,,
2917,케이티스,058860,미공개,미공개,미공개,B,2015,,,,,
2916,케이티스,058860,미공개,미공개,B+,B+,2016,,,,,
2915,케이티스,058860,미공개,미공개,미공개,B+,2017,,,사회 등급조정(2018.3),,
2914,케이티스,058860,미공개,미공개,미공개,B+,2018,,,,,
2913,케이티스카이라이프,053210,미공개,미공개,B+,B+,2012,,,,,
2912,케이티스카이라이프,053210,미공개,미공개,B+,B,2013,,,,,
2911,케이티스카이라이프,053210,미공개,미공개,미공개,B,2014,,,,,
2910,케이티스카이라이프,053210,미공개,미공개,미공개,B,2015,,,,,
2909,케이티스카이라이프,053210,미공개,미공개,미공개,B+,2016,,,,,
2908,케이티스카이라이프,053210,미공개,미공개,미공개,B+,2017,,,사회 등급조정(2018.3),,
2907,케이티스카이라이프,053210,미공개,미공개,미공개,B,2018,,,,,
2906,케이티스카이라이프,053210,B+,미공개,B+,B+,2019,,,,,
2905,케이티스카이라이프,053210,B+,C,B+,B+,2020,,,,,
2904,케이티스카이라이프,053210,A,B,A,A,2021,,,,,
2903,케이티스카이라이프,053210,A,B,A+,A,2022,,,,,
2902,케이티스카이라이프,053210,B+,B+,A,B+,2023,,,,,
2901,케이티스카이라이프,053210,B+,B+,A,B+,2024,,,,,
2900,케이티스카이라이프,053210,B+,B,A,B+,2025,,,,,
2899,케이티알파,036030,A,B,A,A,2021,,,,,
2898,케이티알파,036030,B+,B,B+,B+,2022,,,,,
2897,케이티알파,036030,B+,C,A,B+,2023,,,,,
2896,케이티알파,036030,B+,B+,A,B+,2024,,,,,
2895,케이티알파,036030,B+,A,A,B+,2025,,,,,
2894,케이티앤지,033780,A,B+,A+,A+,2012,,,,,
2893,케이티앤지,033780,A,A,A,A+,2013,,,,,
2892,케이티앤지,033780,A,B+,A,A+,2014,,,,,
2891,케이티앤지,033780,A,B+,B+,A+,2015,,,,,
2890,케이티앤지,033780,A,B+,B+,A+,2016,,,,,
2889,케이티앤지,033780,A,B+,A+,A,2017,,,,,
2888,케이티앤지,033780,A+,B+,A+,A+,2018,,,,,
2887,케이티앤지,033780,A+,B+,A+,A+,2019,,,,,
2886,케이티앤지,033780,A,B+,A+,A,2020,통합 등급조정(2020.10),,,지배구조 등급조정(2020.10),
2885,케이티앤지,033780,A,A,A+,A,2021,,,,,
2884,케이티앤지,033780,A,A,A+,A,2022,,,,,
2883,케이티앤지,033780,A+,A+,A+,A+,2023,,,,,
2882,케이티앤지,033780,A,A,A+,A,2024,,,,,
2881,케이티앤지,033780,A,A,A+,A,2025,,,,,
2880,케이피케미칼,064420,A,A,A,B+,2012,,,,,
2879,코나아이,052400,D,D,D,D,2022,,,,,
2878,코리아센터,290510,B,D,C,B+,2021,,,,,
2877,코리아센터,290510,C,D,C,B,2022,,,,,
2876,코리아써키트,007810,미공개,미공개,미공개,미공개,2012,,,,,
2875,코리아써키트,007810,미공개,미공개,미공개,C,2013,,,,,
2874,코리아써키트,007810,미공개,B+,미공개,B,2014,,,,,
2873,코리아써키트,007810,미공개,B+,미공개,B,2015,,,,,
2872,코리아써키트,007810,미공개,B+,미공개,C,2016,,,,,
2871,코리아써키트,007810,미공개,B+,미공개,B,2017,,,,,
2870,코리아써키트,007810,미공개,B+,B+,C,2018,,,,,
2869,코리아써키트,007810,미공개,B,B,C,2019,,,,,
2868,코리아써키트,007810,C,B+,B,C,2020,,,,,
2867,코리아써키트,007810,B,B+,C,B+,2021,,,,,
2866,코리아써키트,007810,D,C,D,D,2022,,,,,
2865,코리아써키트,007810,D,C,C,D,2023,,,,,
2864,코리아써키트,007810,C,B,D,D,2024,,,,,
2863,코리아써키트,007810,C,B,B+,D,2025,,,,,
2862,코리아에셋투자증권,190650,C,D,B+,C,2021,,,,,
2861,코리아에셋투자증권,190650,C,D,C,C,2022,,,,,
2860,코리아에셋투자증권,190650,D,D,D,C,2023,,,,,
2859,코리아에셋투자증권,190650,C,D,B,C,2024,,,,,
2858,코리아에셋투자증권,190650,C,D,B,C,2025,,,,,
2857,코리아오토글라스,152330,미공개,B+,미공개,B,2017,,,,,
2856,코리아오토글라스,152330,미공개,B+,미공개,B,2018,,,,,
2855,코리아오토글라스,152330,B,B,미공개,B,2019,,,,,
2854,코리아오토글라스,152330,B,B,B,B,2020,,,,,
2853,코리안리,003690,미공개,미공개,미공개,B+,2012,,,,,
2852,코리안리,003690,B+,미공개,미공개,A,2013,,,,,
2851,코리안리,003690,미공개,미공개,미공개,A,2014,,,,,
2850,코리안리,003690,미공개,미공개,미공개,A,2015,,,,,
2849,코리안리,003690,미공개,미공개,미공개,A+,2016,,,,,
2848,코리안리,003690,B+,미공개,미공개,A,2017,,,,,
2847,코리안리,003690,B+,미공개,미공개,A,2018,,,,,
2846,코리안리,003690,B,미공개,B,B+,2019,,,,,
2845,코리안리,003690,B,D,B,B+,2020,,,,,
2844,코리안리,003690,B+,B,B+,A,2021,,,,,
2843,코리안리,003690,B+,C,B+,B+,2022,,,,,
2842,코리안리,003690,A,A,A,A,2023,,,,,
2841,코리안리,003690,A,A,A+,A,2024,,,,,
2840,코리안리,003690,A,A,A+,A,2025,,,,,
2839,코미코,183300,C,C,B,C,2022,,,,,
2838,코미코,183300,B+,A,B+,B+,2023,,,,,
2837,코미코,183300,B,A,B,C,2024,,,,,
2836,코미코,183300,B,A,B+,C,2025,,,,,
2835,코미팜,041960,미공개,미공개,미공개,B,2019,,,,,
2834,코미팜,041960,C,D,B,B,2020,,,,,
2833,코미팜,041960,B,D,B,B+,2021,,,,,
2832,코미팜,041960,D,D,D,C,2022,,,,,
2831,코미팜,041960,C,C,C,C,2023,,,,,
2830,코미팜,041960,C,C,D,C,2024,,,,,
2829,코스맥스,192820,미공개,미공개,미공개,B,2016,,,,,
2828,코스맥스,192820,미공개,미공개,미공개,B,2017,,,,,
2827,코스맥스,192820,미공개,미공개,미공개,B,2018,,,,,
2826,코스맥스,192820,B,B,B,B,2019,,,,,
2825,코스맥스,192820,B+,B+,B+,B,2020,,,,,
2824,코스맥스,192820,A,A,A,B+,2021,,,,,
2823,코스맥스,192820,B,B+,A,C,2022,,,,,
2822,코스맥스,192820,B,A,A,D,2023,,,,,
2821,코스맥스,192820,B+,A,A+,B,2024,,,,,
2820,코스맥스,192820,A,A,A+,B+,2025,,,,,
2819,코스맥스비티아이,044820,미공개,미공개,미공개,미공개,2012,,,,,
2818,코스맥스비티아이,044820,미공개,미공개,미공개,B,2013,,,,,
2817,코스맥스비티아이,044820,미공개,미공개,미공개,B,2014,,,,,
2816,코스맥스비티아이,044820,미공개,미공개,미공개,B,2015,,,,,
2815,코스맥스비티아이,044820,미공개,미공개,미공개,B,2016,,,,,
2814,코스맥스비티아이,044820,미공개,미공개,미공개,B,2017,,,,,
2813,코스맥스비티아이,044820,미공개,미공개,미공개,B,2018,,,,,
2812,코스맥스비티아이,044820,B,미공개,B,B+,2019,,,,,
2811,코스맥스비티아이,044820,B,B,B,B,2020,,,,,
2810,코스맥스비티아이,044820,B+,A,A,B+,2021,,,,,
2809,코스맥스비티아이,044820,B+,B+,A,B,2022,,,,,
2808,코스맥스비티아이,044820,B,A,A,C,2023,,,,,
2807,코스맥스비티아이,044820,B,A,A+,C,2024,,,,,
2806,코스맥스비티아이,044820,A,A,A+,B+,2025,,,,,
2805,코스맥스엔비티,222040,미공개,미공개,B,B,2019,,,,,
2804,코스메카코리아,241710,C,C,C,C,2025,,,,,
2803,코스모신소재,005070,미공개,미공개,미공개,미공개,2012,,,,,
2802,코스모신소재,005070,미공개,미공개,미공개,C,2013,,,,,
2801,코스모신소재,005070,B+,B+,B+,B,2014,,,,,
2800,코스모신소재,005070,미공개,B+,B+,C,2015,,,,,
2799,코스모신소재,005070,미공개,B+,미공개,C,2016,,,,지배구조 등급조정(2016.8),
2798,코스모신소재,005070,미공개,B+,미공개,C,2017,,,,,
2797,코스모신소재,005070,B+,B+,미공개,B+,2018,,,,,
2796,코스모신소재,005070,B+,B+,B,B+,2019,,,,,
2795,코스모신소재,005070,B+,B+,B,B+,2020,,,,,
2794,코스모신소재,005070,B,B,C,B,2021,,,,,
2793,코스모신소재,005070,D,C,C,D,2022,,,,,
2792,코스모신소재,005070,C,C,C,C,2023,,,,,
2791,코스모신소재,005070,C,C,D,C,2024,,,,,
2790,코스모신소재,005070,C,C,D,C,2025,,,,,
2789,코스모화학,005420,미공개,B+,미공개,미공개,2012,,,,,
2788,코스모화학,005420,미공개,B+,미공개,B,2013,,,,,
2787,코스모화학,005420,미공개,B+,미공개,B,2014,,,,,
2786,코스모화학,005420,미공개,B+,미공개,C,2015,,,,,
2785,코스모화학,005420,미공개,B+,미공개,B,2016,,,,,
2784,코스모화학,005420,미공개,B+,미공개,B,2017,,,,,
2783,코스모화학,005420,미공개,B+,미공개,B,2018,,,,,
2782,코스모화학,005420,미공개,B,미공개,C,2019,,,,,
2781,코스모화학,005420,C,B,C,D,2020,,,,,
2780,코스모화학,005420,B,B,C,B,2021,,,,,
2779,코스모화학,005420,D,C,D,D,2022,,,,,
2778,코스모화학,005420,D,C,C,D,2023,,,,,
2777,코스모화학,005420,D,C,D,D,2024,,,,,
2776,코스모화학,005420,C,C,C,C,2025,,,,,
2775,코아스,071950,미공개,미공개,미공개,미공개,2012,,,,,
2774,코아스,071950,미공개,미공개,미공개,B,2013,,,,,
2773,코아스,071950,미공개,미공개,미공개,B,2014,,,,,
2772,코아스,071950,미공개,미공개,미공개,B,2015,,,,,
2771,코아스,071950,미공개,미공개,미공개,B,2016,,,,,
2770,코아스,071950,미공개,미공개,미공개,C,2017,,,,,
2769,코아스,071950,미공개,미공개,미공개,B,2018,,,,,
2768,코아스,071950,B,B,미공개,B,2019,,,,,
2767,코아스,071950,B+,B,B,B+,2020,,,,,
2766,코아스,071950,B,C,C,B+,2021,,,,,
2765,코아스,071950,C,D,D,B+,2022,,,,,
2764,코아스,071950,B,C,C,B+,2023,,,,,
2763,코아스,071950,C,C,D,B,2024,,,,,
2762,코아스,071950,C,C,C,C,2025,,,,,
2761,코엔텍,029960,C,B,D,B,2020,,,,,
2760,코엔텍,029960,C,B,D,C,2021,,,,,
2759,코엔텍,029960,D,C,D,D,2022,,,,,
2758,코엔텍,029960,C,C,C,B,2023,,,,,
2757,코오롱,002020,미공개,미공개,B+,미공개,2012,,,,,
2756,코오롱,002020,미공개,미공개,미공개,B,2013,,,,,
2755,코오롱,002020,미공개,미공개,미공개,B,2014,,,,,
2754,코오롱,002020,미공개,미공개,미공개,B,2015,,,,,
2753,코오롱,002020,미공개,미공개,미공개,C,2016,,,,,
2752,코오롱,002020,미공개,미공개,B+,B,2017,,,,,
2751,코오롱,002020,미공개,미공개,미공개,B,2018,,,,,
2750,코오롱,002020,미공개,미공개,B,C,2019,,,,,
2749,코오롱,002020,B,C,B+,B,2020,통합 등급조정(2020.10),,,지배구조 등급조정(2020.10),
2748,코오롱,002020,B,B,B+,B,2021,,,,,
2747,코오롱,002020,C,C,A,C,2022,,,,,
2746,코오롱,002020,B+,B+,A,B,2023,,,,,
2745,코오롱,002020,B+,B+,A,B,2024,,,,,
2744,코오롱,002020,B+,B+,A,B,2025,,,,,
2743,코오롱ENP,138490,B,C,B,B+,2023,,,,,
2742,코오롱ENP,138490,B,B+,C,B+,2024,,,,,
2741,코오롱ENP,138490,B+,B,A,B+,2025,,,,,
2740,코오롱글로벌,003070,미공개,미공개,미공개,미공개,2012,,,,,
2739,코오롱글로벌,003070,미공개,미공개,미공개,B+,2013,,,,,
2738,코오롱글로벌,003070,미공개,미공개,미공개,B,2014,,,,,
2737,코오롱글로벌,003070,미공개,미공개,미공개,B,2015,,,,,
2736,코오롱글로벌,003070,B+,미공개,B+,B+,2016,,,,,
2735,코오롱글로벌,003070,미공개,미공개,미공개,B+,2017,,,,,
2734,코오롱글로벌,003070,미공개,미공개,미공개,B+,2018,,,,,
2733,코오롱글로벌,003070,B,미공개,B,B+,2019,,,,,
2732,코오롱글로벌,003070,B,C,B,B+,2020,,,,,
2731,코오롱글로벌,003070,B,C,B,B+,2021,,,,,
2730,코오롱글로벌,003070,C,D,C,B+,2022,,,,,
2729,코오롱글로벌,003070,C,B,B+,C,2023,,,,,
2728,코오롱글로벌,003070,B+,B,A,B+,2024,,,,,
2727,코오롱글로벌,003070,B+,B+,B+,B+,2025,,,,,
2726,코오롱머티리얼,144620,미공개,미공개,미공개,C,2014,,,,,
2725,코오롱머티리얼,144620,미공개,미공개,B+,B,2015,,,,,
2724,코오롱머티리얼,144620,미공개,미공개,미공개,C,2016,,,,,
2723,코오롱머티리얼,144620,미공개,미공개,미공개,B+,2017,,환경 등급조정(2018.3),,,
2722,코오롱머티리얼,144620,미공개,미공개,미공개,B,2018,,,,,
2721,코오롱머티리얼,144620,미공개,미공개,B,B,2019,,,,,
2720,코오롱머티리얼,144620,B,C,B,B+,2020,,,,,
2719,코오롱머티리얼,144620,B,C,B,B+,2021,,,,,
2718,코오롱모빌리티그룹,450140,C,D,D,B+,2025,,,,,
2717,코오롱생명과학,102940,미공개,미공개,미공개,D,2019,통합 등급조정(2019.10),,사회 등급조정(2019.10),지배구조 등급조정(2019.10),
2716,코오롱생명과학,102940,C,D,B+,D,2020,,,,,
2715,코오롱생명과학,102940,B,D,B+,B,2021,,,,,
2714,코오롱생명과학,102940,C,D,C,B,2022,,,,,
2713,코오롱생명과학,102940,C,D,C,C,2023,,,,,
2712,코오롱생명과학,102940,C,D,C,B+,2024,,,,,
2711,코오롱생명과학,102940,C,D,C,B,2025,,,,,
2710,코오롱인더,120110,미공개,미공개,미공개,B+,2012,,,,,
2709,코오롱인더,120110,B+,B+,미공개,B+,2013,,,,,
2708,코오롱인더,120110,B+,B+,미공개,B+,2014,,,,,
2707,코오롱인더,120110,B+,B+,B+,B,2015,,,,,
2706,코오롱인더,120110,미공개,B+,미공개,B,2016,,,사회 등급조정(2017.2),,
2705,코오롱인더,120110,미공개,B+,B+,C,2017,,,,,
2704,코오롱인더,120110,B+,B+,B+,B,2018,,,,,
2703,코오롱인더,120110,B+,B+,B+,B+,2019,,,,,
2702,코오롱인더,120110,B+,B+,B+,B+,2020,,,,,
2701,코오롱인더,120110,A,B+,A,A,2021,,,,,
2700,코오롱인더,120110,B+,B,A,A,2022,,,,,
2699,코오롱인더,120110,B+,B+,A+,B,2023,,,,,
2698,코오롱인더,120110,A,B+,A+,B+,2024,,,,,
2697,코오롱인더,120110,A,B+,A+,B+,2025,,,,,
2696,코오롱플라스틱,138490,미공개,미공개,미공개,미공개,2012,,,,,
2695,코오롱플라스틱,138490,B+,B+,B+,B+,2013,,,,,
2694,코오롱플라스틱,138490,B+,B+,B+,B+,2014,,,,,
2693,코오롱플라스틱,138490,B+,B+,B+,B+,2015,,,,,
2692,코오롱플라스틱,138490,B+,A,미공개,B,2016,,,,,
2691,코오롱플라스틱,138490,B+,B+,B+,B+,2017,,,,,
2690,코오롱플라스틱,138490,미공개,B+,미공개,B,2018,,,,,
2689,코오롱플라스틱,138490,B+,B+,B+,B+,2019,,,,,
2688,코오롱플라스틱,138490,B+,B,B+,B+,2020,,,,,
2687,코오롱플라스틱,138490,B+,B,B+,B+,2021,,,,,
2686,코오롱플라스틱,138490,B,C,B,B+,2022,,,,,
2685,코원에너지서비스,026870,미공개,미공개,미공개,미공개,2012,,,,,
2684,코웨이,021240,B+,A,A,미공개,2012,,,,,
2683,코웨이,021240,B+,A,A,B,2013,,,,,
2682,코웨이,021240,B+,A,A,B,2014,,,,,
2681,코웨이,021240,B+,A,A,B,2015,,,,,
2680,코웨이,021240,A,A,A+,B,2016,,,,,
2679,코웨이,021240,B+,A,A+,B,2017,,,,,
2678,코웨이,021240,B+,A+,A+,B,2018,,,,,
2677,코웨이,021240,A,A,A+,B+,2020,,,,,
2676,코웨이,021240,A,A,A+,B+,2021,,,,,
2675,코웨이,021240,B+,A,A,B,2022,,,,,
2674,코웨이,021240,A,A,A+,B+,2023,,,,,
2673,코웨이,021240,A,B+,A+,B+,2024,,,,,
2672,코웨이,021240,A,A,A+,B+,2025,,,,,
2671,코웰패션,033290,미공개,미공개,B,C,2019,,,,,
2670,코웰패션,033290,C,C,B,C,2020,,,,,
2669,코웰패션,033290,C,C,C,B,2021,,,,,
2668,코웰패션,033290,D,D,D,D,2022,,,,,
2667,코웰패션,033290,D,C,D,D,2023,,,,,
2666,코웰패션,033290,C,C,D,C,2024,,,,,
2665,콘텐트리중앙,036420,D,D,C,D,2022,,,,,
2664,콘텐트리중앙,036420,D,D,D,D,2023,,,,,
2663,콘텐트리중앙,036420,D,C,D,D,2024,,,,,
2662,콘텐트리중앙,036420,D,D,C,D,2025,,,,,
2661,콜마비앤에이치,200130,미공개,미공개,미공개,B+,2019,,,,,
2660,콜마비앤에이치,200130,C,D,C,B+,2020,,,,,
2659,콜마비앤에이치,200130,B,C,B,B+,2021,,,,,
2658,콜마비앤에이치,200130,B+,B,B+,B+,2022,,,,,
2657,콜마비앤에이치,200130,B+,A,B+,B+,2023,,,,,
2656,콜마비앤에이치,200130,A,B+,A,A,2024,,,,,
2655,콜마비앤에이치,200130,B+,A,A,B,2025,,,,,
2654,콜마홀딩스,024720,A,A,A+,A,2023,,,,,
2653,콜마홀딩스,024720,A,A,A+,A,2024,,,,,
2652,콜마홀딩스,024720,A,A,A+,A,2025,,,,,
2651,콤텍시스템,031820,미공개,미공개,미공개,미공개,2012,,,,,
2650,콤텍시스템,031820,미공개,미공개,미공개,B,2013,,,,,
2649,콤텍시스템,031820,미공개,미공개,미공개,C,2014,,,,,
2648,콤텍시스템,031820,미공개,미공개,미공개,C,2015,,,,,
2647,콤텍시스템,031820,미공개,미공개,미공개,B,2016,,,,,
2646,콤텍시스템,031820,미공개,미공개,미공개,B,2017,,,,,
2645,콤텍시스템,031820,미공개,미공개,미공개,C,2018,,,,,
2644,콤텍시스템,031820,미공개,미공개,B,C,2019,,,,,
2643,콤텍시스템,031820,C,D,B,C,2020,,,,,
2642,콤텍시스템,031820,C,D,B,C,2021,,,,,
2641,콤텍시스템,031820,D,D,D,D,2022,,,,,
2640,콤텍시스템,031820,D,D,D,D,2023,,,,,
2639,콤텍시스템,031820,C,B+,B+,D,2024,,,,,
2638,쿠콘,294570,D,D,D,C,2023,,,,,
2637,쿠쿠홀딩스,192400,미공개,미공개,미공개,B,2016,,,,,
2636,쿠쿠홀딩스,192400,미공개,미공개,미공개,B+,2017,,,,,
2635,쿠쿠홀딩스,192400,미공개,미공개,미공개,B,2019,,,,,
2634,쿠쿠홀딩스,192400,B,D,B,B+,2020,,,,,
2633,쿠쿠홀딩스,192400,B,D,C,B+,2021,,,,,
2632,쿠쿠홀딩스,192400,C,D,D,B,2022,,,,,
2631,쿠쿠홀딩스,192400,D,D,C,D,2023,,,,,
2630,쿠쿠홀딩스,192400,C,D,C,B,2024,,,,,
2629,쿠쿠홀딩스,192400,C,D,C,C,2025,,,,,
2628,쿠쿠홈시스,284740,C,D,C,C,2020,,,,,
2627,쿠쿠홈시스,284740,B,D,C,B+,2021,,,,,
2626,쿠쿠홈시스,284740,C,D,D,B,2022,,,,,
2625,쿠쿠홈시스,284740,D,D,C,D,2023,,,,,
2624,쿠쿠홈시스,284740,C,D,C,B,2024,,,,,
2623,쿠쿠홈시스,284740,C,D,C,C,2025,,,,,
2622,큐렉소,060280,D,D,D,D,2024,,,,,
2621,큐렉소,060280,D,D,D,C,2025,,,,,
2620,큐로,015590,미공개,미공개,미공개,B,2018,,,,,
2619,큐로,015590,B,B,미공개,B,2019,,,,,
2618,큐로,015590,C,B,C,C,2020,,,,,
2617,큐로,015590,C,D,C,B,2021,,,,,
2616,큐로,015590,D,D,C,D,2022,,,,,
2615,큐캐피탈,016600,C,D,B,D,2020,,,,,
2614,큐캐피탈,016600,D,D,C,D,2021,,,,,
2613,큐캐피탈,016600,D,D,D,D,2022,,,,,
2612,큐캐피탈,016600,D,D,D,D,2023,,,,,
2611,큐캐피탈,016600,D,D,D,D,2024,,,,,
2610,큐캐피탈,016600,D,D,D,D,2025,,,,,
2609,크라운제과,264900,B,미공개,B+,B,2019,,,,,
2608,크라운제과,264900,B,D,B+,B,2020,,,,,
2607,크라운제과,264900,B,C,B+,B+,2021,,,,,
2606,크라운제과,264900,C,C,B,C,2022,,,,,
2605,크라운제과,264900,C,C,B,C,2023,,,,,
2604,크라운제과,264900,C,C,C,B,2024,,,,,
2603,크라운제과,264900,B,B,B+,B,2025,,,,,
2602,크라운해태홀딩스,005740,미공개,미공개,미공개,미공개,2012,,,,,
2601,크라운해태홀딩스,005740,미공개,미공개,미공개,B,2013,,,,,
2600,크라운해태홀딩스,005740,미공개,미공개,미공개,B,2014,,,,,
2599,크라운해태홀딩스,005740,미공개,미공개,미공개,C,2015,,,,,
2598,크라운해태홀딩스,005740,미공개,미공개,미공개,B,2016,,,,,
2597,크라운해태홀딩스,005740,미공개,미공개,B+,B,2017,,,,,
2596,크라운해태홀딩스,005740,미공개,미공개,B+,B,2018,,,,,
2595,크라운해태홀딩스,005740,B,미공개,B+,B,2019,,,,,
2594,크라운해태홀딩스,005740,B,D,B+,B,2020,,,,,
2593,크라운해태홀딩스,005740,B,C,B+,B,2021,,,,,
2592,크라운해태홀딩스,005740,C,C,B,C,2022,,,,,
2591,크라운해태홀딩스,005740,D,C,C,D,2023,,,,,
2590,크라운해태홀딩스,005740,C,C,C,C,2024,,,,,
2589,크라운해태홀딩스,005740,B,B,B+,B,2025,,,,,
2588,크래프톤,259960,B+,C,A,A,2023,,,,,
2587,크래프톤,259960,B+,C,A,A,2024,,,,,
2586,크래프톤,259960,A,B+,A,A,2025,,,,,
2585,크리스에프앤씨,110790,D,D,D,C,2023,,,,,
2584,크리스탈,083790,미공개,미공개,미공개,B+,2019,,,,,
2583,크리스탈,083790,C,D,C,B,2020,,,,,
2582,크리스탈지노믹스,083790,B,D,B,B+,2021,,,,,
2581,클래시스,214150,B,D,B,B+,2021,,,,,
2580,클래시스,214150,B+,C,B+,A,2022,,,,,
2579,클래시스,214150,B+,B,A,B+,2023,,,,,
2578,클래시스,214150,A+,A,A+,A+,2024,,,,,
2577,클래시스,214150,A,A,A+,A,2025,,,,,
2576,클리오,237880,미공개,미공개,미공개,B+,2019,,,,,
2575,클리오,237880,B,D,B,B+,2020,,,,,
2574,클리오,237880,B,D,B,B+,2021,,,,,
2573,키다리스튜디오,020120,미공개,미공개,미공개,B,2018,,,,,
2572,키다리스튜디오,020120,B,B,B,B,2019,,,,,
2571,키다리스튜디오,020120,B,B,B,B,2020,,,,,
2570,키다리스튜디오,020120,B,D,B,B,2021,,,,,
2569,키다리스튜디오,020120,D,D,D,C,2022,,,,,
2568,키다리스튜디오,020120,D,D,D,D,2023,,,,,
2567,키다리스튜디오,020120,D,D,D,D,2024,,,,,
2566,키다리스튜디오,020120,C,D,C,C,2025,,,,,
2565,키움증권,039490,미공개,미공개,미공개,B+,2012,,,,,
2564,키움증권,039490,미공개,미공개,미공개,B+,2013,,,,,
2563,키움증권,039490,미공개,미공개,미공개,B+,2014,,,,,
2562,키움증권,039490,미공개,미공개,미공개,A,2015,,,,,
2561,키움증권,039490,B+,미공개,B+,A,2016,,,,,
2560,키움증권,039490,B+,미공개,미공개,A,2017,,,,,
2559,키움증권,039490,미공개,미공개,미공개,미공개,2018,,,,,
2558,키움증권,039490,B,미공개,B,B,2019,,,,,
2557,키움증권,039490,B,D,B+,B+,2020,,,,,
2556,키움증권,039490,B,C,A,B,2021,,,,,
2555,키움증권,039490,B,B,C,B,2022,,,,,
2554,키움증권,039490,B+,B,A,B,2023,,,,,
2553,키움증권,039490,B+,B,A,B+,2024,,,,,
2552,키움증권,039490,B+,B+,A,B+,2025,,,,,
2551,키위미디어그룹,012170,미공개,미공개,미공개,미공개,2012,,,,,
2550,키위미디어그룹,012170,미공개,미공개,미공개,C,2013,,,,,
2549,키위미디어그룹,012170,미공개,미공개,미공개,D,2014,,,,,
2548,키위미디어그룹,012170,미공개,미공개,미공개,C,2015,,,,,
2547,키위미디어그룹,012170,미공개,미공개,미공개,D,2016,,,,,
2546,키위미디어그룹,012170,미공개,미공개,미공개,C,2017,,,,,
2545,키위미디어그룹,012170,미공개,미공개,미공개,D,2018,,,,,
2544,키위미디어그룹,012170,미공개,미공개,B,C,2019,,,,,
2543,키이스트,054780,D,D,D,D,2024,,,,,
2542,키이스트,054780,D,D,D,D,2025,,,,,
2541,탑머티리얼,360070,C,D,D,B,2024,,,,,
2540,태경비케이,014580,C,C,B,B,2021,,,,,
2539,태경비케이,014580,D,C,C,D,2022,,,,,
2538,태경비케이,014580,C,C,C,C,2023,,,,,
2537,태경비케이,014580,D,C,D,D,2024,,,,,
2536,태경비케이,014580,D,C,D,D,2025,,,,,
2535,태경산업,015890,미공개,미공개,미공개,미공개,2012,,,,,
2534,태경산업,015890,미공개,미공개,미공개,B,2013,,,,,
2533,태경산업,015890,미공개,미공개,미공개,C,2014,,,,,
2532,태경산업,015890,미공개,미공개,미공개,B,2015,,,,,
2531,태경산업,015890,미공개,미공개,미공개,C,2016,,,,,
2530,태경산업,015890,미공개,미공개,미공개,C,2017,,,,,
2529,태경산업,015890,미공개,미공개,미공개,C,2018,,,,,
2528,태경산업,015890,미공개,미공개,미공개,B,2019,,,,,
2527,태경산업,015890,B,B,B,B,2020,,,,,
2526,태경산업,015890,B,C,B,B+,2021,,,,,
2525,태경산업,015890,C,C,C,C,2022,,,,,
2524,태경산업,015890,C,C,C,C,2023,,,,,
2523,태경산업,015890,D,C,D,D,2024,,,,,
2522,태경산업,015890,C,C,B+,D,2025,,,,,
2521,태경케미컬,006890,C,D,B,B,2021,,,,,
2520,태경케미컬,006890,D,D,C,D,2022,,,,,
2519,태경케미컬,006890,D,D,D,D,2023,,,,,
2518,태경케미컬,006890,D,D,C,D,2024,,,,,
2517,태경케미컬,006890,D,D,D,D,2025,,,,,
2516,태경화학,006890,미공개,미공개,미공개,미공개,2012,,,,,
2515,태경화학,006890,미공개,미공개,미공개,C,2013,,,,,
2514,태경화학,006890,미공개,미공개,미공개,C,2014,,,,,
2513,태경화학,006890,미공개,미공개,미공개,C,2015,,,,,
2512,태경화학,006890,미공개,미공개,미공개,D,2016,,,,,
2511,태경화학,006890,미공개,미공개,미공개,C,2017,,,,,
2510,태경화학,006890,미공개,미공개,미공개,C,2018,,,,,
2509,태경화학,006890,미공개,미공개,미공개,C,2019,,,,,
2508,태경화학,006890,D,D,C,C,2020,,,,,
2507,태광산업,003240,미공개,미공개,미공개,미공개,2012,,,,,
2506,태광산업,003240,미공개,미공개,미공개,D,2013,,,,,
2505,태광산업,003240,미공개,미공개,미공개,C,2014,,,,,
2504,태광산업,003240,미공개,미공개,미공개,C,2015,,,,,
2503,태광산업,003240,미공개,미공개,B+,C,2016,,환경 등급조정(2017.2),,,
2502,태광산업,003240,미공개,미공개,미공개,C,2017,,환경 등급조정(2018.3),,,
2501,태광산업,003240,미공개,미공개,미공개,C,2018,,,,,
2500,태광산업,003240,미공개,미공개,B+,C,2019,통합 등급조정(2019.10),,,지배구조 등급조정(2019.10),
2499,태광산업,003240,C,B,B+,D,2020,,,,,
2498,태광산업,003240,B+,B,A,B+,2021,,,,,
2497,태광산업,003240,D,D,C,C,2022,,,,,
2496,태광산업,003240,C,C,C,C,2023,,,,,
2495,태광산업,003240,B,B+,A+,C,2024,,,,,
2494,태광산업,003240,B,A,A+,C,2025,통합 등급조정(2026.07.),,,지배구조 등급조정(2026.07.),
2493,태림포장,011280,미공개,미공개,미공개,미공개,2012,,,,,
2492,태림포장,011280,미공개,미공개,미공개,C,2013,,,,,
2491,태림포장,011280,미공개,미공개,미공개,C,2014,,,,,
2490,태림포장,011280,미공개,미공개,미공개,C,2015,,,,,
2489,태림포장,011280,미공개,미공개,미공개,C,2016,,,사회 등급조정(2016.8),,
2488,태림포장,011280,미공개,미공개,미공개,C,2017,,,,,
2487,태림포장,011280,미공개,미공개,미공개,C,2018,,,,,
2486,태림포장,011280,미공개,B,미공개,C,2019,,,,,
2485,태림포장,011280,C,B,C,C,2020,,,,,
2484,태림포장,011280,C,B,C,C,2021,,,,,
2483,태림포장,011280,C,C,B+,C,2022,,,,,
2482,태림포장,011280,B,A,A,D,2023,,,,,
2481,태림포장,011280,B,B+,A+,C,2024,,,,,
2480,태림포장,011280,B,A,A+,D,2025,,,,,
2479,태양금속공업,004100,미공개,미공개,미공개,미공개,2012,,,,,
2478,태양금속공업,004100,미공개,미공개,미공개,B,2013,,,,,
2477,태양금속공업,004100,미공개,B+,미공개,B,2014,,,,,
2476,태양금속공업,004100,미공개,B+,미공개,C,2015,,,,,
2475,태양금속공업,004100,미공개,B+,미공개,B,2016,,,,,
2474,태양금속공업,004100,미공개,B+,미공개,B,2017,,,,,
2473,태양금속공업,004100,미공개,B+,미공개,C,2018,,,,,
2472,태양금속공업,004100,B,B+,B,B,2019,,,,,
2471,태양금속공업,004100,B,B+,B,B,2020,,,,,
2470,태양금속공업,004100,B,B,C,B,2021,,,,,
2469,태양금속공업,004100,D,D,D,D,2022,,,,,
2468,태양금속공업,004100,D,C,C,D,2023,,,,,
2467,태양금속공업,004100,C,C,D,C,2024,,,,,
2466,태양금속공업,004100,D,C,C,D,2025,,,,,
2465,태영건설,009410,미공개,미공개,미공개,미공개,2012,,,,,
2464,태영건설,009410,미공개,미공개,미공개,B+,2013,,,,,
2463,태영건설,009410,B+,B+,B+,B+,2014,,,,,
2462,태영건설,009410,B+,B+,미공개,B+,2015,,,,,
2461,태영건설,009410,B+,미공개,B+,B+,2016,,,,,
2460,태영건설,009410,미공개,미공개,미공개,B+,2017,,,,,
2459,태영건설,009410,미공개,미공개,미공개,B+,2018,,,,,
2458,태영건설,009410,B,미공개,B,B+,2019,,,,,
2457,태영건설,009410,B,B,B,B+,2020,통합 등급조정(2021.4),,사회 등급조정(2021.4),,
2456,태영건설,009410,B+,A,B,B+,2021,,,사회 등급조정(2021.10),,
2455,태영건설,009410,B+,B+,B,B+,2022,,,,,
2454,태영건설,009410,A,A,A,B+,2023,,,,,
2453,태영건설,009410,B,B+,B+,C,2024,,,사회 등급조정(2025.04.),,
2452,태영건설,009410,B+,B+,B,B+,2025,,,사회 등급조정(2025.11.),,
2451,태원물산,001420,미공개,미공개,미공개,미공개,2012,,,,,
2450,태원물산,001420,미공개,미공개,미공개,B,2013,,,,,
2449,태원물산,001420,미공개,미공개,미공개,C,2014,,,,,
2448,태원물산,001420,미공개,미공개,미공개,C,2015,,,,,
2447,태원물산,001420,미공개,미공개,미공개,B,2016,,,,,
2446,태원물산,001420,미공개,미공개,미공개,B,2017,,,,,
2445,태원물산,001420,미공개,미공개,미공개,B,2018,,,,,
2444,태원물산,001420,미공개,미공개,미공개,B,2019,,,,,
2443,태원물산,001420,B,B,C,B,2020,,,,,
2442,태원물산,001420,C,C,C,B,2021,,,,,
2441,태원물산,001420,D,D,D,D,2022,,,,,
2440,태원물산,001420,D,D,D,D,2023,,,,,
2439,태원물산,001420,D,D,D,D,2024,,,,,
2438,태원물산,001420,D,D,D,D,2025,,,,,
2437,태평양물산,007980,미공개,미공개,미공개,미공개,2012,,,,,
2436,태평양물산,007980,미공개,미공개,미공개,B,2013,,,,,
2435,태평양물산,007980,미공개,미공개,미공개,B,2014,,,,,
2434,태평양물산,007980,미공개,미공개,미공개,B,2015,,,,,
2433,태평양물산,007980,미공개,미공개,B+,B,2016,,,,,
2432,태평양물산,007980,미공개,미공개,B+,B+,2017,,,,,
2431,태평양물산,007980,미공개,미공개,B+,B,2018,,,,,
2430,태평양물산,007980,미공개,미공개,B+,B,2019,,,,,
2429,태평양물산,007980,C,D,B+,B,2020,,,,,
2428,태평양물산,007980,B,C,B+,B,2021,,,,,
2427,태평양물산,007980,C,D,B,D,2022,,,,,
2426,태평양제약,016570,미공개,B+,미공개,미공개,2012,,,,,
2425,테스,095610,미공개,미공개,B,B,2019,,,,,
2424,테스,095610,B,D,B+,B,2020,,,,,
2423,테스,095610,B,C,B+,B+,2021,,,,,
2422,테스,095610,C,D,B,C,2022,,,,,
2421,테스,095610,B+,B,A,B+,2023,,,,,
2420,테스,095610,B+,B,B+,B+,2024,,,,,
2419,테스,095610,C,B,B+,C,2025,,,,,
2418,테스나,131970,B,C,B,B,2020,,,,,
2417,테스나,131970,D,D,C,D,2022,,,,,
2416,테이팩스,055490,미공개,미공개,B,C,2019,,,,,
2415,테이팩스,055490,B+,B+,B+,B,2020,,,,,
2414,테이팩스,055490,B+,B+,B+,B+,2021,,,,,
2413,테이팩스,055490,B+,B,A,B,2022,,,,,
2412,테이팩스,055490,A,A,A,B+,2023,,,,,
2411,테이팩스,055490,B+,B+,A,B+,2024,,,,,
2410,테이팩스,055490,B+,B+,A,B+,2025,,,,,
2409,테크윙,089030,B,C,B,B+,2020,,,,,
2408,테크윙,089030,D,C,C,D,2025,,,,,
2407,텔코웨어,078000,미공개,미공개,미공개,미공개,2012,,,,,
2406,텔코웨어,078000,미공개,미공개,미공개,B,2013,,,,,
2405,텔코웨어,078000,미공개,미공개,미공개,B,2014,,,,,
2404,텔코웨어,078000,미공개,미공개,미공개,B,2015,,,,,
2403,텔코웨어,078000,미공개,미공개,미공개,C,2016,,,,,
2402,텔코웨어,078000,미공개,미공개,미공개,B,2017,,,,,
2401,텔코웨어,078000,미공개,미공개,미공개,B,2018,,,,,
2400,텔코웨어,078000,미공개,미공개,미공개,B,2019,,,,,
2399,텔코웨어,078000,B,D,B,B,2020,,,,,
2398,텔코웨어,078000,C,D,C,B,2021,,,,,
2397,텔코웨어,078000,D,D,D,C,2022,,,,,
2396,텔코웨어,078000,C,D,D,B,2023,,,,,
2395,텔코웨어,078000,C,D,D,B+,2024,,,,,
2394,텔코웨어,078000,D,D,D,C,2025,,,,,
2393,텔콘RF제약,200230,미공개,미공개,미공개,C,2019,,,,,
2392,텔콘RF제약,200230,C,D,B,B,2020,,,,,
2391,텔콘RF제약,200230,C,C,C,C,2021,,,,,
2390,토니모리,214420,미공개,미공개,미공개,B,2017,,,,,
2389,토니모리,214420,미공개,미공개,미공개,B+,2018,,,,,
2388,토니모리,214420,미공개,미공개,미공개,B+,2019,,,,,
2387,토니모리,214420,C,D,C,B+,2020,,,,,
2386,토니모리,214420,C,D,C,B+,2021,,,,,
2385,토니모리,214420,C,D,D,B+,2022,,,,,
2384,토니모리,214420,C,D,D,B,2023,,,,,
2383,토니모리,214420,C,D,D,B,2024,,,,,
2382,토니모리,214420,C,D,D,B,2025,,,,,
2381,토스뱅크,801671,등급없음,등급없음,등급없음,B,2023,,,,,
2380,토스뱅크,801671,등급없음,등급없음,등급없음,B+,2024,,,,,
2379,토스뱅크,801671,등급없음,등급없음,등급없음,B+,2025,,,,,
2378,톱텍,108230,미공개,미공개,미공개,C,2019,,,,,
2377,톱텍,108230,B,D,B,B+,2021,,,,,
2376,톱텍,108230,D,D,C,C,2022,,,,,
2375,트리니티항공,091810,B,C,B,B,2020,,,,,
2374,트리니티항공,091810,B,C,B+,B,2021,,,,,
2373,트리니티항공,091810,C,D,C,B,2022,,,,,
2372,트리니티항공,091810,B,B,C,B,2023,,,,,
2371,트리니티항공,091810,B+,A,B,B+,2024,,,,,
2370,트리니티항공,091810,B+,B+,B+,B,2025,,,,,
2369,티비에이치글로벌,084870,미공개,미공개,미공개,미공개,2012,,,,,
2368,티비에이치글로벌,084870,미공개,미공개,미공개,C,2013,,,,,
2367,티비에이치글로벌,084870,미공개,미공개,미공개,B,2014,,,,,
2366,티비에이치글로벌,084870,미공개,미공개,미공개,B,2015,,,,,
2365,티비에이치글로벌,084870,미공개,미공개,미공개,B,2016,,,사회 등급조정(2016.8),,
2364,티비에이치글로벌,084870,미공개,미공개,미공개,B,2017,,,,,
2363,티비에이치글로벌,084870,미공개,미공개,미공개,B,2018,,,,,
2362,티비에이치글로벌,084870,B,미공개,B+,B,2019,,,,,
2361,티비에이치글로벌,084870,B,C,B,B+,2020,,,,,
2360,티비에이치글로벌,084870,B,D,B+,B+,2021,,,,,
2359,티비에이치글로벌,084870,D,D,D,C,2022,,,,,
2358,티비에이치글로벌,084870,D,D,D,C,2023,,,,,
2357,티비에이치글로벌,084870,C,D,D,B,2024,,,,,
2356,티비에이치글로벌,084870,D,D,C,C,2025,,,,,
2355,티씨케이,064760,미공개,미공개,B,C,2019,,,,,
2354,티씨케이,064760,B,C,B+,B,2020,,,,,
2353,티씨케이,064760,B,B,B,B+,2021,,,,,
2352,티씨케이,064760,D,D,C,C,2022,,,,,
2351,티씨케이,064760,B,B,B+,B,2023,,,,,
2350,티씨케이,064760,B+,B,A,B+,2024,,,,,
2349,티씨케이,064760,B+,B+,A,B+,2025,,,,,
2348,티에스이,131290,C,D,C,B,2022,,,,,
2347,티에스이,131290,C,D,C,C,2023,,,,,
2346,티에스이,131290,D,D,D,C,2024,,,,,
2345,티에스이,131290,D,D,C,D,2025,,,,,
2344,티에이치엔,019180,미공개,미공개,미공개,미공개,2012,,,,,
2343,티에이치엔,019180,미공개,미공개,미공개,C,2013,,,,,
2342,티에이치엔,019180,미공개,미공개,미공개,C,2014,,,,,
2341,티에이치엔,019180,미공개,미공개,미공개,C,2015,,,,,
2340,티에이치엔,019180,미공개,미공개,미공개,C,2016,,,,,
2339,티에이치엔,019180,미공개,미공개,미공개,C,2017,,,,,
2338,티에이치엔,019180,미공개,미공개,미공개,B,2018,,,,,
2337,티에이치엔,019180,미공개,미공개,B,B,2019,,,,,
2336,티에이치엔,019180,B,B,B,B,2020,,,,,
2335,티에이치엔,019180,B,C,B,B+,2021,,,,,
2334,티에이치엔,019180,D,D,C,D,2022,,,,,
2333,티에이치엔,019180,C,C,B,C,2023,,,,,
2332,티에이치엔,019180,D,C,C,D,2024,,,,,
2331,티에이치엔,019180,D,C,C,D,2025,,,,,
2330,티와이홀딩스,363280,B+,B+,B,B+,2022,,,,,
2329,티와이홀딩스,363280,B+,A,A,B,2023,,,,,
2328,티와이홀딩스,363280,C,B+,B+,D,2024,,,,,
2327,티와이홀딩스,363280,C,B+,B+,D,2025,,,,,
2326,티웨이홀딩스,004870,미공개,미공개,미공개,미공개,2012,,,,,
2325,티웨이홀딩스,004870,미공개,미공개,미공개,D,2013,,,,,
2324,티웨이홀딩스,004870,미공개,미공개,미공개,C,2014,,,,,
2323,티웨이홀딩스,004870,미공개,미공개,미공개,D,2015,,,,,
2322,티웨이홀딩스,004870,미공개,미공개,미공개,C,2016,,,,,
2321,티웨이홀딩스,004870,미공개,미공개,미공개,C,2017,,,,,
2320,티웨이홀딩스,004870,미공개,미공개,미공개,C,2018,,,,,
2319,티웨이홀딩스,004870,미공개,미공개,B,D,2019,,,,,
2318,티웨이홀딩스,004870,C,D,B,C,2020,,,,,
2317,티웨이홀딩스,004870,C,D,D,B,2021,,,,,
2316,티웨이홀딩스,004870,D,D,C,D,2022,,,,,
2315,티웨이홀딩스,004870,D,C,C,D,2023,,,,,
2314,티웨이홀딩스,004870,D,D,D,D,2024,,,,,
2313,티웨이홀딩스,004870,D,D,D,D,2025,,,,,
2312,티이씨코,008900,미공개,미공개,미공개,미공개,2012,,,,,
2311,티이씨코,008900,미공개,미공개,미공개,D,2013,,,,,
2310,티이엠씨,425040,D,C,C,D,2025,,,,,
2309,티케이지휴켐스,069260,B,B,B+,B,2022,,,,,
2308,티케이지휴켐스,069260,B+,B+,A,B,2023,,,,,
2307,티케이지휴켐스,069260,B+,B+,A,B,2024,,,,,
2306,티케이지휴켐스,069260,B+,B,A,B,2025,,,,,
2305,티케이케미칼,104480,미공개,B,B,C,2019,,,,,
2304,티케이케미칼,104480,C,C,B,C,2020,,,,,
2303,티케이케미칼,104480,C,C,B,B,2021,,,,,
2302,티케이케미칼,104480,D,C,C,D,2022,,,,,
2301,티케이케미칼,104480,D,C,C,D,2023,,,,,
2300,티케이케미칼,104480,D,C,D,D,2024,,,,,
2299,티케이케미칼,104480,D,C,C,D,2025,,,,,
2298,팀스,134790,미공개,미공개,미공개,B,2013,,,,,
2297,팀스,134790,미공개,미공개,미공개,C,2014,,,,,
2296,팀스,134790,미공개,미공개,미공개,C,2015,,,,,
2295,팀스,134790,미공개,미공개,미공개,B,2016,,,,,
2294,팀스,134790,미공개,미공개,미공개,B,2017,,,,,
2293,파라다이스,034230,B,미공개,B,B,2019,,,,,
2292,파라다이스,034230,B,D,B+,B+,2020,,,,,
2291,파라다이스,034230,B,D,B,B+,2021,,,,,
2290,파라다이스,034230,C,D,C,C,2022,,,,,
2289,파라다이스,034230,C,D,C,C,2023,,,,,
2288,파라다이스,034230,D,D,D,C,2024,,,,,
2287,파라다이스,034230,B+,A,A+,B,2025,,,,,
2286,파마리서치,214450,B,D,B,B+,2021,,,,,
2285,파마리서치,214450,C,D,D,B+,2022,,,,,
2284,파마리서치,214450,B,C,B,B+,2023,,,,,
2283,파마리서치,214450,B,D,B+,B+,2024,,,,,
2282,파마리서치,214450,B+,B,A,B+,2025,,,,,
2281,파마리서치프로덕트,214450,미공개,미공개,B,B,2019,,,,,
2280,파멥신,208340,C,D,B,C,2020,,,,,
2279,파미셀,005690,미공개,미공개,미공개,미공개,2012,,,,,
2278,파미셀,005690,미공개,미공개,미공개,C,2013,,,,,
2277,파미셀,005690,미공개,미공개,미공개,B,2014,,,,,
2276,파미셀,005690,미공개,미공개,미공개,B,2015,,,,,
2275,파미셀,005690,미공개,미공개,미공개,C,2016,,,,,
2274,파미셀,005690,미공개,미공개,미공개,B,2017,,,,,
2273,파미셀,005690,미공개,미공개,미공개,B,2018,,,,,
2272,파미셀,005690,B,B,미공개,B,2019,,,,,
2271,파미셀,005690,B,B,C,B,2020,,,,,
2270,파미셀,005690,B,C,B,B+,2021,,,,,
2269,파미셀,005690,D,D,D,D,2022,,,,,
2268,파미셀,005690,D,C,D,D,2023,,,,,
2267,파미셀,005690,D,D,D,C,2024,,,,,
2266,파미셀,005690,D,D,D,D,2025,,,,,
2265,파브코,101990,미공개,미공개,미공개,미공개,2012,,,,,
2264,파브코,101990,미공개,미공개,미공개,B,2013,,,,,
2263,파브코,101990,미공개,미공개,미공개,C,2014,,,,,
2262,파크시스템스,140860,D,D,D,C,2022,,,,,
2261,파크시스템스,140860,C,C,D,C,2023,,,,,
2260,파크시스템스,140860,C,C,D,B,2024,,,,,
2259,파크시스템스,140860,C,C,D,B,2025,,,,,
2258,파트론,091700,B,미공개,B+,B,2019,,,,,
2257,파트론,091700,B,B,B+,B,2020,,,,,
2256,파트론,091700,B,C,B,B+,2021,,,,,
2255,파트론,091700,D,D,D,C,2022,,,,,
2254,파트론,091700,D,C,D,D,2023,,,,,
2253,파트론,091700,D,C,D,D,2024,,,,,
2252,파트론,091700,D,C,D,D,2025,,,,,
2251,팜스코,036580,미공개,미공개,미공개,미공개,2012,,,,,
2250,팜스코,036580,미공개,미공개,미공개,C,2013,,,,,
2249,팜스코,036580,미공개,미공개,미공개,C,2014,,,,,
2248,팜스코,036580,미공개,미공개,미공개,B,2015,,,,,
2247,팜스코,036580,미공개,미공개,미공개,B,2016,,,,,
2246,팜스코,036580,미공개,미공개,미공개,B+,2017,,,,,
2245,팜스코,036580,미공개,미공개,미공개,B,2018,,,,,
2244,팜스코,036580,B,미공개,B,B+,2019,,,,,
2243,팜스코,036580,B,D,B+,B+,2020,,,,,
2242,팜스코,036580,B+,B+,A,B+,2021,통합 등급조정(2022.01),,,지배구조 등급조정(2022.01),
2241,팜스코,036580,B,B,A,C,2022,,,,,
2240,팜스코,036580,A,B+,A,A,2023,,,,,
2239,팜스코,036580,B+,B,B+,B+,2024,,,,,
2238,팜스코,036580,A,B,A,A,2025,,,,,
2237,팜젠사이언스,004720,C,D,C,C,2021,,,,,
2236,팜젠사이언스,004720,D,D,D,D,2022,,,,,
2235,팜젠사이언스,004720,D,D,C,D,2023,,,,,
2234,팜젠사이언스,004720,C,C,B,D,2024,,,,,
2233,팜젠사이언스,004720,B,B+,A,C,2025,,,,,
2232,팬오션,028670,B+,B+,미공개,B+,2012,,,,,
2231,팬오션,028670,B+,B+,B+,B,2013,,,,,
2230,팬오션,028670,미공개,미공개,미공개,B,2016,,,,,
2229,팬오션,028670,미공개,미공개,미공개,B+,2017,,,,,
2228,팬오션,028670,B+,미공개,미공개,B+,2018,,,,,
2227,팬오션,028670,B,B,미공개,B+,2019,통합 등급조정(2020.4),,사회 등급조정(2020.4),,
2226,팬오션,028670,B+,B,B,A,2020,,,사회 등급조정(2020.10),,
2225,팬오션,028670,B+,B+,D,A,2021,,,,,
2224,팬오션,028670,B,A,B+,C,2022,,,,,
2223,팬오션,028670,A,A+,A,A,2023,,,,,
2222,팬오션,028670,A,A,A+,A,2024,,,,,
2221,팬오션,028670,A,A,A,B+,2025,,,,,
2220,퍼스텍,010820,미공개,미공개,미공개,미공개,2012,,,,,
2219,퍼스텍,010820,미공개,미공개,미공개,B,2013,,,,,
2218,퍼스텍,010820,미공개,미공개,미공개,B,2014,,,,,
2217,퍼스텍,010820,미공개,미공개,미공개,B,2015,,,,,
2216,퍼스텍,010820,미공개,미공개,미공개,B,2016,,,,,
2215,퍼스텍,010820,미공개,미공개,미공개,B,2017,,,,,
2214,퍼스텍,010820,미공개,미공개,미공개,B,2018,,,,,
2213,퍼스텍,010820,B,B,B,B,2019,,,,,
2212,퍼스텍,010820,C,B,B,C,2020,,,,,
2211,퍼스텍,010820,C,C,C,B,2021,,,,,
2210,퍼스텍,010820,D,D,D,C,2022,,,,,
2209,퍼스텍,010820,C,C,C,C,2023,,,,,
2208,퍼스텍,010820,D,C,C,D,2024,,,,,
2207,퍼스텍,010820,D,C,C,D,2025,,,,,
2206,퍼시스,016800,미공개,미공개,미공개,미공개,2012,,,,,
2205,퍼시스,016800,미공개,B+,미공개,B,2013,,,,,
2204,퍼시스,016800,미공개,B+,미공개,B,2014,,,,,
2203,퍼시스,016800,미공개,미공개,미공개,B,2015,,,,,
2202,퍼시스,016800,미공개,미공개,미공개,B,2016,,,,,
2201,퍼시스,016800,미공개,미공개,미공개,B,2017,,,,,
2200,퍼시스,016800,미공개,미공개,미공개,B,2018,,,,,
2199,퍼시스,016800,B,B,B,B,2019,,,,,
2198,퍼시스,016800,B,B,B,B,2020,,,,,
2197,퍼시스,016800,B,C,B+,B,2021,,,,,
2196,퍼시스,016800,D,D,C,D,2022,,,,,
2195,퍼시스,016800,D,C,C,D,2023,,,,,
2194,퍼시스,016800,C,B,C,C,2024,,,,,
2193,퍼시스,016800,C,B,B,C,2025,,,,,
2192,펄어비스,263750,미공개,미공개,미공개,B,2019,,,,,
2191,펄어비스,263750,B,D,B,B,2020,,,,,
2190,펄어비스,263750,B,D,B,B,2021,,,,,
2189,펄어비스,263750,B,C,B+,B,2022,,,,,
2188,펄어비스,263750,B+,B,A,B,2023,,,,,
2187,펄어비스,263750,B+,B+,A+,B,2024,,,,,
2186,펄어비스,263750,B+,A,A+,B,2025,,,,,
2185,페이퍼코리아,001020,미공개,미공개,미공개,미공개,2012,,,,,
2184,페이퍼코리아,001020,미공개,미공개,미공개,C,2013,,,,,
2183,페이퍼코리아,001020,미공개,미공개,미공개,C,2014,,,,,
2182,페이퍼코리아,001020,미공개,미공개,미공개,C,2015,,,,,
2181,페이퍼코리아,001020,미공개,미공개,미공개,C,2016,,,,,
2180,페이퍼코리아,001020,미공개,미공개,미공개,C,2017,,,,,
2179,페이퍼코리아,001020,미공개,미공개,미공개,C,2018,,,,,
2178,페이퍼코리아,001020,미공개,B,B,C,2019,,,,,
2177,페이퍼코리아,001020,C,C,B,C,2020,,,,,
2176,페이퍼코리아,001020,B,B,C,B,2021,,,,,
2175,페이퍼코리아,001020,D,C,D,D,2022,,,,,
2174,페이퍼코리아,001020,D,C,C,D,2023,,,,,
2173,페이퍼코리아,001020,C,C,C,C,2024,,,,,
2172,페이퍼코리아,001020,D,C,D,D,2025,,,,,
2171,펩트론,087010,B,미공개,B,B+,2019,,,,,
2170,펩트론,087010,D,D,D,D,2025,,,,,
2169,평화산업,090080,미공개,미공개,미공개,미공개,2012,,,,,
2168,평화산업,090080,미공개,미공개,미공개,B,2013,,,,,
2167,평화산업,090080,미공개,미공개,미공개,B,2014,,,,,
2166,평화산업,090080,미공개,미공개,미공개,B+,2015,,,,,
2165,평화산업,090080,B+,미공개,B+,B+,2016,,,,,
2164,평화산업,090080,미공개,B+,미공개,B,2017,,,,,
2163,평화산업,090080,미공개,B+,미공개,B,2018,,,,,
2162,평화산업,090080,B,B,B,B,2019,,,,,
2161,평화산업,090080,B,B,B,B,2020,,,,,
2160,평화산업,090080,B,B+,C,B+,2021,,,,,
2159,평화산업,090080,C,D,C,B,2022,,,,,
2158,평화산업,090080,D,D,C,C,2023,,,,,
2157,평화산업,090080,C,B,B,C,2024,,,,,
2156,평화산업,090080,B,B+,A+,C,2025,,,,,
2155,평화홀딩스,010770,미공개,미공개,미공개,미공개,2012,,,,,
2154,평화홀딩스,010770,미공개,미공개,미공개,B,2013,,,,,
2153,평화홀딩스,010770,미공개,미공개,미공개,B,2014,,,,,
2152,평화홀딩스,010770,미공개,미공개,미공개,B,2015,,,,,
2151,평화홀딩스,010770,미공개,미공개,B+,B,2016,,,,,
2150,평화홀딩스,010770,미공개,미공개,미공개,B+,2017,,,,,
2149,평화홀딩스,010770,미공개,미공개,미공개,B,2018,,,,,
2148,평화홀딩스,010770,B,미공개,B,B,2019,,,,,
2147,평화홀딩스,010770,B,C,B,B+,2020,,,,,
2146,평화홀딩스,010770,B,B+,C,B+,2021,,,,,
2145,평화홀딩스,010770,C,D,D,B+,2022,,,,,
2144,평화홀딩스,010770,C,D,C,B+,2023,,,,,
2143,평화홀딩스,010770,B,B,B,B,2024,,,,,
2142,평화홀딩스,010770,B,B,B+,B,2025,,,,,
2141,포스코,005490,A+,A+,A+,A+,2012,,,,,
2140,포스코,005490,A,A,A,A+,2013,,,,,
2139,포스코,005490,A,B+,A,A+,2014,,,,,
2138,포스코,005490,A,A,A,A,2015,,,,지배구조 등급조정(2015.8),
2137,포스코,005490,A+,A,A+,A+,2016,,,,,
2136,포스코,005490,A,A,A,A,2017,,,사회 등급조정(2018.3),,
2135,포스코,005490,A,B+,B+,A+,2018,통합 등급조정(2018.1),환경 등급조정(2019.4),사회 등급조정(2019.4),,
2134,포스코,005490,A,B,B+,A+,2019,,환경 등급조정(2019.10),사회 등급조정(2020.1),,
2133,포스코,005490,A,A,B,A+,2020,통합 등급조정(2020.10),,사회 등급조정(2021.1),,
2132,포스코 ICT,022100,B,B,B+,B,2019,,,,,
2131,포스코 ICT,022100,B+,B,A,B+,2020,,,,,
2130,포스코 ICT,022100,A,A,A+,A,2021,,,,,
2129,포스코 ICT,022100,A,B+,A+,B+,2022,,,,,
2128,포스코DX,022100,A,A,A+,A,2023,,,,,
2127,포스코DX,022100,A,A,A+,B+,2024,,,,,
2126,포스코DX,022100,A,A+,A+,B+,2025,,,,,
2125,포스코강판,058430,B+,B+,B+,미공개,2012,,,,,
2124,포스코강판,058430,B+,B+,B+,B,2013,,,,,
2123,포스코강판,058430,미공개,B+,미공개,B,2014,,,,,
2122,포스코강판,058430,B+,B+,B+,B,2015,,,,,
2121,포스코강판,058430,B+,B+,B+,B+,2016,,,,,
2120,포스코강판,058430,B+,B+,A,B+,2017,,,,,
2119,포스코강판,058430,B+,B+,A,B+,2018,,,,,
2118,포스코강판,058430,B+,B+,A,B+,2019,,,,,
2117,포스코강판,058430,A,B+,A+,B+,2020,,,,,
2116,포스코강판,058430,A,A,A+,A,2021,,,,,
2115,포스코대우,047050,B+,미공개,B+,B+,2012,,,,,
2114,포스코대우,047050,B+,미공개,B+,B+,2013,,,,,
2113,포스코대우,047050,B+,미공개,B+,B+,2014,,,,,
2112,포스코대우,047050,미공개,미공개,B+,B+,2015,,,,,
2111,포스코대우,047050,미공개,미공개,B+,B+,2016,,,,,
2110,포스코대우,047050,B+,미공개,A,B+,2017,,,,,
2109,포스코대우,047050,A,A,A+,B+,2018,,,,,
2108,포스코스틸리온,058430,A,B+,A+,B+,2022,,,,,
2107,포스코스틸리온,058430,A,A,A+,B+,2023,,,,,
2106,포스코스틸리온,058430,A,A,A+,B+,2024,,,,,
2105,포스코스틸리온,058430,A,A,A+,B+,2025,,,,,
2104,포스코엠텍,009520,B+,B,A,B+,2019,,,,,
2103,포스코엠텍,009520,B+,B,B+,B+,2020,,,,,
2102,포스코엠텍,009520,B,D,B+,A,2021,,,,,
2101,포스코엠텍,009520,B+,B+,A,B,2022,,,,,
2100,포스코엠텍,009520,A,A,A+,B+,2023,,,,,
2099,포스코엠텍,009520,A,A,A+,A,2024,,,,,
2098,포스코엠텍,009520,A,A,A+,B+,2025,,,,,
2097,포스코인터내셔널,047050,A+,A,A+,A+,2019,,,,,
2096,포스코인터내셔널,047050,A+,A,A+,A+,2020,,,,,
2095,포스코인터내셔널,047050,A+,A,A+,A+,2021,,,,,
2094,포스코인터내셔널,047050,A,B+,A+,A,2022,,,,,
2093,포스코인터내셔널,047050,A,A,A+,A,2023,,,,,
2092,포스코인터내셔널,047050,A,B+,A+,A,2024,,,,,
2091,포스코인터내셔널,047050,A,B+,A+,A,2025,,,,,
2090,포스코케미칼,003670,B+,B,B+,B+,2019,,,,,
2089,포스코케미칼,003670,A,A,A+,B+,2020,,,,,
2088,포스코케미칼,003670,A,A,A+,B+,2021,,,,,
2087,포스코케미칼,003670,B+,B+,A,B,2022,,,,,
2086,포스코퓨처엠,003670,A,A,A+,A,2023,,,,,
2085,포스코퓨처엠,003670,A+,A+,A+,A,2024,,,,,
2084,포스코퓨처엠,003670,A,A,A+,A,2025,,,,,
2083,포스코플랜텍,051310,B+,B+,B+,미공개,2012,,,,,
2082,포스코플랜텍,051310,미공개,B+,B+,C,2013,,,,,
2081,포스코플랜텍,051310,미공개,미공개,A,C,2014,,,,,
2080,포스코플랜텍,051310,B+,B+,A,C,2015,,,,,
2079,포스코홀딩스,005490,A,A,B+,A+,2021,,,"사회 등급조정(2022.04, 2022.07)",,
2078,폴루스바이오팜,007630,미공개,미공개,미공개,미공개,2012,,,,,
2077,폴루스바이오팜,007630,미공개,미공개,미공개,C,2013,,,,,
2076,폴루스바이오팜,007630,미공개,미공개,미공개,C,2014,,,,,
2075,폴루스바이오팜,007630,미공개,미공개,미공개,B,2015,,,,,
2074,폴루스바이오팜,007630,미공개,미공개,미공개,B,2016,,,,,
2073,폴루스바이오팜,007630,미공개,미공개,미공개,C,2017,,,,,
2072,폴루스바이오팜,007630,미공개,미공개,미공개,B,2018,,,,,
2071,폴루스바이오팜,007630,D,B,C,D,2021,,,,,
2070,푸드웰,005670,D,C,C,D,2025,,,,,
2069,푸르덴셜생명보험,839185,등급없음,등급없음,등급없음,B+,2019,,,,,
2068,푸르덴셜생명보험,839185,등급없음,등급없음,등급없음,B,2020,,,,,
2067,푸르덴셜생명보험,839185,등급없음,등급없음,등급없음,B+,2021,,,,,
2066,푸르덴셜생명보험,839185,등급없음,등급없음,등급없음,A,2022,,,,,
2065,푸본현대생명보험,860086,등급없음,등급없음,등급없음,B+,2019,,,,,
2064,푸본현대생명보험,860086,등급없음,등급없음,등급없음,B+,2020,,,,,
2063,푸본현대생명보험,860086,등급없음,등급없음,등급없음,B+,2021,,,,,
2062,푸본현대생명보험,860086,등급없음,등급없음,등급없음,B,2022,,,,,
2061,푸본현대생명보험,860086,등급없음,등급없음,등급없음,B+,2023,,,,,
2060,푸본현대생명보험,860086,등급없음,등급없음,등급없음,B+,2024,,,,,
2059,푸본현대생명보험,860086,등급없음,등급없음,등급없음,B+,2025,,,,,
2058,풀무원,017810,B+,B+,B+,A,2012,,,,,
2057,풀무원,017810,A,B+,A,A,2013,,,,,
2056,풀무원,017810,B+,미공개,A,A,2014,,,,,
2055,풀무원,017810,B+,B+,B+,B+,2015,,,,,
2054,풀무원,017810,A,A,A+,A,2016,,,,,
2053,풀무원,017810,A+,A,A,A+,2017,,,,,
2052,풀무원,017810,A+,A,A,A+,2018,,,사회 등급조정(2018.10),,
2051,풀무원,017810,A+,A,A+,A+,2019,,,,,
2050,풀무원,017810,A+,A,A+,A+,2020,,,,,
2049,풀무원,017810,A+,A,A+,A+,2021,,,,,
2048,풀무원,017810,A,B+,A+,A,2022,,,,,
2047,풀무원,017810,A,A,A+,A,2023,,,,,
2046,풀무원,017810,A,A,A+,A,2024,,,,,
2045,풀무원,017810,A+,A,A+,A+,2025,,,,,
2044,풍림산업,001310,미공개,미공개,미공개,미공개,2012,,,,,
2043,풍산,103140,B+,B+,미공개,B+,2012,,,,,
2042,풍산,103140,B+,B+,미공개,B+,2013,,,,,
2041,풍산,103140,B+,B+,미공개,B+,2014,,,,,
2040,풍산,103140,B+,B+,미공개,B+,2015,,,,,
2039,풍산,103140,B+,A,미공개,B,2016,,,,,
2038,풍산,103140,B+,B+,미공개,B+,2017,,,,,
2037,풍산,103140,B+,B+,B+,B,2018,,,,,
2036,풍산,103140,B+,B+,B+,B+,2019,,,,,
2035,풍산,103140,B+,B+,A,B+,2020,,,,,
2034,풍산,103140,B+,B,A,A,2021,,,,,
2033,풍산,103140,B,C,B+,B+,2022,,,,,
2032,풍산,103140,B+,B+,B+,B+,2023,,,,,
2031,풍산,103140,B+,B,B+,B+,2024,,,,,
2030,풍산,103140,B+,B,A,B+,2025,,,,,
2029,풍산홀딩스,005810,미공개,미공개,미공개,미공개,2012,,,,,
2028,풍산홀딩스,005810,미공개,미공개,미공개,B,2013,,,,,
2027,풍산홀딩스,005810,미공개,미공개,미공개,B,2014,,,,,
2026,풍산홀딩스,005810,미공개,미공개,미공개,B,2015,,,,,
2025,풍산홀딩스,005810,미공개,미공개,미공개,B,2016,,,,,
2024,풍산홀딩스,005810,미공개,미공개,미공개,B+,2017,,,,,
2023,풍산홀딩스,005810,B+,미공개,B+,B+,2018,,,,,
2022,풍산홀딩스,005810,B+,B,B+,B+,2019,,,,,
2021,풍산홀딩스,005810,B,B,B+,B,2020,,,,,
2020,풍산홀딩스,005810,B,D,A,B+,2021,,,,,
2019,풍산홀딩스,005810,B,C,B+,B+,2022,,,,,
2018,풍산홀딩스,005810,B+,B+,B+,B+,2023,,,,,
2017,풍산홀딩스,005810,B+,B,B,B+,2024,,,,,
2016,풍산홀딩스,005810,B+,B,A,B+,2025,,,,,
2015,프로텍,053610,C,C,D,C,2024,,,,,
2014,프로텍,053610,D,C,C,D,2025,,,,,
2013,플레이그램,009810,D,D,D,D,2022,,,,,
2012,플레이그램,009810,D,D,D,D,2023,,,,,
2011,플레이그램,009810,D,D,D,D,2024,,,,,
2010,플레이그램,009810,D,D,D,D,2025,,,,,
2009,플레이디,237820,B,D,B,B+,2022,,,,,
2008,플레이디,237820,B+,B,B,B+,2023,,,,,
2007,플레이디,237820,B+,B+,B+,B+,2024,,,,,
2006,플레이디,237820,B+,B,B+,A,2025,,,,,
2005,플루토스,019570,D,D,D,D,2022,,,,,
2004,플루토스,019570,D,D,D,D,2023,,,,,
2003,플루토스,019570,D,D,D,D,2024,,,,,
2002,플루토스,019570,D,D,D,D,2025,,,,,
2001,피에스케이,319660,C,D,C,B,2022,,,,,
2000,피에스케이,319660,C,C,B+,C,2023,,,,,
1999,피에스케이,319660,B,C,B,B,2024,,,,,
1998,피에스케이,319660,C,B,B+,C,2025,,,,,
1997,피에스케이홀딩스,031980,미공개,미공개,B,C,2019,,,,,
1996,피에스케이홀딩스,031980,B,B+,B+,C,2025,,,,,
1995,피엔티,137400,B,C,C,B+,2021,,,,,
1994,피엔티,137400,C,D,C,B,2022,,,,,
1993,피엔티,137400,C,D,C,B,2023,,,,,
1992,피엔티,137400,D,D,D,C,2024,,,,,
1991,피엔티,137400,D,D,C,D,2025,,,,,
1990,필룩스,033180,미공개,미공개,미공개,미공개,2012,,,,,
1989,필룩스,033180,미공개,미공개,미공개,B,2013,,,,,
1988,필룩스,033180,미공개,미공개,미공개,B,2014,,,,,
1987,필룩스,033180,미공개,미공개,미공개,B,2015,,,,,
1986,필룩스,033180,미공개,미공개,미공개,B,2016,,,,,
1985,필룩스,033180,미공개,미공개,B+,C,2017,,,,,
1984,필룩스,033180,미공개,미공개,미공개,C,2018,,,,,
1983,필룩스,033180,B,B,B,B,2019,,,,,
1982,필룩스,033180,C,C,B,B,2020,,,,,
1981,하나금융지주,086790,A,미공개,A,A+,2012,,,,,
1980,하나금융지주,086790,A,B+,B+,A+,2013,,,,,
1979,하나금융지주,086790,A,미공개,B+,A+,2014,,,,,
1978,하나금융지주,086790,A,미공개,B+,A+,2015,,,,,
1977,하나금융지주,086790,A,미공개,A,A+,2016,,,,,
1976,하나금융지주,086790,A,B+,A,A,2017,,,사회 등급조정(2018.3),,
1975,하나금융지주,086790,A+,A,A,A+,2018,,,사회 등급조정(2018.10),,
1974,하나금융지주,086790,A,A,A,A,2019,통합 등급조정(2019.10),,사회 등급조정(2019.10),지배구조 등급조정(2019.10),
1973,하나금융지주,086790,A,A,A,A,2020,,,,,
1972,하나금융지주,086790,A,A,A+,A,2021,,,,,
1971,하나금융지주,086790,A,A+,A+,A,2022,,,,,
1970,하나금융지주,086790,A,A+,A+,A,2023,,,,,
1969,하나금융지주,086790,A,A+,A+,A,2024,,,,,
1968,하나금융지주,086790,A,A,B+,A+,2025,통합 등급조정(2026.04.),,사회 등급조정(2026.04.),,
1967,하나금융투자,805992,등급없음,등급없음,등급없음,B+,2019,,,,,
1966,하나금융투자,805992,등급없음,등급없음,등급없음,B+,2020,,,,,
1965,하나금융투자,805992,등급없음,등급없음,등급없음,B+,2021,,,,,
1964,하나기술,299030,C,C,D,B,2024,,,,,
1963,하나마이크론,067310,C,C,B,C,2022,,,,,
1962,하나마이크론,067310,C,B+,A,D,2023,,,,,
1961,하나마이크론,067310,C,B+,A,D,2024,,,,,
1960,하나마이크론,067310,C,B+,A,D,2025,,,,,
1959,하나머티리얼즈,166090,D,D,C,C,2022,,,,,
1958,하나머티리얼즈,166090,B,B+,A,C,2023,,,,,
1957,하나머티리얼즈,166090,B,B,A,C,2024,,,,,
1956,하나머티리얼즈,166090,B,B+,A+,D,2025,,,,,
1955,하나생명보험,800845,등급없음,등급없음,등급없음,B,2022,,,,,
1954,하나생명보험,800845,등급없음,등급없음,등급없음,B,2023,,,,,
1953,하나생명보험,800845,등급없음,등급없음,등급없음,B,2024,,,,,
1952,하나생명보험,800845,등급없음,등급없음,등급없음,B,2025,,,,,
1951,하나은행,004940,등급없음,등급없음,등급없음,B,2019,,,,지배구조 등급조정(2019.10),
1950,하나은행,004940,등급없음,등급없음,등급없음,B+,2020,,,,,
1949,하나은행,004940,등급없음,등급없음,등급없음,B,2021,,,,,
1948,하나은행,004940,등급없음,등급없음,등급없음,B+,2022,,,,지배구조 등급조정(2022.11),
1947,하나은행,004940,등급없음,등급없음,등급없음,A,2023,,,,,
1946,하나은행,004940,등급없음,등급없음,등급없음,B+,2024,,,,,
1945,하나은행,004940,등급없음,등급없음,등급없음,A,2025,,,,,
1944,하나제약,293480,B,D,B,B+,2020,,,,,
1943,하나제약,293480,B,D,B,B+,2021,,,,,
1942,하나제약,293480,C,D,C,B,2022,,,,,
1941,하나제약,293480,C,D,C,C,2023,,,,,
1940,하나제약,293480,D,D,D,C,2024,,,,,
1939,하나제약,293480,C,D,C,C,2025,,,,,
1938,하나증권,805992,등급없음,등급없음,등급없음,B+,2022,,,,,
1937,하나증권,805992,등급없음,등급없음,등급없음,B+,2023,,,,,
1936,하나증권,805992,등급없음,등급없음,등급없음,B,2024,,,,지배구조 등급조정(2025.07.),
1935,하나증권,805992,등급없음,등급없음,등급없음,B+,2025,,,,지배구조 등급조정(2025.11.),
1934,하나카드,856659,등급없음,등급없음,등급없음,B+,2019,,,,,
1933,하나카드,856659,등급없음,등급없음,등급없음,B+,2020,,,,,
1932,하나카드,856659,등급없음,등급없음,등급없음,B+,2021,,,,,
1931,하나카드,856659,등급없음,등급없음,등급없음,B,2022,,,,,
1930,하나카드,856659,등급없음,등급없음,등급없음,B,2023,,,,,
1929,하나카드,856659,등급없음,등급없음,등급없음,B+,2024,,,,,
1928,하나카드,856659,등급없음,등급없음,등급없음,B+,2025,,,,,
1927,하나캐피탈,809337,등급없음,등급없음,등급없음,B+,2019,,,,,
1926,하나캐피탈,809337,등급없음,등급없음,등급없음,B+,2020,,,,,
1925,하나캐피탈,809337,등급없음,등급없음,등급없음,B+,2021,,,,,
1924,하나캐피탈,809337,등급없음,등급없음,등급없음,B+,2022,,,,,
1923,하나캐피탈,809337,등급없음,등급없음,등급없음,B+,2023,,,,,
1922,하나캐피탈,809337,등급없음,등급없음,등급없음,B,2024,,,,,
1921,하나캐피탈,809337,등급없음,등급없음,등급없음,B+,2025,,,,,
1920,하나투어,039130,미공개,미공개,미공개,B+,2012,,,,,
1919,하나투어,039130,미공개,미공개,미공개,B,2013,,,,,
1918,하나투어,039130,미공개,미공개,미공개,B,2014,,,,,
1917,하나투어,039130,미공개,미공개,미공개,B,2015,,,,,
1916,하나투어,039130,미공개,미공개,미공개,C,2016,,,,,
1915,하나투어,039130,미공개,미공개,미공개,B+,2017,,,사회 등급조정(2018.3),,
1914,하나투어,039130,미공개,미공개,미공개,B,2018,,,,,
1913,하나투어,039130,B,미공개,B,B,2019,,,,,
1912,하나투어,039130,B,D,B,B,2020,,,,,
1911,하나투어,039130,B+,B,A,B+,2021,,,,,
1910,하나투어,039130,B+,B+,B+,B+,2022,,,,,
1909,하나투어,039130,B+,B+,A,B+,2023,,,,,
1908,하나투어,039130,A,A,A,A,2024,,,,,
1907,하나투어,039130,B+,A,A,B+,2025,,,,,
1906,하림,136480,B,미공개,B+,B+,2019,,,,,
1905,하림,136480,B,C,B+,B+,2020,,,,,
1904,하림,136480,B+,B,A,B+,2021,,,,,
1903,하림,136480,B,C,B,B,2022,,,,,
1902,하림,136480,A,A,B+,A,2023,,,,,
1901,하림,136480,A,A,A,A,2024,,,,,
1900,하림,136480,A,A,A+,A,2025,,,,,
1899,하림지주,003380,B,미공개,B,B+,2019,,,,,
1898,하림지주,003380,B+,C,B+,A,2020,,,,,
1897,하림지주,003380,B+,B+,B+,B+,2021,통합 등급조정(2022.01),,,지배구조 등급조정(2022.01),
1896,하림지주,003380,C,B+,B+,C,2022,,,,,
1895,하림지주,003380,B+,A,A,B+,2023,,,,,
1894,하림지주,003380,B+,A,A,B+,2024,,,,,
1893,하림지주,003380,B+,A,A,B,2025,,,,,
1892,하이드로리튬,101670,D,D,D,D,2024,,,,,
1891,하이브,352820,C,D,D,B,2022,,,,,
1890,하이브,352820,C,B,B+,C,2023,,,,,
1889,하이브,352820,B+,B,A,B+,2024,,,,,
1888,하이브,352820,B+,B+,A,B+,2025,,,,,
1887,하이스틸,071090,미공개,미공개,미공개,미공개,2012,,,,,
1886,하이스틸,071090,미공개,미공개,미공개,B,2013,,,,,
1885,하이스틸,071090,미공개,미공개,미공개,B,2014,,,,,
1884,하이스틸,071090,미공개,미공개,미공개,B,2015,,,,,
1883,하이스틸,071090,미공개,미공개,미공개,B,2016,,,,,
1882,하이스틸,071090,미공개,미공개,미공개,B,2017,,,,,
1881,하이스틸,071090,미공개,미공개,미공개,B,2018,,,,,
1880,하이스틸,071090,미공개,미공개,미공개,C,2019,,,,,
1879,하이스틸,071090,B,B,C,B,2020,,,,,
1878,하이스틸,071090,B,C,B,B+,2021,,,,,
1877,하이스틸,071090,C,D,C,B,2022,,,,,
1876,하이스틸,071090,C,C,C,C,2023,,,,,
1875,하이스틸,071090,C,C,C,C,2024,,,,,
1874,하이스틸,071090,D,C,C,D,2025,,,,,
1873,하이투자증권,814270,등급없음,등급없음,등급없음,A,2019,,,,,
1872,하이투자증권,814270,등급없음,등급없음,등급없음,A,2020,,,,,
1871,하이투자증권,814270,등급없음,등급없음,등급없음,B+,2021,,,,,
1870,하이투자증권,814270,등급없음,등급없음,등급없음,B+,2022,,,,,
1869,하이투자증권,814270,등급없음,등급없음,등급없음,B+,2023,,,,,
1868,하이투자증권,814270,등급없음,등급없음,등급없음,B+,2024,,,,,
1867,하이트론씨스템즈,019490,미공개,미공개,미공개,미공개,2012,,,,,
1866,하이트론씨스템즈,019490,미공개,미공개,미공개,B,2013,,,,,
1865,하이트론씨스템즈,019490,미공개,미공개,미공개,B,2014,,,,,
1864,하이트론씨스템즈,019490,미공개,미공개,미공개,B,2015,,,,,
1863,하이트론씨스템즈,019490,미공개,미공개,미공개,B,2016,,,,,
1862,하이트론씨스템즈,019490,미공개,미공개,미공개,B,2017,,,,,
1861,하이트론씨스템즈,019490,미공개,미공개,미공개,B,2018,,,,,
1860,하이트론씨스템즈,019490,미공개,미공개,미공개,B,2019,,,,,
1859,하이트론씨스템즈,019490,B,D,B,B+,2020,,,,,
1858,하이트론씨스템즈,019490,C,D,C,B+,2021,,,,,
1857,하이트론씨스템즈,019490,D,D,D,D,2022,,,,,
1856,하이트진로,000080,B+,B+,미공개,B+,2012,,,,,
1855,하이트진로,000080,B+,B+,B+,B,2013,,,,,
1854,하이트진로,000080,B+,B+,미공개,B+,2014,,,,,
1853,하이트진로,000080,미공개,B+,미공개,B,2015,,,,,
1852,하이트진로,000080,미공개,B+,미공개,C,2016,,,사회 등급조정(2016.8),,
1851,하이트진로,000080,B+,B+,B+,B,2017,,,,,
1850,하이트진로,000080,미공개,B+,미공개,D,2018,,,,지배구조 등급조정(2019.4),
1849,하이트진로,000080,B,B,B+,B,2019,,,,,
1848,하이트진로,000080,B,B,B,B,2020,,,,,
1847,하이트진로,000080,B+,B+,A,B,2021,,,,지배구조 등급조정(2022.01),
1846,하이트진로,000080,B,B,B+,B,2022,,,,,
1845,하이트진로,000080,B,A,A,C,2023,,,,,
1844,하이트진로,000080,B+,A,A,B,2024,,,,,
1843,하이트진로,000080,B,B+,A,C,2025,,,,,
1842,하이트진로홀딩스,000140,미공개,미공개,미공개,미공개,2012,,,,,
1841,하이트진로홀딩스,000140,미공개,미공개,미공개,B+,2013,,,,,
1840,하이트진로홀딩스,000140,미공개,미공개,미공개,B,2014,,,,,
1839,하이트진로홀딩스,000140,미공개,미공개,미공개,B,2015,,,,,
1838,하이트진로홀딩스,000140,미공개,미공개,미공개,B+,2016,,,,,
1837,하이트진로홀딩스,000140,미공개,미공개,미공개,B+,2017,,,,,
1836,하이트진로홀딩스,000140,미공개,미공개,미공개,B,2018,,,,,
1835,하이트진로홀딩스,000140,B,미공개,B+,B,2019,,,,,
1834,하이트진로홀딩스,000140,B,C,B,B,2020,,,,,
1833,하이트진로홀딩스,000140,B+,B+,A,B,2021,,,,지배구조 등급조정(2022.01),
1832,하이트진로홀딩스,000140,B,B,B+,B,2022,,,,,
1831,하이트진로홀딩스,000140,B+,A,A,B,2023,,,,,
1830,하이트진로홀딩스,000140,B+,A,A,B,2024,,,,,
1829,하이트진로홀딩스,000140,C,B+,A,C,2025,,,,,
1828,한국가스공사,036460,B+,B+,B+,B+,2012,,,,,
1827,한국가스공사,036460,B+,B+,A,B+,2013,,,,,
1826,한국가스공사,036460,A,A,A,A,2014,,,,,
1825,한국가스공사,036460,B+,A,B+,B+,2015,,,,,
1824,한국가스공사,036460,B+,A,미공개,B+,2016,,,사회 등급조정(2017.2),,
1823,한국가스공사,036460,B+,A,B+,B+,2017,,,,,
1822,한국가스공사,036460,B+,B+,A,B+,2018,,,,,
1821,한국가스공사,036460,A,B+,A+,B+,2019,,,,,
1820,한국가스공사,036460,A,B+,A+,B+,2020,,,,,
1819,한국가스공사,036460,B+,B+,A,B+,2021,,,,,
1818,한국가스공사,036460,B+,B+,A,B+,2022,,,,,
1817,한국가스공사,036460,A,A,A+,B+,2023,,,,,
1816,한국가스공사,036460,A,A,A+,A,2024,,,,,
1815,한국가스공사,036460,A,A,A+,B+,2025,,,,,
1814,한국개발금융,010460,미공개,미공개,미공개,미공개,2012,,,,,
1813,한국공항,005430,미공개,미공개,미공개,미공개,2012,,,,,
1812,한국공항,005430,미공개,미공개,B+,C,2013,,,,,
1811,한국공항,005430,미공개,미공개,B+,C,2014,,,,,
1810,한국공항,005430,미공개,미공개,미공개,D,2015,,,,,
1809,한국공항,005430,미공개,미공개,미공개,C,2016,,,,,
1808,한국공항,005430,미공개,미공개,미공개,C,2017,,,,,
1807,한국공항,005430,미공개,미공개,미공개,C,2018,,,,,
1806,한국공항,005430,B,미공개,B,B,2019,,,,,
1805,한국공항,005430,C,D,B,B,2020,,,,,
1804,한국공항,005430,B,D,B,B+,2021,,,,,
1803,한국공항,005430,C,C,B+,C,2022,,,,,
1802,한국공항,005430,B+,A,B,B+,2023,,,,,
1801,한국공항,005430,A,A,A,B+,2024,,,,,
1800,한국공항,005430,A,A,A+,B+,2025,,,,,
1799,한국금융지주,071050,미공개,미공개,미공개,A,2012,,,,,
1798,한국금융지주,071050,미공개,미공개,미공개,A,2013,,,,,
1797,한국금융지주,071050,미공개,미공개,미공개,A,2014,,,,,
1796,한국금융지주,071050,미공개,미공개,미공개,A,2015,,,,,
1795,한국금융지주,071050,미공개,미공개,미공개,A+,2016,,,,,
1794,한국금융지주,071050,미공개,미공개,미공개,A,2017,,,,,
1793,한국금융지주,071050,미공개,미공개,B+,미공개,2018,,,,,
1792,한국금융지주,071050,B,미공개,B+,B+,2019,,,,,
1791,한국금융지주,071050,B,D,B+,B+,2020,,,,,
1790,한국금융지주,071050,B+,C,A,B+,2021,,,,,
1789,한국금융지주,071050,B,D,B+,B+,2022,,,,,
1788,한국금융지주,071050,B+,C,B+,B+,2023,,,,,
1787,한국금융지주,071050,B+,B+,B+,B+,2024,,,,,
1786,한국금융지주,071050,B,B,B+,B,2025,,,,,
1785,한국기업평가,034950,B,D,B,B+,2021,,,,,
1784,한국내화,010040,미공개,미공개,미공개,미공개,2012,,,,,
1783,한국내화,010040,미공개,미공개,미공개,B,2013,,,,,
1782,한국내화,010040,미공개,미공개,미공개,C,2014,,,,,
1781,한국내화,010040,미공개,미공개,미공개,B,2015,,,,,
1780,한국내화,010040,미공개,미공개,미공개,C,2016,,,,,
1779,한국내화,010040,미공개,미공개,미공개,C,2017,,,,,
1778,한국내화,010040,미공개,미공개,미공개,D,2018,,,,,
1777,한국내화,010040,미공개,미공개,미공개,D,2019,,,,,
1776,한국내화,010040,C,C,B,D,2020,,,,,
1775,한국내화,010040,B,B,B,B,2021,,,,,
1774,한국내화,010040,C,C,B+,D,2022,,,,,
1773,한국내화,010040,C,B+,B+,D,2023,,,,,
1772,한국내화,010040,B+,B+,A,B,2024,,,,,
1771,한국내화,010040,C,B+,A,D,2025,,,,,
1770,한국단자공업,025540,미공개,미공개,미공개,미공개,2012,,,,,
1769,한국단자공업,025540,미공개,미공개,미공개,B,2013,,,,,
1768,한국단자공업,025540,미공개,미공개,미공개,B,2014,,,,,
1767,한국단자공업,025540,미공개,미공개,미공개,B,2015,,,,,
1766,한국단자공업,025540,미공개,미공개,미공개,B,2016,,,,,
1765,한국단자공업,025540,미공개,미공개,미공개,B+,2017,,,,,
1764,한국단자공업,025540,미공개,미공개,미공개,B,2018,,,,,
1763,한국단자공업,025540,미공개,미공개,미공개,C,2019,,,,,
1762,한국단자공업,025540,C,C,B,B,2020,,,,,
1761,한국단자공업,025540,C,C,C,B+,2021,,,,,
1760,한국단자공업,025540,D,D,C,C,2022,,,,,
1759,한국단자공업,025540,C,C,B,C,2023,,,,,
1758,한국단자공업,025540,C,C,C,C,2024,,,,,
1757,한국단자공업,025540,B,B+,A,C,2025,,,,,
1756,한국무브넥스,010100,C,C,C,C,2023,,,,,
1755,한국무브넥스,010100,C,B,C,C,2024,,,,,
1754,한국무브넥스,010100,C,B,B,D,2025,,,,,
1753,한국비엔씨,256840,D,D,D,C,2022,,,,,
1752,한국비엔씨,256840,D,D,D,D,2023,,,,,
1751,한국석유공업,004090,미공개,미공개,미공개,미공개,2012,,,,,
1750,한국석유공업,004090,미공개,미공개,미공개,B,2013,,,,,
1749,한국석유공업,004090,미공개,미공개,미공개,B,2014,,,,,
1748,한국석유공업,004090,미공개,미공개,미공개,B,2015,,,,,
1747,한국석유공업,004090,미공개,미공개,미공개,B,2016,,,,,
1746,한국석유공업,004090,미공개,미공개,미공개,B,2017,,,,,
1745,한국석유공업,004090,미공개,미공개,미공개,C,2018,,,,,
1744,한국석유공업,004090,미공개,미공개,B,B,2019,,,,,
1743,한국석유공업,004090,C,C,C,B,2020,,,,,
1742,한국석유공업,004090,B+,B,B+,B+,2021,,,,,
1741,한국석유공업,004090,B,D,B,B+,2022,,,,,
1740,한국석유공업,004090,B+,B+,B+,B+,2023,,,,,
1739,한국석유공업,004090,B+,B+,B+,A,2024,,,,,
1738,한국석유공업,004090,B+,B+,B+,A,2025,,,,,
1737,한국수출포장공업,002200,미공개,B+,미공개,미공개,2012,,,,,
1736,한국수출포장공업,002200,미공개,B+,미공개,B,2013,,,,,
1735,한국수출포장공업,002200,미공개,B+,미공개,B,2014,,,,,
1734,한국수출포장공업,002200,미공개,B+,미공개,B,2015,,,,,
1733,한국수출포장공업,002200,미공개,B+,미공개,B,2016,,,사회 등급조정(2016.8),,
1732,한국수출포장공업,002200,미공개,B+,미공개,B,2017,,,,,
1731,한국수출포장공업,002200,미공개,B+,미공개,B,2018,,,,,
1730,한국수출포장공업,002200,미공개,B+,미공개,C,2019,,,,,
1729,한국수출포장공업,002200,B,B,C,B,2020,,,,,
1728,한국수출포장공업,002200,B,B,C,B+,2021,,,,,
1727,한국수출포장공업,002200,D,C,D,D,2022,,,,,
1726,한국수출포장공업,002200,D,C,D,D,2023,,,,,
1725,한국수출포장공업,002200,C,C,D,C,2024,,,,,
1724,한국수출포장공업,002200,C,C,C,B,2025,,,,,
1723,한국쉘석유,002960,B+,B+,B+,미공개,2012,,,,,
1722,한국쉘석유,002960,B+,B+,B+,B+,2013,,,,,
1721,한국쉘석유,002960,B+,B+,B+,B+,2014,,,,,
1720,한국쉘석유,002960,B+,미공개,B+,B+,2015,,,,,
1719,한국쉘석유,002960,미공개,미공개,미공개,B+,2016,,,,,
1718,한국쉘석유,002960,미공개,미공개,미공개,B+,2017,,,,,
1717,한국쉘석유,002960,미공개,미공개,미공개,B+,2018,,,,,
1716,한국쉘석유,002960,미공개,미공개,미공개,B+,2019,,,,,
1715,한국쉘석유,002960,B,C,B+,B,2020,,,,,
1714,한국쉘석유,002960,B,C,B+,B+,2021,,,,,
1713,한국쉘석유,002960,C,C,C,B,2022,,,,,
1712,한국쉘석유,002960,C,C,C,B+,2023,,,,,
1711,한국쉘석유,002960,D,D,D,C,2024,,,,,
1710,한국쉘석유,002960,C,D,C,B,2025,,,,,
1709,한국스탠다드차타드은행,000110,등급없음,등급없음,등급없음,A+,2019,,,,,
1708,한국스탠다드차타드은행,000110,등급없음,등급없음,등급없음,A+,2020,,,,,
1707,한국스탠다드차타드은행,000110,등급없음,등급없음,등급없음,A+,2021,,,,,
1706,한국스탠다드차타드은행,000110,등급없음,등급없음,등급없음,A+,2022,,,,,
1705,한국스탠다드차타드은행,000110,등급없음,등급없음,등급없음,A+,2023,,,,,
1704,한국스탠다드차타드은행,000110,등급없음,등급없음,등급없음,A+,2024,,,,,
1703,한국스탠다드차타드은행,000110,등급없음,등급없음,등급없음,A+,2025,,,,,
1702,한국씨티은행,016830,등급없음,등급없음,등급없음,B+,2020,,,,,
1701,한국씨티은행,016830,등급없음,등급없음,등급없음,B+,2021,,,,,
1700,한국씨티은행,016830,등급없음,등급없음,등급없음,B,2022,,,,,
1699,한국씨티은행,016830,등급없음,등급없음,등급없음,B+,2023,,,,,
1698,한국씨티은행,016830,등급없음,등급없음,등급없음,B+,2024,,,,,
1697,한국씨티은행,016830,등급없음,등급없음,등급없음,B+,2025,,,,,
1696,한국아트라스비엑스,023890,B+,B,B,B+,2020,,,,,
1695,한국앤컴퍼니,000240,A,B+,A+,B+,2021,,,,,
1694,한국앤컴퍼니,000240,B,C,B,B+,2022,,,,,
1693,한국앤컴퍼니,000240,B+,B+,A,B+,2023,,,,,
1692,한국앤컴퍼니,000240,B,B+,A,C,2024,통합 등급조정(2025.07.),,,지배구조 등급조정(2025.07.),
1691,한국앤컴퍼니,000240,B,B+,A+,C,2025,통합 등급조정(2025.11.),,,지배구조 등급조정(2025.11.),
1690,한국유리공업,002000,미공개,미공개,미공개,C,2013,,,,,
1689,한국유리공업,002000,미공개,미공개,미공개,C,2014,,,,,
1688,한국유리공업,002000,미공개,B+,미공개,D,2015,,,,,
1687,한국유리공업,002000,미공개,B+,미공개,C,2016,,,,,
1686,한국유리공업,002000,미공개,B+,미공개,C,2017,,,,,
1685,한국유리공업,002000,미공개,B+,미공개,C,2018,,,,,
1684,한국자산신탁,123890,미공개,미공개,미공개,B+,2017,,,,,
1683,한국자산신탁,123890,미공개,미공개,미공개,미공개,2018,,,,,
1682,한국자산신탁,123890,미공개,미공개,미공개,C,2019,,,,,
1681,한국자산신탁,123890,C,D,B,C,2020,,,,,
1680,한국자산신탁,123890,C,C,B+,C,2021,,,,,
1679,한국자산신탁,123890,C,C,D,B,2022,,,,,
1678,한국자산신탁,123890,C,C,C,B,2023,,,,,
1677,한국자산신탁,123890,C,C,D,C,2024,,,,,
1676,한국자산신탁,123890,D,C,C,D,2025,,,,,
1675,한국전력공사,015760,A,A,A,B+,2012,,,,,
1674,한국전력공사,015760,A,A,A,B+,2013,,,,,
1673,한국전력공사,015760,A,A,B+,A,2014,,,,,
1672,한국전력공사,015760,B+,B+,B+,B+,2015,,,,,
1671,한국전력공사,015760,B+,B+,A+,C,2016,,환경 등급조정(2017.2),,지배구조 등급조정(2017.2),
1670,한국전력공사,015760,B+,B+,A,B+,2017,,,,,
1669,한국전력공사,015760,B+,A,B+,B+,2018,통합 등급조정(2019.4),,사회 등급조정(2019.4),,
1668,한국전력공사,015760,B+,B,B+,B+,2019,,환경 등급조정(2020.1),,,
1667,한국전력공사,015760,A,B+,A,A,2020,,,,,
1666,한국전력공사,015760,B+,B+,B+,B+,2021,,,,지배구조 등급조정(2022.07),
1665,한국전력공사,015760,B,B,B,B+,2022,,,사회 등급조정(2022.11),,
1664,한국전력공사,015760,B+,B,A,A,2023,,,,,
1663,한국전력공사,015760,B,C,D,A,2024,,,,,
1662,한국전력공사,015760,C,C,D,B+,2025,,,,,
1661,한국전자홀딩스,006200,미공개,미공개,미공개,미공개,2012,,,,,
1660,한국전자홀딩스,006200,미공개,미공개,미공개,C,2013,,,,,
1659,한국전자홀딩스,006200,미공개,미공개,미공개,C,2014,,,,,
1658,한국전자홀딩스,006200,미공개,미공개,미공개,B,2015,,,,,
1657,한국전자홀딩스,006200,미공개,미공개,미공개,B,2016,,,,,
1656,한국전자홀딩스,006200,미공개,미공개,미공개,C,2017,,,,,
1655,한국전자홀딩스,006200,미공개,미공개,미공개,C,2018,,,,,
1654,한국전자홀딩스,006200,B,미공개,B,B,2019,,,,,
1653,한국전자홀딩스,006200,C,C,B,C,2020,,,,,
1652,한국전자홀딩스,006200,B,B,B+,B,2021,,,,,
1651,한국전자홀딩스,006200,D,C,D,D,2022,,,,,
1650,한국전자홀딩스,006200,D,C,C,D,2023,,,,,
1649,한국전자홀딩스,006200,D,C,D,D,2024,,,,,
1648,한국전자홀딩스,006200,D,C,D,D,2025,,,,,
1647,한국정보인증,053300,B,D,B+,B,2020,,,,,
1646,한국정보인증,053300,B,D,B+,B,2021,,,,,
1645,한국정보인증,053300,C,D,C,C,2022,,,,,
1644,한국정보인증,053300,D,D,C,D,2023,,,,,
1643,한국정보인증,053300,D,D,C,D,2024,,,,,
1642,한국정보인증,053300,D,D,C,D,2025,,,,,
1641,한국정보통신,025770,미공개,미공개,미공개,B,2019,,,,,
1640,한국정보통신,025770,C,D,D,B,2024,,,,,
1639,한국제지,002300,미공개,B+,미공개,미공개,2012,,,,,
1638,한국제지,002300,미공개,B+,미공개,B,2013,,,,,
1637,한국제지,002300,미공개,B+,미공개,B,2014,,,,,
1636,한국제지,002300,미공개,B+,미공개,C,2015,,,,,
1635,한국제지,002300,미공개,B+,미공개,B,2016,,,,,
1634,한국제지,002300,B+,B+,B+,B,2017,,,,,
1633,한국제지,002300,B+,B+,B+,B,2018,,,,,
1632,한국제지,002300,B+,B+,B+,B,2019,,,,,
1631,한국제지,027970,C,C,C,C,2023,,,,,
1630,한국제지,027970,C,C,C,C,2024,,,,,
1629,한국제지,027970,D,C,D,D,2025,,,사회 등급조정(2026.07.),,
1628,한국조선해양,009540,B+,B+,C,A,2020,통합 등급조정(2020.10),,"사회 등급조정(2020.10, 2021.4, 2021.7)",,
1627,한국조선해양,009540,A,A,B+,A,2021,,,사회 등급조정(2021.10),,
1626,한국조선해양,009540,B+,B+,A,B+,2022,,,,,
1625,한국종합기술,023350,미공개,미공개,미공개,B,2013,,,,,
1624,한국종합기술,023350,미공개,미공개,미공개,B,2014,,,,,
1623,한국종합기술,023350,미공개,미공개,미공개,B,2015,,,,,
1622,한국종합기술,023350,미공개,미공개,미공개,B+,2016,,,,,
1621,한국종합기술,023350,미공개,미공개,미공개,B+,2017,,,,,
1620,한국종합기술,023350,미공개,B+,미공개,B,2018,,,,,
1619,한국종합기술,023350,B,B,미공개,B+,2019,,,,,
1618,한국종합기술,023350,B,B,C,B,2020,,,,,
1617,한국종합기술,023350,B,B,C,B+,2021,,,,,
1616,한국종합기술,023350,C,D,C,B,2022,,,,,
1615,한국종합기술,023350,C,C,C,B,2023,,,,,
1614,한국종합기술,023350,B,C,B,B+,2024,,,,,
1613,한국종합기술,023350,B,C,B,B,2025,,,,,
1612,한국주강,025890,미공개,미공개,미공개,미공개,2012,,,,,
1611,한국주강,025890,미공개,미공개,미공개,C,2013,,,,,
1610,한국주강,025890,미공개,미공개,미공개,C,2014,,,,,
1609,한국주강,025890,미공개,미공개,미공개,C,2015,,,,,
1608,한국주강,025890,미공개,미공개,미공개,C,2016,,,,,
1607,한국주강,025890,미공개,미공개,미공개,C,2017,,,,,
1606,한국주강,025890,미공개,미공개,미공개,C,2018,,,,,
1605,한국주강,025890,미공개,미공개,미공개,C,2019,,,,,
1604,한국주강,025890,C,D,C,C,2020,,,,,
1603,한국주강,025890,D,D,D,C,2021,,,,,
1602,한국주강,025890,D,D,D,D,2022,,,,,
1601,한국주강,025890,D,D,D,D,2023,,,,,
1600,한국주강,025890,D,D,D,D,2024,,,,,
1599,한국주강,025890,D,D,D,D,2025,,,,,
1598,한국주철관공업,000970,미공개,미공개,미공개,미공개,2012,,,,,
1597,한국주철관공업,000970,미공개,미공개,미공개,C,2013,,,,,
1596,한국주철관공업,000970,미공개,미공개,미공개,B,2014,,,,,
1595,한국주철관공업,000970,미공개,미공개,미공개,C,2015,,,,,
1594,한국주철관공업,000970,미공개,미공개,미공개,C,2016,,,,,
1593,한국주철관공업,000970,미공개,미공개,미공개,B,2017,,,,,
1592,한국주철관공업,000970,미공개,미공개,미공개,D,2018,,,,,
1591,한국주철관공업,000970,미공개,미공개,미공개,B,2019,,,,,
1590,한국주철관공업,000970,C,C,C,B,2020,,,,,
1589,한국주철관공업,000970,C,C,C,B,2021,,,,,
1588,한국주철관공업,000970,D,C,C,D,2022,,,,,
1587,한국주철관공업,000970,D,C,D,D,2023,,,,,
1586,한국주철관공업,000970,D,C,D,D,2024,,,,,
1585,한국주철관공업,000970,D,C,D,D,2025,,,,,
1584,한국철강,104700,B+,미공개,B+,B+,2012,,,,,
1583,한국철강,104700,B+,B+,미공개,B+,2013,,,,,
1582,한국철강,104700,B+,B+,미공개,B+,2014,,,,,
1581,한국철강,104700,미공개,B+,미공개,B,2015,,,,,
1580,한국철강,104700,미공개,B+,B+,C,2016,,,,,
1579,한국철강,104700,B+,B+,B+,B,2017,,,,,
1578,한국철강,104700,미공개,B+,미공개,B,2018,,,,,
1577,한국철강,104700,B,B+,미공개,B+,2019,,,,,
1576,한국철강,104700,C,B+,B,C,2020,,,,,
1575,한국철강,104700,B,B,B,B+,2021,,,,,
1574,한국철강,104700,C,C,D,B,2022,,,,,
1573,한국철강,104700,C,C,D,B,2023,,,,,
1572,한국철강,104700,C,C,D,C,2024,,,,,
1571,한국철강,104700,C,C,B,C,2025,,,,,
1570,한국카본,017960,미공개,B+,미공개,미공개,2012,,,,,
1569,한국카본,017960,미공개,미공개,미공개,B,2013,,,,,
1568,한국카본,017960,미공개,미공개,미공개,B,2014,,,,,
1567,한국카본,017960,미공개,미공개,미공개,C,2015,,,,,
1566,한국카본,017960,미공개,미공개,미공개,C,2016,,,,,
1565,한국카본,017960,미공개,미공개,미공개,C,2017,,,,,
1564,한국카본,017960,미공개,미공개,미공개,B,2018,,,,,
1563,한국카본,017960,B,B,B,B,2019,,,,,
1562,한국카본,017960,B+,B,B,B+,2020,,,,,
1561,한국카본,017960,B,B,B+,B,2021,,,,,
1560,한국카본,017960,C,B+,A,D,2022,,,,,
1559,한국카본,017960,B,B+,B+,C,2023,,,,,
1558,한국카본,017960,C,B+,B+,D,2024,,,,,
1557,한국카본,017960,C,B+,B,D,2025,,,,,
1556,한국카카오은행,800197,등급없음,등급없음,등급없음,B+,2019,,,,,
1555,한국카카오은행,800197,등급없음,등급없음,등급없음,A,2020,,,,,
1554,한국카카오은행,800197,등급없음,등급없음,등급없음,B+,2021,,,,,
1553,한국캐피탈,023760,미공개,미공개,미공개,D,2019,,,,,
1552,한국캐피탈,023760,B,D,B,B,2020,,,,,
1551,한국캐피탈,023760,C,D,D,B,2021,,,,,
1550,한국캐피탈,023760,D,D,D,C,2022,,,,,
1549,한국캐피탈,023760,D,D,D,C,2023,,,,,
1548,한국캐피탈,023760,C,D,D,B,2024,,,,,
1547,한국캐피탈,023760,C,D,C,B,2025,,,,,
1546,한국콜마,161890,미공개,미공개,미공개,C,2014,,,,,
1545,한국콜마,161890,미공개,미공개,미공개,C,2015,,,,,
1544,한국콜마,161890,미공개,미공개,미공개,C,2016,,,,,
1543,한국콜마,161890,미공개,미공개,미공개,B,2017,,,,,
1542,한국콜마,161890,미공개,B+,B+,D,2018,,,,,
1541,한국콜마,161890,B,B,B,B,2019,,,,,
1540,한국콜마,161890,B+,B,B+,B+,2020,,,,,
1539,한국콜마,161890,B+,B+,A,B+,2021,,,,,
1538,한국콜마,161890,B+,B+,B+,B+,2022,,,,,
1537,한국콜마,161890,A,A,A+,A,2023,,,,,
1536,한국콜마,161890,A,A,A+,A,2024,,,,,
1535,한국콜마,161890,A,A,A+,B+,2025,,,,,
1534,한국콜마홀딩스,024720,미공개,미공개,미공개,미공개,2012,,,,,
1533,한국콜마홀딩스,024720,미공개,미공개,미공개,C,2013,,,,,
1532,한국콜마홀딩스,024720,미공개,미공개,미공개,C,2014,,,,,
1531,한국콜마홀딩스,024720,미공개,미공개,미공개,B,2015,,,,,
1530,한국콜마홀딩스,024720,미공개,미공개,미공개,B,2016,,,,,
1529,한국콜마홀딩스,024720,미공개,미공개,미공개,C,2017,통합 등급조정(2017.8),,,지배구조 등급조정(2017.8),
1528,한국콜마홀딩스,024720,미공개,미공개,미공개,C,2018,,,,,
1527,한국콜마홀딩스,024720,B+,B,B,B+,2019,,,,,
1526,한국콜마홀딩스,024720,B,B,B,B,2020,,,,,
1525,한국콜마홀딩스,024720,B+,B,B+,A,2021,,,,,
1524,한국콜마홀딩스,024720,B+,B+,B+,B+,2022,,,,,
1523,한국타이어,161390,A,A,A,B+,2014,,,,,
1522,한국타이어,161390,A,A+,A,B+,2015,,,사회 등급조정(2015.8),,
1521,한국타이어,161390,A,A+,A+,B+,2016,,,,,
1520,한국타이어,161390,B+,A,미공개,B+,2017,,,,,
1519,한국타이어,161390,B+,A,A+,B,2018,,,,,
1518,한국타이어,161390,B+,A,A+,B,2019,통합 등급조정(2020.1),,,지배구조 등급조정(2020.1),
1517,한국타이어앤테크놀로지,161390,B+,A,A,B,2020,통합 등급조정(2020.10),,사회 등급조정(2021.4),지배구조 등급조정(2020.10),
1516,한국타이어앤테크놀로지,161390,B+,B+,A,B,2021,,,사회 등급조정(2021.10),,
1515,한국타이어앤테크놀로지,161390,B,B,A,C,2022,통합 등급조정(2023.),환경 등급조정(2023.),,지배구조 등급조정(2023.),
1514,한국타이어앤테크놀로지,161390,B,B+,A+,D,2023,,환경 등급조정(2023.10.),,,
1513,한국타이어앤테크놀로지,161390,C,B+,A,D,2024,,,,,
1512,한국타이어앤테크놀로지,161390,A,B+,A+,B+,2025,,,,지배구조 등급조정(2025.11.),
1511,한국타이어월드와이드,000240,A,A,A,B+,2012,,,,,
1510,한국타이어월드와이드,000240,A,A,A,B+,2013,,,,,
1509,한국타이어월드와이드,000240,B+,B+,A,B+,2014,,,,,
1508,한국타이어월드와이드,000240,B+,B+,A,B,2015,,,,,
1507,한국타이어월드와이드,000240,A,B+,A+,A,2016,,,,,
1506,한국타이어월드와이드,000240,B+,미공개,A,B+,2017,,,,,
1505,한국타이어월드와이드,000240,미공개,미공개,A,C,2018,,,,,
1504,한국테크놀로지그룹,000240,B+,B+,A+,B,2019,통합 등급조정(2020.1),,,지배구조 등급조정(2020.1),
1503,한국테크놀로지그룹,000240,B,B+,B+,B,2020,통합 등급조정(2020.10),,,지배구조 등급조정(2020.10),
1502,한국토지신탁,034830,미공개,미공개,B+,B+,2017,,,,,
1501,한국토지신탁,034830,미공개,미공개,미공개,미공개,2018,,,,,
1500,한국토지신탁,034830,미공개,미공개,미공개,C,2019,,,,,
1499,한국토지신탁,034830,C,D,B,C,2020,,,,,
1498,한국토지신탁,034830,C,D,C,C,2021,,,,,
1497,한국토지신탁,034830,C,D,C,C,2022,,,,,
1496,한국토지신탁,034830,C,D,C,B,2023,,,,,
1495,한국토지신탁,034830,D,D,C,D,2024,통합 등급조정(2024.10.),,,지배구조 등급조정(2024.10.),
1494,한국토지신탁,034830,D,D,C,D,2025,,,,,
1493,한국투자증권,804504,등급없음,등급없음,등급없음,B,2019,,,,,
1492,한국투자증권,804504,등급없음,등급없음,등급없음,B+,2020,,,,,
1491,한국투자증권,804504,등급없음,등급없음,등급없음,B,2021,,,,지배구조 등급조정(2022.07),
1490,한국투자증권,804504,등급없음,등급없음,등급없음,B,2022,,,,지배구조 등급조정(2022.11),
1489,한국투자증권,804504,등급없음,등급없음,등급없음,B,2023,,,,,
1488,한국투자증권,804504,등급없음,등급없음,등급없음,C,2024,,,,지배구조 등급조정(2025.07.),
1487,한국투자증권,804504,등급없음,등급없음,등급없음,D,2025,,,,지배구조 등급조정(2025.11.),
1486,한국투자캐피탈,833339,등급없음,등급없음,등급없음,B,2024,,,,,
1485,한국투자캐피탈,833339,등급없음,등급없음,등급없음,B,2025,,,,,
1484,한국특강,007280,B,B,B,B,2020,,,,,
1483,한국특강,007280,C,C,B,B,2021,통합 등급조정(2022.01),,,지배구조 등급조정(2022.01),
1482,한국특강,007280,D,C,C,D,2022,,,,,
1481,한국특강,007280,C,C,C,C,2023,,,,,
1480,한국특강,007280,C,C,C,C,2024,,,,,
1479,한국특강,007280,D,C,C,D,2025,,,,,
1478,한국특수형강,007280,미공개,미공개,미공개,미공개,2012,,,,,
1477,한국특수형강,007280,미공개,미공개,미공개,B,2013,,,,,
1476,한국특수형강,007280,미공개,미공개,미공개,B,2014,,,,,
1475,한국특수형강,007280,미공개,미공개,미공개,B,2015,,,,,
1474,한국특수형강,007280,미공개,미공개,미공개,C,2016,,,,,
1473,한국프랜지공업,010100,미공개,미공개,미공개,미공개,2012,,,,,
1472,한국프랜지공업,010100,미공개,미공개,미공개,C,2013,,,,,
1471,한국프랜지공업,010100,미공개,미공개,미공개,C,2014,,,,,
1470,한국프랜지공업,010100,미공개,미공개,미공개,C,2015,,,,,
1469,한국프랜지공업,010100,미공개,미공개,미공개,C,2016,,,,,
1468,한국프랜지공업,010100,미공개,B+,미공개,B,2017,,,,,
1467,한국프랜지공업,010100,미공개,B+,미공개,C,2018,,,,,
1466,한국프랜지공업,010100,미공개,B,B,C,2019,,,,,
1465,한국프랜지공업,010100,C,B,B+,C,2020,,,,,
1464,한국프랜지공업,010100,B,B,B+,B,2021,,,,,
1463,한국프랜지공업,010100,D,D,C,C,2022,,,,,
1462,한국항공우주,047810,미공개,미공개,미공개,미공개,2012,,,,,
1461,한국항공우주,047810,B+,미공개,B+,B+,2013,,,,,
1460,한국항공우주,047810,B+,B+,미공개,B+,2014,,,,,
1459,한국항공우주,047810,미공개,B+,미공개,B,2015,,,,,
1458,한국항공우주,047810,미공개,B+,미공개,B,2016,,,,,
1457,한국항공우주,047810,미공개,B+,미공개,B,2017,통합 등급조정(2018.3),,사회 등급조정(2017.8),지배구조 등급조정(2018.3),
1456,한국항공우주,047810,A,B+,A+,B+,2018,,,,지배구조 등급조정(2018.7),
1455,한국항공우주,047810,A,B+,A+,A,2019,,,,,
1454,한국항공우주,047810,A,A,A+,B+,2020,,,,지배구조 등급조정(2021.4),
1453,한국항공우주,047810,A,A,A+,B+,2021,,,,지배구조 등급조정(2021.10),
1452,한국항공우주,047810,C,B,A,D,2022,통합 등급조정(2023.07),,,지배구조 등급조정(2023.07),
1451,한국항공우주,047810,B+,B+,A,B+,2023,통합 등급조정(2023.10.),,,지배구조 등급조정(2023.10.),
1450,한국항공우주,047810,A,A,A,B+,2024,,,,,
1449,한국항공우주,047810,A,A,A,B+,2025,,,,,
1448,한국화장품,123690,미공개,미공개,미공개,미공개,2012,,,,,
1447,한국화장품,123690,미공개,미공개,미공개,B,2013,,,,,
1446,한국화장품,123690,미공개,미공개,미공개,C,2014,,,,,
1445,한국화장품,123690,미공개,미공개,미공개,C,2015,,,,,
1444,한국화장품,123690,미공개,미공개,미공개,C,2016,,,,,
1443,한국화장품,123690,미공개,미공개,미공개,B,2017,,,,,
1442,한국화장품,123690,미공개,미공개,미공개,B,2018,,,,,
1441,한국화장품,123690,B,미공개,B,B,2019,,,,,
1440,한국화장품,123690,B,D,B+,B,2020,,,,,
1439,한국화장품,123690,B,D,B,B,2021,,,,,
1438,한국화장품,123690,C,D,C,C,2022,,,,,
1437,한국화장품,123690,D,D,C,D,2023,,,,,
1436,한국화장품,123690,D,D,D,D,2024,,,,,
1435,한국화장품,123690,D,D,C,D,2025,,,,,
1434,한국화장품제조,003350,미공개,미공개,미공개,미공개,2012,,,,,
1433,한국화장품제조,003350,미공개,미공개,미공개,C,2013,,,,,
1432,한국화장품제조,003350,미공개,미공개,미공개,B,2014,,,,,
1431,한국화장품제조,003350,미공개,미공개,미공개,B,2015,,,,,
1430,한국화장품제조,003350,미공개,미공개,미공개,B,2016,,,,,
1429,한국화장품제조,003350,미공개,미공개,미공개,B,2017,,,,,
1428,한국화장품제조,003350,미공개,미공개,미공개,C,2018,,,,,
1427,한국화장품제조,003350,미공개,미공개,B,C,2019,,,,,
1426,한국화장품제조,003350,C,D,B,B,2020,,,,,
1425,한국화장품제조,003350,C,C,B,B,2021,,,,,
1424,한국화장품제조,003350,D,D,C,C,2022,,,,,
1423,한국화장품제조,003350,D,D,C,D,2023,,,,,
1422,한국화장품제조,003350,D,D,C,D,2024,,,,,
1421,한국화장품제조,003350,D,C,C,D,2025,,,,,
1420,한글과컴퓨터,030520,C,D,D,B,2023,,,,,
1419,한글과컴퓨터,030520,D,D,D,C,2024,,,,,
1418,한글과컴퓨터,030520,C,D,C,C,2025,,,,,
1417,한농화성,011500,미공개,미공개,미공개,미공개,2012,,,,,
1416,한농화성,011500,미공개,미공개,미공개,B,2013,,,,,
1415,한농화성,011500,미공개,미공개,미공개,B,2014,,,,,
1414,한농화성,011500,미공개,미공개,미공개,B,2015,,,,,
1413,한농화성,011500,미공개,미공개,미공개,B,2016,,,,,
1412,한농화성,011500,미공개,미공개,미공개,B,2017,,,,,
1411,한농화성,011500,미공개,미공개,미공개,B,2018,,,,,
1410,한농화성,011500,B,B,미공개,B,2019,,,,,
1409,한농화성,011500,C,C,C,B,2020,,,,,
1408,한농화성,011500,C,C,B,B,2021,,,,,
1407,한농화성,011500,D,D,D,D,2022,,,,,
1406,한농화성,011500,D,C,C,D,2023,,,,,
1405,한농화성,011500,D,C,D,D,2024,,,,,
1404,한농화성,011500,D,C,C,D,2025,,,,,
1403,한독,002390,B+,B+,B+,B+,2012,,,,,
1402,한독,002390,B+,B+,미공개,B+,2013,,,,,
1401,한독,002390,B+,B+,미공개,B+,2014,,,,,
1400,한독,002390,미공개,미공개,B+,B,2015,,,,,
1399,한독,002390,B+,B+,B+,B,2016,,,,,
1398,한독,002390,B+,B+,미공개,B+,2017,,,,,
1397,한독,002390,B+,B+,B+,B+,2018,,,,,
1396,한독,002390,B+,B+,B+,B+,2019,,,,,
1395,한독,002390,B+,B+,B+,B,2020,,,,,
1394,한독,002390,A,B+,A,A,2021,,,,,
1393,한독,002390,B+,B,A,B+,2022,,,,,
1392,한독,002390,A,A,A+,B+,2023,,,,,
1391,한독,002390,A,A,A+,B+,2024,,,,,
1390,한독,002390,A,A,A+,B+,2025,,,,,
1389,한라,014790,미공개,미공개,미공개,미공개,2012,,,,,
1388,한라,014790,B+,미공개,B+,B+,2013,,,,,
1387,한라,014790,미공개,미공개,B+,B,2014,,,,,
1386,한라,014790,미공개,미공개,미공개,C,2015,,,,,
1385,한라,014790,B+,미공개,B+,B+,2016,,,,,
1384,한라,014790,미공개,미공개,미공개,B,2017,,,,,
1383,한라,014790,미공개,미공개,B+,B,2018,,,,지배구조 등급조정(2018.7),
1382,한라,014790,B,B,B,B,2019,,,,,
1381,한라,014790,B+,B,B+,B+,2020,,,,,
1380,한라,014790,B+,B+,B+,B+,2021,,,사회 등급조정(2022.07),,
1379,한라홀딩스,060980,미공개,B+,미공개,미공개,2012,,,,,
1378,한라홀딩스,060980,미공개,B+,미공개,B,2013,,,,,
1377,한라홀딩스,060980,B+,B+,미공개,B+,2014,,,,,
1376,한라홀딩스,060980,미공개,미공개,미공개,C,2015,,,,,
1375,한라홀딩스,060980,미공개,미공개,미공개,B+,2016,,,,,
1374,한라홀딩스,060980,미공개,미공개,미공개,B,2017,,,,,
1373,한라홀딩스,060980,B+,미공개,A,B+,2018,,,,,
1372,한라홀딩스,060980,B+,B,B+,B+,2019,,,,,
1371,한라홀딩스,060980,B+,B,B+,A,2020,,,,,
1370,한라홀딩스,060980,A,B,A+,A,2021,,,,,
1369,한라홀딩스,060980,B+,B+,A,B+,2022,,,,,
1368,한미글로벌,053690,미공개,미공개,미공개,미공개,2012,,,,,
1367,한미글로벌,053690,미공개,미공개,미공개,B,2013,,,,,
1366,한미글로벌,053690,미공개,미공개,미공개,B,2014,,,,,
1365,한미글로벌,053690,미공개,미공개,미공개,B,2015,,,,,
1364,한미글로벌,053690,미공개,미공개,미공개,B,2016,,,,,
1363,한미글로벌,053690,미공개,미공개,미공개,B,2017,,,,,
1362,한미글로벌,053690,미공개,B+,B+,B,2018,,,,,
1361,한미글로벌,053690,B+,B,B,B+,2019,,,,,
1360,한미글로벌,053690,B+,B,B+,B+,2020,,,,,
1359,한미글로벌,053690,A,A,A,A,2021,,,,,
1358,한미글로벌,053690,B+,B+,A,B+,2022,,,,,
1357,한미글로벌,053690,B+,A,A+,B,2023,,,,,
1356,한미글로벌,053690,B+,A,A,B+,2024,,,,,
1355,한미글로벌,053690,B+,A,A+,B,2025,,,,,
1354,한미반도체,042700,미공개,미공개,미공개,미공개,2012,,,,,
1353,한미반도체,042700,미공개,미공개,미공개,B+,2013,,,,,
1352,한미반도체,042700,미공개,미공개,미공개,B,2014,,,,,
1351,한미반도체,042700,미공개,미공개,미공개,C,2015,,,,,
1350,한미반도체,042700,미공개,미공개,미공개,B,2016,,,,,
1349,한미반도체,042700,미공개,미공개,미공개,B,2017,,,,,
1348,한미반도체,042700,미공개,미공개,미공개,B,2018,,,,,
1347,한미반도체,042700,미공개,미공개,미공개,B,2019,,,,,
1346,한미반도체,042700,C,D,C,B,2020,,,,,
1345,한미반도체,042700,C,D,D,B,2021,,,,,
1344,한미반도체,042700,C,D,D,B,2022,,,,,
1343,한미반도체,042700,D,D,D,C,2023,,,,,
1342,한미반도체,042700,D,D,D,D,2024,,,,,
1341,한미반도체,042700,D,D,D,D,2025,,,,,
1340,한미사이언스,008930,미공개,미공개,미공개,미공개,2012,,,,,
1339,한미사이언스,008930,미공개,미공개,미공개,B,2013,,,,,
1338,한미사이언스,008930,미공개,미공개,미공개,B,2014,,,,,
1337,한미사이언스,008930,미공개,미공개,미공개,B,2015,,,,,
1336,한미사이언스,008930,미공개,미공개,미공개,C,2016,,,,,
1335,한미사이언스,008930,미공개,미공개,미공개,D,2017,,,,,
1334,한미사이언스,008930,미공개,미공개,B+,C,2018,,,,,
1333,한미사이언스,008930,미공개,B,A,D,2019,,,,,
1332,한미사이언스,008930,B,B,B,B,2020,,,,,
1331,한미사이언스,008930,A,B+,A+,A,2021,,,,,
1330,한미사이언스,008930,B+,B,A+,B,2022,,,,,
1329,한미사이언스,008930,B+,A,A,B,2023,,,,,
1328,한미사이언스,008930,B+,B+,A,B+,2024,,,,,
1327,한미사이언스,008930,B+,B+,A,B,2025,,,,,
1326,한미약품,128940,미공개,미공개,미공개,미공개,2012,,,,,
1325,한미약품,128940,B+,B+,B+,B,2013,,,,,
1324,한미약품,128940,B+,B+,B+,B+,2014,,,,,
1323,한미약품,128940,미공개,B+,B+,C,2015,,,,,
1322,한미약품,128940,미공개,미공개,B+,D,2016,,,,,
1321,한미약품,128940,미공개,미공개,B+,C,2017,,,,,
1320,한미약품,128940,B+,B+,A,B,2018,,,,,
1319,한미약품,128940,B+,B+,A+,B,2019,,,,,
1318,한미약품,128940,A,B+,A+,B+,2020,,,,,
1317,한미약품,128940,A,B+,A+,A,2021,,,,,
1316,한미약품,128940,B+,B,A+,B,2022,,,,,
1315,한미약품,128940,B+,A,A,B,2023,,,,,
1314,한미약품,128940,B,A,A+,C,2024,,,,,
1313,한미약품,128940,B,A,A+,C,2025,,,,,
1312,한샘,009240,미공개,미공개,미공개,미공개,2012,,,,,
1311,한샘,009240,미공개,미공개,미공개,B+,2013,,,,,
1310,한샘,009240,미공개,미공개,미공개,B+,2014,,,,,
1309,한샘,009240,미공개,미공개,미공개,B+,2015,,,,,
1308,한샘,009240,미공개,미공개,미공개,B+,2016,,,,,
1307,한샘,009240,미공개,미공개,미공개,C,2017,,,사회 등급조정(2018.3),,
1306,한샘,009240,미공개,미공개,미공개,B,2018,,,,,
1305,한샘,009240,B+,B,B+,B+,2019,,,,,
1304,한샘,009240,B+,B+,A+,B,2020,,,,,
1303,한샘,009240,A,B+,A+,A,2021,,,,,
1302,한샘,009240,A,B+,A,A,2022,,,,,
1301,한샘,009240,A,A,A,A,2023,,,,,
1300,한샘,009240,A,B+,A,A,2024,,,,,
1299,한샘,009240,B+,A,A+,B,2025,,,,,
1298,한섬,020000,미공개,미공개,미공개,미공개,2012,,,,,
1297,한섬,020000,미공개,미공개,미공개,B,2013,,,,,
1296,한섬,020000,미공개,미공개,미공개,B,2014,,,,,
1295,한섬,020000,미공개,미공개,미공개,B,2015,,,,,
1294,한섬,020000,미공개,미공개,미공개,B+,2016,,,,,
1293,한섬,020000,미공개,미공개,미공개,B,2017,,,,,
1292,한섬,020000,미공개,미공개,B+,B+,2018,,,,,
1291,한섬,020000,B,미공개,A,B+,2019,,,,,
1290,한섬,020000,A,B+,A,A,2020,,,,,
1289,한섬,020000,A,A,A+,A,2021,,,,,
1288,한섬,020000,B+,A,A,B,2022,,,,,
1287,한섬,020000,A,A,A+,A,2023,,,,,
1286,한섬,020000,A,A,A+,A,2024,,,,,
1285,한섬,020000,A,A,A+,A,2025,,,,,
1284,한성기업,003680,미공개,미공개,미공개,미공개,2012,,,,,
1283,한성기업,003680,미공개,미공개,미공개,C,2013,,,,,
1282,한성기업,003680,미공개,미공개,미공개,C,2014,,,,,
1281,한성기업,003680,미공개,미공개,미공개,C,2015,,,,,
1280,한성기업,003680,미공개,미공개,미공개,C,2016,,,,,
1279,한성기업,003680,미공개,미공개,미공개,C,2017,,,,,
1278,한성기업,003680,미공개,미공개,미공개,C,2018,,,,,
1277,한성기업,003680,미공개,미공개,B,C,2019,,,,,
1276,한성기업,003680,C,D,B,C,2020,,,,,
1275,한성기업,003680,C,D,B,B,2021,,,,,
1274,한성기업,003680,D,D,D,D,2022,,,,,
1273,한성기업,003680,C,B,B,D,2023,,,,,
1272,한성기업,003680,C,B,B+,D,2024,,,,,
1271,한성기업,003680,B,B+,A,C,2025,,,,,
1270,한세실업,105630,미공개,미공개,미공개,미공개,2012,,,,,
1269,한세실업,105630,미공개,미공개,미공개,B,2013,,,,,
1268,한세실업,105630,미공개,미공개,미공개,B+,2014,,,,,
1267,한세실업,105630,미공개,미공개,미공개,B+,2015,,,,,
1266,한세실업,105630,미공개,미공개,미공개,B+,2016,,,,,
1265,한세실업,105630,미공개,미공개,미공개,B+,2017,,,,,
1264,한세실업,105630,미공개,미공개,미공개,B,2018,,,,,
1263,한세실업,105630,B,미공개,B,B+,2019,,,,,
1262,한세실업,105630,B,C,B,B+,2020,,,,,
1261,한세실업,105630,B,B,B,B+,2021,,,,,
1260,한세실업,105630,C,C,B+,C,2022,,,,,
1259,한세실업,105630,B+,B+,A,B+,2023,,,,,
1258,한세실업,105630,A,B+,A,A,2024,,,,,
1257,한세실업,105630,A,B+,A+,A,2025,,,,,
1256,한세엠케이,069640,미공개,미공개,미공개,미공개,2012,,,,,
1255,한세엠케이,069640,미공개,미공개,미공개,B,2013,,,,,
1254,한세엠케이,069640,미공개,미공개,미공개,B,2014,,,,,
1253,한세엠케이,069640,미공개,미공개,미공개,B,2015,,,,,
1252,한세엠케이,069640,미공개,미공개,미공개,B,2016,,,,,
1251,한세엠케이,069640,미공개,미공개,미공개,B,2017,,,,,
1250,한세엠케이,069640,미공개,미공개,미공개,B+,2018,,,,,
1249,한세엠케이,069640,미공개,미공개,미공개,B+,2019,,,,,
1248,한세엠케이,069640,C,C,C,B,2020,,,,,
1247,한세엠케이,069640,C,D,C,B+,2021,,,,,
1246,한세엠케이,069640,C,C,B,C,2022,,,,,
1245,한세엠케이,069640,C,B,B+,C,2023,,,,,
1244,한세엠케이,069640,B+,B+,B+,B+,2024,,,,,
1243,한세엠케이,069640,B+,B+,B+,B+,2025,,,,,
1242,한세예스24홀딩스,016450,미공개,미공개,미공개,미공개,2012,,,,,
1241,한세예스24홀딩스,016450,미공개,미공개,미공개,B,2013,,,,,
1240,한세예스24홀딩스,016450,미공개,미공개,미공개,B,2014,,,,,
1239,한세예스24홀딩스,016450,미공개,미공개,미공개,B,2015,,,,,
1238,한세예스24홀딩스,016450,미공개,미공개,미공개,B,2016,,,,,
1237,한세예스24홀딩스,016450,미공개,미공개,미공개,C,2017,,,,,
1236,한세예스24홀딩스,016450,미공개,미공개,미공개,C,2018,,,,,
1235,한세예스24홀딩스,016450,B,미공개,B,B,2019,,,,,
1234,한세예스24홀딩스,016450,B,C,B,B,2020,,,,,
1233,한세예스24홀딩스,016450,B,D,B,B+,2021,,,,,
1232,한세예스24홀딩스,016450,B+,C,B+,B+,2022,,,,,
1231,한세예스24홀딩스,016450,A,B+,A,A,2023,,,,,
1230,한세예스24홀딩스,016450,A,B+,A,A,2024,,,,,
1229,한세예스24홀딩스,016450,A,B+,A,A,2025,,,,,
1228,한솔로지스틱스,009180,미공개,미공개,미공개,미공개,2012,,,,,
1227,한솔로지스틱스,009180,미공개,미공개,미공개,C,2013,,,,,
1226,한솔로지스틱스,009180,미공개,미공개,미공개,C,2014,,,,,
1225,한솔로지스틱스,009180,미공개,미공개,미공개,C,2015,,,,,
1224,한솔로지스틱스,009180,미공개,미공개,미공개,B,2016,,,,,
1223,한솔로지스틱스,009180,미공개,미공개,미공개,B,2017,,,,,
1222,한솔로지스틱스,009180,미공개,미공개,B+,B,2018,,,,,
1221,한솔로지스틱스,009180,B+,B,B+,A,2019,,,,,
1220,한솔로지스틱스,009180,B+,B,B+,A,2020,,,,,
1219,한솔로지스틱스,009180,B+,B,B+,B+,2021,,,,,
1218,한솔로지스틱스,009180,B+,C,A,B+,2022,,,,,
1217,한솔로지스틱스,009180,B,C,B+,B+,2023,,,,,
1216,한솔로지스틱스,009180,B+,C,B+,A,2024,,,,,
1215,한솔로지스틱스,009180,A,B,A,A,2025,,,,,
1214,한솔시큐어,070300,B,미공개,B,B+,2019,,,,,
1213,한솔씨앤피,221610,미공개,B,미공개,C,2019,,,,,
1212,한솔아이원스,114810,B+,B,B+,B+,2024,,,,,
1211,한솔아이원스,114810,A,B+,A,A,2025,,,,,
1210,한솔아트원제지,007190,미공개,미공개,미공개,미공개,2012,,,,,
1209,한솔아트원제지,007190,미공개,미공개,미공개,C,2013,,,,,
1208,한솔아트원제지,007190,미공개,B+,미공개,C,2014,,,,,
1207,한솔아트원제지,007190,미공개,B+,미공개,C,2015,,,,,
1206,한솔아트원제지,007190,미공개,B+,미공개,C,2016,,,,지배구조 등급조정(2017.2),
1205,한솔인티큐브,070590,B,B,B,B,2019,,,,,
1204,한솔인티큐브,070590,B+,C,B+,A,2024,,,,,
1203,한솔인티큐브,070590,B+,C,B+,A,2025,,,,,
1202,한솔제지,213500,A,A,A,B+,2017,,,,,
1201,한솔제지,213500,A,A,A,A,2018,,,,,
1200,한솔제지,213500,A,A,A,A,2019,,,,,
1199,한솔제지,213500,A,A,A,A,2020,,,,,
1198,한솔제지,213500,A,A,A,A,2021,,,,,
1197,한솔제지,213500,B+,B+,A,B+,2022,,,,,
1196,한솔제지,213500,A,A,A,A,2023,,,,,
1195,한솔제지,213500,A,A,A+,A,2024,,,,,
1194,한솔제지,213500,A,A,A,A,2025,,,사회 등급조정(2026.07.),,
1193,한솔케미칼,014680,미공개,B+,미공개,미공개,2012,,,,,
1192,한솔케미칼,014680,미공개,B+,미공개,C,2013,,,,,
1191,한솔케미칼,014680,B+,B+,미공개,B+,2014,,,,,
1190,한솔케미칼,014680,B+,B+,미공개,B+,2015,,,,,
1189,한솔케미칼,014680,B+,B+,B+,B,2016,,,,,
1188,한솔케미칼,014680,B+,B+,미공개,B+,2017,,,,,
1187,한솔케미칼,014680,B+,B+,B+,B+,2018,,,,,
1186,한솔케미칼,014680,미공개,B,B,C,2019,,,,,
1185,한솔케미칼,014680,B+,B,B+,B+,2020,,,,,
1184,한솔케미칼,014680,A,A,A,A,2021,,,,,
1183,한솔케미칼,014680,B,C,B+,B+,2022,,,,,
1182,한솔케미칼,014680,B+,B+,B+,B+,2023,,,,,
1181,한솔케미칼,014680,A,B+,A,A,2024,,,,,
1180,한솔케미칼,014680,B+,B+,A,B+,2025,,,,,
1179,한솔테크닉스,004710,미공개,미공개,미공개,미공개,2012,,,,,
1178,한솔테크닉스,004710,미공개,미공개,미공개,B,2013,,,,,
1177,한솔테크닉스,004710,미공개,미공개,미공개,B,2014,,,,,
1176,한솔테크닉스,004710,미공개,미공개,미공개,C,2015,,,,,
1175,한솔테크닉스,004710,미공개,B+,미공개,B,2016,,,,,
1174,한솔테크닉스,004710,B+,B+,미공개,B+,2017,,,,,
1173,한솔테크닉스,004710,B+,B+,B+,B,2018,,,,,
1172,한솔테크닉스,004710,B+,B,B+,A,2019,,,,,
1171,한솔테크닉스,004710,B+,B+,B+,A,2020,,,,,
1170,한솔테크닉스,004710,A,B+,A,A,2021,,,,,
1169,한솔테크닉스,004710,B+,B,A,B+,2022,,,,,
1168,한솔테크닉스,004710,B+,B+,A,B+,2023,,,,,
1167,한솔테크닉스,004710,B+,B+,B+,B+,2024,,,,,
1166,한솔테크닉스,004710,A,B+,A,A,2025,,,,,
1165,한솔피엔에스,010420,미공개,미공개,미공개,미공개,2012,,,,,
1164,한솔피엔에스,010420,미공개,미공개,미공개,C,2013,,,,,
1163,한솔피엔에스,010420,미공개,미공개,미공개,C,2014,,,,,
1162,한솔피엔에스,010420,미공개,미공개,미공개,C,2015,,,,,
1161,한솔피엔에스,010420,미공개,미공개,미공개,B,2016,,,,,
1160,한솔피엔에스,010420,미공개,미공개,미공개,B,2017,,,,,
1159,한솔피엔에스,010420,미공개,미공개,미공개,C,2018,,,,,
1158,한솔피엔에스,010420,B,미공개,B+,B+,2019,,,,,
1157,한솔피엔에스,010420,A,B+,B+,A,2020,,,,,
1156,한솔피엔에스,010420,A,B+,B+,A,2021,,,,,
1155,한솔피엔에스,010420,B,C,B,B+,2022,,,,,
1154,한솔피엔에스,010420,B+,B,B,A,2023,,,,,
1153,한솔피엔에스,010420,B+,B,B,A,2024,,,,,
1152,한솔피엔에스,010420,B+,B,B+,B+,2025,,,,,
1151,한솔홀딩스,004150,B+,B+,B+,미공개,2012,,,,,
1150,한솔홀딩스,004150,B+,B+,B+,B,2013,,,,,
1149,한솔홀딩스,004150,B+,B+,B+,B,2014,,,,,
1148,한솔홀딩스,004150,미공개,미공개,미공개,B,2015,,,,,
1147,한솔홀딩스,004150,미공개,미공개,미공개,B,2016,,,,,
1146,한솔홀딩스,004150,미공개,미공개,미공개,B,2017,,,,지배구조 등급조정(2018.3),
1145,한솔홀딩스,004150,B+,미공개,B+,B+,2018,,,,,
1144,한솔홀딩스,004150,B+,B,B+,A,2019,,,,,
1143,한솔홀딩스,004150,A,B+,A,A,2020,,,,,
1142,한솔홀딩스,004150,A,B+,A,A,2021,,,,,
1141,한솔홀딩스,004150,A,B+,A,A,2022,,,,,
1140,한솔홀딩스,004150,A,B+,A,A,2023,,,,,
1139,한솔홀딩스,004150,A,B+,A,A,2024,,,,,
1138,한솔홀딩스,004150,A,A,A,A,2025,,,,,
1137,한솔홈데코,025750,미공개,미공개,미공개,미공개,2012,,,,,
1136,한솔홈데코,025750,미공개,B+,미공개,C,2013,,,,,
1135,한솔홈데코,025750,미공개,B+,미공개,C,2014,,,,,
1134,한솔홈데코,025750,미공개,B+,B+,C,2015,,,,,
1133,한솔홈데코,025750,미공개,B+,B+,C,2016,,,,,
1132,한솔홈데코,025750,B+,B+,B+,B,2017,,,,,
1131,한솔홈데코,025750,B+,B+,B+,B+,2018,,,,,
1130,한솔홈데코,025750,A,B+,B+,A,2019,,,,,
1129,한솔홈데코,025750,B+,B,B+,A,2020,,,,,
1128,한솔홈데코,025750,A,B+,A,A,2021,,,,,
1127,한솔홈데코,025750,B,C,B,B+,2022,,,,,
1126,한솔홈데코,025750,B+,B+,B+,B+,2023,,,,,
1125,한솔홈데코,025750,B+,B+,B,B+,2024,,,,,
1124,한솔홈데코,025750,B+,B+,B+,B+,2025,,,,,
1123,한신공영,004960,미공개,미공개,B+,미공개,2012,,,,,
1122,한신공영,004960,미공개,미공개,미공개,B,2013,,,,,
1121,한신공영,004960,미공개,미공개,미공개,B,2014,,,,,
1120,한신공영,004960,미공개,미공개,미공개,B,2015,,,,,
1119,한신공영,004960,미공개,미공개,미공개,C,2016,,,,,
1118,한신공영,004960,미공개,미공개,미공개,C,2017,,,,,
1117,한신공영,004960,미공개,미공개,B+,B,2018,,,,,
1116,한신공영,004960,미공개,미공개,미공개,B,2019,,,,,
1115,한신공영,004960,C,C,B,B,2020,,,,,
1114,한신공영,004960,C,C,C,B,2021,,,,,
1113,한신공영,004960,D,D,C,D,2022,,,,,
1112,한신공영,004960,D,C,C,D,2023,,,,,
1111,한신공영,004960,D,C,C,D,2024,,,,,
1110,한신공영,004960,D,C,C,D,2025,,,,,
1109,한신기계공업,011700,미공개,미공개,미공개,미공개,2012,,,,,
1108,한신기계공업,011700,미공개,미공개,미공개,B,2013,,,,,
1107,한신기계공업,011700,미공개,미공개,미공개,C,2014,,,,,
1106,한신기계공업,011700,미공개,미공개,미공개,C,2015,,,,,
1105,한신기계공업,011700,미공개,미공개,미공개,B,2016,,,,,
1104,한신기계공업,011700,미공개,미공개,미공개,B,2017,,,,,
1103,한신기계공업,011700,미공개,미공개,미공개,B,2018,,,,,
1102,한신기계공업,011700,B,B,미공개,B,2019,,,,,
1101,한신기계공업,011700,C,B,C,C,2020,,,,,
1100,한신기계공업,011700,C,D,C,B+,2021,,,,,
1099,한신기계공업,011700,D,D,D,D,2022,,,,,
1098,한신기계공업,011700,D,C,D,D,2023,,,,,
1097,한신기계공업,011700,C,C,C,C,2024,,,,,
1096,한신기계공업,011700,C,C,C,C,2025,,,,,
1095,한양증권,001750,미공개,미공개,B+,B+,2012,,,,,
1094,한양증권,001750,미공개,미공개,미공개,B+,2013,,,,,
1093,한양증권,001750,미공개,미공개,미공개,B,2014,,,,,
1092,한양증권,001750,미공개,미공개,미공개,B+,2015,,,,,
1091,한양증권,001750,미공개,미공개,미공개,B+,2016,,,,,
1090,한양증권,001750,미공개,미공개,미공개,B+,2017,,,,,
1089,한양증권,001750,미공개,미공개,B+,미공개,2018,,,,,
1088,한양증권,001750,미공개,미공개,B+,C,2019,,,,,
1087,한양증권,001750,C,D,B+,C,2020,,,,,
1086,한양증권,001750,C,D,B+,C,2021,,,,,
1085,한양증권,001750,D,D,D,C,2022,,,,,
1084,한양증권,001750,C,D,B,C,2023,,,,,
1083,한양증권,001750,C,D,C,C,2024,,,,,
1082,한양증권,001750,B,D,B,B,2025,,,,,
1081,한온시스템,018880,미공개,B+,미공개,미공개,2012,,,,,
1080,한온시스템,018880,미공개,B+,미공개,C,2013,,,,,
1079,한온시스템,018880,미공개,B+,B+,C,2014,,,,,
1078,한온시스템,018880,미공개,B+,미공개,C,2015,,,,,
1077,한온시스템,018880,미공개,B+,미공개,B,2016,,,,,
1076,한온시스템,018880,미공개,B+,미공개,B,2017,,,,,
1075,한온시스템,018880,B+,B+,B+,B+,2018,,,,,
1074,한온시스템,018880,B+,B+,B+,B+,2019,,,,,
1073,한온시스템,018880,B,B,B,B+,2020,통합 등급조정(2021.1),,사회 등급조정(2021.1),,
1072,한온시스템,018880,B+,B+,B+,B+,2021,,,,,
1071,한온시스템,018880,B,B+,A,C,2022,,,,,
1070,한온시스템,018880,B+,B+,A+,B,2023,,,,,
1069,한온시스템,018880,B+,A,A+,B,2024,,,,,
1068,한온시스템,018880,A,A,A,B+,2025,,,,,
1067,한올바이오파마,009420,미공개,미공개,미공개,미공개,2012,,,,,
1066,한올바이오파마,009420,미공개,미공개,미공개,B,2013,,,,,
1065,한올바이오파마,009420,미공개,미공개,미공개,B,2014,,,,,
1064,한올바이오파마,009420,미공개,미공개,미공개,B,2015,,,,,
1063,한올바이오파마,009420,미공개,미공개,B+,C,2016,,,,,
1062,한올바이오파마,009420,미공개,미공개,미공개,B+,2017,,,,,
1061,한올바이오파마,009420,미공개,미공개,미공개,B,2018,,,,,
1060,한올바이오파마,009420,B,미공개,B+,B+,2019,,,,,
1059,한올바이오파마,009420,B,D,B+,B,2020,,,,,
1058,한올바이오파마,009420,B,D,B,B+,2021,,,,,
1057,한올바이오파마,009420,C,D,C,C,2022,,,,,
1056,한올바이오파마,009420,B,B,D,B+,2023,,,,,
1055,한올바이오파마,009420,C,D,D,B+,2024,,,,,
1054,한올바이오파마,009420,C,B,B+,C,2025,,,,,
1053,한익스프레스,014130,미공개,미공개,미공개,미공개,2012,,,,,
1052,한익스프레스,014130,미공개,미공개,미공개,C,2013,,,,,
1051,한익스프레스,014130,미공개,미공개,미공개,B,2014,,,,,
1050,한익스프레스,014130,미공개,미공개,미공개,B,2015,,,,,
1049,한익스프레스,014130,미공개,미공개,미공개,B,2016,,,,,
1048,한익스프레스,014130,미공개,미공개,미공개,B,2017,,,,,
1047,한익스프레스,014130,미공개,미공개,미공개,B,2018,,,,,
1046,한익스프레스,014130,B,B,미공개,B,2019,,,사회 등급조정(2020.7),,
1045,한익스프레스,014130,C,B,C,D,2020,,,사회 등급조정(2020.10),지배구조 등급조정(2021.1),
1044,한익스프레스,014130,C,B,B,C,2021,,,,,
1043,한익스프레스,014130,D,D,C,D,2022,,,,,
1042,한익스프레스,014130,C,C,C,C,2023,,,,,
1041,한익스프레스,014130,D,C,D,D,2024,,,,,
1040,한익스프레스,014130,D,C,C,D,2025,,,,,
1039,한일건설,006440,미공개,미공개,미공개,미공개,2012,,,,,
1038,한일시멘트,003300,미공개,B+,미공개,미공개,2012,,,,,
1037,한일시멘트,003300,미공개,B+,미공개,B,2013,,,,,
1036,한일시멘트,003300,미공개,B+,미공개,B,2014,,,,,
1035,한일시멘트,003300,B+,B+,B+,B,2015,,,,,
1034,한일시멘트,003300,미공개,B+,미공개,C,2016,통합 등급조정(2016.8),,사회 등급조정(2016.8),,
1033,한일시멘트,003300,미공개,B+,미공개,B,2017,,,,,
1032,한일시멘트,300720,B,C,B+,B,2020,,,,,
1031,한일시멘트,300720,B+,B+,B+,B,2021,,,,지배구조 등급조정(2022.04),
1030,한일시멘트,300720,C,B+,A,D,2022,통합 등급조정(2022.11),,,지배구조 등급조정(2022.11),
1029,한일시멘트,300720,A,A,A+,B+,2023,,,,,
1028,한일시멘트,300720,A,A,A+,B+,2024,,,,,
1027,한일시멘트,300720,B+,A,A+,B,2025,,,,,
1026,한일철강,002220,미공개,미공개,미공개,미공개,2012,,,,,
1025,한일철강,002220,미공개,미공개,미공개,C,2013,,,,,
1024,한일철강,002220,미공개,미공개,미공개,C,2014,,,,,
1023,한일철강,002220,미공개,미공개,미공개,C,2015,,,,,
1022,한일철강,002220,미공개,미공개,미공개,C,2016,,,,,
1021,한일철강,002220,미공개,미공개,미공개,C,2017,,,,,
1020,한일철강,002220,미공개,미공개,미공개,C,2018,,,,,
1019,한일철강,002220,미공개,미공개,미공개,C,2019,,,,,
1018,한일철강,002220,D,D,D,C,2020,,,,,
1017,한일철강,002220,C,D,C,B,2021,,,,,
1016,한일철강,002220,D,D,D,D,2022,,,,,
1015,한일철강,002220,D,D,D,D,2023,,,,,
1014,한일철강,002220,D,D,D,D,2024,,,,,
1013,한일철강,002220,D,D,D,D,2025,,,,,
1012,한일현대시멘트,006390,미공개,B+,B+,C,2018,,,,,
1011,한일현대시멘트,006390,B,B,B,B,2019,,,,,
1010,한일현대시멘트,006390,B+,B,B+,B+,2020,,,,,
1009,한일현대시멘트,006390,B+,B+,B+,B+,2021,,,,,
1008,한일현대시멘트,006390,B+,B+,B+,B,2022,,,,,
1007,한일현대시멘트,006390,B+,A,A+,B,2023,,,,,
1006,한일현대시멘트,006390,A,A,A,B+,2024,,,사회 등급조정(2025.04.),,
1005,한일현대시멘트,006390,B+,A,B+,B+,2025,통합 등급조정(2025.11.),,사회 등급조정(2025.11.),,
1004,한일홀딩스,003300,미공개,미공개,B+,B,2019,,,,,
1003,한일홀딩스,003300,B,D,B+,B+,2020,,,,,
1002,한일홀딩스,003300,B,B+,B+,B,2021,,,,지배구조 등급조정(2022.04),
1001,한일홀딩스,003300,C,B+,A,D,2022,,,,지배구조 등급조정(2022.11),
1000,한일홀딩스,003300,A,A,A+,B+,2023,,,,,
999,한일홀딩스,003300,A,A,A+,B+,2024,,,,,
998,한일홀딩스,003300,B+,A,A+,B,2025,,,,,
997,한전KPS,051600,B+,미공개,A,미공개,2012,,,,,
996,한전KPS,051600,B+,미공개,A,B,2013,,,,,
995,한전KPS,051600,B+,B+,B+,B,2014,,,,,
994,한전KPS,051600,B+,B+,B+,B,2015,,,,,
993,한전KPS,051600,B+,B+,B+,B,2016,,,사회 등급조정(2017.2),,
992,한전KPS,051600,B+,B+,B+,B,2017,,,,,
991,한전KPS,051600,B+,B+,A,B+,2018,,,,,
990,한전KPS,051600,B+,B+,B+,B+,2019,,,,,
989,한전KPS,051600,B+,B+,A,B+,2020,,,,,
988,한전KPS,051600,B,B,B,B+,2021,,,,,
987,한전KPS,051600,A,B+,A,A,2022,,,,,
986,한전KPS,051600,A,A,A,A,2023,,,,,
985,한전KPS,051600,A,A+,A,B+,2024,,,사회 등급조정(2025.07.),,
984,한전KPS,051600,A,A,A,A,2025,,,사회 등급조정(2025.11.),,
983,한전기술,052690,B+,미공개,A,미공개,2012,,,,,
982,한전기술,052690,미공개,B+,미공개,B,2013,,,,,
981,한전기술,052690,미공개,B+,미공개,B,2014,,,,,
980,한전기술,052690,미공개,B+,미공개,B,2015,,,,,
979,한전기술,052690,B+,B+,B+,B,2016,,,,,
978,한전기술,052690,B+,A,B+,B,2017,,,,,
977,한전기술,052690,B+,A,A,B,2018,,,,,
976,한전기술,052690,B+,B+,A,B+,2019,,,,,
975,한전기술,052690,B+,B+,A,B+,2020,,,,,
974,한전기술,052690,B+,B,B+,B+,2021,,,,,
973,한전기술,052690,B+,B,B+,B+,2022,,,,,
972,한전기술,052690,A,B+,A+,A,2023,,,,,
971,한전기술,052690,A,A,A+,B+,2024,,,,,
970,한전기술,052690,A,A,A+,B+,2025,,,,,
969,한전산업,130660,미공개,B+,미공개,미공개,2012,,,,,
968,한전산업,130660,미공개,미공개,미공개,C,2013,,,,,
967,한전산업,130660,미공개,미공개,미공개,B,2014,,,,,
966,한전산업,130660,미공개,미공개,미공개,B,2015,,,,,
965,한전산업,130660,미공개,미공개,B+,C,2016,,,,,
964,한전산업,130660,미공개,미공개,B+,B,2017,,,,,
963,한전산업,130660,미공개,B+,미공개,D,2018,,,,,
962,한전산업,130660,B,B+,B+,B,2019,,,,,
961,한전산업,130660,B+,B,B+,B+,2020,,,,,
960,한전산업,130660,B+,B,B+,B+,2021,,,,,
959,한전산업,130660,C,C,B,C,2022,,,,,
958,한전산업,130660,C,C,D,B,2023,,,,,
957,한전산업,130660,C,C,C,C,2024,,,,,
956,한전산업,130660,C,C,C,C,2025,,,,,
955,한진,002320,미공개,B+,미공개,미공개,2012,,,,,
954,한진,002320,미공개,B+,미공개,B,2013,,,,,
953,한진,002320,미공개,미공개,미공개,C,2014,,,,,
952,한진,002320,미공개,미공개,미공개,C,2015,,,,,
951,한진,002320,미공개,미공개,B+,C,2016,,,,,
950,한진,002320,미공개,미공개,미공개,B,2017,,,,,
949,한진,002320,미공개,미공개,B+,B,2018,,,,,
948,한진,002320,B,B,B,B,2019,,,사회 등급조정(2020.1),,
947,한진,002320,B,B,C,B+,2020,통합 등급조정(2020.10),,사회 등급조정(2020.10),,
946,한진,002320,A,A,B+,A,2021,,,,,
945,한진,002320,B+,B+,A,B+,2022,,,,,
944,한진,002320,A,A,A,A,2023,,,,,
943,한진,002320,A,A,A,A,2024,,,,,
942,한진,002320,A,A,A,B+,2025,,,,,
941,한진중공업,097230,미공개,B+,미공개,미공개,2012,,,,,
940,한진중공업,097230,미공개,미공개,미공개,B,2013,,,,,
939,한진중공업,097230,미공개,B+,미공개,B,2014,,,,,
938,한진중공업,097230,미공개,미공개,미공개,B,2015,,,,,
937,한진중공업,097230,미공개,B+,미공개,C,2016,,,,,
936,한진중공업,097230,미공개,B+,미공개,C,2017,,,사회 등급조정(2017.8),,
935,한진중공업,097230,미공개,B+,미공개,C,2018,,,,지배구조 등급조정(2018.7),
934,한진중공업,097230,미공개,미공개,미공개,B,2019,,,,,
933,한진중공업,097230,B,B,B,B+,2020,,,,,
932,한진중공업,097230,B,C,B,B+,2021,,,,,
931,한진중공업홀딩스,003480,미공개,미공개,미공개,B+,2012,,,,,
930,한진중공업홀딩스,003480,미공개,미공개,미공개,B+,2013,,,,,
929,한진중공업홀딩스,003480,미공개,미공개,미공개,B+,2014,,,,,
928,한진중공업홀딩스,003480,미공개,미공개,미공개,B,2015,,,,,
927,한진중공업홀딩스,003480,미공개,미공개,미공개,B,2016,,,,,
926,한진중공업홀딩스,003480,미공개,미공개,미공개,B+,2017,,,,,
925,한진중공업홀딩스,003480,미공개,미공개,미공개,B+,2018,,,,,
924,한진중공업홀딩스,003480,미공개,미공개,미공개,B,2019,,,,,
923,한진중공업홀딩스,003480,B,D,C,B+,2020,,,,,
922,한진중공업홀딩스,003480,B,D,C,B+,2021,,,,,
921,한진중공업홀딩스,003480,C,D,D,B+,2022,,,,,
920,한진중공업홀딩스,003480,C,D,C,B+,2023,,,,,
919,한진중공업홀딩스,003480,C,D,C,B+,2024,,,,,
918,한진중공업홀딩스,003480,D,D,C,D,2025,,,,,
917,한진칼,180640,미공개,미공개,미공개,C,2015,,,,,
916,한진칼,180640,미공개,미공개,미공개,C,2016,,,,,
915,한진칼,180640,미공개,미공개,미공개,C,2017,,,,,
914,한진칼,180640,미공개,미공개,미공개,C,2018,,,,,
913,한진칼,180640,미공개,B,A,C,2019,통합 등급조정(2019.10),,,지배구조 등급조정(2019.10),
912,한진칼,180640,B+,B,B,A,2020,,,,,
911,한진칼,180640,A,A,A,A,2021,,,,,
910,한진칼,180640,A,A,A,A,2022,,,,,
909,한진칼,180640,A,A,A+,A,2023,,,,,
908,한진칼,180640,A,B+,A,A,2024,,,,,
907,한진칼,180640,A,A,A,A,2025,,,,,
906,한진해운,117930,B+,B+,B+,미공개,2012,,,,,
905,한진해운,117930,미공개,B+,B+,C,2013,,,,,
904,한진해운,117930,B+,B+,B+,B,2014,,,,,
903,한진해운,117930,B+,미공개,B+,B+,2015,,,,,
902,한진해운,117930,미공개,미공개,B+,B,2016,,,,,
901,한창,005110,미공개,미공개,미공개,미공개,2012,,,,,
900,한창,005110,미공개,미공개,미공개,C,2013,,,,,
899,한창,005110,미공개,미공개,미공개,D,2014,,,,,
898,한창,005110,미공개,미공개,미공개,D,2015,,,,,
897,한창,005110,미공개,미공개,미공개,C,2016,,,,,
896,한창,005110,미공개,미공개,미공개,C,2017,,,,,
895,한창,005110,미공개,미공개,미공개,C,2018,,,,,
894,한창,005110,미공개,미공개,미공개,D,2019,,,,,
893,한창,005110,C,D,B,C,2020,,,,,
892,한창,005110,B,D,B,B,2021,,,,,
891,한창,005110,D,D,D,D,2022,,,,,
890,한창,005110,D,D,D,D,2023,,,,,
889,한창,005110,D,D,D,D,2024,,,,,
888,한창,005110,D,D,D,D,2025,,,,,
887,한창제지,009460,미공개,미공개,미공개,미공개,2012,,,,,
886,한창제지,009460,미공개,미공개,미공개,B,2013,,,,,
885,한창제지,009460,미공개,미공개,미공개,B,2014,,,,,
884,한창제지,009460,미공개,미공개,미공개,C,2015,,,,,
883,한창제지,009460,미공개,미공개,미공개,C,2016,,,,,
882,한창제지,009460,미공개,미공개,미공개,C,2017,,,,,
881,한창제지,009460,미공개,미공개,미공개,C,2018,,,,,
880,한창제지,009460,미공개,B,B,D,2019,,,,,
879,한창제지,009460,B,B,C,B,2020,,,,,
878,한창제지,009460,C,C,C,B,2021,,,,,
877,한창제지,009460,C,C,C,B,2022,,,,,
876,한창제지,009460,C,C,C,C,2023,,,,,
875,한창제지,009460,C,C,D,C,2024,,,,,
874,한창제지,009460,D,C,D,D,2025,,,,,
873,한컴라이프케어,372910,C,C,B,D,2023,,,,,
872,한컴라이프케어,372910,D,C,C,D,2024,,,,,
871,한컴라이프케어,372910,C,C,B,D,2025,,,,,
870,한화,000880,미공개,B+,미공개,미공개,2012,,,,,
869,한화,000880,미공개,B+,미공개,D,2013,,,,,
868,한화,000880,B+,B+,A,B+,2014,,,,,
867,한화,000880,B+,A,B+,B+,2015,,,,,
866,한화,000880,B+,A,B+,B+,2016,,,,,
865,한화,000880,A,A,A+,A,2017,,,,,
864,한화,000880,A,B+,B+,A,2018,,환경 등급조정(2019.4),사회 등급조정(2019.4),,
863,한화,000880,B+,B,B+,A,2019,통합 등급조정(2019.10),환경 등급조정(2019.10),사회 등급조정(2019.10),,
862,한화,000880,A,B+,A,A,2020,,,,,
861,한화,000880,A,A,A+,A,2021,,,,,
860,한화,000880,A,A,A+,A,2022,,,,,
859,한화,000880,B+,B+,B+,B+,2023,통합 등급조정(2024.01.),,사회 등급조정(2024.01.),,
858,한화,000880,B+,A,B+,B+,2024,,,,,
857,한화,000880,A,A,A,B+,2025,,,,,
856,한화갤러리아,452260,B,C,B,B+,2025,,,,,
855,한화갤러리아타임월드,027390,미공개,미공개,B+,미공개,2012,,,,,
854,한화갤러리아타임월드,027390,미공개,미공개,B+,C,2013,,,,,
853,한화갤러리아타임월드,027390,미공개,미공개,B+,B,2014,,,,,
852,한화갤러리아타임월드,027390,미공개,미공개,미공개,B,2015,,,,,
851,한화갤러리아타임월드,027390,미공개,미공개,B+,B,2016,,,,,
850,한화갤러리아타임월드,027390,미공개,B+,미공개,B,2017,,,,,
849,한화갤러리아타임월드,027390,미공개,B+,B+,C,2018,,,,,
848,한화갤러리아타임월드,027390,B+,B+,A,B+,2019,,,,,
847,한화생명,088350,미공개,미공개,미공개,B+,2012,,,,,
846,한화생명,088350,B+,미공개,미공개,A,2013,,,,,
845,한화생명,088350,B+,미공개,미공개,A,2014,,,,,
844,한화생명,088350,B+,미공개,A,A,2015,통합 등급조정(2016.2),,,지배구조 등급조정(2016.2),
843,한화생명,088350,미공개,미공개,B+,B+,2016,,,,,
842,한화생명,088350,B+,미공개,A,B+,2017,,,,,
841,한화생명,088350,B+,B+,B+,미공개,2018,,,,,
840,한화생명,088350,B+,B+,A,B,2019,,,,지배구조 등급조정(2020.1),
839,한화생명,088350,A,A,A+,B+,2020,,,,,
838,한화생명,088350,A,A+,A+,B+,2021,,,,,
837,한화생명,088350,A,A,A+,B+,2022,,,,,
836,한화생명,088350,A,A,A+,B+,2023,,,,,
835,한화생명,088350,A,A,A+,B+,2024,,,,,
834,한화생명,088350,A,A+,A,B+,2025,,,,,
833,한화손해보험,000370,미공개,미공개,미공개,B+,2012,,,,,
832,한화손해보험,000370,미공개,미공개,미공개,B,2013,,,,,
831,한화손해보험,000370,미공개,미공개,미공개,B+,2014,,,,,
830,한화손해보험,000370,미공개,미공개,B+,B,2015,,,,,
829,한화손해보험,000370,B+,미공개,미공개,A,2016,,,,,
828,한화손해보험,000370,B+,미공개,미공개,A,2017,,,,,
827,한화손해보험,000370,미공개,미공개,B+,미공개,2018,,,,,
826,한화손해보험,000370,B+,미공개,A,B+,2019,,,,,
825,한화손해보험,000370,B+,B,A,B,2020,,,,,
824,한화손해보험,000370,A,A,A+,B+,2021,,,,,
823,한화손해보험,000370,A,A,A,A,2022,,,,,
822,한화손해보험,000370,A,A,A,A,2023,,,,,
821,한화손해보험,000370,A,A,A+,B+,2024,,,,,
820,한화손해보험,000370,A,A+,A,B+,2025,,,,,
819,한화솔루션,009830,B+,A,A,B,2020,통합 등급조정(2021.1),,,지배구조 등급조정(2021.1),
818,한화솔루션,009830,A,A,A+,B+,2021,,,,,
817,한화솔루션,009830,B,A,A,C,2022,,,,,
816,한화솔루션,009830,B+,A,A+,B,2023,,,,,
815,한화솔루션,009830,B+,A,A+,B,2024,,,,,
814,한화솔루션,009830,A,A,A+,B+,2025,,,,,
813,한화시스템,272210,A,B+,A,A,2021,,,,,
812,한화시스템,272210,A,B+,A+,A,2022,,,,,
811,한화시스템,272210,A,A,A+,A,2023,,,,,
810,한화시스템,272210,A,A,A+,A,2024,,,,,
809,한화시스템,272210,A,A,A+,B+,2025,,,,,
808,한화에어로스페이스,012450,B+,A,미공개,B,2018,,,,,
807,한화에어로스페이스,012450,B+,B+,B+,A,2019,통합 등급조정(2019.10),,사회 등급조정(2019.10),,
806,한화에어로스페이스,012450,A,A,A,A,2020,,,,,
805,한화에어로스페이스,012450,A,A,A,A,2021,,,,,
804,한화에어로스페이스,012450,B+,B+,A,B,2022,,,,,
803,한화에어로스페이스,012450,A,A,A,A,2023,,,,,
802,한화에어로스페이스,012450,A,A,A+,B+,2024,,,,,
801,한화에어로스페이스,012450,B+,A,B+,B+,2025,통합 등급조정(2026.07.),,사회 등급조정(2026.07.),,
800,한화엔진,082740,B+,B,A,B+,2023,,,,,
799,한화엔진,082740,B+,B+,A,B+,2024,,,,,
798,한화엔진,082740,B+,B+,A,B+,2025,,,,,
797,한화오션,042660,B+,B+,B+,B+,2023,,,사회 등급조정(2024.04.),,
796,한화오션,042660,B+,A,B,B,2024,,,사회 등급조정(2024.10.),,
795,한화오션,042660,C,A,D,D,2025,,,사회 등급조정(2025.11.),,
794,한화케미칼,009830,B+,A,A,미공개,2012,,,,,
793,한화케미칼,009830,B+,B+,A,B,2013,,,,,
792,한화케미칼,009830,B+,B+,A,B,2014,,,,,
791,한화케미칼,009830,미공개,미공개,B+,C,2015,,환경 등급조정(2015.8),사회 등급조정(2015.8),,
790,한화케미칼,009830,B+,B+,A+,B,2016,,,,,
789,한화케미칼,009830,미공개,B+,미공개,C,2017,,환경 등급조정(2017.8),사회 등급조정(2017.8),,
788,한화케미칼,009830,B+,미공개,A,B+,2018,,환경 등급조정(2018.10),,,
787,한화케미칼,009830,B,미공개,A,B+,2019,통합 등급조정(2019.10),환경 등급조정(2019.10),,,
786,한화테크윈,012450,A,A,A,B+,2012,,,,,
785,한화테크윈,012450,A,A,A,B+,2013,,,,,
784,한화테크윈,012450,A,A,A,B+,2014,,,,,
783,한화테크윈,012450,B+,A,B+,B+,2015,,,,,
782,한화테크윈,012450,B+,A,B+,B+,2016,,,,,
781,한화테크윈,012450,B+,A,B+,B+,2017,,,,,
780,한화투자증권,003530,미공개,미공개,미공개,미공개,2012,,,,,
779,한화투자증권,003530,미공개,미공개,미공개,B+,2013,,,,,
778,한화투자증권,003530,미공개,미공개,미공개,B,2014,,,,,
777,한화투자증권,003530,미공개,미공개,미공개,B,2015,,,,지배구조 등급조정(2016.2),
776,한화투자증권,003530,B+,미공개,B+,A,2016,,,,,
775,한화투자증권,003530,B+,미공개,B+,A,2017,,,,,
774,한화투자증권,003530,미공개,미공개,미공개,미공개,2018,,,,,
773,한화투자증권,003530,B,미공개,A,B,2019,,,,,
772,한화투자증권,003530,B+,B,A,B+,2020,,,,,
771,한화투자증권,003530,B+,B+,A,B+,2021,,,,,
770,한화투자증권,003530,B+,B+,A,B+,2022,,,,,
769,한화투자증권,003530,A,A,A+,B+,2023,,,,,
768,한화투자증권,003530,A,A,A+,B+,2024,,,,,
767,한화투자증권,003530,A,A,A+,B+,2025,,,,,
766,한화화인케미칼,025850,미공개,미공개,미공개,미공개,2012,,,,,
765,한화화인케미칼,025850,미공개,미공개,미공개,B,2013,,,,,
764,한화화인케미칼,025850,미공개,B+,미공개,B,2014,,,,,
763,한화화인케미칼,025850,미공개,B+,미공개,B,2015,,,,,
762,해성디에스,195870,A,A,A,B+,2017,,,,,
761,해성디에스,195870,A,A,A+,B+,2018,,,,,
760,해성디에스,195870,A,A,A,A,2019,,,,,
759,해성디에스,195870,A,A,A,A,2020,,,,,
758,해성디에스,195870,A,A,A+,A,2021,,,,,
757,해성디에스,195870,B+,B+,A,B+,2022,,,,,
756,해성디에스,195870,A,A,A+,B+,2023,,,,,
755,해성디에스,195870,A,A,A+,B+,2024,,,,,
754,해성디에스,195870,A,A,A,B+,2025,,,,,
753,해태제과식품,101530,미공개,미공개,미공개,B,2017,,,,,
752,해태제과식품,101530,미공개,미공개,B+,B,2018,,,,,
751,해태제과식품,101530,B,미공개,B+,B+,2019,,,,,
750,해태제과식품,101530,B,D,B+,B,2020,,,,,
749,해태제과식품,101530,B,D,B+,B+,2021,,,,,
748,해태제과식품,101530,C,D,B,C,2022,,,,,
747,해태제과식품,101530,D,D,C,D,2023,,,,,
746,해태제과식품,101530,D,D,C,D,2024,,,,,
745,해태제과식품,101530,C,B,B+,C,2025,,,,,
744,핸즈코퍼레이션,143210,미공개,B+,미공개,B+,2017,,,,,
743,핸즈코퍼레이션,143210,미공개,B+,미공개,B,2018,,,,,
742,핸즈코퍼레이션,143210,B,B,B,B+,2019,,,,,
741,핸즈코퍼레이션,143210,B,B,B,B+,2020,,,,,
740,핸즈코퍼레이션,143210,B,B,B,B+,2021,,,,,
739,핸즈코퍼레이션,143210,C,C,B,D,2022,,,,,
738,핸즈코퍼레이션,143210,C,C,B,D,2023,,,,,
737,핸즈코퍼레이션,143210,D,C,D,D,2024,,,,,
736,핸즈코퍼레이션,143210,D,C,C,D,2025,,,,,
735,허메스홀딩스,012400,미공개,미공개,미공개,미공개,2012,,,,,
734,헬릭스미스,084990,미공개,미공개,미공개,B,2019,,,,,
733,헬릭스미스,084990,B,D,C,B+,2020,,,,,
732,헬릭스미스,084990,B,D,B,B,2021,,,,,
731,헬릭스미스,084990,D,D,D,D,2022,,,,,
730,헬릭스미스,084990,C,D,D,B,2023,,,,,
729,현대EP,089470,미공개,미공개,미공개,미공개,2012,,,,,
728,현대EP,089470,미공개,미공개,미공개,C,2013,,,,,
727,현대EP,089470,미공개,미공개,미공개,C,2014,,,,,
726,현대EP,089470,미공개,미공개,미공개,B,2015,,,,,
725,현대EP,089470,미공개,미공개,미공개,C,2016,,,,,
724,현대EP,089470,미공개,B+,미공개,B,2017,,,,,
723,현대건설,000720,B+,B+,A,B+,2012,,,,,
722,현대건설,000720,B+,B+,B+,B+,2013,,,,,
721,현대건설,000720,B+,A,B+,B+,2014,,,,,
720,현대건설,000720,B+,A,B+,B,2015,,,,,
719,현대건설,000720,B+,A,B+,B,2016,,,,,
718,현대건설,000720,미공개,B+,B+,D,2017,통합 등급조정(2018.3),,사회 등급조정(2017.8),지배구조 등급조정(2018.3),
717,현대건설,000720,A,A,A,B+,2018,,,,,
716,현대건설,000720,A,A,A,B+,2019,,,사회 등급조정(2019.10),,
715,현대건설,000720,A,A+,A,A,2020,통합 등급조정(2020.10),,사회 등급조정(2020.10),,
714,현대건설,000720,A,A,A,A,2021,,,사회 등급조정(2021.10),,
713,현대건설,000720,A,A,A,B+,2022,,,,,
712,현대건설,000720,A,A,A,A,2023,,,사회 등급조정(2024.04.),,
711,현대건설,000720,A,A,A,B+,2024,,,사회 등급조정(2024.10.),,
710,현대건설,000720,A,A,A+,A,2025,,,,,
709,현대건설기계,267270,B+,미공개,B+,A,2019,,,사회 등급조정(2019.10),,
708,현대건설기계,267270,A,B+,A,A,2020,,,,,
707,현대건설기계,267270,A,B+,A+,A,2021,,,,,
706,현대건설기계,267270,A,B+,A,A,2022,,,,,
705,현대그린푸드,005440,미공개,미공개,B+,미공개,2012,,,,,
704,현대그린푸드,005440,미공개,미공개,B+,B,2013,,,,,
703,현대그린푸드,005440,미공개,미공개,미공개,B+,2014,,,,,
702,현대그린푸드,005440,미공개,미공개,미공개,B+,2015,,,,,
701,현대그린푸드,005440,미공개,미공개,미공개,B+,2016,,,,,
700,현대그린푸드,005440,B+,B+,미공개,B+,2017,,,사회 등급조정(2018.3),,
699,현대그린푸드,005440,B+,미공개,미공개,B+,2018,,,,,
698,현대그린푸드,005440,A,B,A,A,2019,,,,,
697,현대그린푸드,005440,A,B+,A,A,2020,,,,,
696,현대그린푸드,005440,A,A,A+,A,2021,,,,,
695,현대그린푸드,005440,A,A,A,A,2022,,,,,
694,현대그린푸드,453340,A,A,A+,A,2025,,,,,
693,현대글로비스,086280,미공개,미공개,B+,미공개,2012,,,,,
692,현대글로비스,086280,B+,미공개,B+,B+,2013,,,,,
691,현대글로비스,086280,미공개,미공개,미공개,B+,2014,,,,,
690,현대글로비스,086280,미공개,B+,미공개,B,2015,,,,,
689,현대글로비스,086280,B+,B+,A+,B,2016,,,,,
688,현대글로비스,086280,B+,B+,B+,B+,2017,,,,,
687,현대글로비스,086280,B+,B+,A,B+,2018,,,,,
686,현대글로비스,086280,A,A,A,A,2019,,,,,
685,현대글로비스,086280,A,A,A+,A,2020,,,,,
684,현대글로비스,086280,A,A,A+,A,2021,,,,,
683,현대글로비스,086280,A,A,A+,A,2022,,,,,
682,현대글로비스,086280,A+,A+,A+,A,2023,,,,,
681,현대글로비스,086280,A,A,A+,A,2024,,,,,
680,현대글로비스,086280,A,A,A+,A,2025,,,,,
679,현대두산인프라코어,042670,A,A,A+,A,2021,,,,,
678,현대두산인프라코어,042670,B+,B+,A,B+,2022,,,,,
677,현대로템,064350,B+,B+,미공개,B+,2015,,,,,
676,현대로템,064350,B+,B+,B+,B,2016,,,,,
675,현대로템,064350,B+,B+,B+,B+,2017,,,,,
674,현대로템,064350,B+,B+,B+,B+,2018,,,,,
673,현대로템,064350,B+,B,A,B+,2019,,,,,
672,현대로템,064350,B+,B,A,B+,2020,,,,,
671,현대로템,064350,A,A,A+,A,2021,,,,,
670,현대로템,064350,A,A,A+,A,2022,,,,,
669,현대로템,064350,A,A,A+,A,2023,,,,,
668,현대로템,064350,A+,A+,A+,A,2024,,,,,
667,현대로템,064350,A+,A+,A+,A,2025,,,,,
666,현대리바트,079430,미공개,미공개,미공개,미공개,2012,,,,,
665,현대리바트,079430,미공개,B+,미공개,C,2013,,,,,
664,현대리바트,079430,미공개,미공개,미공개,B,2014,,,,,
663,현대리바트,079430,미공개,미공개,미공개,B+,2015,,,,,
662,현대리바트,079430,B+,미공개,B+,B+,2016,,,,,
661,현대리바트,079430,B+,미공개,B+,B+,2017,,,,,
660,현대리바트,079430,B+,미공개,B+,B+,2018,,,,,
659,현대리바트,079430,A,B,A,A,2019,,,,,
658,현대리바트,079430,A,B,A,A,2020,,,,,
657,현대리바트,079430,A,A,A+,A,2021,,,,,
656,현대리바트,079430,A,A,A,A,2022,,,,,
655,현대리바트,079430,A,A,A+,B+,2023,,,,,
654,현대리바트,079430,A,A,A+,A,2024,,,,,
653,현대리바트,079430,A,B+,A,A,2025,,,,,
652,현대모비스,012330,B+,B+,A,B+,2012,,,,,
651,현대모비스,012330,B+,B+,B+,B+,2013,,,,,
650,현대모비스,012330,A,A,A,B+,2014,,,,,
649,현대모비스,012330,미공개,B+,B+,C,2015,통합 등급조정(2016.2),,사회 등급조정(2016.2),,
648,현대모비스,012330,B+,A,A+,C,2016,,,,,
647,현대모비스,012330,미공개,A,A,C,2017,,,,,
646,현대모비스,012330,B+,A,A,B,2018,,,사회 등급조정(2018.10),,
645,현대모비스,012330,A,A,A+,B+,2019,,,,,
644,현대모비스,012330,A,B+,A+,A,2020,,,,,
643,현대모비스,012330,A,A,A+,A,2021,,,,,
642,현대모비스,012330,A,A,A+,B+,2022,,,,,
641,현대모비스,012330,A,A+,A+,B+,2023,,,,,
640,현대모비스,012330,A,A+,A+,B+,2024,,,,,
639,현대모비스,012330,B+,B+,A+,B,2025,,,,,
638,현대미포조선,010620,미공개,B+,미공개,미공개,2012,,,,,
637,현대미포조선,010620,A,A,A,B+,2013,,,,,
636,현대미포조선,010620,A,A,A,B+,2014,,,,,
635,현대미포조선,010620,B+,A,B+,B+,2015,,,,,
634,현대미포조선,010620,B+,A,미공개,B+,2016,,,사회 등급조정(2017.2),,
633,현대미포조선,010620,B+,A,미공개,B+,2017,,,,,
632,현대미포조선,010620,B+,B+,B+,B+,2018,,,,,
631,현대미포조선,010620,B+,B,A,B,2019,,,,,
630,현대미포조선,010620,A,A,A+,A,2020,,,,,
629,현대미포조선,010620,A,A,A+,A,2021,,,,,
628,현대미포조선,010620,B+,B+,A,B+,2022,,,,,
627,현대바이오,048410,C,D,B,B,2021,,,,,
626,현대바이오,048410,D,D,D,C,2022,,,,,
625,현대바이오,048410,D,D,D,D,2023,,,,,
624,현대바이오,048410,D,D,D,D,2024,,,,,
623,현대바이오,048410,D,D,D,D,2025,,,,,
622,현대바이오랜드,052260,A,A,A,A,2021,,,,,
621,현대바이오랜드,052260,A,B+,A,A,2022,,,,,
620,현대바이오랜드,052260,A,A,A+,A,2023,,,,,
619,현대바이오랜드,052260,A,A,A+,A,2024,,,,,
618,현대바이오랜드,052260,A+,A+,A+,A,2025,,,,,
617,현대백화점,069960,미공개,미공개,B+,B+,2012,,,,,
616,현대백화점,069960,미공개,미공개,B+,B,2013,,,,,
615,현대백화점,069960,미공개,미공개,B+,B+,2014,,,,,
614,현대백화점,069960,B+,미공개,B+,B+,2015,,,,,
613,현대백화점,069960,B+,미공개,B+,B+,2016,,,,,
612,현대백화점,069960,B+,미공개,B+,B+,2017,,,,,
611,현대백화점,069960,미공개,미공개,B+,B+,2018,,,,,
610,현대백화점,069960,A,B,A+,A,2019,,,,,
609,현대백화점,069960,A,B+,A,A,2020,,,,,
608,현대백화점,069960,A,A,A+,A,2021,,,,,
607,현대백화점,069960,A,A,A,A,2022,,,사회 등급조정(2022.11),,
606,현대백화점,069960,A+,A+,A+,A,2023,,,,,
605,현대백화점,069960,A+,A+,A+,A,2024,,,,,
604,현대백화점,069960,A+,A+,A+,A,2025,,,,,
603,현대비앤지스틸,004560,미공개,미공개,미공개,미공개,2012,,,,,
602,현대비앤지스틸,004560,미공개,미공개,미공개,C,2013,,,,,
601,현대비앤지스틸,004560,미공개,B+,미공개,C,2014,,,,,
600,현대비앤지스틸,004560,미공개,B+,미공개,B,2015,,,,,
599,현대비앤지스틸,004560,미공개,B+,미공개,D,2016,통합 등급조정(2016.8),,사회 등급조정(2016.8),지배구조 등급조정(2016.8),
598,현대비앤지스틸,004560,미공개,B+,B+,C,2017,,,,,
597,현대비앤지스틸,004560,미공개,B+,B+,C,2018,,,,,
596,현대비앤지스틸,004560,B+,B+,A,B,2019,,,,,
595,현대비앤지스틸,004560,B+,B+,A,B+,2020,,,,,
594,현대비앤지스틸,004560,A,B+,A+,B+,2021,,,,,
593,현대비앤지스틸,004560,C,B+,B+,D,2022,,,사회 등급조정(2022.11),,
592,현대비앤지스틸,004560,B,A,B+,C,2023,,,,,
591,현대비앤지스틸,004560,B+,B+,A,B,2024,,,,,
590,현대비앤지스틸,004560,B+,B+,A,B,2025,,,,,
589,현대사료,016790,D,D,D,D,2024,,,,,
588,현대산업개발,012630,미공개,미공개,미공개,B+,2012,,,,,
587,현대산업개발,012630,미공개,미공개,미공개,B+,2013,,,,,
586,현대산업개발,012630,미공개,미공개,미공개,B+,2014,,,,,
585,현대산업개발,012630,미공개,미공개,미공개,B,2015,,,,,
584,현대산업개발,012630,B+,미공개,B+,B+,2016,,,,,
583,현대산업개발,012630,B+,미공개,B+,B+,2017,,,,,
582,현대상선,011200,B+,B+,B+,미공개,2012,,,,,
581,현대상선,011200,B+,B+,B+,B+,2013,,,,,
580,현대상선,011200,미공개,B+,미공개,B,2014,,,,,
579,현대상선,011200,미공개,B+,B+,D,2015,,,,,
578,현대상선,011200,미공개,B+,B+,D,2016,,,,지배구조 등급조정(2016.8),
577,현대상선,011200,B+,미공개,B+,B+,2017,,,,,
576,현대상선,011200,B+,B+,B+,B,2018,,,,,
575,현대상선,011200,B+,B+,B+,B+,2019,,,,,
574,현대시멘트,006390,미공개,미공개,미공개,미공개,2012,,,,,
573,현대시멘트,006390,미공개,미공개,미공개,C,2013,,,,,
572,현대시멘트,006390,미공개,B+,미공개,D,2016,,,사회 등급조정(2016.8),,
571,현대시멘트,006390,미공개,B+,미공개,C,2017,,,,,
570,현대약품,004310,B+,B+,B+,B+,2012,,,,,
569,현대약품,004310,미공개,미공개,미공개,B,2013,,,,,
568,현대약품,004310,B+,B+,미공개,B+,2014,,,,,
567,현대약품,004310,미공개,미공개,미공개,B+,2015,,,,,
566,현대약품,004310,미공개,미공개,B+,B,2016,,,,,
565,현대약품,004310,B+,미공개,B+,B+,2017,,,,,
564,현대약품,004310,미공개,미공개,B+,B,2018,,,,,
563,현대약품,004310,B,B,B+,B,2019,,,,,
562,현대약품,004310,B,B,B+,B,2020,,,,,
561,현대약품,004310,B,C,B,B+,2021,,,,,
560,현대약품,004310,D,D,C,D,2022,,,,,
559,현대약품,004310,C,C,C,B,2023,,,,,
558,현대약품,004310,C,C,C,C,2024,,,,,
557,현대약품,004310,C,C,B,D,2025,,,,,
556,현대에너지솔루션,322000,A,A,A+,B+,2021,,,,,
555,현대에너지솔루션,322000,A,A,A+,B+,2022,,,,,
554,현대에버다임,041440,A,B+,A+,A,2021,,,,,
553,현대에버다임,041440,A,B,A,A,2022,,,,,
552,현대에버다임,041440,A,B+,A,A,2023,,,,,
551,현대에버다임,041440,A,B+,A,A,2024,,,,,
550,현대에버다임,041440,A,B+,A,A,2025,,,,,
549,현대에이치씨엔,126560,미공개,미공개,미공개,미공개,2012,,,,,
548,현대에이치씨엔,126560,미공개,미공개,미공개,B,2013,,,,,
547,현대에이치씨엔,126560,미공개,미공개,B+,B,2014,,,,,
546,현대에이치씨엔,126560,미공개,미공개,미공개,B+,2015,,,,,
545,현대에이치씨엔,126560,미공개,미공개,미공개,B+,2016,,,,,
544,현대에이치씨엔,126560,B+,미공개,B+,B+,2017,,,,,
543,현대에이치씨엔,126560,B+,미공개,B+,B+,2018,,,,,
542,현대에이치씨엔,126560,B+,미공개,A,B+,2019,,,,,
541,현대엘리베이터,017800,B+,B+,미공개,B+,2012,,,,,
540,현대엘리베이터,017800,B+,미공개,B+,B+,2013,,,,,
539,현대엘리베이터,017800,미공개,미공개,B+,B,2014,,,,,
538,현대엘리베이터,017800,미공개,미공개,B+,D,2015,,,,,
537,현대엘리베이터,017800,B+,A,B+,C,2016,,,,,
536,현대엘리베이터,017800,A,A,A,B+,2017,,,,,
535,현대엘리베이터,017800,A,A,A,B+,2018,,,,,
534,현대엘리베이터,017800,B+,B+,B+,B+,2019,,,사회 등급조정(2019.10),,
533,현대엘리베이터,017800,A,B+,A,A,2020,,,,,
532,현대엘리베이터,017800,A,B+,A,A,2021,,,,,
531,현대엘리베이터,017800,B,C,B,B,2022,,,,,
530,현대엘리베이터,017800,B+,B+,A,B+,2023,,,,,
529,현대엘리베이터,017800,A,A,A+,B+,2024,,,,,
528,현대엘리베이터,017800,A+,A+,A+,A,2025,,,,,
527,현대오토에버,307950,A,A,A+,A,2021,,,,,
526,현대오토에버,307950,B+,B+,A,B+,2022,,,,,
525,현대오토에버,307950,A,A+,A+,B+,2023,,,,,
524,현대오토에버,307950,A,A,A+,A,2024,,,,,
523,현대오토에버,307950,A,A,A+,B+,2025,,,,,
522,현대위아,011210,미공개,미공개,미공개,미공개,2012,,,,,
521,현대위아,011210,B+,B+,B+,B,2013,,,,,
520,현대위아,011210,B+,B+,B+,B,2014,,,,,
519,현대위아,011210,B+,B+,B+,B+,2015,,,,,
518,현대위아,011210,B+,B+,B+,B+,2016,,,,,
517,현대위아,011210,미공개,B+,미공개,B,2017,통합 등급조정(2017.8),,사회 등급조정(2017.8),,
516,현대위아,011210,B+,B+,미공개,B+,2018,,,,,
515,현대위아,011210,B+,B,A,B+,2019,,,,,
514,현대위아,011210,A,A,A+,A,2020,,,,,
513,현대위아,011210,A,A,A+,A,2021,,,,,
512,현대위아,011210,A,A,A,B+,2022,,,,,
511,현대위아,011210,A+,A+,A+,A,2023,,,,,
510,현대위아,011210,A+,A+,A+,A,2024,,,,,
509,현대위아,011210,A+,A+,A+,A,2025,,,,,
508,현대이지웰,090850,A,A,A+,B+,2022,,,,,
507,현대이지웰,090850,A,A,A+,A,2023,,,,,
506,현대이지웰,090850,A+,A+,A+,A+,2024,,,,,
505,현대이지웰,090850,A,A,A+,A,2025,,,,,
504,현대일렉트릭,267260,B+,B,A,B+,2019,,,,,
503,현대일렉트릭,267260,A,A,A+,A,2020,,,,,
502,현대일렉트릭,267260,A,A,A+,A,2021,,,,,
501,현대일렉트릭,267260,B+,B+,A,B+,2022,,,,,
500,현대자동차,005380,A,A,A,A,2012,,,,,
499,현대자동차,005380,A,A,A,B+,2013,,,,,
498,현대자동차,005380,B+,미공개,B+,B+,2014,,,,,
497,현대자동차,005380,미공개,B+,B+,C,2015,,,사회 등급조정(2015.8),,
496,현대자동차,005380,B+,A,A,C,2016,,,사회 등급조정(2017.2),,
495,현대자동차,005380,B+,B+,B+,B,2017,,환경 등급조정(2017.8),사회 등급조정(2017.8),,
494,현대자동차,005380,B+,A,B+,B,2018,,,,,
493,현대자동차,005380,B+,A,A,B,2019,,,,,
492,현대자동차,005380,A,A,A+,A,2020,,,,,
491,현대자동차,005380,A,A,A,A,2021,,,사회 등급조정(2022.04),,
490,현대자동차,005380,B+,A,B+,B,2022,,,사회 등급조정(2022.11),,
489,현대자동차,005380,A,A,A,B+,2023,,,,,
488,현대자동차,005380,A,A+,B+,A,2024,,,사회 등급조정(2025.01.),,
487,현대자동차,005380,A,A+,B+,B+,2025,,,사회 등급조정(2026.04.),,
486,현대제철,004020,A,A,A,B+,2012,,,,,
485,현대제철,004020,B+,B+,B+,B+,2013,,,,,
484,현대제철,004020,B+,B+,A,B+,2014,,,,,
483,현대제철,004020,B+,B+,B+,B,2015,,,,,
482,현대제철,004020,미공개,B+,미공개,C,2016,,,사회 등급조정(2017.2),,
481,현대제철,004020,미공개,B+,미공개,B,2017,통합 등급조정(2018.3),환경 등급조정(2017.8),"사회 등급조정(2017.8, 2018.3)",,
480,현대제철,004020,미공개,B+,B+,C,2018,,,사회 등급조정(2019.4),,
479,현대제철,004020,B+,B+,A,B+,2019,통합 등급조정(2020.4),환경 등급조정(2019.10),사회 등급조정(2020.4),,
478,현대제철,004020,B+,B+,B,B+,2020,통합 등급조정(2020.4),,"사회 등급조정(2020.10, 2021.4, 2021.7)",,
477,현대제철,004020,B+,B+,B+,A,2021,,,"사회 등급조정(2021.10, 2022.04)",,
476,현대제철,004020,A,A,A,B+,2022,,,사회 등급조정(2022.11),,
475,현대제철,004020,A,A+,A,B+,2023,,,사회 등급조정(2024.04.),,
474,현대제철,004020,A,A,A,B+,2024,,,사회 등급조정(2024.10.),,
473,현대제철,004020,B+,B+,A+,B,2025,,,,,
472,현대종합상사,011760,미공개,미공개,미공개,미공개,2012,,,,,
471,현대종합상사,011760,B+,미공개,B+,B+,2013,,,,,
470,현대종합상사,011760,미공개,미공개,B+,B+,2014,,,,,
469,현대종합상사,011760,미공개,미공개,미공개,C,2015,,,,,
468,현대종합상사,011760,미공개,미공개,미공개,B,2016,,,,,
467,현대종합상사,011760,미공개,미공개,미공개,B,2017,,,,,
466,현대종합상사,011760,미공개,미공개,미공개,C,2018,,,,,
465,현대종합상사,011760,B,미공개,미공개,B+,2019,,,,,
464,현대종합상사,011760,B,D,B,B,2020,,,,,
463,현대중공업,009540,B+,B+,미공개,B+,2012,,,,,
462,현대중공업,009540,A,A,A,B+,2013,,,,,
461,현대중공업,009540,A,A,B+,A,2014,,,,,
460,현대중공업,009540,B+,A,미공개,B+,2015,,,사회 등급조정(2016.2),,
459,현대중공업,009540,A,A,A+,B+,2016,,,,,
458,현대중공업,009540,B+,A,미공개,B+,2017,,,사회 등급조정(2017.8),,
457,현대중공업,009540,B+,A,B+,B+,2018,,,,,
456,현대중공업,009540,A,A,B+,A,2019,,,사회 등급조정(2020.1),,
455,현대중공업,329180,B+,B+,A,B+,2022,,,,,
454,현대중공업지주,267250,A,B+,A+,B+,2019,,,,,
453,현대중공업지주,267250,A,B+,A,A,2020,,,,,
452,현대중공업지주,267250,A,A,A+,A,2021,,,,,
451,현대지에프홀딩스,005440,A,A,A+,A,2023,,,,,
450,현대지에프홀딩스,005440,A,A+,A+,A,2024,,,,,
449,현대지에프홀딩스,005440,A,A,A+,A,2025,,,,,
448,현대차증권,001500,미공개,미공개,미공개,미공개,2018,,,,,
447,현대차증권,001500,B+,미공개,A,B+,2019,,,,,
446,현대차증권,001500,A,B,A+,A,2020,,,,,
445,현대차증권,001500,A,B+,A+,A,2021,,,,,
444,현대차증권,001500,A,B+,A+,B+,2022,,,,,
443,현대차증권,001500,A,B+,A+,B+,2023,,,,,
442,현대차증권,001500,B+,A,A,B+,2024,,,,,
441,현대차증권,001500,A,A,A+,B+,2025,,,,,
440,현대차투자증권,001500,미공개,미공개,미공개,미공개,2012,,,,,
439,현대차투자증권,001500,미공개,미공개,미공개,B,2013,,,,,
438,현대차투자증권,001500,미공개,미공개,미공개,B,2014,,,,,
437,현대차투자증권,001500,미공개,미공개,미공개,A,2015,,,,,
436,현대차투자증권,001500,미공개,미공개,미공개,A,2016,,,,,
435,현대차투자증권,001500,미공개,미공개,미공개,A,2017,,,,,
434,현대카드,815419,등급없음,등급없음,등급없음,A,2019,,,,,
433,현대카드,815419,등급없음,등급없음,등급없음,A,2020,,,,,
432,현대카드,815419,등급없음,등급없음,등급없음,A,2021,,,,,
431,현대카드,815419,등급없음,등급없음,등급없음,A,2022,,,,,
430,현대카드,815419,등급없음,등급없음,등급없음,A,2023,,,,,
429,현대카드,815419,등급없음,등급없음,등급없음,A,2024,,,,,
428,현대카드,815419,등급없음,등급없음,등급없음,A,2025,,,,,
427,현대캐피탈,836248,등급없음,등급없음,등급없음,A+,2019,,,,,
426,현대캐피탈,836248,등급없음,등급없음,등급없음,A+,2020,,,,,
425,현대캐피탈,836248,등급없음,등급없음,등급없음,A+,2021,,,,,
424,현대캐피탈,836248,등급없음,등급없음,등급없음,A,2022,,,,,
423,현대캐피탈,836248,등급없음,등급없음,등급없음,A,2023,,,,,
422,현대캐피탈,836248,등급없음,등급없음,등급없음,A,2024,,,,,
421,현대캐피탈,836248,등급없음,등급없음,등급없음,A,2025,,,,,
420,현대커머셜,888975,등급없음,등급없음,등급없음,A,2019,,,,,
419,현대커머셜,888975,등급없음,등급없음,등급없음,A,2020,,,,,
418,현대커머셜,888975,등급없음,등급없음,등급없음,A,2021,,,,,
417,현대커머셜,888975,등급없음,등급없음,등급없음,A,2022,,,,,
416,현대커머셜,888975,등급없음,등급없음,등급없음,A,2023,,,,,
415,현대커머셜,888975,등급없음,등급없음,등급없음,A,2024,,,,,
414,현대커머셜,888975,등급없음,등급없음,등급없음,A,2025,,,,,
413,현대코퍼레이션,011760,B+,B+,A,B+,2021,,,,,
412,현대코퍼레이션,011760,B,C,B,B,2022,,,,,
411,현대코퍼레이션,011760,B+,B,B+,B+,2023,,,,,
410,현대코퍼레이션,011760,B+,B+,B+,B+,2024,,,,,
409,현대코퍼레이션,011760,B,B,B+,B,2025,,,,,
408,현대코퍼레이션홀딩스,227840,미공개,미공개,미공개,B,2017,,,,,
407,현대코퍼레이션홀딩스,227840,미공개,미공개,미공개,B,2018,,,,,
406,현대코퍼레이션홀딩스,227840,미공개,미공개,미공개,B,2019,,,,,
405,현대코퍼레이션홀딩스,227840,C,D,C,B,2020,,,,,
404,현대코퍼레이션홀딩스,227840,B+,C,A,B+,2021,,,,,
403,현대코퍼레이션홀딩스,227840,B,C,B,B+,2022,,,,,
402,현대코퍼레이션홀딩스,227840,B+,B,B+,B+,2023,,,,,
401,현대코퍼레이션홀딩스,227840,B+,B,B+,B+,2024,,,,,
400,현대코퍼레이션홀딩스,227840,B+,B,B+,B+,2025,,,,,
399,현대페인트,011720,미공개,미공개,미공개,미공개,2012,,,,,
398,현대페인트,011720,미공개,미공개,미공개,D,2016,,,,,
397,현대퓨처넷,126560,B+,C,A,A,2020,,,,,
396,현대퓨처넷,126560,A,A,A,A,2022,,,,,
395,현대퓨처넷,126560,A,A,A+,A,2023,,,,,
394,현대퓨처넷,126560,A,A+,A+,A,2024,,,,,
393,현대퓨처넷,126560,A,A,A+,A,2025,,,,,
392,현대하이스코,010520,B+,B+,미공개,B+,2012,,,,,
391,현대하이스코,010520,B+,B+,B+,B+,2013,,,,,
390,현대하이스코,010520,B+,B+,미공개,B+,2014,,,,,
389,현대해상,001450,B+,미공개,A,A,2012,,,,,
388,현대해상,001450,B+,미공개,A,A,2013,,,,,
387,현대해상,001450,A,B+,A,A,2014,,,,,
386,현대해상,001450,B+,미공개,A,A,2015,,,,,
385,현대해상,001450,A,미공개,B+,A+,2016,,,,,
384,현대해상,001450,A,B+,A,A,2017,,,,,
383,현대해상,001450,A,A,A+,A,2018,,,,,
382,현대해상,001450,A,A,A+,A,2019,,,,,
381,현대해상,001450,A,B+,A,A,2020,,,,,
380,현대해상,001450,A,A,A+,A,2021,,,,,
379,현대해상,001450,B+,A,A,B+,2022,,,,,
378,현대해상,001450,A,A,A+,A,2023,,,,,
377,현대해상,001450,A,A,A+,A,2024,,,,,
376,현대해상,001450,A,A+,A,A,2025,,,,,
375,현대홈쇼핑,057050,미공개,미공개,B+,미공개,2012,,,,,
374,현대홈쇼핑,057050,미공개,미공개,미공개,B,2013,,,,,
373,현대홈쇼핑,057050,미공개,미공개,미공개,B+,2014,,,,,
372,현대홈쇼핑,057050,B+,미공개,미공개,A,2015,,,,,
371,현대홈쇼핑,057050,B+,미공개,미공개,A,2016,,,,,
370,현대홈쇼핑,057050,B+,미공개,미공개,A,2017,,,,,
369,현대홈쇼핑,057050,B+,미공개,B+,A,2018,,,,,
368,현대홈쇼핑,057050,A,B,A,A,2019,,,,,
367,현대홈쇼핑,057050,A,A,A,A,2020,,,,,
366,현대홈쇼핑,057050,A,A,A+,A,2021,,,,,
365,현대홈쇼핑,057050,A,A,A+,A,2022,,,,,
364,현대홈쇼핑,057050,A,A,A+,A,2023,,,,,
363,현대홈쇼핑,057050,A+,A,A+,A+,2024,,,,,
362,현대홈쇼핑,057050,A,A,A+,A,2025,,,,,
361,형지엘리트,093240,미공개,미공개,미공개,미공개,2012,,,,,
360,형지엘리트,093240,미공개,미공개,미공개,C,2013,,,,,
359,형지엘리트,093240,미공개,미공개,미공개,C,2014,,,,,
358,형지엘리트,093240,미공개,미공개,미공개,C,2015,,,,,
357,형지엘리트,093240,미공개,미공개,미공개,C,2016,,,,,
356,형지엘리트,093240,미공개,미공개,미공개,C,2017,,,,,
355,형지엘리트,093240,미공개,미공개,미공개,C,2018,,,,,
354,형지엘리트,093240,미공개,미공개,B,C,2019,,,,,
353,형지엘리트,093240,C,D,B,C,2020,,,,,
352,형지엘리트,093240,C,D,B,B,2021,,,,,
351,형지엘리트,093240,D,D,C,D,2022,,,,,
350,형지엘리트,093240,D,D,D,D,2023,,,,,
349,형지엘리트,093240,D,D,D,D,2024,,,,,
348,형지엘리트,093240,D,D,D,D,2025,,,,,
347,혜인,003010,미공개,미공개,미공개,미공개,2012,,,,,
346,혜인,003010,미공개,미공개,미공개,B,2013,,,,,
345,혜인,003010,미공개,미공개,미공개,B,2014,,,,,
344,혜인,003010,미공개,미공개,미공개,C,2015,,,,,
343,혜인,003010,미공개,미공개,미공개,B,2016,,,,,
342,혜인,003010,미공개,미공개,미공개,B,2017,,,,,
341,혜인,003010,미공개,미공개,미공개,C,2018,,,,,
340,혜인,003010,미공개,B,B,C,2019,,,,,
339,혜인,003010,C,B,C,C,2020,,,,,
338,혜인,003010,B,B,B,B,2021,,,,,
337,혜인,003010,D,D,D,D,2022,,,,,
336,혜인,003010,D,D,D,D,2023,,,,,
335,혜인,003010,D,D,D,D,2024,,,,,
334,혜인,003010,D,D,D,D,2025,,,,,
333,호전실업,111110,B,미공개,B,B+,2019,,,,,
332,호전실업,111110,C,D,C,B+,2020,,,,,
331,호전실업,111110,C,D,C,B+,2021,,,,,
330,호전실업,111110,D,D,D,C,2022,,,,,
329,호전실업,111110,C,D,D,B,2023,,,,,
328,호전실업,111110,C,D,D,B+,2024,,,,,
327,호전실업,111110,C,D,D,B+,2025,,,,,
326,호텔신라,008770,미공개,미공개,미공개,미공개,2012,,,,,
325,호텔신라,008770,미공개,미공개,미공개,C,2013,,,,,
324,호텔신라,008770,미공개,미공개,미공개,C,2014,,,,,
323,호텔신라,008770,미공개,B+,미공개,B,2015,,,,,
322,호텔신라,008770,미공개,미공개,미공개,B,2016,,,,,
321,호텔신라,008770,B+,미공개,B+,B+,2017,,,,,
320,호텔신라,008770,A,B+,A,A,2018,,,,,
319,호텔신라,008770,A,A,A,A,2019,,,,,
318,호텔신라,008770,A,A,A,A,2020,,,,,
317,호텔신라,008770,A,B+,A+,A,2021,,,,,
316,호텔신라,008770,A,B+,A,A,2022,,,,,
315,호텔신라,008770,A,A,A,A,2023,,,,,
314,호텔신라,008770,A,B+,A,A,2024,,,,,
313,호텔신라,008770,A,A,A,A,2025,,,,,
312,화성산업,002460,미공개,미공개,미공개,B+,2012,,,,,
311,화성산업,002460,미공개,미공개,미공개,B+,2013,,,,,
310,화성산업,002460,미공개,미공개,미공개,B+,2014,,,,,
309,화성산업,002460,미공개,미공개,B+,B+,2015,,,,,
308,화성산업,002460,미공개,미공개,미공개,B+,2016,,,,,
307,화성산업,002460,미공개,미공개,미공개,B+,2017,,,,,
306,화성산업,002460,미공개,미공개,미공개,B+,2018,,,,,
305,화성산업,002460,B,미공개,B,B+,2019,,,,,
304,화성산업,002460,B,C,B,B+,2020,,,,,
303,화성산업,002460,B,C,B+,B+,2021,,,,,
302,화성산업,002460,B,C,B+,B,2022,,,,,
301,화성산업,002460,C,C,C,B+,2023,,,,,
300,화승알앤에이,013520,미공개,B+,미공개,미공개,2012,,,,,
299,화승알앤에이,013520,미공개,B+,미공개,C,2013,,,,,
298,화승알앤에이,013520,미공개,B+,미공개,C,2014,,,,,
297,화승알앤에이,013520,미공개,B+,미공개,C,2015,,,,,
296,화승알앤에이,013520,미공개,B+,미공개,B,2016,,,,,
295,화승알앤에이,013520,B+,B+,B+,B+,2017,,,,,
294,화승알앤에이,013520,B+,B+,B+,B,2018,,,,,
293,화승알앤에이,013520,B+,B+,B+,B+,2019,,,,,
292,화승알앤에이,013520,B+,B+,B,B+,2020,,,사회 등급조정(2021.4),,
291,화승알앤에이,378850,B,B,B+,B,2023,,,,,
290,화승알앤에이,378850,B+,B+,B+,B+,2024,,,,,
289,화승알앤에이,378850,B+,B+,A,B,2025,,,,,
288,화승엔터프라이즈,241590,미공개,미공개,미공개,B,2017,,,,,
287,화승엔터프라이즈,241590,미공개,미공개,미공개,B,2018,,,,,
286,화승엔터프라이즈,241590,B,미공개,B,B+,2019,,,,,
285,화승엔터프라이즈,241590,B+,B+,B,A,2020,,,,,
284,화승엔터프라이즈,241590,B+,B,B+,A,2021,,,,,
283,화승엔터프라이즈,241590,B+,B,B,A,2022,,,,,
282,화승엔터프라이즈,241590,B+,B+,B+,B+,2023,,,,,
281,화승엔터프라이즈,241590,B+,B+,A,B+,2024,,,,,
280,화승엔터프라이즈,241590,B+,B,A,B+,2025,,,,,
279,화승인더스트리,006060,미공개,미공개,미공개,미공개,2012,,,,,
278,화승인더스트리,006060,미공개,B+,미공개,C,2013,,,,,
277,화승인더스트리,006060,미공개,미공개,미공개,C,2014,,,,,
276,화승인더스트리,006060,미공개,B+,미공개,C,2015,,,,,
275,화승인더스트리,006060,미공개,B+,미공개,C,2016,,,,,
274,화승인더스트리,006060,미공개,B+,미공개,B,2017,,,,,
273,화승인더스트리,006060,미공개,B+,미공개,D,2018,,,,,
272,화승인더스트리,006060,B,B,B,B+,2019,,,,,
271,화승인더스트리,006060,B,B,B,B+,2020,,,,,
270,화승인더스트리,006060,B+,B,B+,A,2021,,,,,
269,화승인더스트리,006060,C,C,C,B+,2022,,,,,
268,화승인더스트리,006060,B+,B+,B+,B+,2023,,,,,
267,화승인더스트리,006060,B+,B+,A,B+,2024,,,,,
266,화승인더스트리,006060,B+,B+,B+,B,2025,,,,,
265,화승코퍼레이션,013520,B+,B+,B,B+,2021,,,사회 등급조정(2021.10),,
264,화승코퍼레이션,013520,C,C,C,B,2022,,,,,
263,화승코퍼레이션,013520,B,C,B,B+,2023,,,,,
262,화승코퍼레이션,013520,B+,B+,B+,B+,2024,,,,,
261,화승코퍼레이션,013520,C,B+,A,C,2025,,,,,
260,화신,010690,미공개,미공개,미공개,미공개,2012,,,,,
259,화신,010690,미공개,미공개,미공개,C,2013,,,,,
258,화신,010690,미공개,미공개,미공개,B,2014,,,,,
257,화신,010690,미공개,미공개,미공개,C,2015,,,,,
256,화신,010690,미공개,미공개,미공개,C,2016,,,,,
255,화신,010690,미공개,미공개,미공개,D,2017,,,,,
254,화신,010690,미공개,미공개,미공개,C,2018,,,,,
253,화신,010690,미공개,미공개,B,C,2019,,,,,
252,화신,010690,C,D,B+,B,2020,,,,,
251,화신,010690,B+,B+,A,B+,2021,,,,,
250,화신,010690,C,C,A,C,2022,,,,,
249,화신,010690,B+,B,A,B,2023,,,,,
248,화신,010690,B+,B+,A,B,2024,,,,,
247,화신,010690,B,B+,A+,C,2025,,,,,
246,화신정공,126640,B,C,B+,B,2025,,,,,
245,화인베스틸,133820,미공개,B+,미공개,B,2016,,,,,
244,화인베스틸,133820,미공개,B+,미공개,B,2017,,,,,
243,화인베스틸,133820,미공개,B+,미공개,B,2018,,,,,
242,화인베스틸,133820,B,B,미공개,B+,2019,,,,,
241,화인베스틸,133820,B,B,C,B,2020,,,,,
240,화인베스틸,133820,B,B,C,B,2021,,,,,
239,화인베스틸,133820,D,C,D,D,2022,,,,,
238,화인베스틸,133820,D,C,C,D,2023,,,,,
237,화인베스틸,133820,D,C,D,D,2024,,,,,
236,화인베스틸,133820,C,C,D,C,2025,,,,,
235,화천기계,010660,미공개,미공개,미공개,미공개,2012,,,,,
234,화천기계,010660,미공개,미공개,미공개,B,2013,,,,,
233,화천기계,010660,미공개,미공개,미공개,B,2014,,,,,
232,화천기계,010660,미공개,미공개,미공개,C,2015,,,,,
231,화천기계,010660,미공개,미공개,미공개,B,2016,,,,,
230,화천기계,010660,미공개,미공개,미공개,B,2017,,,,,
229,화천기계,010660,미공개,미공개,미공개,C,2018,,,,,
228,화천기계,010660,미공개,B,미공개,C,2019,,,,,
227,화천기계,010660,C,B,B,C,2020,,,,,
226,화천기계,010660,C,D,C,B,2021,,,,,
225,화천기계,010660,D,D,D,D,2022,,,,,
224,화천기계,010660,C,D,C,C,2023,,,,,
223,화천기계,010660,C,D,C,C,2024,,,,,
222,화천기계,010660,D,D,D,D,2025,,,,,
221,화천기공,000850,미공개,미공개,미공개,미공개,2012,,,,,
220,화천기공,000850,미공개,미공개,미공개,B,2013,,,,,
219,화천기공,000850,미공개,미공개,미공개,B,2014,,,,,
218,화천기공,000850,미공개,미공개,미공개,B,2015,,,,,
217,화천기공,000850,미공개,미공개,미공개,B,2016,,,,,
216,화천기공,000850,미공개,미공개,미공개,B,2017,,,,,
215,화천기공,000850,미공개,미공개,미공개,B,2018,,,,,
214,화천기공,000850,미공개,미공개,B,B,2019,,,,,
213,화천기공,000850,C,D,C,B,2020,,,,,
212,화천기공,000850,B,D,B,B+,2021,,,,,
211,화천기공,000850,D,D,D,C,2022,,,,,
210,화천기공,000850,C,D,C,C,2023,,,,,
209,화천기공,000850,C,D,C,C,2024,,,,,
208,화천기공,000850,C,D,C,C,2025,,,,,
207,환인제약,016580,미공개,미공개,미공개,B+,2012,,,,,
206,환인제약,016580,미공개,미공개,미공개,B+,2013,,,,,
205,환인제약,016580,미공개,미공개,미공개,B+,2014,,,,,
204,환인제약,016580,미공개,미공개,미공개,B,2015,,,,,
203,환인제약,016580,미공개,미공개,미공개,B+,2016,,,,,
202,환인제약,016580,미공개,미공개,미공개,B+,2017,,,,,
201,환인제약,016580,미공개,미공개,미공개,B+,2018,,,,,
200,환인제약,016580,B,미공개,B,B+,2019,,,,,
199,환인제약,016580,B,D,B+,B+,2020,,,,,
198,환인제약,016580,B,D,B,B+,2021,,,,,
197,환인제약,016580,B,D,B+,B+,2022,,,,,
196,환인제약,016580,B,C,C,B+,2023,,,,,
195,환인제약,016580,C,D,C,B+,2024,,,,,
194,환인제약,016580,C,D,B,B,2025,,,,,
193,황금에스티,032560,미공개,미공개,미공개,미공개,2012,,,,,
192,황금에스티,032560,미공개,미공개,미공개,B,2013,,,,,
191,황금에스티,032560,미공개,미공개,미공개,B,2014,,,,,
190,황금에스티,032560,미공개,미공개,미공개,B,2015,,,,,
189,황금에스티,032560,미공개,미공개,미공개,B,2016,,,,,
188,황금에스티,032560,미공개,미공개,미공개,B,2017,,,,,
187,황금에스티,032560,미공개,미공개,미공개,C,2018,,,,,
186,황금에스티,032560,미공개,미공개,미공개,C,2019,,,,,
185,황금에스티,032560,D,D,C,C,2020,,,,,
184,황금에스티,032560,C,D,C,B,2021,,,,,
183,황금에스티,032560,C,D,D,B,2022,,,,,
182,황금에스티,032560,C,D,D,B,2023,,,,,
181,황금에스티,032560,C,D,D,B+,2024,,,,,
180,황금에스티,032560,C,D,D,B,2025,,,,,
179,효성,004800,B+,B+,미공개,B+,2012,,,,,
178,효성,004800,B+,B+,B+,B+,2013,,,,,
177,효성,004800,미공개,미공개,B+,B,2014,,,,,
176,효성,004800,미공개,B+,B+,C,2015,,,,,
175,효성,004800,미공개,A,B+,D,2016,통합 등급조정(2016.8),,사회 등급조정(2017.2),지배구조 등급조정(2016.8),
174,효성,004800,미공개,B+,A,D,2017,통합 등급조정(2018.3),,,지배구조 등급조정(2018.3),
173,효성,004800,미공개,B+,B+,C,2018,,,,지배구조 등급조정(2018.7),
172,효성,004800,미공개,B,B,D,2019,,,,지배구조 등급조정(2020.1),
171,효성,004800,B+,A,A+,B,2020,통합 등급조정(2021.1),,,지배구조 등급조정(2021.1),
170,효성,004800,A,A,A+,B+,2021,,,,,
169,효성,004800,B+,A,A+,B,2022,,,,,
168,효성,004800,A,A,A+,B+,2023,,,,,
167,효성,004800,A,A,A+,B+,2024,,,,,
166,효성,004800,A,A,A+,B+,2025,,,,,
165,효성 ITX,094280,미공개,미공개,미공개,미공개,2012,,,,,
164,효성 ITX,094280,미공개,미공개,B+,C,2013,,,,,
163,효성 ITX,094280,미공개,미공개,B+,B,2014,,,,,
162,효성 ITX,094280,미공개,미공개,미공개,B+,2015,,,,,
161,효성 ITX,094280,미공개,미공개,B+,B,2016,,,,,
160,효성 ITX,094280,미공개,미공개,미공개,B+,2017,,,,,
159,효성 ITX,094280,미공개,미공개,B+,B,2018,,,,,
158,효성 ITX,094280,B,미공개,B+,B,2019,,,,,
157,효성 ITX,094280,B+,C,B+,B+,2020,,,,,
156,효성 ITX,094280,B+,C,B+,B+,2021,,,,,
155,효성 ITX,094280,B+,B,A,B+,2022,,,,,
154,효성 ITX,094280,B+,B+,A+,B,2023,,,,,
153,효성 ITX,094280,A,A,A+,A,2024,,,,,
152,효성 ITX,094280,A,A,A+,A,2025,,,,,
151,효성중공업,298040,A,A,A+,A,2020,,,,,
150,효성중공업,298040,A,A,A+,A,2021,,,,,
149,효성중공업,298040,A,A,A+,B+,2022,,,,,
148,효성중공업,298040,A,A,A+,B+,2023,,,,,
147,효성중공업,298040,B+,A,A+,B,2024,,,,,
146,효성중공업,298040,B,A,A+,D,2025,,,,,
145,효성첨단소재,298050,A+,A+,A+,A,2020,,,,,
144,효성첨단소재,298050,A,A,A+,A,2021,,,,,
143,효성첨단소재,298050,A,B+,A+,A,2022,,,,,
142,효성첨단소재,298050,A,A,A+,A,2023,,,,,
141,효성티앤씨,298020,A+,A+,A+,A,2020,,,,,
140,효성티앤씨,298020,A,A,A+,A,2021,,,,,
139,효성티앤씨,298020,A,A,A+,B+,2022,,,,,
138,효성티앤씨,298020,A,A+,A+,B+,2023,,,,,
137,효성티앤씨,298020,B+,A,A+,B,2024,,,,,
136,효성티앤씨,298020,A,A,A+,B+,2025,,,,,
135,효성화학,298000,A+,A+,A+,A,2020,,,,,
134,효성화학,298000,A,A,A+,A,2021,,,,,
133,효성화학,298000,A,A,A+,B+,2022,,,,,
132,효성화학,298000,A,A,A+,B+,2023,,,,,
131,효성화학,298000,A,A,A+,B+,2024,,,,,
130,효성화학,298000,A,A,A+,B+,2025,,,,,
129,후성,093370,미공개,미공개,미공개,미공개,2012,,,,,
128,후성,093370,미공개,미공개,미공개,C,2013,,,,,
127,후성,093370,미공개,미공개,미공개,C,2014,,,,,
126,후성,093370,미공개,B+,미공개,C,2015,,,,,
125,후성,093370,미공개,B+,미공개,B,2016,,,사회 등급조정(2016.8),,
124,후성,093370,미공개,B+,미공개,C,2017,,,,,
123,후성,093370,미공개,B+,미공개,B,2018,,,,,
122,후성,093370,B,B,미공개,B,2019,,,,,
121,후성,093370,C,B,C,C,2020,,,,,
120,후성,093370,B+,A,B,B,2021,,,,,
119,후성,093370,B,B,B+,B,2022,,,,,
118,후성,093370,B+,A,A,B,2023,,,,,
117,후성,093370,B,B+,A,C,2024,,,,,
116,후성,093370,B+,B+,A,B,2025,,,,,
115,휠라코리아,081660,미공개,미공개,미공개,미공개,2012,,,,,
114,휠라코리아,081660,미공개,미공개,미공개,B,2013,,,,,
113,휠라코리아,081660,미공개,미공개,미공개,B,2014,,,,,
112,휠라코리아,081660,미공개,미공개,미공개,B,2015,,,,,
111,휠라코리아,081660,미공개,미공개,미공개,B,2016,,,,,
110,휠라코리아,081660,미공개,미공개,미공개,B,2017,,,,,
109,휠라코리아,081660,미공개,미공개,미공개,B,2018,,,,,
108,휠라코리아,081660,미공개,미공개,B,C,2019,,,,,
107,휠라홀딩스,081660,B+,B,B+,B+,2020,,,,,
106,휠라홀딩스,081660,A,B+,A+,A,2021,,,,,
105,휠라홀딩스,081660,B+,B,A,B+,2022,,,,,
104,휠라홀딩스,081660,A,A,A,B+,2023,,,,,
103,휴니드테크놀러지스,005870,미공개,미공개,미공개,미공개,2012,,,,,
102,휴니드테크놀러지스,005870,미공개,미공개,미공개,B,2013,,,,,
101,휴니드테크놀러지스,005870,미공개,미공개,미공개,B,2014,,,,,
100,휴니드테크놀러지스,005870,미공개,미공개,미공개,B,2015,,,,,
99,휴니드테크놀러지스,005870,미공개,미공개,미공개,B,2016,,,,,
98,휴니드테크놀러지스,005870,미공개,미공개,미공개,B,2017,,,,,
97,휴니드테크놀러지스,005870,미공개,미공개,미공개,B,2018,,,,,
96,휴니드테크놀러지스,005870,B,미공개,B,B+,2019,,,,,
95,휴니드테크놀러지스,005870,C,C,B,B,2020,,,,,
94,휴니드테크놀러지스,005870,B,C,B+,B+,2021,,,,,
93,휴니드테크놀러지스,005870,D,D,C,C,2022,,,,,
92,휴니드테크놀러지스,005870,D,C,D,D,2023,,,,,
91,휴니드테크놀러지스,005870,C,C,D,C,2024,,,,,
90,휴니드테크놀러지스,005870,D,C,C,D,2025,,,,,
89,휴마시스,205470,D,D,D,D,2022,,,,,
88,휴비스,079980,미공개,미공개,미공개,C,2014,,,,,
87,휴비스,079980,미공개,미공개,미공개,C,2015,,,,,
86,휴비스,079980,B+,B+,B+,B,2016,,,,,
85,휴비스,079980,B+,B+,A,B,2017,,,,,
84,휴비스,079980,B+,B+,B+,B+,2018,,,,,
83,휴비스,079980,B,B,B,B,2019,,,,,
82,휴비스,079980,B+,B+,B+,B+,2020,,,,,
81,휴비스,079980,A,B+,A+,A,2021,,,,,
80,휴비스,079980,B+,B+,A,B+,2022,,,,,
79,휴비스,079980,A,B+,A+,B+,2023,,,,,
78,휴비스,079980,B+,B+,A,B+,2024,,,,,
77,휴비스,079980,B+,B+,A,B+,2025,,,,,
76,휴스틸,005010,미공개,B+,미공개,미공개,2012,,,,,
75,휴스틸,005010,미공개,미공개,미공개,B,2013,,,,,
74,휴스틸,005010,미공개,B+,미공개,B,2014,,,,,
73,휴스틸,005010,미공개,B+,미공개,B,2015,,,,,
72,휴스틸,005010,미공개,B+,미공개,B,2016,,,,,
71,휴스틸,005010,미공개,미공개,미공개,B,2017,통합 등급조정(2018.3),환경 등급조정(2018.3),사회 등급조정(2017.8),,
70,휴스틸,005010,미공개,미공개,미공개,B,2018,,,,,
69,휴스틸,005010,B,B,미공개,B,2019,,,,,
68,휴스틸,005010,C,B,B,C,2020,,,,,
67,휴스틸,005010,C,C,C,B,2021,,,,,
66,휴스틸,005010,D,D,D,C,2022,,,,,
65,휴스틸,005010,C,C,C,C,2023,,,,,
64,휴스틸,005010,C,C,C,C,2024,,,,,
63,휴스틸,005010,C,C,C,C,2025,,,,,
62,휴온스,243070,B,미공개,B+,B,2019,,,,,
61,휴온스,243070,B,D,B+,B,2020,,,,,
60,휴온스,243070,B,D,A,B+,2021,,,,,
59,휴온스,243070,B,C,B+,B,2022,,,,,
58,휴온스,243070,B,C,B+,B+,2023,,,,,
57,휴온스,243070,A,A,A,B+,2024,,,,,
56,휴온스,243070,A,A,A,A,2025,,,,,
55,휴온스글로벌,084110,B,미공개,B+,B+,2019,,,,,
54,휴온스글로벌,084110,B,D,B+,B,2020,,,,,
53,휴온스글로벌,084110,C,C,B+,D,2022,,,,,
52,휴젤,145020,미공개,미공개,미공개,B,2019,,,,,
51,휴젤,145020,C,C,C,B,2020,,,,,
50,휴젤,145020,B,D,B+,B+,2021,,,,,
49,휴젤,145020,C,D,C,C,2022,,,,,
48,휴젤,145020,B,C,B+,B,2023,,,,,
47,휴젤,145020,C,C,C,B,2024,,,,,
46,휴젤,145020,C,C,B+,C,2025,,,,,
45,휴켐스,069260,B+,B+,B+,미공개,2012,,,,,
44,휴켐스,069260,B+,B+,B+,B,2013,,,,,
43,휴켐스,069260,B+,B+,B+,B,2014,,,,,
42,휴켐스,069260,미공개,B+,미공개,B,2015,,,,,
41,휴켐스,069260,B+,A,B+,B,2016,,,,,
40,휴켐스,069260,B+,B+,B+,B,2017,,,,,
39,휴켐스,069260,미공개,B+,미공개,B,2018,,,,,
38,휴켐스,069260,B,B,B+,B,2019,,,,,
37,휴켐스,069260,C,B,B+,C,2020,,,,,
36,휴켐스,069260,B+,B,A,B+,2021,,,,,
35,흥국생명보험,818586,등급없음,등급없음,등급없음,C,2019,,,,지배구조 등급조정(2019.10),
34,흥국생명보험,818586,등급없음,등급없음,등급없음,B,2020,,,,,
33,흥국생명보험,818586,등급없음,등급없음,등급없음,B,2021,,,,,
32,흥국생명보험,818586,등급없음,등급없음,등급없음,B,2022,,,,,
31,흥국생명보험,818586,등급없음,등급없음,등급없음,B+,2023,,,,,
30,흥국생명보험,818586,등급없음,등급없음,등급없음,B,2024,,,,,
29,흥국생명보험,818586,등급없음,등급없음,등급없음,B+,2025,,,,,
28,흥국화재,000540,미공개,미공개,미공개,미공개,2012,,,,,
27,흥국화재,000540,미공개,미공개,미공개,B,2013,,,,,
26,흥국화재,000540,미공개,미공개,미공개,B,2014,,,,,
25,흥국화재,000540,미공개,미공개,미공개,B+,2015,,,,,
24,흥국화재,000540,B+,미공개,미공개,A+,2016,,,,,
23,흥국화재,000540,B+,미공개,미공개,A,2017,,,,,
22,흥국화재,000540,미공개,미공개,미공개,미공개,2018,,,,,
21,흥국화재,000540,B,미공개,B,B,2019,,,,,
20,흥국화재,000540,B,D,A,B,2020,,,,,
19,흥국화재,000540,B+,B,A,B,2021,,,,,
18,흥국화재,000540,B+,C,B+,B+,2022,,,,,
17,흥국화재,000540,B+,B,B+,B+,2023,,,,,
16,흥국화재,000540,B+,C,B+,B+,2024,,,,,
15,흥국화재,000540,B+,B+,B,B+,2025,,,,,
14,흥아해운,003280,미공개,미공개,미공개,미공개,2012,,,,,
13,흥아해운,003280,미공개,미공개,미공개,B,2013,,,,,
12,흥아해운,003280,미공개,미공개,미공개,B,2014,,,,,
11,흥아해운,003280,미공개,미공개,미공개,B,2015,,,,,
10,흥아해운,003280,미공개,미공개,미공개,C,2016,,,,,
9,흥아해운,003280,미공개,미공개,미공개,B,2017,,,,,
8,흥아해운,003280,미공개,미공개,미공개,C,2018,,,,,
7,흥아해운,003280,미공개,미공개,미공개,B,2019,,,,,
6,흥아해운,003280,D,D,C,D,2020,,,,,
5,흥아해운,003280,D,D,C,D,2021,,,,,
4,흥아해운,003280,C,C,B,C,2022,,,,,
3,흥아해운,003280,B,B,B+,B,2023,,,,,
2,흥아해운,003280,B,B,B+,B,2024,,,,,
1,흥아해운,003280,C,B,B+,C,2025,,,,,
